QE,AA,AAS_VIEWED_BY_QE,QE_AND_AA_APPENDED
HIXNY,00002,00002,HIXNY|00002
BRONX,1.2.840.114350.1.13.99998.8734,1.2.840.114350.1.13.99998.8734,BRONX|1.2.840.114350.1.13.99998.8734
HIXNY,1003861782,1003861782,HIXNY|1003861782
HIXNY,1013042084,1013042084,HIXNY|1013042084
HIXNY,1023581717,1023581717,HIXNY|1023581717
HIXNY,1033118708,1033118708,HIXNY|1033118708
HIXNY,1043861974,1043861974,HIXNY|1043861974
HIXNY,1053303826,1053303826,HIXNY|1053303826
HIXNY,1073569331,1073569331,HIXNY|1073569331
HIXNY,1073796967,1073796967,HIXNY|1073796967
HIXNY,10767,10767,HIXNY|10767
HIXNY,1083256564,1083256564,HIXNY|1083256564
HIXNY,10859,10859,HIXNY|10859
HIXNY,1114954682,1114954682,HIXNY|1114954682
HIXNY,1124039607,1124039607,HIXNY|1124039607
HIXNY,1124071709,1124071709,HIXNY|1124071709
HIXNY,1144315367,1144315367,HIXNY|1144315367
HIXNY,11488,11488,HIXNY|11488
HIXNY,1154428431,1154428431,HIXNY|1154428431
HIXNY,1164727475,1164727475,HIXNY|1164727475
HIXNY,11803,11803,HIXNY|11803
HIXNY,1184634297,1184634297,HIXNY|1184634297
HIXNY,1205934148,1205934148,HIXNY|1205934148
BRONX,1211_WPR_MEDICAL_SERVICES,1211 WPR MEDICAL SERVICES,BRONX|1211 WPR MEDICAL SERVICES
HIXNY,1215003579,1215003579,HIXNY|1215003579
HIXNY,1225250525,1225250525,HIXNY|1225250525
HIXNY,1235183294,1235183294,HIXNY|1235183294
HIXNY,1245309434,1245309434,HIXNY|1245309434
HIXNY,1255360046,1255360046,HIXNY|1255360046
HIXNY,1265446124,1265446124,HIXNY|1265446124
HIXNY,1285667634,1285667634,HIXNY|1285667634
HIXNY,1306032545,1306032545,HIXNY|1306032545
HIXNY,1316055940,1316055940,HIXNY|1316055940
HIXNY,1326066556,1326066556,HIXNY|1326066556
HIXNY,1336156223,1336156223,HIXNY|1336156223
HIXNY,1336193838,1336193838,HIXNY|1336193838
HIXNY,1356792717,1356792717,HIXNY|1356792717
HIXNY,13638,13638,HIXNY|13638
HIXNY,1366872244,1366872244,HIXNY|1366872244
HIXNY,137,137,HIXNY|137
HIXNY,1376673319,1376673319,HIXNY|1376673319
HIXNY,1386730752,1386730752,HIXNY|1386730752
HIXNY,1396856530,1396856530,HIXNY|1396856530
HIXNY,1396959110,1396959110,HIXNY|1396959110
HIXNY,1407289077,1407289077,HIXNY|1407289077
HIXNY,1407898745,1407898745,HIXNY|1407898745
HIXNY,1407898745SA,1407898745SA,HIXNY|1407898745SA
HIXNY,1407937485,1407937485,HIXNY|1407937485
HIXNY,1427002419,1427002419,HIXNY|1427002419
HIXNY,1447211552,1447211552,HIXNY|1447211552
HIXNY,1447720271,1447720271,HIXNY|1447720271
HIXNY,1457395279,1457395279,HIXNY|1457395279
HIXNY,1457895278SA,1457895278SA,HIXNY|1457895278SA
HIXNY,1477503142,1477503142,HIXNY|1477503142
HIXNY,1477589901,1477589901,HIXNY|1477589901
HIXNY,1487600326,1487600326,HIXNY|1487600326
HIXNY,1487662227,1487662227,HIXNY|1487662227
HIXNY,1518107069,1518107069,HIXNY|1518107069
HIXNY,1518135979,1518135979,HIXNY|1518135979
HIXNY,1518136001,1518136001,HIXNY|1518136001
HIXNY,1518926401,1518926401,HIXNY|1518926401
HIXNY,1528070232,1528070232,HIXNY|1528070232
HIXNY,1528283132,1528283132,HIXNY|1528283132
HIXNY,1538324207,1538324207,HIXNY|1538324207
HIXNY,15391ALERT,15391ALERT,HIXNY|15391ALERT
HIXNY,1558192211,1558192211,HIXNY|1558192211
HIXNY,15628HRSN,15628HRSN,HIXNY|15628HRSN
HIXNY,1568492247,1568492247,HIXNY|1568492247
HIXNY,1578577417,1578577417,HIXNY|1578577417
HIXNY,1598720369,1598720369,HIXNY|1598720369
HIXNY,1619922218,1619922218,HIXNY|1619922218
HIXNY,16271,16271,HIXNY|16271
HIXNY,16271ALERT,16271ALERT,HIXNY|16271ALERT
HIXNY,1639239221SA,1639239221SA,HIXNY|1639239221SA
HIXNY,1659865962,1659865962,HIXNY|1659865962
HIXNY,1679691745,1679691745,HIXNY|1679691745
HIXNY,1689713067,1689713067,HIXNY|1689713067
HIXNY,1700966801SA,1700966801SA,HIXNY|1700966801SA
HIXNY,1710931837,1710931837,HIXNY|1710931837
HIXNY,1720405863,1720405863,HIXNY|1720405863
HIXNY,1730122359,1730122359,HIXNY|1730122359
HIXNY,1750307039,1750307039,HIXNY|1750307039
HIXNY,1770646804,1770646804,HIXNY|1770646804
HIXNY,1770922130,1770922130,HIXNY|1770922130
HIXNY,1801291307,1801291307,HIXNY|1801291307
HIXNY,1801969043,1801969043,HIXNY|1801969043
HIXNY,1801971817,1801971817,HIXNY|1801971817
HIXNY,1801983788,1801983788,HIXNY|1801983788
HIXNY,18107,18107,HIXNY|18107
HIXNY,18107SA,18107SA,HIXNY|18107SA
HIXNY,1821080664,1821080664,HIXNY|1821080664
HIXNY,1821164096,1821164096,HIXNY|1821164096
HIXNY,1821257320,1821257320,HIXNY|1821257320
HIXNY,1821293309,1821293309,HIXNY|1821293309
HIXNY,1841224052,1841224052,HIXNY|1841224052
HIXNY,1841661766,1841661766,HIXNY|1841661766
HIXNY,18477,18477,HIXNY|18477
HIXNY,1851326326,1851326326,HIXNY|1851326326
HIXNY,1851341580,1851341580,HIXNY|1851341580
HIXNY,1851353882,1851353882,HIXNY|1851353882
HIXNY,1861153884,1861153884,HIXNY|1861153884
HIXNY,1861585549,1861585549,HIXNY|1861585549
HIXNY,1902816473,1902816473,HIXNY|1902816473
HIXNY,1912239179,1912239179,HIXNY|1912239179
HIXNY,1912981002,1912981002,HIXNY|1912981002
HIXNY,1932100393,1932100393,HIXNY|1932100393
HIXNY,1932279049,1932279049,HIXNY|1932279049
HIXNY,1932281706,1932281706,HIXNY|1932281706
HIXNY,1932293651,1932293651,HIXNY|1932293651
HIXNY,1942218268,1942218268,HIXNY|1942218268
HIXNY,1942307020,1942307020,HIXNY|1942307020
HIXNY,1962527630,1962527630,HIXNY|1962527630
HIXNY,1982674917,1982674917,HIXNY|1982674917
HIXNY,1982703070,1982703070,HIXNY|1982703070
HIXNY,1992350961,1992350961,HIXNY|1992350961
HIXNY,1992866990SA,1992866990SA,HIXNY|1992866990SA
BRONX,2.16.840.1.113883.13.61.200.24.2,2.16.840.1.113883.13.61.200.24.2,BRONX|2.16.840.1.113883.13.61.200.24.2
GRRHIO,2.16.840.1.113883.3.,2.16.840.1.113883.3.,GRRHIO|2.16.840.1.113883.3.
BRONX,2.16.840.1.113883.3.3301,2.16.840.1.113883.3.3301,BRONX|2.16.840.1.113883.3.3301
BRONX,2.16.840.1.113883.3.3388.1.1.1.1108158322.3,2.16.840.1.113883.3.3388.1.1.1.1108158322.3,BRONX|2.16.840.1.113883.3.3388.1.1.1.1108158322.3
BRONX,2.16.840.1.113883.3.3388.1.1.1.1657052269.3,2.16.840.1.113883.3.3388.1.1.1.1657052269.3,BRONX|2.16.840.1.113883.3.3388.1.1.1.1657052269.3
BRONX,2.16.840.1.113883.3.3388.1.1.1.1718156356.3,2.16.840.1.113883.3.3388.1.1.1.1718156356.3,BRONX|2.16.840.1.113883.3.3388.1.1.1.1718156356.3
BRONX,2.16.840.1.113883.3.3388.1.1.1.1734922194.3,2.16.840.1.113883.3.3388.1.1.1.1734922194.3,BRONX|2.16.840.1.113883.3.3388.1.1.1.1734922194.3
GRRHIO,2.16.840.1.113883.3.458.1.1.3,2.16.840.1.113883.3.458.1.1.3,GRRHIO|2.16.840.1.113883.3.458.1.1.3
BRONX,2.16.840.1.113883.3.564.14448,2.16.840.1.113883.3.564.14448,BRONX|2.16.840.1.113883.3.564.14448
BRONX,2.16.840.1.113883.3.8018,2.16.840.1.113883.3.8018,BRONX|2.16.840.1.113883.3.8018
BRONX,2.16.840.1.113883.4.391.192.11038,2.16.840.1.113883.4.391.192.11038,BRONX|2.16.840.1.113883.4.391.192.11038
BRONX,2.16.840.1.113883.4.391.192.19102,2.16.840.1.113883.4.391.192.19102,BRONX|2.16.840.1.113883.4.391.192.19102
BRONX,2.16.840.1.113883.4.391.89.1410,2.16.840.1.113883.4.391.89.1410,BRONX|2.16.840.1.113883.4.391.89.1410
BRONX,2.16.840.1.113883.4.391.89.311030,2.16.840.1.113883.4.391.89.311030,BRONX|2.16.840.1.113883.4.391.89.311030
BRONX,2.16.840.1.113883.4.391.89.31310,2.16.840.1.113883.4.391.89.31310,BRONX|2.16.840.1.113883.4.391.89.31310
BRONX,2.16.840.1.113883.4.391.89.3969,2.16.840.1.113883.4.391.89.3969,BRONX|2.16.840.1.113883.4.391.89.3969
BRONX,2.16.840.1.113883.4.391.89.4015,2.16.840.1.113883.4.391.89.4015,BRONX|2.16.840.1.113883.4.391.89.4015
BRONX,2.16.840.1.113883.4.391.89.4104,2.16.840.1.113883.4.391.89.4104,BRONX|2.16.840.1.113883.4.391.89.4104
BRONX,2.16.840.1.113883.4.391.89.6196,2.16.840.1.113883.4.391.89.6196,BRONX|2.16.840.1.113883.4.391.89.6196
BRONX,2.16.840.1.113883.4.391.89.6928,2.16.840.1.113883.4.391.89.6928,BRONX|2.16.840.1.113883.4.391.89.6928
BRONX,2.16.840.1.113883.4.391.89.8081,2.16.840.1.113883.4.391.89.8081,BRONX|2.16.840.1.113883.4.391.89.8081
BRONX,2.16.840.1.113883.4.391.89.8637,2.16.840.1.113883.4.391.89.8637,BRONX|2.16.840.1.113883.4.391.89.8637
GRRHIO,2.16.840.1.113883.4.6.1003010265,2.16.840.1.113883.4.6.1003010265,GRRHIO|2.16.840.1.113883.4.6.1003010265
HIXNY,201270,201270,HIXNY|201270
HIXNY,20670,20670,HIXNY|20670
HIXNY,208290,208290,HIXNY|208290
BRONX,21,21,BRONX|21
HECDCS,21-READE-PLACE,21-READE-PLACE,HECDCS|21-READE-PLACE
HIXNY,210720,210720,HIXNY|210720
HIXNY,22211,22211,HIXNY|22211
HIXNY,227180,227180,HIXNY|227180
HIXNY,227650,227650,HIXNY|227650
HIXNY,22829SA,22829SA,HIXNY|22829SA
HIXNY,22860,22860,HIXNY|22860
HIXNY,23141,23141,HIXNY|23141
HIXNY,23146,23146,HIXNY|23146
HIXNY,2469,2469,HIXNY|2469
HIXNY,249,249,HIXNY|249
HIXNY,252850,252850,HIXNY|252850
HIXNY,252890,252890,HIXNY|252890
HIXNY,254,254,HIXNY|254
HIXNY,254190,254190,HIXNY|254190
HIXNY,257700,257700,HIXNY|257700
HIXNY,26491,26491,HIXNY|26491
HIXNY,28317,28317,HIXNY|28317
HIXNY,2904,2904,HIXNY|2904
HIXNY,2904ALERT,2904ALERT,HIXNY|2904ALERT
HIXNY,303518ALERT,303518ALERT,HIXNY|303518ALERT
HIXNY,305922,305922,HIXNY|305922
HIXNY,312426,312426,HIXNY|312426
HIXNY,3162,3162,HIXNY|3162
HIXNY,3169,3169,HIXNY|3169
HIXNY,325878,325878,HIXNY|325878
HIXNY,325878ALERT,325878ALERT,HIXNY|325878ALERT
HIXNY,32763,32763,HIXNY|32763
HIXNY,3682,3682,HIXNY|3682
HIXNY,3747,3747,HIXNY|3747
HIXNY,400082,400082,HIXNY|400082
HEALTHIX,43STFP,43STFP,HEALTHIX|43STFP
BRONX,48,48,BRONX|48
HIXNY,4965,4965,HIXNY|4965
HIXNY,4965ALERTS,4965ALERTS,HIXNY|4965ALERTS
HIXNY,4965HRSN,4965HRSN,HIXNY|4965HRSN
HIXNY,4965MONITOR,4965MONITOR,HIXNY|4965MONITOR
HIXNY,4965OMH,4965OMH,HIXNY|4965OMH
HIXNY,4965PART2,4965PART2,HIXNY|4965PART2
HIXNY,5353,5353,HIXNY|5353
HIXNY,5353ALERT,5353ALERT,HIXNY|5353ALERT
HIXNY,5355,5355,HIXNY|5355
HEALTHIX,54MSMP,54MSMP,HEALTHIX|54MSMP
HIXNY,5890,5890,HIXNY|5890
HEALTHIX,58STREETRX,58STREETRX,HEALTHIX|58STREETRX
HIXNY,6122,6122,HIXNY|6122
HIXNY,6199,6199,HIXNY|6199
HIXNY,6199ALERT,6199ALERT,HIXNY|6199ALERT
HIXNY,6293,6293,HIXNY|6293
HIXNY,6714,6714,HIXNY|6714
TXD,716HM,716HM,TXD|716HM
HIXNY,7343,7343,HIXNY|7343
HIXNY,7417,7417,HIXNY|7417
HEALTHIX,786M,786M,HEALTHIX|786M
HIXNY,8038,8038,HIXNY|8038
HIXNY,8435ALERT,8435ALERT,HIXNY|8435ALERT
HIXNY,8736,8736,HIXNY|8736
BRONX,9317_MEDICAL_OFFICE,9317 MEDICAL OFFICE,BRONX|9317 MEDICAL OFFICE
HIXNY,9344,9344,HIXNY|9344
HIXNY,9916ALERT,9916ALERT,HIXNY|9916ALERT
HECDCS,A-S-GILL,A-S-GILL,HECDCS|A-S-GILL
HIXNY,A2HACO,A2HACO,HIXNY|A2HACO
HIXNY,A2HBSNENY02,A2HBSNENY02,HIXNY|A2HBSNENY02
HIXNY,A2HHIGHMARK,A2HHIGHMARK,HIXNY|A2HHIGHMARK
HIXNY,A2HMCR,A2HMCR,HIXNY|A2HMCR
HIXNY,A2HMVP,A2HMVP,HIXNY|A2HMVP
HIXNY,A2HUHC,A2HUHC,HIXNY|A2HUHC
HEALTHIX,AACL,AACL,HEALTHIX|AACL
HEALTHIX,AACNY,AACNY,HEALTHIX|AACNY
GRRHIO,AALMD,AALMD,GRRHIO|AALMD
HEALTHIX,AAMDP,AAMDP,HEALTHIX|AAMDP
HEALTHIX,AAMED,AAMED,HEALTHIX|AAMED
HEALTHIX,AAMH,AAMH,HEALTHIX|AAMH
HEALTHIX,AANUJA,AANUJA,HEALTHIX|AANUJA
HEALTHIX,AAPM,AAPM,HEALTHIX|AAPM
HEALTHIX,AAZE,AAZE,HEALTHIX|AAZE
HEALTHIX,ABBOTTH,ABBOTTH,HEALTHIX|ABBOTTH
BRONX,ABBYDEK_FM,ABBYDEK FM,BRONX|ABBYDEK FM
HEALTHIX,ABCI,ABCI,HEALTHIX|ABCI
BRONX,ABC_ZHENGS_PEDIATRICS,ABC ZHENGS PEDIATRICS,BRONX|ABC ZHENGS PEDIATRICS
HECDCS,ABILITY-BEYOND,ABILITY-BEYOND,HECDCS|ABILITY-BEYOND
HEALTHIX,ABKNA,ABKNA,HEALTHIX|ABKNA
GRRHIO,ABLE,ABLE,GRRHIO|ABLE
GRRHIO,ABLE2,ABLE2,GRRHIO|ABLE2
HEALTHIX,ABLEY,ABLEY,HEALTHIX|ABLEY
HEALTHIX,ABMD,ABMD,HEALTHIX|ABMD
HEALTHIX,ABMP,ABMP,HEALTHIX|ABMP
TXD,ABSALL,ABSALL,TXD|ABSALL
TXD,ABSAUR,ABSAUR,TXD|ABSAUR
TXD,ABSFGM,ABSFGM,TXD|ABSFGM
TXD,ABSGAS,ABSGAS,TXD|ABSGAS
TXD,ABSHOU,ABSHOU,TXD|ABSHOU
TXD,ABSHUM,ABSHUM,TXD|ABSHUM
TXD,ABSNIA,ABSNIA,TXD|ABSNIA
TXD,ABSOBK,ABSOBK,TXD|ABSOBK
HECDCS,ABSOLUT-CTR,ABSOLUT-CTR,HECDCS|ABSOLUT-CTR
TXD,ABSWST,ABSWST,TXD|ABSWST
BRONX,ACACIA,ACACIA,BRONX|ACACIA
HECDCS,ACACIA-CERTIFIED,ACACIA-CERTIFIED,HECDCS|ACACIA-CERTIFIED
HECDCS,ACACIA-LICENSED,ACACIA-LICENSED,HECDCS|ACACIA-LICENSED
BRONX,ACADEMY_MEDICAL_CARE,ACADEMY MEDICAL CARE,BRONX|ACADEMY MEDICAL CARE
HEALTHIX,ACADIANR,ACADIANR,HEALTHIX|ACADIANR
HIXNY,ACCA,ACCA,HIXNY|ACCA
GRRHIO,ACCCD,ACCCD,GRRHIO|ACCCD
HECDCS,ACCESS-SUPPORTS,ACCESS-SUPPORTS,HECDCS|ACCESS-SUPPORTS
HECDCS,ACCESS-TO-HOME,ACCESS-TO-HOME,HECDCS|ACCESS-TO-HOME
HECDCS,ACCESSCNY,ACCESSCNY,HECDCS|ACCESSCNY
HEALTHIX,ACCORD,ACCORD,HEALTHIX|ACCORD
HEALTHIX,ACD,ACD,HEALTHIX|ACD
GRRHIO,ACDN,ACDN,GRRHIO|ACDN
TXD,ACDOH,ACDOH,TXD|ACDOH
HEALTHIX,ACDTC,ACDTC,HEALTHIX|ACDTC
HEALTHIX,ACFHC,ACFHC,HEALTHIX|ACFHC
HEALTHIX,ACFM,ACFM,HEALTHIX|ACFM
TXD,ACFS,ACFS,TXD|ACFS
GRRHIO,ACH,ACH,GRRHIO|ACH
TXD,ACH,ACH,TXD|ACH
HECDCS,ACHIEVE,ACHIEVE,HECDCS|ACHIEVE
HECDCS,ACHIEVE-REHAB,ACHIEVE-REHAB,HECDCS|ACHIEVE-REHAB
HEALTHIX,ACHM,ACHM,HEALTHIX|ACHM
HEALTHIX,ACLMED,ACLMED,HEALTHIX|ACLMED
GRRHIO,ACM.DUPLICATE,ACM,GRRHIO|ACM
TXD,ACM.DUPLICATE1,ACM,TXD|ACM
HEALTHIX,ACMD,ACMD,HEALTHIX|ACMD
BRONX,ACMH.DUPLICATE,ACMH,BRONX|ACMH
HEALTHIX,ACMH.DUPLICATE1,ACMH,HEALTHIX|ACMH
HIXNY,ACNH,ACNH,HIXNY|ACNH
HIXNY,ACNHDOC,ACNHDOC,HIXNY|ACNHDOC
HIXNY,ACP,ACP,HIXNY|ACP
HEALTHIX,ACPNY,ACPNY,HEALTHIX|ACPNY
HEALTHIX,ACPPC,ACPPC,HEALTHIX|ACPPC
HIXNY,ACPTC,ACPTC,HIXNY|ACPTC
GRRHIO,ACR,ACR,GRRHIO|ACR
HECDCS,ACR-HEALTH,ACR-HEALTH,HECDCS|ACR-HEALTH
HEALTHIX,ACRN,ACRN,HEALTHIX|ACRN
HIXNY,ACSOEMS,ACSOEMS,HIXNY|ACSOEMS
HEALTHIX,ACSS,ACSS,HEALTHIX|ACSS
GRRHIO,ACTR,ACTR,GRRHIO|ACTR
GRRHIO,ACTR2,ACTR2,GRRHIO|ACTR2
HEALTHIX,ADANTES,ADANTES,HEALTHIX|ADANTES
HEALTHIX,ADANTESMD,ADANTESMD,HEALTHIX|ADANTESMD
HECDCS,ADAPT-HV,ADAPT-HV,HECDCS|ADAPT-HV
HEALTHIX,ADCAL,ADCAL,HEALTHIX|ADCAL
HECDCS,ADD-CTR-BROOME,ADD-CTR-BROOME,HECDCS|ADD-CTR-BROOME
BRONX,ADEGBOYEGA_T_ADEBAYO,ADEGBOYEGA T ADEBAYO,BRONX|ADEGBOYEGA T ADEBAYO
HIXNY,ADEPT,ADEPT,HIXNY|ADEPT
HIXNY,ADIR,ADIR,HIXNY|ADIR
HIXNY,ADIR01,ADIR01,HIXNY|ADIR01
HIXNY,ADIR01DOC,ADIR01DOC,HIXNY|ADIR01DOC
HIXNY,ADIR02,ADIR02,HIXNY|ADIR02
HIXNY,ADIRMED,ADIRMED,HIXNY|ADIRMED
HIXNY,ADIRMEDDOC,ADIRMEDDOC,HIXNY|ADIRMEDDOC
HIXNY,ADIRNPAHXR,ADIRNPAHXR,HIXNY|ADIRNPAHXR
HECDCS,ADK-PHARM,ADK-PHARM,HECDCS|ADK-PHARM
HIXNY,ADKACO,ADKACO,HIXNY|ADKACO
HIXNY,ADKNPAH,ADKNPAH,HIXNY|ADKNPAH
HIXNY,ADKPCMH,ADKPCMH,HIXNY|ADKPCMH
HEALTHIX,ADLAB,ADLAB,HEALTHIX|ADLAB
HEALTHIX,ADPD,ADPD,HEALTHIX|ADPD
HEALTHIX,ADPPC,ADPPC,HEALTHIX|ADPPC
BRONX,ADRIAN_GONZALEZ,ADRIAN GONZALEZ,BRONX|ADRIAN GONZALEZ
HECDCS,ADRNDK-HLTH,ADRNDK-HLTH,HECDCS|ADRNDK-HLTH
HIXNY,ADRTC,ADRTC,HIXNY|ADRTC
HEALTHIX,ADTC,ADTC,HEALTHIX|ADTC
HEALTHIX,ADTMD,ADTMD,HEALTHIX|ADTMD
BRONX,ADULTS_MEDICAL_CARE,ADULTS MEDICAL CARE,BRONX|ADULTS MEDICAL CARE
BRONX,ADULT_AND_SENIOR_HEALTH,ADULT AND SENIOR HEALTH,BRONX|ADULT AND SENIOR HEALTH
HECDCS,ADV-ASTHMA,ADV-ASTHMA,HECDCS|ADV-ASTHMA
HECDCS,ADV-KIDNEY-CARE,ADV-KIDNEY-CARE,HECDCS|ADV-KIDNEY-CARE
HECDCS,ADVANCED-OBGYN,ADVANCED-OBGYN,HECDCS|ADVANCED-OBGYN
HECDCS,ADVANCED-PEDS,ADVANCED-PEDS,HECDCS|ADVANCED-PEDS
BRONX,ADVANCED_HEMATOLOGY_ONCOLOGY,ADVANCED HEMATOLOGY ONCOLOGY,BRONX|ADVANCED HEMATOLOGY ONCOLOGY
BRONX,ADVANCED_MULTI_MEDICAL,ADVANCED MULTI MEDICAL,BRONX|ADVANCED MULTI MEDICAL
BRONX,ADVANCED_ONCOLOGY,ADVANCED ONCOLOGY,BRONX|ADVANCED ONCOLOGY
BRONX,ADVANCED_PEDIATRICS,ADVANCED PEDIATRICS,BRONX|ADVANCED PEDIATRICS
BRONX,ADVANCED_PREVENTIVE_MEDICINE,ADVANCED PREVENTIVE MEDICINE,BRONX|ADVANCED PREVENTIVE MEDICINE
BRONX,ADVANTAGE_CARE_MEDICINE,ADVANTAGE CARE MEDICINE,BRONX|ADVANTAGE CARE MEDICINE
HEALTHIX,ADVCAREALLI,ADVCAREALLI,HEALTHIX|ADVCAREALLI
HEALTHIX,AELY,AELY,HEALTHIX|AELY
HIXNY,AFBHC,AFBHC,HIXNY|AFBHC
GRRHIO,AFCC,AFCC,GRRHIO|AFCC
BRONX,AFFINITY,AFFINITY,BRONX|AFFINITY
HEALTHIX,AFFINITYSNF,AFFINITYSNF,HEALTHIX|AFFINITYSNF
BRONX,AFFINITY_BY_MOLINA,AFFINITY BY MOLINA,BRONX|AFFINITY BY MOLINA
TXD,AFM,AFM,TXD|AFM
HEALTHIX,AFMD,AFMD,HEALTHIX|AFMD
TXD,AFMHP,AFMHP,TXD|AFMHP
HEALTHIX,AFMP,AFMP,HEALTHIX|AFMP
HIXNY,AFPH,AFPH,HIXNY|AFPH
HIXNY,AFPHHRSN,AFPHHRSN,HIXNY|AFPHHRSN
HIXNY,AGCPCNY,AGCPCNY,HIXNY|AGCPCNY
HEALTHIX,AGDE,AGDE,HEALTHIX|AGDE
HECDCS,AGING-ADVOCATES,AGING-ADVOCATES,HECDCS|AGING-ADVOCATES
HEALTHIX,AGMDP,AGMDP,HEALTHIX|AGMDP
HEALTHIX,AHALL,AHALL,HEALTHIX|AHALL
HEALTHIX,AHCA,AHCA,HEALTHIX|AHCA
HEALTHIX,AHCC,AHCC,HEALTHIX|AHCC
GRRHIO,AHCCD,AHCCD,GRRHIO|AHCCD
GRRHIO,AHCCDA,AHCCDA,GRRHIO|AHCCDA
HIXNY,AHIHH,AHIHH,HIXNY|AHIHH
HIXNY,AHIPCMH,AHIPCMH,HIXNY|AHIPCMH
HIXNY,AHIPH,AHIPH,HIXNY|AHIPH
HIXNY,AHIPPS,AHIPPS,HIXNY|AHIPPS
BRONX,AHMADUR_RAHMAN,AHMADUR RAHMAN,BRONX|AHMADUR RAHMAN
HIXNY,AHMC,AHMC,HIXNY|AHMC
HIXNY,AHMCBHC,AHMCBHC,HIXNY|AHMCBHC
HIXNY,AHMCCHEMO,AHMCCHEMO,HIXNY|AHMCCHEMO
HIXNY,AHMCDHC,AHMCDHC,HIXNY|AHMCDHC
HIXNY,AHMCDOC,AHMCDOC,HIXNY|AHMCDOC
HIXNY,AHMCED,AHMCED,HIXNY|AHMCED
HIXNY,AHMCEDDOC,AHMCEDDOC,HIXNY|AHMCEDDOC
HIXNY,AHMCENDOCR,AHMCENDOCR,HIXNY|AHMCENDOCR
HIXNY,AHMCGASTRO,AHMCGASTRO,HIXNY|AHMCGASTRO
HIXNY,AHMCGENSURG,AHMCGENSURG,HIXNY|AHMCGENSURG
HIXNY,AHMCLHC,AHMCLHC,HIXNY|AHMCLHC
HIXNY,AHMCMP1,AHMCMP1,HIXNY|AHMCMP1
HIXNY,AHMCMP3,AHMCMP3,HIXNY|AHMCMP3
HIXNY,AHMCOT,AHMCOT,HIXNY|AHMCOT
HIXNY,AHMCPAIN,AHMCPAIN,HIXNY|AHMCPAIN
HIXNY,AHMCPEDS,AHMCPEDS,HIXNY|AHMCPEDS
HIXNY,AHMCTHC,AHMCTHC,HIXNY|AHMCTHC
HIXNY,AHMCWALKIN,AHMCWALKIN,HIXNY|AHMCWALKIN
HIXNY,AHMCWOMENS,AHMCWOMENS,HIXNY|AHMCWOMENS
HEALTHIX,AHMD,AHMD,HEALTHIX|AHMD
HIXNY,AHMNSTMDGRP,AHMNSTMDGRP,HIXNY|AHMNSTMDGRP
HEALTHIX,AHMS,AHMS,HEALTHIX|AHMS
HEALTHIX,AHNRHS,AHNRHS,HEALTHIX|AHNRHS
GRRHIO,AHOP,AHOP,GRRHIO|AHOP
HEALTHIX,AHPHYS,AHPHYS,HEALTHIX|AHPHYS
HEALTHIX,AHSL,AHSL,HEALTHIX|AHSL
HEALTHIX,AICNY,AICNY,HEALTHIX|AICNY
HIXNY,AIMSERV,AIMSERV,HIXNY|AIMSERV
HEALTHIX,AINY,AINY,HEALTHIX|AINY
TXD,AIRPED,AIRPED,TXD|AIRPED
HECDCS,AIZER-HEALTH,AIZER-HEALTH,HECDCS|AIZER-HEALTH
HECDCS,AJAY-GOEL,AJAY-GOEL,HECDCS|AJAY-GOEL
HEALTHIX,AJDMD,AJDMD,HEALTHIX|AJDMD
GRRHIO,AJHC,AJHC,GRRHIO|AJHC
BRONX,AKASH_MEDICAL_CARE,AKASH MEDICAL CARE,BRONX|AKASH MEDICAL CARE
HIXNY,AKESOgen,AKESOgen,HIXNY|AKESOgen
HEALTHIX,AKMC,AKMC,HEALTHIX|AKMC
TXD,AKRON,AKRON,TXD|AKRON
HEALTHIX,ALAAELDIN,ALAAELDIN,HEALTHIX|ALAAELDIN
HIXNY,ALBANYENT,ALBANYENT,HIXNY|ALBANYENT
HIXNY,ALBBEHHLTH,ALBBEHHLTH,HIXNY|ALBBEHHLTH
HIXNY,ALBDCYF,ALBDCYF,HIXNY|ALBDCYF
HIXNY,ALBIMAGING,ALBIMAGING,HIXNY|ALBIMAGING
HIXNY,ALBIMAGINGDOC,ALBIMAGINGDOC,HIXNY|ALBIMAGINGDOC
HIXNY,ALBMED,ALBMED,HIXNY|ALBMED
HIXNY,ALBMEDDOC,ALBMEDDOC,HIXNY|ALBMEDDOC
HECDCS,ALBNY-IVF-GYN,ALBNY-IVF-GYN,HECDCS|ALBNY-IVF-GYN
HECDCS,ALCOHOL-DRUG,ALCOHOL-DRUG,HECDCS|ALCOHOL-DRUG
TXD,ALDEN,ALDEN,TXD|ALDEN
TXD,ALEDAD,ALEDAD,TXD|ALEDAD
HIXNY,ALEDADE,ALEDADE,HIXNY|ALEDADE
TXD,ALFGS,ALFGS,TXD|ALFGS
HEALTHIX,ALHA,ALHA,HEALTHIX|ALHA
HEALTHIX,ALHMD,ALHMD,HEALTHIX|ALHMD
GRRHIO,ALIMS,ALIMS,GRRHIO|ALIMS
GRRHIO,ALIMS2,ALIMS2,GRRHIO|ALIMS2
HEALTHIX,ALK,ALK,HEALTHIX|ALK
HECDCS,ALL-METRO-HOME,ALL-METRO-HOME,HECDCS|ALL-METRO-HOME
HECDCS,ALL-STAR-PEDS,ALL-STAR-PEDS,HECDCS|ALL-STAR-PEDS
GRRHIO,ALLARC,ALLARC,GRRHIO|ALLARC
HECDCS,ALLERGY-ASTHMA,ALLERGY-ASTHMA,HECDCS|ALLERGY-ASTHMA
BRONX,ALLERGY_ASTHMA_CARE_OF_MANHATTAN,ALLERGY ASTHMA CARE OF MANHATTAN,BRONX|ALLERGY ASTHMA CARE OF MANHATTAN
HIXNY,ALLIED,ALLIED,HIXNY|ALLIED
HECDCS,ALLIED-SPINE,ALLIED-SPINE,HECDCS|ALLIED-SPINE
TXD,ALLIED.DUPLICATE1,ALLIED,TXD|ALLIED
HEALTHIX,ALLISL,ALLISL,HEALTHIX|ALLISL
HIXNY,ALLMET,ALLMET,HIXNY|ALLMET
TXD,ALLPED,ALLPED,TXD|ALLPED
HECDCS,ALLRGY-ASTHMA-DX,ALLRGY-ASTHMA-DX,HECDCS|ALLRGY-ASTHMA-DX
BRONX,ALL_TIME_CARE_MEDICAL,ALL TIME CARE MEDICAL,BRONX|ALL TIME CARE MEDICAL
HEALTHIX,ALMP,ALMP,HEALTHIX|ALMP
HECDCS,ALPHA-WELLCARE,ALPHA-WELLCARE,HECDCS|ALPHA-WELLCARE
HECDCS,ALTUCARE-PRIMARY,ALTUCARE-PRIMARY,HECDCS|ALTUCARE-PRIMARY
BRONX,ALVARO_RAMIREZ_PHYSICIAN,ALVARO RAMIREZ PHYSICIAN,BRONX|ALVARO RAMIREZ PHYSICIAN
TXD,ALVLEA,ALVLEA,TXD|ALVLEA
HIXNY,AMAL,AMAL,HIXNY|AMAL
HIXNY,AMALANTICG,AMALANTICG,HIXNY|AMALANTICG
HIXNY,AMALANTICGDOC,AMALANTICGDOC,HIXNY|AMALANTICGDOC
HIXNY,AMALCARREH,AMALCARREH,HIXNY|AMALCARREH
HIXNY,AMALCARREHDOC,AMALCARREHDOC,HIXNY|AMALCARREHDOC
HIXNY,AMALDOC,AMALDOC,HIXNY|AMALDOC
HIXNY,AMALED,AMALED,HIXNY|AMALED
HIXNY,AMALEDDOC,AMALEDDOC,HIXNY|AMALEDDOC
HIXNY,AMALHNDRHB,AMALHNDRHB,HIXNY|AMALHNDRHB
HIXNY,AMALHNDRHBDOC,AMALHNDRHBDOC,HIXNY|AMALHNDRHBDOC
HIXNY,AMALHRTINFS,AMALHRTINFS,HIXNY|AMALHRTINFS
HIXNY,AMALHRTINFSDOC,AMALHRTINFSDOC,HIXNY|AMALHRTINFSDOC
HIXNY,AMALIMAGE,AMALIMAGE,HIXNY|AMALIMAGE
HIXNY,AMALIMAGEDOC,AMALIMAGEDOC,HIXNY|AMALIMAGEDOC
HIXNY,AMALLAB,AMALLAB,HIXNY|AMALLAB
HIXNY,AMALLABDOC,AMALLABDOC,HIXNY|AMALLABDOC
HIXNY,AMALPELV,AMALPELV,HIXNY|AMALPELV
HIXNY,AMALPELVDOC,AMALPELVDOC,HIXNY|AMALPELVDOC
HIXNY,AMALWNDCRO,AMALWNDCRO,HIXNY|AMALWNDCRO
HIXNY,AMALWNDCRODOC,AMALWNDCRODOC,HIXNY|AMALWNDCRODOC
HIXNY,AMAPCC,AMAPCC,HIXNY|AMAPCC
HIXNY,AMAPCCAUD,AMAPCCAUD,HIXNY|AMAPCCAUD
HIXNY,AMAPCCCAR,AMAPCCCAR,HIXNY|AMAPCCCAR
HIXNY,AMAPCCENT,AMAPCCENT,HIXNY|AMAPCCENT
HIXNY,AMAPCCQNS,AMAPCCQNS,HIXNY|AMAPCCQNS
HIXNY,AMAWPDIAEND,AMAWPDIAEND,HIXNY|AMAWPDIAEND
HIXNY,AMAWPDIAENDDOC,AMAWPDIAENDDOC,HIXNY|AMAWPDIAENDDOC
BRONX,AMAZING_MEDICAL_SRVCS,AMAZING MEDICAL SRVCS,BRONX|AMAZING MEDICAL SRVCS
HEALTHIX,AMBM,AMBM,HEALTHIX|AMBM
HEALTHIX,AMBOY,AMBOY,HEALTHIX|AMBOY
HIXNY,AMBPCC,AMBPCC,HIXNY|AMBPCC
HIXNY,AMBRYGEN,AMBRYGEN,HIXNY|AMBRYGEN
HIXNY,AMC837CLAIMS,AMC837CLAIMS,HIXNY|AMC837CLAIMS
HIXNY,AMCFP,AMCFP,HIXNY|AMCFP
HIXNY,AMCFPDOC,AMCFPDOC,HIXNY|AMCFPDOC
HEALTHIX,AMCI,AMCI,HEALTHIX|AMCI
HIXNY,AMCPCC,AMCPCC,HIXNY|AMCPCC
HIXNY,AMDPCCPED,AMDPCCPED,HIXNY|AMDPCCPED
TXD,AMEDS,AMEDS,TXD|AMEDS
BRONX,AMERICA_MEDICAL_GROUP,AMERICA MEDICAL GROUP,BRONX|AMERICA MEDICAL GROUP
HEALTHIX,AMERINA,AMERINA,HEALTHIX|AMERINA
GRRHIO,AMG.DUPLICATE,AMG,GRRHIO|AMG
HEALTHIX,AMG.DUPLICATE1,AMG,HEALTHIX|AMG
GRRHIO,AMG2,AMG2,GRRHIO|AMG2
HIXNY,AMGPCC,AMGPCC,HIXNY|AMGPCC
HIXNY,AMGPCCACC,AMGPCCACC,HIXNY|AMGPCCACC
HIXNY,AMGPCCCAR,AMGPCCCAR,HIXNY|AMGPCCCAR
HIXNY,AMGPCCGI,AMGPCCGI,HIXNY|AMGPCCGI
HIXNY,AMGPCCNEU,AMGPCCNEU,HIXNY|AMGPCCNEU
HIXNY,AMGPCCPED,AMGPCCPED,HIXNY|AMGPCCPED
HIXNY,AMGPCCPOD,AMGPCCPOD,HIXNY|AMGPCCPOD
HIXNY,AMGPCCPUL,AMGPCCPUL,HIXNY|AMGPCCPUL
HIXNY,AMGPCCQNS,AMGPCCQNS,HIXNY|AMGPCCQNS
HIXNY,AMGPCCRIC,AMGPCCRIC,HIXNY|AMGPCCRIC
HIXNY,AMGPCCSUR,AMGPCCSUR,HIXNY|AMGPCCSUR
HIXNY,AMGPCCURO,AMGPCCURO,HIXNY|AMGPCCURO
HIXNY,AMGPCCWH,AMGPCCWH,HIXNY|AMGPCCWH
TXD,AMGRHE,AMGRHE,TXD|AMGRHE
HEALTHIX,AMHARB,AMHARB,HEALTHIX|AMHARB
TXD,AMHRST,AMHRST,TXD|AMHRST
HIXNY,AMHS,AMHS,HIXNY|AMHS
HIXNY,AMHSAALG,AMHSAALG,HIXNY|AMHSAALG
HIXNY,AMHSAALGHL7,AMHSAALGHL7,HIXNY|AMHSAALGHL7
HIXNY,AMHSABAR,AMHSABAR,HIXNY|AMHSABAR
HIXNY,AMHSABARHL7,AMHSABARHL7,HIXNY|AMHSABARHL7
HIXNY,AMHSABH,AMHSABH,HIXNY|AMHSABH
HIXNY,AMHSABHHL7,AMHSABHHL7,HIXNY|AMHSABHHL7
HIXNY,AMHSACAR,AMHSACAR,HIXNY|AMHSACAR
HIXNY,AMHSACARHL7,AMHSACARHL7,HIXNY|AMHSACARHL7
HIXNY,AMHSACTH,AMHSACTH,HIXNY|AMHSACTH
HIXNY,AMHSACTHHL7,AMHSACTHHL7,HIXNY|AMHSACTHHL7
HIXNY,AMHSAEMURG,AMHSAEMURG,HIXNY|AMHSAEMURG
HIXNY,AMHSAEMURGHL7,AMHSAEMURGHL7,HIXNY|AMHSAEMURGHL7
HIXNY,AMHSAEND,AMHSAEND,HIXNY|AMHSAEND
HIXNY,AMHSAENDHL7,AMHSAENDHL7,HIXNY|AMHSAENDHL7
HIXNY,AMHSAENDIN,AMHSAENDIN,HIXNY|AMHSAENDIN
HIXNY,AMHSAENDPE,AMHSAENDPE,HIXNY|AMHSAENDPE
HIXNY,AMHSAENDPEHL7,AMHSAENDPEHL7,HIXNY|AMHSAENDPEHL7
HIXNY,AMHSAGAS,AMHSAGAS,HIXNY|AMHSAGAS
HIXNY,AMHSAGASHL7,AMHSAGASHL7,HIXNY|AMHSAGASHL7
HIXNY,AMHSAGASPE,AMHSAGASPE,HIXNY|AMHSAGASPE
HIXNY,AMHSAGASPEHL7,AMHSAGASPEHL7,HIXNY|AMHSAGASPEHL7
HIXNY,AMHSAGENSUR,AMHSAGENSUR,HIXNY|AMHSAGENSUR
HIXNY,AMHSAGENSURHL7,AMHSAGENSURHL7,HIXNY|AMHSAGENSURHL7
HIXNY,AMHSAHEAR,AMHSAHEAR,HIXNY|AMHSAHEAR
HIXNY,AMHSAHEARHL7,AMHSAHEARHL7,HIXNY|AMHSAHEARHL7
HIXNY,AMHSAHEMON,AMHSAHEMON,HIXNY|AMHSAHEMON
HIXNY,AMHSAHEMONHL7,AMHSAHEMONHL7,HIXNY|AMHSAHEMONHL7
HIXNY,AMHSAHIV,AMHSAHIV,HIXNY|AMHSAHIV
HIXNY,AMHSAHIVHL7,AMHSAHIVHL7,HIXNY|AMHSAHIVHL7
HIXNY,AMHSAINF,AMHSAINF,HIXNY|AMHSAINF
HIXNY,AMHSAINFHL7,AMHSAINFHL7,HIXNY|AMHSAINFHL7
HIXNY,AMHSAINFPE,AMHSAINFPE,HIXNY|AMHSAINFPE
HIXNY,AMHSAINFPEHL7,AMHSAINFPEHL7,HIXNY|AMHSAINFPEHL7
HIXNY,AMHSAINT,AMHSAINT,HIXNY|AMHSAINT
HIXNY,AMHSAINTHL7,AMHSAINTHL7,HIXNY|AMHSAINTHL7
HIXNY,AMHSAMCH,AMHSAMCH,HIXNY|AMHSAMCH
HIXNY,AMHSAMCHDOC,AMHSAMCHDOC,HIXNY|AMHSAMCHDOC
HIXNY,AMHSAMEDPED,AMHSAMEDPED,HIXNY|AMHSAMEDPED
HIXNY,AMHSAMEDPEDHL7,AMHSAMEDPEDHL7,HIXNY|AMHSAMEDPEDHL7
HIXNY,AMHSANEPH,AMHSANEPH,HIXNY|AMHSANEPH
HIXNY,AMHSANEPHHL7,AMHSANEPHHL7,HIXNY|AMHSANEPHHL7
HIXNY,AMHSANEPPE,AMHSANEPPE,HIXNY|AMHSANEPPE
HIXNY,AMHSANEPPEHL7,AMHSANEPPEHL7,HIXNY|AMHSANEPPEHL7
HIXNY,AMHSANEU,AMHSANEU,HIXNY|AMHSANEU
HIXNY,AMHSANEUHL7,AMHSANEUHL7,HIXNY|AMHSANEUHL7
HIXNY,AMHSANEUPE,AMHSANEUPE,HIXNY|AMHSANEUPE
HIXNY,AMHSANEUPEHL7,AMHSANEUPEHL7,HIXNY|AMHSANEUPEHL7
HIXNY,AMHSANSR,AMHSANSR,HIXNY|AMHSANSR
HIXNY,AMHSANSRHL7,AMHSANSRHL7,HIXNY|AMHSANSRHL7
HIXNY,AMHSAOBMFM,AMHSAOBMFM,HIXNY|AMHSAOBMFM
HIXNY,AMHSAOBMFMHL7,AMHSAOBMFMHL7,HIXNY|AMHSAOBMFMHL7
HIXNY,AMHSAOBONC,AMHSAOBONC,HIXNY|AMHSAOBONC
HIXNY,AMHSAOBONCHL7,AMHSAOBONCHL7,HIXNY|AMHSAOBONCHL7
HIXNY,AMHSAOPH,AMHSAOPH,HIXNY|AMHSAOPH
HIXNY,AMHSAOPHHL7,AMHSAOPHHL7,HIXNY|AMHSAOPHHL7
HIXNY,AMHSAORT,AMHSAORT,HIXNY|AMHSAORT
HIXNY,AMHSAORTHL7,AMHSAORTHL7,HIXNY|AMHSAORTHL7
HIXNY,AMHSAOTO,AMHSAOTO,HIXNY|AMHSAOTO
HIXNY,AMHSAOTOHL7,AMHSAOTOHL7,HIXNY|AMHSAOTOHL7
HIXNY,AMHSAOTOPE,AMHSAOTOPE,HIXNY|AMHSAOTOPE
HIXNY,AMHSAOTOPEHL7,AMHSAOTOPEHL7,HIXNY|AMHSAOTOPEHL7
HIXNY,AMHSAPED,AMHSAPED,HIXNY|AMHSAPED
HIXNY,AMHSAPEDHL7,AMHSAPEDHL7,HIXNY|AMHSAPEDHL7
HIXNY,AMHSAPLA,AMHSAPLA,HIXNY|AMHSAPLA
HIXNY,AMHSAPLAHL7,AMHSAPLAHL7,HIXNY|AMHSAPLAHL7
HIXNY,AMHSAPMR,AMHSAPMR,HIXNY|AMHSAPMR
HIXNY,AMHSAPMRHL7,AMHSAPMRHL7,HIXNY|AMHSAPMRHL7
HIXNY,AMHSAPOD,AMHSAPOD,HIXNY|AMHSAPOD
HIXNY,AMHSAPODHL7,AMHSAPODHL7,HIXNY|AMHSAPODHL7
HIXNY,AMHSAPULM,AMHSAPULM,HIXNY|AMHSAPULM
HIXNY,AMHSAPULMHL7,AMHSAPULMHL7,HIXNY|AMHSAPULMHL7
HIXNY,AMHSAPULPE,AMHSAPULPE,HIXNY|AMHSAPULPE
HIXNY,AMHSAPULPEHL7,AMHSAPULPEHL7,HIXNY|AMHSAPULPEHL7
HIXNY,AMHSARHEPE,AMHSARHEPE,HIXNY|AMHSARHEPE
HIXNY,AMHSARHEPEHL7,AMHSARHEPEHL7,HIXNY|AMHSARHEPEHL7
HIXNY,AMHSARHEU,AMHSARHEU,HIXNY|AMHSARHEU
HIXNY,AMHSARHEUHL7,AMHSARHEUHL7,HIXNY|AMHSARHEUHL7
HIXNY,AMHSASPORT,AMHSASPORT,HIXNY|AMHSASPORT
HIXNY,AMHSASPORTHL7,AMHSASPORTHL7,HIXNY|AMHSASPORTHL7
HIXNY,AMHSASURPED,AMHSASURPED,HIXNY|AMHSASURPED
HIXNY,AMHSASURPEDHL7,AMHSASURPEDHL7,HIXNY|AMHSASURPEDHL7
HIXNY,AMHSATRA,AMHSATRA,HIXNY|AMHSATRA
HIXNY,AMHSATRAHL7,AMHSATRAHL7,HIXNY|AMHSATRAHL7
HIXNY,AMHSATRAN,AMHSATRAN,HIXNY|AMHSATRAN
HIXNY,AMHSATRANHL7,AMHSATRANHL7,HIXNY|AMHSATRANHL7
HIXNY,AMHSAURO,AMHSAURO,HIXNY|AMHSAURO
HIXNY,AMHSAUROHL7,AMHSAUROHL7,HIXNY|AMHSAUROHL7
HIXNY,AMHSAVAS,AMHSAVAS,HIXNY|AMHSAVAS
HIXNY,AMHSAVASHL7,AMHSAVASHL7,HIXNY|AMHSAVASHL7
HIXNY,AMHSDOC,AMHSDOC,HIXNY|AMHSDOC
HIXNY,AMHSMONITOR,AMHSMONITOR,HIXNY|AMHSMONITOR
HIXNY,AMHSMONITORDOC,AMHSMONITORDOC,HIXNY|AMHSMONITORDOC
HIXNY,AMHSSCC,AMHSSCC,HIXNY|AMHSSCC
HIXNY,AMHSSCCDOC,AMHSSCCDOC,HIXNY|AMHSSCCDOC
TXD,AMHSUR,AMHSUR,TXD|AMHSUR
HEALTHIX,AMHW,AMHW,HEALTHIX|AMHW
BRONX,AMIDACARE,AMIDACARE,BRONX|AMIDACARE
HIXNY,AMJPCC,AMJPCC,HIXNY|AMJPCC
HIXNY,AMKPCCGI,AMKPCCGI,HIXNY|AMKPCCGI
HEALTHIX,AMMD,AMMD,HEALTHIX|AMMD
HECDCS,AMMIR-RABADI,AMMIR-RABADI,HECDCS|AMMIR-RABADI
HIXNY,AMMPCC,AMMPCC,HIXNY|AMMPCC
HIXNY,AMMPCCPED,AMMPCCPED,HIXNY|AMMPCCPED
HEALTHIX,AMMS,AMMS,HEALTHIX|AMMS
HEALTHIX,AMOP,AMOP,HEALTHIX|AMOP
HEALTHIX,AMOPC,AMOPC,HEALTHIX|AMOPC
HECDCS,AMP.DUPLICATE,AMP,HECDCS|AMP
TXD,AMP.DUPLICATE1,AMP,TXD|AMP
HIXNY,AMPC46QNS,AMPC46QNS,HIXNY|AMPC46QNS
HIXNY,AMPCC46,AMPCC46,HIXNY|AMPCC46
HIXNY,AMPCC46WH,AMPCC46WH,HIXNY|AMPCC46WH
TXD,AMPEDS,AMPEDS,TXD|AMPEDS
HEALTHIX,AMPHS,AMPHS,HEALTHIX|AMPHS
HEALTHIX,AMPM,AMPM,HEALTHIX|AMPM
HIXNY,AMPPCC,AMPPCC,HIXNY|AMPPCC
HIXNY,AMPPCCNEU,AMPPCCNEU,HIXNY|AMPPCCNEU
HIXNY,AMPPCCPED,AMPPCCPED,HIXNY|AMPPCCPED
HIXNY,AMPPCCPOD,AMPPCCPOD,HIXNY|AMPPCCPOD
HIXNY,AMPPCCWH,AMPPCCWH,HIXNY|AMPPCCWH
HECDCS,AMPU,AMPU,HECDCS|AMPU
TXD,AMRGRP,AMRGRP,TXD|AMRGRP
GRRHIO,AMRN,AMRN,GRRHIO|AMRN
GRRHIO,AMSAC,AMSAC,GRRHIO|AMSAC
HEALTHIX,AMSNH,AMSNH,HEALTHIX|AMSNH
HIXNY,AMSPCC,AMSPCC,HIXNY|AMSPCC
BRONX,AMSTERDAM_MEDICAL_PRACTICE,AMSTERDAM MEDICAL PRACTICE,BRONX|AMSTERDAM MEDICAL PRACTICE
BRONX,AMSTERDAM_PEDIATRICS,AMSTERDAM PEDIATRICS,BRONX|AMSTERDAM PEDIATRICS
BRONX,AMTH_MEDICAL,AMTH MEDICAL,BRONX|AMTH MEDICAL
HEALTHIX,AMTODAY,AMTODAY,HEALTHIX|AMTODAY
HECDCS,ANCHOR-FAMILY,ANCHOR-FAMILY,HECDCS|ANCHOR-FAMILY
HECDCS,ANDERSON-CTR,ANDERSON-CTR,HECDCS|ANDERSON-CTR
BRONX,ANDRADE_MEDICAL,ANDRADE MEDICAL,BRONX|ANDRADE MEDICAL
BRONX,ANDRES_URENA,ANDRES URENA,BRONX|ANDRES URENA
HEALTHIX,ANH,ANH,HEALTHIX|ANH
BRONX,ANIL_GUPTA,ANIL GUPTA,BRONX|ANIL GUPTA
BRONX,ANITA_I_AHUJA,ANITA I AHUJA,BRONX|ANITA I AHUJA
HEALTHIX,ANLPC,ANLPC,HEALTHIX|ANLPC
HEALTHIX,ANMPC,ANMPC,HEALTHIX|ANMPC
BRONX,ANNA_PAWLIK,ANNA PAWLIK,BRONX|ANNA PAWLIK
BRONX,ANN_YOUNG_MEDICAL,ANN YOUNG MEDICAL,BRONX|ANN YOUNG MEDICAL
HEALTHIX,ANTHEM,ANTHEM,HEALTHIX|ANTHEM
HEALTHIX,ANYC,ANYC,HEALTHIX|ANYC
HIXNY,ANYTIMEHC,ANYTIMEHC,HIXNY|ANYTIMEHC
HIXNY,AOBGYNNY,AOBGYNNY,HIXNY|AOBGYNNY
HEALTHIX,AOHPPC,AOHPPC,HEALTHIX|AOHPPC
BRONX,AOL_MEDICAL_SRVCS,AOL MEDICAL SRVCS,BRONX|AOL MEDICAL SRVCS
GRRHIO,AOMC,AOMC,GRRHIO|AOMC
GRRHIO,AOMT,AOMT,GRRHIO|AOMT
HECDCS,APALACHIN-FIRE,APALACHIN-FIRE,HECDCS|APALACHIN-FIRE
HECDCS,APALACHIN-PT,APALACHIN-PT,HECDCS|APALACHIN-PT
HEALTHIX,APATEL,APATEL,HEALTHIX|APATEL
HEALTHIX,APC,APC,HEALTHIX|APC
HEALTHIX,APENNANTMD,APENNANTMD,HEALTHIX|APENNANTMD
HEALTHIX,APGP,APGP,HEALTHIX|APGP
HEALTHIX,APICHA,APICHA,HEALTHIX|APICHA
HEALTHIX,APICHAAZ,APICHAAZ,HEALTHIX|APICHAAZ
HEALTHIX,APMD,APMD,HEALTHIX|APMD
HEALTHIX,APMPC,APMPC,HEALTHIX|APMPC
BRONX,APOLLO_MEDICAL,APOLLO MEDICAL,BRONX|APOLLO MEDICAL
TXD,APOTHE,APOTHE,TXD|APOTHE
HEALTHIX,APPC,APPC,HEALTHIX|APPC
TXD,APWNY,APWNY,TXD|APWNY
HEALTHIX,AQMPC,AQMPC,HEALTHIX|AQMPC
HIXNY,ARA,ARA,HIXNY|ARA
GRRHIO,ARA.DUPLICATE1,ARA,GRRHIO|ARA
HEALTHIX,ARAC,ARAC,HEALTHIX|ARAC
HECDCS,ARC-CHMNG-SCHLR,ARC-CHMNG-SCHLR,HECDCS|ARC-CHMNG-SCHLR
HECDCS,ARC-GREATER-HV,ARC-GREATER-HV,HECDCS|ARC-GREATER-HV
HECDCS,ARC-MAD-CORT,ARC-MAD-CORT,HECDCS|ARC-MAD-CORT
HECDCS,ARC-ROCKLAND,ARC-ROCKLAND,HECDCS|ARC-ROCKLAND
HEALTHIX,ARCAMD,ARCAMD,HEALTHIX|ARCAMD
HIXNY,ARCCLINTON,ARCCLINTON,HIXNY|ARCCLINTON
TXD,ARCEC,ARCEC,TXD|ARCEC
BRONX,ARCHANA_SINGIRI_MEDICAL,ARCHANA SINGIRI MEDICAL,BRONX|ARCHANA SINGIRI MEDICAL
HIXNY,ARCHERKIMER,ARCHERKIMER,HIXNY|ARCHERKIMER
TXD,ARCHES,ARCHES,TXD|ARCHES
HEALTHIX,ARGUS,ARGUS,HEALTHIX|ARGUS
HEALTHIX,ARGUSHH,ARGUSHH,HEALTHIX|ARGUSHH
BRONX,ARGUS_COMMUNITY,ARGUS COMMUNITY,BRONX|ARGUS COMMUNITY
BRONX,ARISTA_CENTER,ARISTA CENTER,BRONX|ARISTA CENTER
HEALTHIX,ARJUNMG,ARJUNMG,HEALTHIX|ARJUNMG
HEALTHIX,ARM,ARM,HEALTHIX|ARM
HEALTHIX,ARMCC,ARMCC,HEALTHIX|ARMCC
HEALTHIX,ARML,ARML,HEALTHIX|ARML
BRONX,ARMS_ACRES,ARMS ACRES,BRONX|ARMS ACRES
BRONX,ARSENIO_TIO,ARSENIO TIO,BRONX|ARSENIO TIO
HEALTHIX,ARSM,ARSM,HEALTHIX|ARSM
HEALTHIX,ARSMED,ARSMED,HEALTHIX|ARSMED
HECDCS,ARTHRITIS-HEALTH,ARTHRITIS-HEALTH,HECDCS|ARTHRITIS-HEALTH
HECDCS,ARTHRITIS-SPEC,ARTHRITIS-SPEC,HECDCS|ARTHRITIS-SPEC
BRONX,ARTHUR_HALL,ARTHUR HALL,BRONX|ARTHUR HALL
BRONX,ARTHUR_R_DOVE,ARTHUR R DOVE,BRONX|ARTHUR R DOVE
TXD,ARTMS,ARTMS,TXD|ARTMS
HEALTHIX,ARTOM,ARTOM,HEALTHIX|ARTOM
HECDCS,ARUL-ARUL,ARUL-ARUL,HECDCS|ARUL-ARUL
GRRHIO,ASAP,ASAP,GRRHIO|ASAP
HECDCS,ASC-LOURDES,ASC-LOURDES,HECDCS|ASC-LOURDES
HECDCS,ASC-LOURDES-CLIN,ASC-LOURDES-CLIN,HECDCS|ASC-LOURDES-CLIN
HEALTHIX,ASCAKM,ASCAKM,HEALTHIX|ASCAKM
HEALTHIX,ASCDR,ASCDR,HEALTHIX|ASCDR
HEALTHIX,ASCFS,ASCFS,HEALTHIX|ASCFS
HEALTHIX,ASCHS,ASCHS,HEALTHIX|ASCHS
HEALTHIX,ASCSBH,ASCSBH,HEALTHIX|ASCSBH
HEALTHIX,ASCTK,ASCTK,HEALTHIX|ASCTK
HEALTHIX,ASCWHP,ASCWHP,HEALTHIX|ASCWHP
HEALTHIX,ASDNY,ASDNY,HEALTHIX|ASDNY
HEALTHIX,ASHEENA,ASHEENA,HEALTHIX|ASHEENA
HEALTHIX,ASLC,ASLC,HEALTHIX|ASLC
HEALTHIX,ASLMED,ASLMED,HEALTHIX|ASLMED
BRONX,ASONE.DUPLICATE,ASONE,BRONX|ASONE
HEALTHIX,ASONE.DUPLICATE1,ASONE,HEALTHIX|ASONE
HEALTHIX,ASPC,ASPC,HEALTHIX|ASPC
HECDCS,ASSOC-GASTRO-CNY,ASSOC-GASTRO-CNY,HECDCS|ASSOC-GASTRO-CNY
BRONX,ASSOC_FOR_MENTAL_HEALTH_AND_WELLNESS,ASSOC FOR MENTAL HEALTH AND WELLNESS,BRONX|ASSOC FOR MENTAL HEALTH AND WELLNESS
HECDCS,ASTOR-SRVCS,ASTOR-SRVCS,HECDCS|ASTOR-SRVCS
HEALTHIX,ASTORIA,ASTORIA,HEALTHIX|ASTORIA
BRONX,ASTORIA_HEALTH_CARE_ASSOCIATES,ASTORIA HEALTH CARE ASSOCIATES,BRONX|ASTORIA HEALTH CARE ASSOCIATES
BRONX,ASTORIA_PEDIATRIC_CENTER,ASTORIA PEDIATRIC CENTER,BRONX|ASTORIA PEDIATRIC CENTER
BRONX,ASTOR_SERVICES,ASTOR SERVICES,BRONX|ASTOR SERVICES
HEALTHIX,ASTPC,ASTPC,HEALTHIX|ASTPC
HIXNY,ATHOME,ATHOME,HIXNY|ATHOME
HIXNY,ATHOMEADV,ATHOMEADV,HIXNY|ATHOMEADV
HEALTHIX,ATME,ATME,HEALTHIX|ATME
HEALTHIX,ATMYP,ATMYP,HEALTHIX|ATMYP
HEALTHIX,ATWA,ATWA,HEALTHIX|ATWA
HECDCS,AUBURN-AGT,AUBURN-AGT,HECDCS|AUBURN-AGT
HECDCS,AUBURN-CARDIO,AUBURN-CARDIO,HECDCS|AUBURN-CARDIO
HECDCS,AUBURN-COMMUNITY,AUBURN-COMMUNITY,HECDCS|AUBURN-COMMUNITY
HECDCS,AUBURN-MEM-MED,AUBURN-MEM-MED,HECDCS|AUBURN-MEM-MED
HECDCS,AUBURN-PEDS,AUBURN-PEDS,HECDCS|AUBURN-PEDS
TXD,AUDBON,AUDBON,TXD|AUDBON
HECDCS,AUGUST-R-BUERKLE,AUGUST-R-BUERKLE,HECDCS|AUGUST-R-BUERKLE
HEALTHIX,AUHAMD,AUHAMD,HEALTHIX|AUHAMD
TXD,AUMOBG,AUMOBG,TXD|AUMOBG
HEALTHIX,AURENA,AURENA,HEALTHIX|AURENA
BRONX,AUSTIN_LU_MEDICAL,AUSTIN LU MEDICAL,BRONX|AUSTIN LU MEDICAL
GRRHIO,AVB,AVB,GRRHIO|AVB
GRRHIO,AVB2,AVB2,GRRHIO|AVB2
TXD,AVINO,AVINO,TXD|AVINO
HEALTHIX,AVOC,AVOC,HEALTHIX|AVOC
HEALTHIX,AVON,AVON,HEALTHIX|AVON
BRONX,AVRAHAM_HENOCH,AVRAHAM HENOCH,BRONX|AVRAHAM HENOCH
HEALTHIX,AWALFI,AWALFI,HEALTHIX|AWALFI
HEALTHIX,AWBMD,AWBMD,HEALTHIX|AWBMD
HEALTHIX,AWM,AWM,HEALTHIX|AWM
HECDCS,AWM.DUPLICATE1,AWM,HECDCS|AWM
BRONX,AW_MEDICAL,AW MEDICAL,BRONX|AW MEDICAL
BRONX,AXIOM_MEDICAL,AXIOM MEDICAL,BRONX|AXIOM MEDICAL
TXD,AXIS,AXIS,TXD|AXIS
HIXNY,AXISMEDICAL,AXISMEDICAL,HIXNY|AXISMEDICAL
HEALTHIX,AXPC,AXPC,HEALTHIX|AXPC
BRONX,AYLIN_KIYICI,AYLIN KIYICI,BRONX|AYLIN KIYICI
HEALTHIX,AZBMC,AZBMC,HEALTHIX|AZBMC
HEALTHIX,AZBMSFHC,AZBMSFHC,HEALTHIX|AZBMSFHC
TXD,AZCHCB,AZCHCB,TXD|AZCHCB
HEALTHIX,AZEHCF,AZEHCF,HEALTHIX|AZEHCF
HEALTHIX,AZEIT,AZEIT,HEALTHIX|AZEIT
TXD,AZEVR,AZEVR,TXD|AZEVR
HEALTHIX,AZHHHFQHC,AZHHHFQHC,HEALTHIX|AZHHHFQHC
HEALTHIX,AZLIFQHC,AZLIFQHC,HEALTHIX|AZLIFQHC
HEALTHIX,AZMCHC,AZMCHC,HEALTHIX|AZMCHC
HEALTHIX,AZMD,AZMD,HEALTHIX|AZMD
TXD,AZNHC,AZNHC,TXD|AZNHC
HEALTHIX,AZSETTHEA,AZSETTHEA,HEALTHIX|AZSETTHEA
HEALTHIX,AZSETTLEH,AZSETTLEH,HEALTHIX|AZSETTLEH
TXD,AZTCC,AZTCC,TXD|AZTCC
TXD,AZUPC,AZUPC,TXD|AZUPC
HEALTHIX,AZWKS,AZWKS,HEALTHIX|AZWKS
HEALTHIX,BABPED,BABPED,HEALTHIX|BABPED
BRONX,BABUBHAI_I_PATEL_PHYSICIAN,BABUBHAI I PATEL PHYSICIAN,BRONX|BABUBHAI I PATEL PHYSICIAN
BRONX,BABU_PATEL,BABU PATEL,BRONX|BABU PATEL
HEALTHIX,BACI,BACI,HEALTHIX|BACI
HECDCS,BACK-TO-HEALTH,BACK-TO-HEALTH,HECDCS|BACK-TO-HEALTH
HEALTHIX,BACRN,BACRN,HEALTHIX|BACRN
HEALTHIX,BADC,BADC,HEALTHIX|BADC
HEALTHIX,BAHMED,BAHMED,HEALTHIX|BAHMED
BRONX,BAHN,BAHN,BRONX|BAHN
HEALTHIX,BAHS,BAHS,HEALTHIX|BAHS
BRONX,BAINBRIDGE_NURSING_AND_REHAB,BAINBRIDGE NURSING AND REHAB,BRONX|BAINBRIDGE NURSING AND REHAB
TXD,BAKER,BAKER,TXD|BAKER
BRONX,BALDEVBHAI_V_PATEL,BALDEVBHAI V PATEL,BRONX|BALDEVBHAI V PATEL
HEALTHIX,BALTS,BALTS,HEALTHIX|BALTS
HECDCS,BAMBINI-PEDS,BAMBINI-PEDS,HECDCS|BAMBINI-PEDS
HEALTHIX,BAMC,BAMC,HEALTHIX|BAMC
HEALTHIX,BAMS,BAMS,HEALTHIX|BAMS
BRONX,BAOEN_JIANG_MEDICINE,BAOEN JIANG MEDICINE,BRONX|BAOEN JIANG MEDICINE
HEALTHIX,BAPA,BAPA,HEALTHIX|BAPA
HEALTHIX,BAPS,BAPS,HEALTHIX|BAPS
HIXNY,BAPT,BAPT,HIXNY|BAPT
HIXNY,BAPTDOC,BAPTDOC,HIXNY|BAPTDOC
HECDCS,BARD-HLTH-SRVCS,BARD-HLTH-SRVCS,HECDCS|BARD-HLTH-SRVCS
BRONX,BARRY_BAKER,BARRY BAKER,BRONX|BARRY BAKER
HECDCS,BARTLES-PHARMACY,BARTLES-PHARMACY,HECDCS|BARTLES-PHARMACY
HIXNY,BASAOFO,BASAOFO,HIXNY|BASAOFO
HIXNY,BASCRHO,BASCRHO,HIXNY|BASCRHO
HIXNY,BASLFHO,BASLFHO,HIXNY|BASLFHO
HIXNY,BASMIBO,BASMIBO,HIXNY|BASMIBO
HIXNY,BASOCO,BASOCO,HIXNY|BASOCO
HIXNY,BASTRHO,BASTRHO,HIXNY|BASTRHO
HEALTHIX,BAWMD,BAWMD,HEALTHIX|BAWMD
HECDCS,BAYBERRY-NURSING,BAYBERRY-NURSING,HECDCS|BAYBERRY-NURSING
GRRHIO,BAYM,BAYM,GRRHIO|BAYM
GRRHIO,BAYMG,BAYMG,GRRHIO|BAYMG
BRONX,BAYSIDE_PEDIATRICS,BAYSIDE PEDIATRICS,BRONX|BAYSIDE PEDIATRICS
BRONX,BAY_RIDGE_PEDIATRICS,BAY RIDGE PEDIATRICS,BRONX|BAY RIDGE PEDIATRICS
HEALTHIX,BBALO,BBALO,HEALTHIX|BBALO
HEALTHIX,BBCS,BBCS,HEALTHIX|BBCS
HEALTHIX,BBDO,BBDO,HEALTHIX|BBDO
HIXNY,BBLC,BBLC,HIXNY|BBLC
HEALTHIX,BCCS,BCCS,HEALTHIX|BCCS
HEALTHIX,BCEMG,BCEMG,HEALTHIX|BCEMG
HEALTHIX,BCHC,BCHC,HEALTHIX|BCHC
TXD,BCHJBR,BCHJBR,TXD|BCHJBR
GRRHIO,BCHL,BCHL,GRRHIO|BCHL
TXD,BCHPCC,BCHPCC,TXD|BCHPCC
HEALTHIX,BCI,BCI,HEALTHIX|BCI
TXD,BCMISS,BCMISS,TXD|BCMISS
HEALTHIX,BCNRHIX,BCNRHIX,HEALTHIX|BCNRHIX
HEALTHIX,BCPC,BCPC,HEALTHIX|BCPC
HEALTHIX,BCRHC,BCRHC,HEALTHIX|BCRHC
HEALTHIX,BCVAC,BCVAC,HEALTHIX|BCVAC
HEALTHIX,BCVFD,BCVFD,HEALTHIX|BCVFD
HEALTHIX,BDMG,BDMG,HEALTHIX|BDMG
TXD,BEACN2PART2,BEACN2PART2,TXD|BEACN2PART2
BRONX,BEACON_OF_HOPE_HOUSE,BEACON OF HOPE HOUSE,BRONX|BEACON OF HOPE HOUSE
HEALTHIX,BEBR,BEBR,HEALTHIX|BEBR
HECDCS,BEECHTREE,BEECHTREE,HECDCS|BEECHTREE
BRONX,BEINCK,BEINCK,BRONX|BEINCK
HECDCS,BELINDA-TURCK,BELINDA-TURCK,HECDCS|BELINDA-TURCK
HEALTHIX,BELLEMEADRX,BELLEMEADRX,HEALTHIX|BELLEMEADRX
BRONX,BELLEROSE_MEDICAL_CARE,BELLEROSE MEDICAL CARE,BRONX|BELLEROSE MEDICAL CARE
BRONX,BELLEVUE.DUPLICATE,BELLEVUE,BRONX|BELLEVUE
HEALTHIX,BELLEVUE.DUPLICATE1,BELLEVUE,HEALTHIX|BELLEVUE
HEALTHIX,BELLMC,BELLMC,HEALTHIX|BELLMC
HIXNY,BELONGACO,BELONGACO,HIXNY|BELONGACO
HIXNY,BELVHS,BELVHS,HIXNY|BELVHS
HEALTHIX,BEMC,BEMC,HEALTHIX|BEMC
TXD,BENEY,BENEY,TXD|BENEY
BRONX,BENJAMIN_WU,BENJAMIN WU,BRONX|BENJAMIN WU
HEALTHIX,BENSMC,BENSMC,HEALTHIX|BENSMC
HEALTHIX,BEPC,BEPC,HEALTHIX|BEPC
HIXNY,BESTLIFE,BESTLIFE,HIXNY|BESTLIFE
BRONX,BEST_CARE_EVER_MEDICAL_GROUP,BEST CARE EVER MEDICAL GROUP,BRONX|BEST CARE EVER MEDICAL GROUP
HECDCS,BETHANY-GARDENS,BETHANY-GARDENS,HECDCS|BETHANY-GARDENS
HECDCS,BETHEL-NURSING,BETHEL-NURSING,HECDCS|BETHEL-NURSING
BRONX,BETHEL_MEDICAL_PRACTICE,BETHEL MEDICAL PRACTICE,BRONX|BETHEL MEDICAL PRACTICE
HECDCS,BETSY-ROSS-HOME,BETSY-ROSS-HOME,HECDCS|BETSY-ROSS-HOME
TXD,BEVSA,BEVSA,TXD|BEVSA
HEALTHIX,BEWU,BEWU,HEALTHIX|BEWU
GRRHIO,BFC,BFC,GRRHIO|BFC
HIXNY,BFCSY,BFCSY,HIXNY|BFCSY
HIXNY,BFCSYPortal,BFCSYPortal,HIXNY|BFCSYPortal
GRRHIO,BFM,BFM,GRRHIO|BFM
HEALTHIX,BFMA,BFMA,HEALTHIX|BFMA
HEALTHIX,BFMD,BFMD,HEALTHIX|BFMD
TXD,BFNC,BFNC,TXD|BFNC
HEALTHIX,BGRNC,BGRNC,HEALTHIX|BGRNC
BRONX,BHAVANA_R_JAPI_PHYSICIAN,BHAVANA R JAPI PHYSICIAN,BRONX|BHAVANA R JAPI PHYSICIAN
TXD,BHC,BHC,TXD|BHC
HEALTHIX,BHCF,BHCF,HEALTHIX|BHCF
HEALTHIX,BHCP,BHCP,HEALTHIX|BHCP
GRRHIO,BHF2,BHF2,GRRHIO|BHF2
GRRHIO,BHFRC,BHFRC,GRRHIO|BHFRC
HEALTHIX,BHH,BHH,HEALTHIX|BHH
HEALTHIX,BHI,BHI,HEALTHIX|BHI
HECDCS,BHISHAM-GARG,BHISHAM-GARG,HECDCS|BHISHAM-GARG
HECDCS,BHISHAMGARG-AZ,BHISHAMGARG-AZ,HECDCS|BHISHAMGARG-AZ
HEALTHIX,BHMC,BHMC,HEALTHIX|BHMC
GRRHIO,BHMD,BHMD,GRRHIO|BHMD
HIXNY,BHNNYPPS,BHNNYPPS,HIXNY|BHNNYPPS
TXD,BHOLV,BHOLV,TXD|BHOLV
HIXNY,BHOS,BHOS,HIXNY|BHOS
HEALTHIX,BHRG,BHRG,HEALTHIX|BHRG
HEALTHIX,BHRHCC,BHRHCC,HEALTHIX|BHRHCC
HIXNY,BHSN,BHSN,HIXNY|BHSN
HIXNY,BHSNACM,BHSNACM,HIXNY|BHSNACM
HECDCS,BHUPINDER-SINGH,BHUPINDER-SINGH,HECDCS|BHUPINDER-SINGH
GRRHIO,BII,BII,GRRHIO|BII
TXD,BII,BII,TXD|BII
HEALTHIX,BIKH,BIKH,HEALTHIX|BIKH
HECDCS,BIKUR-CHOLIM,BIKUR-CHOLIM,HECDCS|BIKUR-CHOLIM
GRRHIO,BIM,BIM,GRRHIO|BIM
HEALTHIX,BIOREF.DUPLICATE,BIOREF,HEALTHIX|BIOREF
TXD,BIOREF.DUPLICATE1,BIOREF,TXD|BIOREF
HEALTHIX,BIPD,BIPD,HEALTHIX|BIPD
HEALTHIX,BIRENC,BIRENC,HEALTHIX|BIRENC
HEALTHIX,BISC,BISC,HEALTHIX|BISC
HECDCS,BISHOP-REHAB,BISHOP-REHAB,HECDCS|BISHOP-REHAB
HEALTHIX,BJIANG,BJIANG,HEALTHIX|BJIANG
HEALTHIX,BKGMD,BKGMD,HEALTHIX|BKGMD
HEALTHIX,BKIM,BKIM,HEALTHIX|BKIM
HEALTHIX,BKMC,BKMC,HEALTHIX|BKMC
HEALTHIX,BKSP,BKSP,HEALTHIX|BKSP
HECDCS,BLACK-RIVER-AMB,BLACK-RIVER-AMB,HECDCS|BLACK-RIVER-AMB
HECDCS,BLANDO-CHIRO,BLANDO-CHIRO,HECDCS|BLANDO-CHIRO
TXD,BLDCR,BLDCR,TXD|BLDCR
HIXNY,BLEMS,BLEMS,HIXNY|BLEMS
BRONX,BLEULER_PSYCHOTHERAPY_CENTER,BLEULER PSYCHOTHERAPY CENTER,BRONX|BLEULER PSYCHOTHERAPY CENTER
HEALTHIX,BLIFS,BLIFS,HEALTHIX|BLIFS
TXD,BLMNTF,BLMNTF,TXD|BLMNTF
HECDCS,BLOOMING-PED,BLOOMING-PED,HECDCS|BLOOMING-PED
HECDCS,BLYTHEDALE-CHILD,BLYTHEDALE-CHILD,HECDCS|BLYTHEDALE-CHILD
HEALTHIX,BMC,BMC,HEALTHIX|BMC
HEALTHIX,BMCP,BMCP,HEALTHIX|BMCP
HEALTHIX,BMD,BMD,HEALTHIX|BMD
HEALTHIX,BMEDPC,BMEDPC,HEALTHIX|BMEDPC
HEALTHIX,BMFHC,BMFHC,HEALTHIX|BMFHC
GRRHIO,BMG.DUPLICATE,BMG,GRRHIO|BMG
TXD,BMG.DUPLICATE1,BMG,TXD|BMG
TXD,BMGCE,BMGCE,TXD|BMGCE
GRRHIO,BMH.DUPLICATE,BMH,GRRHIO|BMH
HEALTHIX,BMHBH,BMHBH,HEALTHIX|BMHBH
HEALTHIX,BMHHC,BMHHC,HEALTHIX|BMHHC
HEALTHIX,BMHMC,BMHMC,HEALTHIX|BMHMC
HEALTHIX,BMMD,BMMD,HEALTHIX|BMMD
HEALTHIX,BMPC,BMPC,HEALTHIX|BMPC
HEALTHIX,BMPCCS,BMPCCS,HEALTHIX|BMPCCS
GRRHIO,BMPLLC,BMPLLC,GRRHIO|BMPLLC
TXD,BMRI,BMRI,TXD|BMRI
HEALTHIX,BMSFHC,BMSFHC,HEALTHIX|BMSFHC
HEALTHIX,BMSP,BMSP,HEALTHIX|BMSP
GRRHIO,BNRC.DUPLICATE,BNRC,GRRHIO|BNRC
HEALTHIX,BNRC.DUPLICATE1,BNRC,HEALTHIX|BNRC
GRRHIO,BNSCP,BNSCP,GRRHIO|BNSCP
GRRHIO,BNSPC2,BNSPC2,GRRHIO|BNSPC2
HEALTHIX,BODHI,BODHI,HEALTHIX|BODHI
HEALTHIX,BOGMPC,BOGMPC,HEALTHIX|BOGMPC
HEALTHIX,BOHH,BOHH,HEALTHIX|BOHH
GRRHIO,BOHT,BOHT,GRRHIO|BOHT
TXD,BOLFM,BOLFM,TXD|BOLFM
HECDCS,BOLTONS-PHARMACY,BOLTONS-PHARMACY,HECDCS|BOLTONS-PHARMACY
TXD,BOM,BOM,TXD|BOM
BRONX,BOOM!HEALTH,BOOM!HEALTH,BRONX|BOOM!HEALTH
HEALTHIX,BOROPEDS,BOROPEDS,HEALTHIX|BOROPEDS
HECDCS,BOS-CHILD-PHYS,BOS-CHILD-PHYS,HECDCS|BOS-CHILD-PHYS
HECDCS,BOSTON-HEART-DX,BOSTON-HEART-DX,HECDCS|BOSTON-HEART-DX
BRONX,BOSTON_PEDIATRICS,BOSTON PEDIATRICS,BRONX|BOSTON PEDIATRICS
BRONX,BOSTON_ROAD_PEDIATRICS,BOSTON ROAD PEDIATRICS,BRONX|BOSTON ROAD PEDIATRICS
GRRHIO,BP,BP,GRRHIO|BP
HEALTHIX,BPAA,BPAA,HEALTHIX|BPAA
TXD,BPCACT,BPCACT,TXD|BPCACT
TXD,BPCMIT,BPCMIT,TXD|BPCMIT
TXD,BPCRES,BPCRES,TXD|BPCRES
HEALTHIX,BPCRH,BPCRH,HEALTHIX|BPCRH
HEALTHIX,BPED,BPED,HEALTHIX|BPED
TXD,BPEDA,BPEDA,TXD|BPEDA
HEALTHIX,BPHEAL,BPHEAL,HEALTHIX|BPHEAL
TXD,BPI,BPI,TXD|BPI
GRRHIO,BPIM,BPIM,GRRHIO|BPIM
HEALTHIX,BPMC,BPMC,HEALTHIX|BPMC
HEALTHIX,BPN,BPN,HEALTHIX|BPN
HEALTHIX,BPPC,BPPC,HEALTHIX|BPPC
TXD,BPPN,BPPN,TXD|BPPN
TXD,BPWMD,BPWMD,TXD|BPWMD
HEALTHIX,BRC,BRC,HEALTHIX|BRC
HEALTHIX,BRCRH,BRCRH,HEALTHIX|BRCRH
TXD,BRDFRD,BRDFRD,TXD|BRDFRD
BRONX,BREAKING_GROUND,BREAKING GROUND,BRONX|BREAKING GROUND
BRONX,BRENA_DESAI_PEDIATRICIAN,BRENA DESAI PEDIATRICIAN,BRONX|BRENA DESAI PEDIATRICIAN
HECDCS,BRENT-S-KNIGHT,BRENT-S-KNIGHT,HECDCS|BRENT-S-KNIGHT
HEALTHIX,BRIARWM,BRIARWM,HEALTHIX|BRIARWM
HEALTHIX,BRIDGE,BRIDGE,HEALTHIX|BRIDGE
HECDCS,BRIDGEWATER-CTR,BRIDGEWATER-CTR,HECDCS|BRIDGEWATER-CTR
BRONX,BRIDGE_BACK_TO_LIFE_CENTER,BRIDGE BACK TO LIFE CENTER,BRONX|BRIDGE BACK TO LIFE CENTER
HECDCS,BRIDGING-GAP,BRIDGING-GAP,HECDCS|BRIDGING-GAP
BRONX,BRIGGS_FAMILY_PEDIATRICS,BRIGGS FAMILY PEDIATRICS,BRONX|BRIGGS FAMILY PEDIATRICS
HEALTHIX,BRIM,BRIM,HEALTHIX|BRIM
HEALTHIX,BRIPED,BRIPED,HEALTHIX|BRIPED
HEALTHIX,BRKGA,BRKGA,HEALTHIX|BRKGA
HEALTHIX,BRKHC,BRKHC,HEALTHIX|BRKHC
GRRHIO,BRMC.DUPLICATE,BRMC,GRRHIO|BRMC
HEALTHIX,BRMC.DUPLICATE1,BRMC,HEALTHIX|BRMC
TXD,BRMC.DUPLICATE2,BRMC,TXD|BRMC
BRONX,BRMC_MEDICAL,BRMC MEDICAL,BRONX|BRMC MEDICAL
HEALTHIX,BRMD,BRMD,HEALTHIX|BRMD
GRRHIO,BRMH,BRMH,GRRHIO|BRMH
HEALTHIX,BRMPC,BRMPC,HEALTHIX|BRMPC
HEALTHIX,BRMS,BRMS,HEALTHIX|BRMS
HEALTHIX,BROADLAWN,BROADLAWN,HEALTHIX|BROADLAWN
HECDCS,BROADWAY-MED,BROADWAY-MED,HECDCS|BROADWAY-MED
BRONX,BROADWAY_INTERNAL_MEDICINE,BROADWAY INTERNAL MEDICINE,BRONX|BROADWAY INTERNAL MEDICINE
BRONX,BROADWAY_I_MEDICINE,BROADWAY I MEDICINE,BRONX|BROADWAY I MEDICINE
BRONX,BROADWAY_PEDIATRICS,BROADWAY PEDIATRICS,BRONX|BROADWAY PEDIATRICS
HEALTHIX,BRONX,BRONX,HEALTHIX|BRONX
HECDCS,BRONX-PSYCH,BRONX-PSYCH,HECDCS|BRONX-PSYCH
HIXNY,BRONXOMH,BRONXOMH,HIXNY|BRONXOMH
BRONX,BRONX_COMMUNITY_MEDICINE,BRONX COMMUNITY MEDICINE,BRONX|BRONX COMMUNITY MEDICINE
BRONX,BRONX_HEART_MEDICAL,BRONX HEART MEDICAL,BRONX|BRONX HEART MEDICAL
BRONX,BRONX_PSYCHIATRIC_CENTER,BRONX PSYCHIATRIC CENTER,BRONX|BRONX PSYCHIATRIC CENTER
BRONX,BRONX_WORKS,BRONX WORKS,BRONX|BRONX WORKS
BRONX,BROOKDALE_UNIVERSITY_HOSPITAL_AND_MEDICAL_CENTER,BROOKDALE UNIVERSITY HOSPITAL AND MEDICAL CENTER,BRONX|BROOKDALE UNIVERSITY HOSPITAL AND MEDICAL CENTER
TXD,BROOKS,BROOKS,TXD|BROOKS
HECDCS,BROOME-HD-MH,BROOME-HD-MH,HECDCS|BROOME-HD-MH
HECDCS,BROOME-MH-DEPT,BROOME-MH-DEPT,HECDCS|BROOME-MH-DEPT
HECDCS,BROOME-ONCOLOGY,BROOME-ONCOLOGY,HECDCS|BROOME-ONCOLOGY
HEALTHIX,BRORRHC,BRORRHC,HEALTHIX|BRORRHC
HEALTHIX,BRPA,BRPA,HEALTHIX|BRPA
HEALTHIX,BRRC,BRRC,HEALTHIX|BRRC
HEALTHIX,BRSMD,BRSMD,HEALTHIX|BRSMD
TXD,BRSPNC,BRSPNC,TXD|BRSPNC
TXD,BRTRND,BRTRND,TXD|BRTRND
HECDCS,BRUCE-E-BAKER,BRUCE-E-BAKER,HECDCS|BRUCE-E-BAKER
HECDCS,BRYAN-G-POPOVICI,BRYAN-G-POPOVICI,HECDCS|BRYAN-G-POPOVICI
HECDCS,BS-GOOD-SAM,BS-GOOD-SAM,HECDCS|BS-GOOD-SAM
HECDCS,BS-GOOD-SAM-2,BS-GOOD-SAM-2,HECDCS|BS-GOOD-SAM-2
HECDCS,BS-GOOD-SAM-3,BS-GOOD-SAM-3,HECDCS|BS-GOOD-SAM-3
HECDCS,BS-HOSP,BS-HOSP,HECDCS|BS-HOSP
HECDCS,BS-HOSP-2,BS-HOSP-2,HECDCS|BS-HOSP-2
HECDCS,BS-HOSP-3,BS-HOSP-3,HECDCS|BS-HOSP-3
HECDCS,BS-MED-GROUP,BS-MED-GROUP,HECDCS|BS-MED-GROUP
HECDCS,BS-SCHERVIER,BS-SCHERVIER,HECDCS|BS-SCHERVIER
HECDCS,BS-ST-ANTHONYS,BS-ST-ANTHONYS,HECDCS|BS-ST-ANTHONYS
HECDCS,BS-ST-JO-PLACE,BS-ST-JO-PLACE,HECDCS|BS-ST-JO-PLACE
TXD,BSBH2PART2,BSBH2PART2,TXD|BSBH2PART2
HIXNY,BSC,BSC,HIXNY|BSC
TXD,BSCWNY,BSCWNY,TXD|BSCWNY
HEALTHIX,BSFCHA,BSFCHA,HEALTHIX|BSFCHA
HEALTHIX,BSHC,BSHC,HEALTHIX|BSHC
HEALTHIX,BSMC,BSMC,HEALTHIX|BSMC
TXD,BSN,BSN,TXD|BSN
GRRHIO,BSSR,BSSR,GRRHIO|BSSR
HEALTHIX,BSVAC,BSVAC,HEALTHIX|BSVAC
HEALTHIX,BTC,BTC,HEALTHIX|BTC
GRRHIO,BTMN,BTMN,GRRHIO|BTMN
HECDCS,BUCKLEY-RD-PEDS,BUCKLEY-RD-PEDS,HECDCS|BUCKLEY-RD-PEDS
HECDCS,BUFFALO-BEACON,BUFFALO-BEACON,HECDCS|BUFFALO-BEACON
HECDCS,BUFFALO-PSYCH,BUFFALO-PSYCH,HECDCS|BUFFALO-PSYCH
TXD,BUFFSC,BUFFSC,TXD|BUFFSC
TXD,BUFGYN,BUFGYN,TXD|BUFGYN
TXD,BUFHAS,BUFHAS,TXD|BUFHAS
TXD,BUFNEU,BUFNEU,TXD|BUFNEU
HEALTHIX,BUFNRC.DUPLICATE,BUFNRC,HEALTHIX|BUFNRC
TXD,BUFNRC.DUPLICATE1,BUFNRC,TXD|BUFNRC
TXD,BUFPC,BUFPC,TXD|BUFPC
TXD,BUFRHE,BUFRHE,TXD|BUFRHE
TXD,BUFULT,BUFULT,TXD|BUFULT
HECDCS,BUILDING-BLOCKS,BUILDING-BLOCKS,HECDCS|BUILDING-BLOCKS
HEALTHIX,BUMCM,BUMCM,HEALTHIX|BUMCM
TXD,BURD,BURD,TXD|BURD
HECDCS,BURD-HOME-HEALTH,BURD-HOME-HEALTH,HECDCS|BURD-HOME-HEALTH
HIXNY,BURDETTBIRTH,BURDETTBIRTH,HIXNY|BURDETTBIRTH
HIXNY,BURDETTBIRTHDOC,BURDETTBIRTHDOC,HIXNY|BURDETTBIRTHDOC
TXD,BURKE,BURKE,TXD|BURKE
HECDCS,BURKE-REHAB-HOSP,BURKE-REHAB-HOSP,HECDCS|BURKE-REHAB-HOSP
HEALTHIX,BUSRHC,BUSRHC,HEALTHIX|BUSRHC
HECDCS,BUTTERMILK-FALLS,BUTTERMILK-FALLS,HECDCS|BUTTERMILK-FALLS
HEALTHIX,BVASI,BVASI,HEALTHIX|BVASI
TXD,BWCHOM,BWCHOM,TXD|BWCHOM
HEALTHIX,BWPHC,BWPHC,HEALTHIX|BWPHC
BRONX,BXLEB,BXLEB,BRONX|BXLEB
HEALTHIX,BXPREMIER,BXPREMIER,HEALTHIX|BXPREMIER
TXD,BXRHIO,BXRHIO,TXD|BXRHIO
HIXNY,BXRHIODAV,BXRHIODAV,HIXNY|BXRHIODAV
HEALTHIX,BYPC,BYPC,HEALTHIX|BYPC
HEALTHIX,C,C,HEALTHIX|C
HIXNY,CAAAC,CAAAC,HIXNY|CAAAC
HECDCS,CABRINI-WEST,CABRINI-WEST,HECDCS|CABRINI-WEST
HEALTHIX,CABSHOME,CABSHOME,HEALTHIX|CABSHOME
HEALTHIX,CACNS,CACNS,HEALTHIX|CACNS
GRRHIO,CAES,CAES,GRRHIO|CAES
HECDCS,CAH-CLINICS,CAH-CLINICS,HECDCS|CAH-CLINICS
HIXNY,CAHAPC,CAHAPC,HIXNY|CAHAPC
HEALTHIX,CAI,CAI,HEALTHIX|CAI
HIXNY,CAIDD,CAIDD,HIXNY|CAIDD
HEALTHIX,CAIPA,CAIPA,HEALTHIX|CAIPA
HEALTHIX,CAIPAIPA,CAIPAIPA,HEALTHIX|CAIPAIPA
HEALTHIX,CAL,CAL,HEALTHIX|CAL
HEALTHIX,CALH,CALH,HEALTHIX|CALH
HEALTHIX,CAMELOT.DUPLICATE1,CAMELOT,HEALTHIX|CAMELOT
HECDCS,CAMILLUS-CHIRO,CAMILLUS-CHIRO,HECDCS|CAMILLUS-CHIRO
HEALTHIX,CAMN,CAMN,HEALTHIX|CAMN
HECDCS,CAMPBELL-HALL,CAMPBELL-HALL,HECDCS|CAMPBELL-HALL
HEALTHIX,CAMPED,CAMPED,HEALTHIX|CAMPED
HECDCS,CAN-PT-OT-SLP,CAN-PT-OT-SLP,HECDCS|CAN-PT-OT-SLP
TXD,CANAL,CANAL,TXD|CANAL
BRONX,CANDIDA_CATUCCI,CANDIDA CATUCCI,BRONX|CANDIDA CATUCCI
HIXNY,CAP,CAP,HIXNY|CAP
HECDCS,CAP-DIST-PSYCH,CAP-DIST-PSYCH,HECDCS|CAP-DIST-PSYCH
HIXNY,CAPCARD,CAPCARD,HIXNY|CAPCARD
HIXNY,CAPCARD1,CAPCARD1,HIXNY|CAPCARD1
HIXNY,CAPREGAESTH,CAPREGAESTH,HIXNY|CAPREGAESTH
HIXNY,CAPREGO,CAPREGO,HIXNY|CAPREGO
HIXNY,CAPREGRX,CAPREGRX,HIXNY|CAPREGRX
HECDCS,CAPSTONE-CTR,CAPSTONE-CTR,HECDCS|CAPSTONE-CTR
HIXNY,CAPURO,CAPURO,HIXNY|CAPURO
HIXNY,CAPURODOC,CAPURODOC,HIXNY|CAPURODOC
HECDCS,CARDIAC-ELECTRO,CARDIAC-ELECTRO,HECDCS|CARDIAC-ELECTRO
BRONX,CARDIA_PEDIATRICS,CARDIA PEDIATRICS,BRONX|CARDIA PEDIATRICS
HECDCS,CARDINAL-FAM-MED,CARDINAL-FAM-MED,HECDCS|CARDINAL-FAM-MED
HECDCS,CARDIO-ASSOC-NNY,CARDIO-ASSOC-NNY,HECDCS|CARDIO-ASSOC-NNY
BRONX,CARDIOLOGY_UNLIMITED,CARDIOLOGY UNLIMITED,BRONX|CARDIOLOGY UNLIMITED
HECDCS,CARE-DESIGN-CCO,CARE-DESIGN-CCO,HECDCS|CARE-DESIGN-CCO
TXD,CAREAH,CAREAH,TXD|CAREAH
HIXNY,CARECOMPXR,CARECOMPXR,HIXNY|CARECOMPXR
HEALTHIX,CAREDESIGNNY,CAREDESIGNNY,HEALTHIX|CAREDESIGNNY
HEALTHIX,CAREDX,CAREDX,HEALTHIX|CAREDX
HEALTHIX,CAREFIRST,CAREFIRST,HEALTHIX|CAREFIRST
BRONX,CAREMOUNT_HEALTH_SOLUTIONS,CAREMOUNT HEALTH SOLUTIONS,BRONX|CAREMOUNT HEALTH SOLUTIONS
HEALTHIX,CARES,CARES,HEALTHIX|CARES
HEALTHIX,CARG,CARG,HEALTHIX|CARG
HIXNY,CARING,CARING,HIXNY|CARING
HECDCS,CARING-FAM-NP,CARING-FAM-NP,HECDCS|CARING-FAM-NP
TXD,CARIS,CARIS,TXD|CARIS
TXD,CARMAR,CARMAR,TXD|CARMAR
HEALTHIX,CARMEL,CARMEL,HEALTHIX|CARMEL
HECDCS,CARMEN-BAUTISTA,CARMEN-BAUTISTA,HECDCS|CARMEN-BAUTISTA
BRONX,CARMEN_GARCIA-ALBARRAN,CARMEN GARCIA-ALBARRAN,BRONX|CARMEN GARCIA-ALBARRAN
TXD,CARROW,CARROW,TXD|CARROW
HECDCS,CARS,CARS,HECDCS|CARS
HEALTHIX,CARTER,CARTER,HEALTHIX|CARTER
HECDCS,CARTHAGE-HOSP,CARTHAGE-HOSP,HECDCS|CARTHAGE-HOSP
HEALTHIX,CAS,CAS,HEALTHIX|CAS
HECDCS,CASA-TRINITY,CASA-TRINITY,HECDCS|CASA-TRINITY
TXD,CASATI,CASATI,TXD|CASATI
HEALTHIX,CASES,CASES,HEALTHIX|CASES
TXD,CASEY,CASEY,TXD|CASEY
HECDCS,CATANIA-CHIRO,CATANIA-CHIRO,HECDCS|CATANIA-CHIRO
TXD,CATCPM,CATCPM,TXD|CATCPM
TXD,CATCPO,CATCPO,TXD|CATCPO
TXD,CATFBM,CATFBM,TXD|CATFBM
TXD,CATHC2PART2,CATHC2PART2,TXD|CATHC2PART2
HEALTHIX,CATHCHAR,CATHCHAR,HEALTHIX|CATHCHAR
BRONX,CATHERINE_ALIKOR_MPI_PHYSICIAN,CATHERINE ALIKOR MPI PHYSICIAN,BRONX|CATHERINE ALIKOR MPI PHYSICIAN
HECDCS,CATHY-J-BERRY,CATHY-J-BERRY,HECDCS|CATHY-J-BERRY
TXD,CATMAR,CATMAR,TXD|CATMAR
TXD,CATMNF,CATMNF,TXD|CATMNF
TXD,CATSCL,CATSCL,TXD|CATSCL
HEALTHIX,CATUCCI,CATUCCI,HEALTHIX|CATUCCI
HECDCS,CAY-COMM-MH,CAY-COMM-MH,HECDCS|CAY-COMM-MH
HECDCS,CAY-COUNSEL,CAY-COUNSEL,HECDCS|CAY-COUNSEL
HECDCS,CAY-CTRS,CAY-CTRS,HECDCS|CAY-CTRS
HECDCS,CAY-FAM-MED,CAY-FAM-MED,HECDCS|CAY-FAM-MED
HECDCS,CAY-REH,CAY-REH,HECDCS|CAY-REH
HECDCS,CAYUGA-HD,CAYUGA-HD,HECDCS|CAYUGA-HD
HEALTHIX,CBC,CBC,HEALTHIX|CBC
HIXNY,CBCINC,CBCINC,HIXNY|CBCINC
HEALTHIX,CBCIPA,CBCIPA,HEALTHIX|CBCIPA
HEALTHIX,CBCMD,CBCMD,HEALTHIX|CBCMD
HEALTHIX,CBCNETWORK,CBCNETWORK,HEALTHIX|CBCNETWORK
HEALTHIX,CBNRC,CBNRC,HEALTHIX|CBNRC
HEALTHIX,CBPFM,CBPFM,HEALTHIX|CBPFM
HEALTHIX,CBPNH,CBPNH,HEALTHIX|CBPNH
HEALTHIX,CBW,CBW,HEALTHIX|CBW
HEALTHIX,CBWANG,CBWANG,HEALTHIX|CBWANG
HECDCS,CC-BROOME,CC-BROOME,HECDCS|CC-BROOME
HECDCS,CC-CHEM-SCH,CC-CHEM-SCH,HECDCS|CC-CHEM-SCH
HECDCS,CC-CHENANGO,CC-CHENANGO,HECDCS|CC-CHENANGO
HECDCS,CC-CORTLAND,CC-CORTLAND,HECDCS|CC-CORTLAND
HECDCS,CC-LIVINGSTON,CC-LIVINGSTON,HECDCS|CC-LIVINGSTON
HECDCS,CC-ONONDAGA,CC-ONONDAGA,HECDCS|CC-ONONDAGA
HECDCS,CC-OSWEGO,CC-OSWEGO,HECDCS|CC-OSWEGO
HECDCS,CC-STEUBEN,CC-STEUBEN,HECDCS|CC-STEUBEN
HIXNY,CCAFF,CCAFF,HIXNY|CCAFF
HEALTHIX,CCAI,CCAI,HEALTHIX|CCAI
HEALTHIX,CCARE,CCARE,HEALTHIX|CCARE
HEALTHIX,CCBACO,CCBACO,HEALTHIX|CCBACO
HEALTHIX,CCBIPA,CCBIPA,HEALTHIX|CCBIPA
HIXNY,CCCCS,CCCCS,HIXNY|CCCCS
GRRHIO,CCCS,CCCS,GRRHIO|CCCS
TXD,CCDCS,CCDCS,TXD|CCDCS
HEALTHIX,CCDERM,CCDERM,HEALTHIX|CCDERM
HIXNY,CCDHS,CCDHS,HIXNY|CCDHS
GRRHIO,CCDN,CCDN,GRRHIO|CCDN
TXD,CCDOH2PART2,CCDOH2PART2,TXD|CCDOH2PART2
HEALTHIX,CCDRUG,CCDRUG,HEALTHIX|CCDRUG
HEALTHIX,CCF,CCF,HEALTHIX|CCF
GRRHIO,CCFM,CCFM,GRRHIO|CCFM
HEALTHIX,CCFRN,CCFRN,HEALTHIX|CCFRN
HIXNY,CCHD,CCHD,HIXNY|CCHD
TXD,CCHD.DUPLICATE1,CCHD,TXD|CCHD
TXD,CCHN,CCHN,TXD|CCHN
HEALTHIX,CCHP,CCHP,HEALTHIX|CCHP
HECDCS,CCHRSN,CCHRSN,HECDCS|CCHRSN
HEALTHIX,CCKM,CCKM,HEALTHIX|CCKM
HEALTHIX,CCM,CCM,HEALTHIX|CCM
HEALTHIX,CCMC,CCMC,HEALTHIX|CCMC
HEALTHIX,CCMCN,CCMCN,HEALTHIX|CCMCN
HEALTHIX,CCMD,CCMD,HEALTHIX|CCMD
HEALTHIX,CCMED,CCMED,HEALTHIX|CCMED
HIXNY,CCMG,CCMG,HIXNY|CCMG
HEALTHIX,CCMG.DUPLICATE1,CCMG,HEALTHIX|CCMG
HIXNY,CCMGDOC,CCMGDOC,HIXNY|CCMGDOC
HIXNY,CCMHAS,CCMHAS,HIXNY|CCMHAS
HEALTHIX,CCMNY,CCMNY,HEALTHIX|CCMNY
HEALTHIX,CCMP,CCMP,HEALTHIX|CCMP
HEALTHIX,CCMPC,CCMPC,HEALTHIX|CCMPC
GRRHIO,CCNF,CCNF,GRRHIO|CCNF
HEALTHIX,CCNGM,CCNGM,HEALTHIX|CCNGM
HEALTHIX,CCNS,CCNS,HEALTHIX|CCNS
HEALTHIX,CCNY,CCNY,HEALTHIX|CCNY
BRONX,CCN_GENERAL_MEDICINE,CCN GENERAL MEDICINE,BRONX|CCN GENERAL MEDICINE
TXD,CCOAS,CCOAS,TXD|CCOAS
HEALTHIX,CCOB,CCOB,HEALTHIX|CCOB
HIXNY,CCP,CCP,HIXNY|CCP
HIXNY,CCPDOC,CCPDOC,HIXNY|CCPDOC
TXD,CCPH2PART2,CCPH2PART2,TXD|CCPH2PART2
HIXNY,CCPHRSN,CCPHRSN,HIXNY|CCPHRSN
HEALTHIX,CCPP,CCPP,HEALTHIX|CCPP
HEALTHIX,CCRN,CCRN,HEALTHIX|CCRN
HEALTHIX,CDI,CDI,HEALTHIX|CDI
HIXNY,CDNYCR,CDNYCR,HIXNY|CDNYCR
HIXNY,CDPC,CDPC,HIXNY|CDPC
HIXNY,CDPCANY,CDPCANY,HIXNY|CDPCANY
HIXNY,CDPHP,CDPHP,HIXNY|CDPHP
HIXNY,CDPHPTHEALTH,CDPHPTHEALTH,HIXNY|CDPHPTHEALTH
TXD,CEDAR,CEDAR,TXD|CEDAR
HECDCS,CEDAR-MANOR,CEDAR-MANOR,HECDCS|CEDAR-MANOR
HECDCS,CEDAR-VILL,CEDAR-VILL,HECDCS|CEDAR-VILL
HEALTHIX,CEMS,CEMS,HEALTHIX|CEMS
HEALTHIX,CENNR,CENNR,HEALTHIX|CENNR
HECDCS,CENTER-DISCOVERY,CENTER-DISCOVERY,HECDCS|CENTER-DISCOVERY
HECDCS,CENTER-SIGHT,CENTER-SIGHT,HECDCS|CENTER-SIGHT
BRONX,CENTERLIGHT,CENTERLIGHT,BRONX|CENTERLIGHT
BRONX,CENTERLIGHT_PACE,CENTERLIGHT PACE,BRONX|CENTERLIGHT PACE
HECDCS,CENTERS-ST-CAM,CENTERS-ST-CAM,HECDCS|CENTERS-ST-CAM
BRONX,CENTER_FOR_COMPREHENSIVE_HEALTH_PRAC,CENTER FOR COMPREHENSIVE HEALTH PRAC,BRONX|CENTER FOR COMPREHENSIVE HEALTH PRAC
GRRHIO,CENTL,CENTL,GRRHIO|CENTL
HECDCS,CENTRAL-PARK,CENTRAL-PARK,HECDCS|CENTRAL-PARK
HECDCS,CENTRALUS,CENTRALUS,HECDCS|CENTRALUS
HECDCS,CENTRALUS-2,CENTRALUS-2,HECDCS|CENTRALUS-2
HECDCS,CENTRALUS-3,CENTRALUS-3,HECDCS|CENTRALUS-3
BRONX,CENTRO_MEDICO_DOMINICANO,CENTRO MEDICO DOMINICANO,BRONX|CENTRO MEDICO DOMINICANO
HEALTHIX,CENY,CENY,HEALTHIX|CENY
HEALTHIX,CESCES,CESCES,HEALTHIX|CESCES
HEALTHIX,CETMD,CETMD,HEALTHIX|CETMD
HEALTHIX,CEVANS,CEVANS,HEALTHIX|CEVANS
GRRHIO,CFCS,CFCS,GRRHIO|CFCS
HIXNY,CFDS2,CFDS2,HIXNY|CFDS2
HEALTHIX,CFH,CFH,HEALTHIX|CFH
HEALTHIX,CFMDPC,CFMDPC,HEALTHIX|CFMDPC
HEALTHIX,CFMDPC1,CFMDPC1,HEALTHIX|CFMDPC1
HEALTHIX,CFMPC,CFMPC,HEALTHIX|CFMPC
HIXNY,CFP,CFP,HIXNY|CFP
TXD,CFSEC2PART2,CFSEC2PART2,TXD|CFSEC2PART2
HEALTHIX,CFTH,CFTH,HEALTHIX|CFTH
TXD,CFTSS,CFTSS,TXD|CFTSS
HEALTHIX,CGCFNR,CGCFNR,HEALTHIX|CGCFNR
HEALTHIX,CGCNR,CGCNR,HEALTHIX|CGCNR
HECDCS,CHALLENGE-WORK,CHALLENGE-WORK,HECDCS|CHALLENGE-WORK
HEALTHIX,CHAOSI,CHAOSI,HEALTHIX|CHAOSI
TXD,CHAUT2PART2,CHAUT2PART2,TXD|CHAUT2PART2
TXD,CHCB,CHCB,TXD|CHCB
HEALTHIX,CHCC,CHCC,HEALTHIX|CHCC
HIXNY,CHCNCWP,CHCNCWP,HIXNY|CHCNCWP
HEALTHIX,CHCNRHIX,CHCNRHIX,HEALTHIX|CHCNRHIX
HEALTHIX,CHCR,CHCR,HEALTHIX|CHCR
TXD,CHCRDM,CHCRDM,TXD|CHCRDM
TXD,CHCSDD,CHCSDD,TXD|CHCSDD
HEALTHIX,CHDFS,CHDFS,HEALTHIX|CHDFS
HEALTHIX,CHDFSF,CHDFSF,HEALTHIX|CHDFSF
GRRHIO,CHEARC,CHEARC,GRRHIO|CHEARC
HECDCS,CHENANGO-COMM,CHENANGO-COMM,HECDCS|CHENANGO-COMM
HECDCS,CHENANGO-HD,CHENANGO-HD,HECDCS|CHENANGO-HD
HIXNY,CHERRYVAL,CHERRYVAL,HIXNY|CHERRYVAL
BRONX,CHEUK_W_LAU,CHEUK W LAU,BRONX|CHEUK W LAU
BRONX,CHEUNG_AND_KAN_MEDICAL,CHEUNG AND KAN MEDICAL,BRONX|CHEUNG AND KAN MEDICAL
HEALTHIX,CHGE,CHGE,HEALTHIX|CHGE
HEALTHIX,CHHAYA,CHHAYA,HEALTHIX|CHHAYA
HIXNY,CHHUNY,CHHUNY,HIXNY|CHHUNY
HECDCS,CHHUNY.DUPLICATE1,CHHUNY,HECDCS|CHHUNY
TXD,CHHYES,CHHYES,TXD|CHHYES
HEALTHIX,CHI,CHI,HEALTHIX|CHI
HECDCS,CHILD-HEALTH,CHILD-HEALTH,HECDCS|CHILD-HEALTH
HECDCS,CHILD-HLTH-CARE,CHILD-HLTH-CARE,HECDCS|CHILD-HLTH-CARE
HECDCS,CHILD-HOME-JEFF,CHILD-HOME-JEFF,HECDCS|CHILD-HOME-JEFF
HECDCS,CHILD-HOME-KING,CHILD-HOME-KING,HECDCS|CHILD-HOME-KING
HECDCS,CHILD-HOME-WY,CHILD-HOME-WY,HECDCS|CHILD-HOME-WY
HECDCS,CHILD-MED-GROUP,CHILD-MED-GROUP,HECDCS|CHILD-MED-GROUP
BRONX,CHILDRENS_VILLAGE,CHILDRENS VILLAGE,BRONX|CHILDRENS VILLAGE
BRONX,CHINATOWN_KIDNEY_CARE,CHINATOWN KIDNEY CARE,BRONX|CHINATOWN KIDNEY CARE
BRONX,CHINATOWN_MEDICAL_PHYSICIAN,CHINATOWN MEDICAL PHYSICIAN,BRONX|CHINATOWN MEDICAL PHYSICIAN
HEALTHIX,CHIPA,CHIPA,HEALTHIX|CHIPA
HECDCS,CHIRO-SPRT-SPINE,CHIRO-SPRT-SPINE,HECDCS|CHIRO-SPRT-SPINE
BRONX,CHIXIN_FANG_MEDICAL,CHIXIN FANG MEDICAL,BRONX|CHIXIN FANG MEDICAL
HEALTHIX,CHLDCNY,CHLDCNY,HEALTHIX|CHLDCNY
HEALTHIX,CHMG,CHMG,HEALTHIX|CHMG
HEALTHIX,CHMOPC,CHMOPC,HEALTHIX|CHMOPC
HEALTHIX,CHMPC,CHMPC,HEALTHIX|CHMPC
HEALTHIX,CHN,CHN,HEALTHIX|CHN
TXD,CHNBSB,CHNBSB,TXD|CHNBSB
HEALTHIX,CHNCHA,CHNCHA,HEALTHIX|CHNCHA
TXD,CHNFMM,CHNFMM,TXD|CHNFMM
TXD,CHNGWL,CHNGWL,TXD|CHNGWL
TXD,CHNKP,CHNKP,TXD|CHNKP
TXD,CHNMON,CHNMON,TXD|CHNMON
TXD,CHNND,CHNND,TXD|CHNND
TXD,CHNPPL,CHNPPL,TXD|CHNPPL
HEALTHIX,CHNRMA,CHNRMA,HEALTHIX|CHNRMA
TXD,CHNSA,CHNSA,TXD|CHNSA
HEALTHIX,CHNYC,CHNYC,HEALTHIX|CHNYC
HECDCS,CHOICE-NY,CHOICE-NY,HECDCS|CHOICE-NY
HECDCS,CHOICES-MH,CHOICES-MH,HECDCS|CHOICES-MH
HEALTHIX,CHOWD,CHOWD,HEALTHIX|CHOWD
HECDCS,CHP-ARLEO-EYE,CHP-ARLEO-EYE,HECDCS|CHP-ARLEO-EYE
HECDCS,CHP-ASTHMA-ALL,CHP-ASTHMA-ALL,HECDCS|CHP-ASTHMA-ALL
HECDCS,CHP-CAYUGA-ENT,CHP-CAYUGA-ENT,HECDCS|CHP-CAYUGA-ENT
HECDCS,CHP-CAYUGA-MED,CHP-CAYUGA-MED,HECDCS|CHP-CAYUGA-MED
HECDCS,CHP-CMA,CHP-CMA,HECDCS|CHP-CMA
HECDCS,CHP-COMP-FAM,CHP-COMP-FAM,HECDCS|CHP-COMP-FAM
HECDCS,CHP-N-EAST-PEDS,CHP-N-EAST-PEDS,HECDCS|CHP-N-EAST-PEDS
HECDCS,CHP-PETER-SCHWTZ,CHP-PETER-SCHWTZ,HECDCS|CHP-PETER-SCHWTZ
HECDCS,CHP-PHYSIATRY,CHP-PHYSIATRY,HECDCS|CHP-PHYSIATRY
HECDCS,CHP-PINE-POINT,CHP-PINE-POINT,HECDCS|CHP-PINE-POINT
HECDCS,CHP-PRIM-ITHACA,CHP-PRIM-ITHACA,HECDCS|CHP-PRIM-ITHACA
HECDCS,CHP-SCH-PHY-GRP,CHP-SCH-PHY-GRP,HECDCS|CHP-SCH-PHY-GRP
HECDCS,CHP-SCHUYLER,CHP-SCHUYLER,HECDCS|CHP-SCHUYLER
HECDCS,CHP-SENECA-VIEW,CHP-SENECA-VIEW,HECDCS|CHP-SENECA-VIEW
HECDCS,CHPPRIMITH-AZ,CHPPRIMITH-AZ,HECDCS|CHPPRIMITH-AZ
HECDCS,CHRIS-ADUBOR,CHRIS-ADUBOR,HECDCS|CHRIS-ADUBOR
HECDCS,CHRIS-BRANDY,CHRIS-BRANDY,HECDCS|CHRIS-BRANDY
HIXNY,CHRISBRADY,CHRISBRADY,HIXNY|CHRISBRADY
HECDCS,CHRISTIAN-HEALTH,CHRISTIAN-HEALTH,HECDCS|CHRISTIAN-HEALTH
HEALTHIX,CHS.DUPLICATE,CHS,HEALTHIX|CHS
TXD,CHSCL,CHSCL,TXD|CHSCL
TXD,CHSEPI,CHSEPI,TXD|CHSEPI
BRONX,CHSLI.DUPLICATE,CHSLI,BRONX|CHSLI
HEALTHIX,CHSLI.DUPLICATE1,CHSLI,HEALTHIX|CHSLI
HEALTHIX,CHSLIHH,CHSLIHH,HEALTHIX|CHSLIHH
HEALTHIX,CHVA,CHVA,HEALTHIX|CHVA
HIXNY,CIA,CIA,HIXNY|CIA
HEALTHIX,CIH,CIH,HEALTHIX|CIH
HEALTHIX,CIL,CIL,HEALTHIX|CIL
HIXNY,CIM,CIM,HIXNY|CIM
HECDCS,CINDY-V-PADRE,CINDY-V-PADRE,HECDCS|CINDY-V-PADRE
BRONX,CINQ,CINQ,BRONX|CINQ
HECDCS,CINQ-NY-IPA,CINQ-NY-IPA,HECDCS|CINQ-NY-IPA
HEALTHIX,CINQACO,CINQACO,HEALTHIX|CINQACO
HEALTHIX,CINQIPA,CINQIPA,HEALTHIX|CINQIPA
HEALTHIX,CINQLLC,CINQLLC,HEALTHIX|CINQLLC
TXD,CIPA,CIPA,TXD|CIPA
HIXNY,CIRCACO,CIRCACO,HIXNY|CIRCACO
HECDCS,CIRCARE,CIRCARE,HECDCS|CIRCARE
HIXNY,CIRCLEMED,CIRCLEMED,HIXNY|CIRCLEMED
HIXNY,CITADV,CITADV,HIXNY|CITADV
HIXNY,CITIADVOC,CITIADVOC,HIXNY|CITIADVOC
BRONX,CITYBLOCK.DUPLICATE,CITYBLOCK,BRONX|CITYBLOCK
HEALTHIX,CITYBLOCK.DUPLICATE1,CITYBLOCK,HEALTHIX|CITYBLOCK
HEALTHIX,CITYHEALTH,CITYHEALTH,HEALTHIX|CITYHEALTH
BRONX,CITY_CARE_FAMILY_PRACTICE,CITY CARE FAMILY PRACTICE,BRONX|CITY CARE FAMILY PRACTICE
BRONX,CITY_MEDICAL_HEALTHCARE_ASSOCIATES,CITY MEDICAL HEALTHCARE ASSOCIATES,BRONX|CITY MEDICAL HEALTHCARE ASSOCIATES
GRRHIO,CITZN,CITZN,GRRHIO|CITZN
HEALTHIX,CJMP,CJMP,HEALTHIX|CJMP
HEALTHIX,CKCH,CKCH,HEALTHIX|CKCH
BRONX,CKC_MEDICAL_OFFICE,CKC MEDICAL OFFICE,BRONX|CKC MEDICAL OFFICE
GRRHIO,CKIM,CKIM,GRRHIO|CKIM
HEALTHIX,CKMG,CKMG,HEALTHIX|CKMG
HEALTHIX,CLARETO,CLARETO,HEALTHIX|CLARETO
HECDCS,CLARITY-CLINICAL,CLARITY-CLINICAL,HECDCS|CLARITY-CLINICAL
TXD,CLARKE,CLARKE,TXD|CLARKE
HECDCS,CLARKS-CHIRO,CLARKS-CHIRO,HECDCS|CLARKS-CHIRO
HECDCS,CLARKSTOWN-PEDS,CLARKSTOWN-PEDS,HECDCS|CLARKSTOWN-PEDS
BRONX,CLASON_POINT_MEDICAL,CLASON POINT MEDICAL,BRONX|CLASON POINT MEDICAL
HECDCS,CLASSEN-HME-HLTH,CLASSEN-HME-HLTH,HECDCS|CLASSEN-HME-HLTH
HECDCS,CLAX-HEP-CPSI,CLAX-HEP-CPSI,HECDCS|CLAX-HEP-CPSI
HECDCS,CLAXTON-HEPBURN,CLAXTON-HEPBURN,HECDCS|CLAXTON-HEPBURN
HECDCS,CLAXTON-MED-PC,CLAXTON-MED-PC,HECDCS|CLAXTON-MED-PC
HEALTHIX,CLCHC,CLCHC,HEALTHIX|CLCHC
GRRHIO,CLEP,CLEP,GRRHIO|CLEP
TXD,CLERK,CLERK,TXD|CLERK
TXD,CLIFF,CLIFF,TXD|CLIFF
HECDCS,CLIFTON-FINE,CLIFTON-FINE,HECDCS|CLIFTON-FINE
HIXNY,CLINCONURHO,CLINCONURHO,HIXNY|CLINCONURHO
HIXNY,CLINCONURHODOC,CLINCONURHODOC,HIXNY|CLINCONURHODOC
GRRHIO,CLS,CLS,GRRHIO|CLS
HEALTHIX,CLUBHOUSE,CLUBHOUSE,HEALTHIX|CLUBHOUSE
TXD,CLYMER,CLYMER,TXD|CLYMER
HEALTHIX,CMCPC,CMCPC,HEALTHIX|CMCPC
HEALTHIX,CMCPLLC,CMCPLLC,HEALTHIX|CMCPLLC
HEALTHIX,CMFC,CMFC,HEALTHIX|CMFC
HEALTHIX,CMGQ,CMGQ,HEALTHIX|CMGQ
HIXNY,CMH,CMH,HIXNY|CMH
HECDCS,CMH.DUPLICATE,CMH,HECDCS|CMH
TXD,CMH.DUPLICATE1,CMH,TXD|CMH
HIXNY,CMHAMHS,CMHAMHS,HIXNY|CMHAMHS
HIXNY,CMHAMHSDOC,CMHAMHSDOC,HIXNY|CMHAMHSDOC
HIXNY,CMHBH,CMHBH,HIXNY|CMHBH
HIXNY,CMHBHHL7,CMHBHHL7,HIXNY|CMHBHHL7
HIXNY,CMHBONE,CMHBONE,HIXNY|CMHBONE
HIXNY,CMHBONEHL7,CMHBONEHL7,HIXNY|CMHBONEHL7
HIXNY,CMHCARD,CMHCARD,HIXNY|CMHCARD
HIXNY,CMHCARDHL7,CMHCARDHL7,HIXNY|CMHCARDHL7
HIXNY,CMHDOC,CMHDOC,HIXNY|CMHDOC
HIXNY,CMHFM,CMHFM,HIXNY|CMHFM
HIXNY,CMHFMHL7,CMHFMHL7,HIXNY|CMHFMHL7
HIXNY,CMHGAS,CMHGAS,HIXNY|CMHGAS
HIXNY,CMHGASHL7,CMHGASHL7,HIXNY|CMHGASHL7
GRRHIO,CMHI,CMHI,GRRHIO|CMHI
TXD,CMHLTC,CMHLTC,TXD|CMHLTC
HIXNY,CMHNEPH,CMHNEPH,HIXNY|CMHNEPH
HIXNY,CMHNEPHHL7,CMHNEPHHL7,HIXNY|CMHNEPHHL7
HIXNY,CMHPAIN,CMHPAIN,HIXNY|CMHPAIN
HIXNY,CMHPAINHL7,CMHPAINHL7,HIXNY|CMHPAINHL7
HIXNY,CMHPED,CMHPED,HIXNY|CMHPED
HIXNY,CMHPEDHL7,CMHPEDHL7,HIXNY|CMHPEDHL7
HIXNY,CMHPTOT,CMHPTOT,HIXNY|CMHPTOT
HIXNY,CMHPTOTHL7,CMHPTOTHL7,HIXNY|CMHPTOTHL7
HIXNY,CMHPULM,CMHPULM,HIXNY|CMHPULM
HIXNY,CMHPULMHL7,CMHPULMHL7,HIXNY|CMHPULMHL7
HIXNY,CMHRAPID,CMHRAPID,HIXNY|CMHRAPID
HIXNY,CMHRAPIDHL7,CMHRAPIDHL7,HIXNY|CMHRAPIDHL7
HIXNY,CMHRHEUM,CMHRHEUM,HIXNY|CMHRHEUM
HIXNY,CMHRHEUMHL7,CMHRHEUMHL7,HIXNY|CMHRHEUMHL7
HEALTHIX,CMHS,CMHS,HEALTHIX|CMHS
HIXNY,CMHSURG,CMHSURG,HIXNY|CMHSURG
HIXNY,CMHSURGHL7,CMHSURGHL7,HIXNY|CMHSURGHL7
HIXNY,CMHUROL,CMHUROL,HIXNY|CMHUROL
HIXNY,CMHUROLHL7,CMHUROLHL7,HIXNY|CMHUROLHL7
HIXNY,CMHWOMEN,CMHWOMEN,HIXNY|CMHWOMEN
HIXNY,CMHWOMENHL7,CMHWOMENHL7,HIXNY|CMHWOMENHL7
HECDCS,CMI,CMI,HECDCS|CMI
GRRHIO,CMIHC,CMIHC,GRRHIO|CMIHC
HEALTHIX,CMLMD,CMLMD,HEALTHIX|CMLMD
GRRHIO,CMLRC,CMLRC,GRRHIO|CMLRC
HEALTHIX,CMMP,CMMP,HEALTHIX|CMMP
TXD,CMP,CMP,TXD|CMP
TXD,CMPACO,CMPACO,TXD|CMPACO
HEALTHIX,CMPC,CMPC,HEALTHIX|CMPC
HEALTHIX,CMPH,CMPH,HEALTHIX|CMPH
TXD,CMSCAR,CMSCAR,TXD|CMSCAR
HECDCS,CMTY-HME-HLTH,CMTY-HME-HLTH,HECDCS|CMTY-HME-HLTH
HECDCS,CMTY-OPT-NY,CMTY-OPT-NY,HECDCS|CMTY-OPT-NY
HEALTHIX,CNASSAU,CNASSAU,HEALTHIX|CNASSAU
HECDCS,CNFDNTL-HLP,CNFDNTL-HLP,HECDCS|CNFDNTL-HLP
HEALTHIX,CNGCS,CNGCS,HEALTHIX|CNGCS
HEALTHIX,CNHI,CNHI,HEALTHIX|CNHI
GRRHIO,CNMD,CNMD,GRRHIO|CNMD
HEALTHIX,CNRC,CNRC,HEALTHIX|CNRC
HEALTHIX,CNRH,CNRH,HEALTHIX|CNRH
HIXNY,CNS,CNS,HIXNY|CNS
HECDCS,CNY-ADVANCED-GYN,CNY-ADVANCED-GYN,HECDCS|CNY-ADVANCED-GYN
HECDCS,CNY-ASTH-ALLERGY,CNY-ASTH-ALLERGY,HECDCS|CNY-ASTH-ALLERGY
HECDCS,CNY-BRAIN-SPINE,CNY-BRAIN-SPINE,HECDCS|CNY-BRAIN-SPINE
HECDCS,CNY-CARDIO,CNY-CARDIO,HECDCS|CNY-CARDIO
HECDCS,CNY-COSMETIC,CNY-COSMETIC,HECDCS|CNY-COSMETIC
HECDCS,CNY-DX-IMAGING,CNY-DX-IMAGING,HECDCS|CNY-DX-IMAGING
HECDCS,CNY-EYE-CARE,CNY-EYE-CARE,HECDCS|CNY-EYE-CARE
HECDCS,CNY-FACIAL-SURG,CNY-FACIAL-SURG,HECDCS|CNY-FACIAL-SURG
HECDCS,CNY-FAM-CARE,CNY-FAM-CARE,HECDCS|CNY-FAM-CARE
HECDCS,CNY-FOREN-PSYCH,CNY-FOREN-PSYCH,HECDCS|CNY-FOREN-PSYCH
HECDCS,CNY-INFUSION,CNY-INFUSION,HECDCS|CNY-INFUSION
HECDCS,CNY-MED-PROF,CNY-MED-PROF,HECDCS|CNY-MED-PROF
HECDCS,CNY-NEURO-CONS,CNY-NEURO-CONS,HECDCS|CNY-NEURO-CONS
HECDCS,CNY-SPINE-PAIN,CNY-SPINE-PAIN,HECDCS|CNY-SPINE-PAIN
HEALTHIX,CNYHH,CNYHH,HEALTHIX|CNYHH
HIXNY,CNYHHN,CNYHHN,HIXNY|CNYHHN
HECDCS,CNYHHN.DUPLICATE1,CNYHHN,HECDCS|CNYHHN
HIXNY,CNYHHNINC,CNYHHNINC,HIXNY|CNYHHNINC
HEALTHIX,CNYM,CNYM,HEALTHIX|CNYM
BRONX,CN_GUIDANCE_AND_COUNSELING_CL,CN GUIDANCE AND COUNSELING CL,BRONX|CN GUIDANCE AND COUNSELING CL
BRONX,CN_GUIDANCE_AND_COUNSELING_IMA,CN GUIDANCE AND COUNSELING IMA,BRONX|CN GUIDANCE AND COUNSELING IMA
BRONX,CN_GUIDANCE_AND_COUNSELING_RHH,CN GUIDANCE AND COUNSELING RHH,BRONX|CN GUIDANCE AND COUNSELING RHH
HEALTHIX,COAR,COAR,HEALTHIX|COAR
HEALTHIX,COBC,COBC,HEALTHIX|COBC
HEALTHIX,COIPA,COIPA,HEALTHIX|COIPA
HEALTHIX,COLDSPRING,COLDSPRING,HEALTHIX|COLDSPRING
HEALTHIX,COLER,COLER,HEALTHIX|COLER
HECDCS,COLGATE-UNIV,COLGATE-UNIV,HECDCS|COLGATE-UNIV
HECDCS,COLON-RECTAL-CNY,COLON-RECTAL-CNY,HECDCS|COLON-RECTAL-CNY
HIXNY,COLONIEEMS,COLONIEEMS,HIXNY|COLONIEEMS
BRONX,COLUMBUS_CENTER_FOR_MED_REHAB,COLUMBUS CENTER FOR MED REHAB,BRONX|COLUMBUS CENTER FOR MED REHAB
HIXNY,COMLAB,COMLAB,HIXNY|COMLAB
HEALTHIX,COMLIFE,COMLIFE,HEALTHIX|COMLIFE
HECDCS,COMM-CHIRO-PC,COMM-CHIRO-PC,HECDCS|COMM-CHIRO-PC
HECDCS,COMM-MED-DENT,COMM-MED-DENT,HECDCS|COMM-MED-DENT
HECDCS,COMM-MEM-CLINIC,COMM-MEM-CLINIC,HECDCS|COMM-MEM-CLINIC
HEALTHIX,COMMACC,COMMACC,HEALTHIX|COMMACC
HIXNY,COMMEMS,COMMEMS,HIXNY|COMMEMS
HECDCS,COMMUNITY-BROOK,COMMUNITY-BROOK,HECDCS|COMMUNITY-BROOK
BRONX,COMMUNITY_PEDIATRICS,COMMUNITY PEDIATRICS,BRONX|COMMUNITY PEDIATRICS
HECDCS,COMP-CARE,COMP-CARE,HECDCS|COMP-CARE
HECDCS,COMP-FAM-MED,COMP-FAM-MED,HECDCS|COMP-FAM-MED
HECDCS,COMP-WOM-HEALTH,COMP-WOM-HEALTH,HECDCS|COMP-WOM-HEALTH
BRONX,COMPASSIONATE_MEDICAL_CARE,COMPASSIONATE MEDICAL CARE,BRONX|COMPASSIONATE MEDICAL CARE
HEALTHIX,COMPED,COMPED,HEALTHIX|COMPED
HEALTHIX,COMPFM,COMPFM,HEALTHIX|COMPFM
BRONX,COMPLETE_CARE_MEDICAL,COMPLETE CARE MEDICAL,BRONX|COMPLETE CARE MEDICAL
BRONX,COMPREHENSIVE_COMMUNITY_PEDIATRICS,COMPREHENSIVE COMMUNITY PEDIATRICS,BRONX|COMPREHENSIVE COMMUNITY PEDIATRICS
BRONX,COMPREHENSIVE_MEDICAL_WORLD,COMPREHENSIVE MEDICAL WORLD,BRONX|COMPREHENSIVE MEDICAL WORLD
BRONX,COMPREHENSIVE_PEDIATRIC_CARE,COMPREHENSIVE PEDIATRIC CARE,BRONX|COMPREHENSIVE PEDIATRIC CARE
BRONX,COMPREHENSIVE_PRIMARY_FAM_MED_CARE_OF_NY,COMPREHENSIVE PRIMARY FAM MED CARE OF NY,BRONX|COMPREHENSIVE PRIMARY FAM MED CARE OF NY
BRONX,COMUNILIFE,COMUNILIFE,BRONX|COMUNILIFE
HIXNY,CONCEPTS,CONCEPTS,HIXNY|CONCEPTS
TXD,CONCER,CONCER,TXD|CONCER
HIXNY,CONCERTO,CONCERTO,HIXNY|CONCERTO
HECDCS,CONCERTO.DUPLICATE1,CONCERTO,HECDCS|CONCERTO
HIXNY,CONCERTOCARE,CONCERTOCARE,HIXNY|CONCERTOCARE
BRONX,CONCOURSE_PEDIATRICS,CONCOURSE PEDIATRICS,BRONX|CONCOURSE PEDIATRICS
BRONX,CONCOURSE_VILLAGE_PRIM_CARE,CONCOURSE VILLAGE PRIM CARE,BRONX|CONCOURSE VILLAGE PRIM CARE
BRONX,CONIFER_PARK,CONIFER PARK,BRONX|CONIFER PARK
HECDCS,CONNECT-LIFE,CONNECT-LIFE,HECDCS|CONNECT-LIFE
HIXNY,CONNECTRX,CONNECTRX,HIXNY|CONNECTRX
HECDCS,CONNEXTCARE,CONNEXTCARE,HECDCS|CONNEXTCARE
HECDCS,CONS-SRVCS-MAD,CONS-SRVCS-MAD,HECDCS|CONS-SRVCS-MAD
HECDCS,CONT-MED,CONT-MED,HECDCS|CONT-MED
HEALTHIX,COOPERC,COOPERC,HEALTHIX|COOPERC
HIXNY,COPAKEEMS,COPAKEEMS,HIXNY|COPAKEEMS
HECDCS,COPPER-CTY-CHIRO,COPPER-CTY-CHIRO,HECDCS|COPPER-CTY-CHIRO
HEALTHIX,CORELAB,CORELAB,HEALTHIX|CORELAB
TXD,CORHIO,CORHIO,TXD|CORHIO
HIXNY,CORINTHEMS,CORINTHEMS,HIXNY|CORINTHEMS
BRONX,CORINTHIAN_MEDICAL,CORINTHIAN MEDICAL,BRONX|CORINTHIAN MEDICAL
GRRHIO,CORNC.DUPLICATE,CORNC,GRRHIO|CORNC
HEALTHIX,CORNC.DUPLICATE1,CORNC,HEALTHIX|CORNC
HIXNY,CORNER,CORNER,HIXNY|CORNER
HECDCS,CORNERSTONE-FAM,CORNERSTONE-FAM,HECDCS|CORNERSTONE-FAM
HECDCS,CORT-HLTH-DPT,CORT-HLTH-DPT,HECDCS|CORT-HLTH-DPT
HEALTHIX,CORTH,CORTH,HEALTHIX|CORTH
HECDCS,CORTLAND-MH-DEPT,CORTLAND-MH-DEPT,HECDCS|CORTLAND-MH-DEPT
HECDCS,CORTLAND-PARK,CORTLAND-PARK,HECDCS|CORTLAND-PARK
HECDCS,COTTAGES-GARDEN,COTTAGES-GARDEN,HECDCS|COTTAGES-GARDEN
BRONX,COUNSELING_SERVICES_OF_EDNY,COUNSELING SERVICES OF EDNY,BRONX|COUNSELING SERVICES OF EDNY
HECDCS,COVECARE-CTR,COVECARE-CTR,HECDCS|COVECARE-CTR
HEALTHIX,COVENANT,COVENANT,HEALTHIX|COVENANT
BRONX,COZ_PEDIATRICS,COZ PEDIATRICS,BRONX|COZ PEDIATRICS
HIXNY,CPEMS,CPEMS,HIXNY|CPEMS
HIXNY,CPFAMPRAC,CPFAMPRAC,HIXNY|CPFAMPRAC
HIXNY,CPFAMPRACDOC,CPFAMPRACDOC,HIXNY|CPFAMPRACDOC
HIXNY,CPH,CPH,HIXNY|CPH
TXD,CPH.DUPLICATE2,CPH,TXD|CPH
HIXNY,CPHBHCMGR,CPHBHCMGR,HIXNY|CPHBHCMGR
HEALTHIX,CPHC,CPHC,HEALTHIX|CPHC
HIXNY,CPHDERMM,CPHDERMM,HIXNY|CPHDERMM
HIXNY,CPHDOC,CPHDOC,HIXNY|CPHDOC
HIXNY,CPHEC,CPHEC,HIXNY|CPHEC
HEALTHIX,CPHL,CPHL,HEALTHIX|CPHL
HIXNY,CPHNEPHRGY,CPHNEPHRGY,HIXNY|CPHNEPHRGY
HIXNY,CPHPODMH,CPHPODMH,HIXNY|CPHPODMH
HIXNY,CPHPSYCH,CPHPSYCH,HIXNY|CPHPSYCH
HIXNY,CPHPSYSVC,CPHPSYSVC,HIXNY|CPHPSYSVC
HIXNY,CPHPULMMH,CPHPULMMH,HIXNY|CPHPULMMH
HIXNY,CPHSUDCLN,CPHSUDCLN,HIXNY|CPHSUDCLN
HIXNY,CPHSURGMH,CPHSURGMH,HIXNY|CPHSURGMH
HIXNY,CPIMAGING,CPIMAGING,HIXNY|CPIMAGING
HIXNY,CPIMAGINGDOC,CPIMAGINGDOC,HIXNY|CPIMAGINGDOC
HIXNY,CPMCFAMP,CPMCFAMP,HIXNY|CPMCFAMP
HIXNY,CPMCGENSUR,CPMCGENSUR,HIXNY|CPMCGENSUR
HIXNY,CPMCOBGYN,CPMCOBGYN,HIXNY|CPMCOBGYN
HIXNY,CPMCPEDS,CPMCPEDS,HIXNY|CPMCPEDS
HIXNY,CPMCPOD,CPMCPOD,HIXNY|CPMCPOD
HEALTHIX,CPMD,CPMD,HEALTHIX|CPMD
HIXNY,CPMGALLIMM,CPMGALLIMM,HIXNY|CPMGALLIMM
HIXNY,CPMGBFHC,CPMGBFHC,HIXNY|CPMGBFHC
HIXNY,CPMGCARDGH,CPMGCARDGH,HIXNY|CPMGCARDGH
HIXNY,CPMGCARDIO,CPMGCARDIO,HIXNY|CPMGCARDIO
HIXNY,CPMGDERM,CPMGDERM,HIXNY|CPMGDERM
HIXNY,CPMGENDO,CPMGENDO,HIXNY|CPMGENDO
HIXNY,CPMGENTSUR,CPMGENTSUR,HIXNY|CPMGENTSUR
HIXNY,CPMGEYE,CPMGEYE,HIXNY|CPMGEYE
HIXNY,CPMGFPGOV,CPMGFPGOV,HIXNY|CPMGFPGOV
HIXNY,CPMGGASTRO,CPMGGASTRO,HIXNY|CPMGGASTRO
HIXNY,CPMGGSGOV,CPMGGSGOV,HIXNY|CPMGGSGOV
HIXNY,CPMGINFDIS,CPMGINFDIS,HIXNY|CPMGINFDIS
HIXNY,CPMGNCHC,CPMGNCHC,HIXNY|CPMGNCHC
HIXNY,CPMGNEURO,CPMGNEURO,HIXNY|CPMGNEURO
HIXNY,CPMGOBGYNG,CPMGOBGYNG,HIXNY|CPMGOBGYNG
HIXNY,CPMGOPGOV,CPMGOPGOV,HIXNY|CPMGOPGOV
HIXNY,CPMGORTHO,CPMGORTHO,HIXNY|CPMGORTHO
HIXNY,CPMGORTSPT,CPMGORTSPT,HIXNY|CPMGORTSPT
HIXNY,CPMGPAIN,CPMGPAIN,HIXNY|CPMGPAIN
HIXNY,CPMGPAINMG,CPMGPAINMG,HIXNY|CPMGPAINMG
HIXNY,CPMGPCP,CPMGPCP,HIXNY|CPMGPCP
HIXNY,CPMGPOBGYN,CPMGPOBGYN,HIXNY|CPMGPOBGYN
HIXNY,CPMGPODGOV,CPMGPODGOV,HIXNY|CPMGPODGOV
HIXNY,CPMGPOTPED,CPMGPOTPED,HIXNY|CPMGPOTPED
HIXNY,CPMGPOTSDM,CPMGPOTSDM,HIXNY|CPMGPOTSDM
HIXNY,CPMGPULM,CPMGPULM,HIXNY|CPMGPULM
HIXNY,CPMGPULMGV,CPMGPULMGV,HIXNY|CPMGPULMGV
HIXNY,CPMGRHMCL,CPMGRHMCL,HIXNY|CPMGRHMCL
HIXNY,CPMGURGENT,CPMGURGENT,HIXNY|CPMGURGENT
HEALTHIX,CPMP,CPMP,HEALTHIX|CPMP
HIXNY,CPMPCOLTON,CPMPCOLTON,HIXNY|CPMPCOLTON
HIXNY,CPMPGENSRG,CPMPGENSRG,HIXNY|CPMPGENSRG
HEALTHIX,CPMU,CPMU,HEALTHIX|CPMU
HIXNY,CPMURLG,CPMURLG,HIXNY|CPMURLG
HEALTHIX,CPNRC,CPNRC,HEALTHIX|CPNRC
HIXNY,CPP,CPP,HIXNY|CPP
HEALTHIX,CPP.DUPLICATE1,CPP,HEALTHIX|CPP
GRRHIO,CPR,CPR,GRRHIO|CPR
HEALTHIX,CPUC,CPUC,HEALTHIX|CPUC
TXD,CPWNY,CPWNY,TXD|CPWNY
HEALTHIX,CRAW,CRAW,HEALTHIX|CRAW
GRRHIO,CRDMD,CRDMD,GRRHIO|CRDMD
GRRHIO,CRDMD2,CRDMD2,GRRHIO|CRDMD2
HEALTHIX,CREATE,CREATE,HEALTHIX|CREATE
HECDCS,CREEDMOOR-PSYCH,CREEDMOOR-PSYCH,HECDCS|CREEDMOOR-PSYCH
HEALTHIX,CRESTMC,CRESTMC,HEALTHIX|CRESTMC
HIXNY,CRESTWOOD,CRESTWOOD,HIXNY|CRESTWOOD
HIXNY,CRFHC,CRFHC,HIXNY|CRFHC
HIXNY,CRFHCDOC,CRFHCDOC,HIXNY|CRFHCDOC
HIXNY,CRHC,CRHC,HIXNY|CRHC
TXD,CRIMSN,CRIMSN,TXD|CRIMSN
TXD,CRISP,CRISP,TXD|CRISP
HIXNY,CRORTHO,CRORTHO,HIXNY|CRORTHO
HEALTHIX,CROSIP,CROSIP,HEALTHIX|CROSIP
HECDCS,CROSS-VALLEY,CROSS-VALLEY,HECDCS|CROSS-VALLEY
HECDCS,CROUSE,CROUSE,HECDCS|CROUSE
HECDCS,CROUSE-COMM-CTR,CROUSE-COMM-CTR,HECDCS|CROUSE-COMM-CTR
HECDCS,CROUSE-HOSP,CROUSE-HOSP,HECDCS|CROUSE-HOSP
HECDCS,CROUSE-HOSP-2,CROUSE-HOSP-2,HECDCS|CROUSE-HOSP-2
HECDCS,CROUSE-HOSP-3,CROUSE-HOSP-3,HECDCS|CROUSE-HOSP-3
HECDCS,CROUSE-HOSPITAL,CROUSE-HOSPITAL,HECDCS|CROUSE-HOSPITAL
HECDCS,CROUSE-MED-PRAC,CROUSE-MED-PRAC,HECDCS|CROUSE-MED-PRAC
HECDCS,CROUSE-RADIOLOGY,CROUSE-RADIOLOGY,HECDCS|CROUSE-RADIOLOGY
HECDCS,CROWN-PARK-REHAB,CROWN-PARK-REHAB,HECDCS|CROWN-PARK-REHAB
HEALTHIX,CRPP,CRPP,HEALTHIX|CRPP
HIXNY,CRSCOPAKE,CRSCOPAKE,HIXNY|CRSCOPAKE
HECDCS,CRSE-COMM-PCC,CRSE-COMM-PCC,HECDCS|CRSE-COMM-PCC
HEALTHIX,CRSM,CRSM,HEALTHIX|CRSM
BRONX,CRUZ_HERRERA,CRUZ HERRERA,BRONX|CRUZ HERRERA
HEALTHIX,CRWNER,CRWNER,HEALTHIX|CRWNER
HECDCS,CRYSTAL-RUN,CRYSTAL-RUN,HECDCS|CRYSTAL-RUN
BRONX,CRYSTAL_MEDICAL_CARE,CRYSTAL MEDICAL CARE,BRONX|CRYSTAL MEDICAL CARE
TXD,CRYSTL,CRYSTL,TXD|CRYSTL
GRRHIO,CSH.DUPLICATE,CSH,GRRHIO|CSH
TXD,CSH.DUPLICATE1,CSH,TXD|CSH
HEALTHIX,CSMA,CSMA,HEALTHIX|CSMA
TXD,CSMED,CSMED,TXD|CSMED
HEALTHIX,CSNY,CSNY,HEALTHIX|CSNY
GRRHIO,CTC,CTC,GRRHIO|CTC
HEALTHIX,CTCM,CTCM,HEALTHIX|CTCM
HEALTHIX,CTCMP,CTCMP,HEALTHIX|CTCMP
HEALTHIX,CTCRN,CTCRN,HEALTHIX|CTCRN
HEALTHIX,CTMP,CTMP,HEALTHIX|CTMP
HEALTHIX,CUCS,CUCS,HEALTHIX|CUCS
HIXNY,CUDDYPSYCH,CUDDYPSYCH,HIXNY|CUDDYPSYCH
BRONX,CUIDADO_MEDICO_AND_GERIATRICO_OF_QUEENS,CUIDADO MEDICO AND GERIATRICO OF QUEENS,BRONX|CUIDADO MEDICO AND GERIATRICO OF QUEENS
HEALTHIX,CUMBERLAND,CUMBERLAND,HEALTHIX|CUMBERLAND
HECDCS,CUNNINGHAM-CHIRO,CUNNINGHAM-CHIRO,HECDCS|CUNNINGHAM-CHIRO
HEALTHIX,CURC,CURC,HEALTHIX|CURC
HECDCS,CUSECHIRO,CUSECHIRO,HECDCS|CUSECHIRO
HEALTHIX,CUTEM,CUTEM,HEALTHIX|CUTEM
HIXNY,CVCDTYCCD,CVCDTYCCD,HIXNY|CVCDTYCCD
HIXNY,CVCPD,CVCPD,HIXNY|CVCPD
HIXNY,CVCPDDOC,CVCPDDOC,HIXNY|CVCPDDOC
HIXNY,CVEMS,CVEMS,HIXNY|CVEMS
GRRHIO,CVFP,CVFP,GRRHIO|CVFP
GRRHIO,CVFP2,CVFP2,GRRHIO|CVFP2
HIXNY,CVPH,CVPH,HIXNY|CVPH
HIXNY,CVPHADULTMD,CVPHADULTMD,HIXNY|CVPHADULTMD
HIXNY,CVPHADULTMDDOC,CVPHADULTMDDOC,HIXNY|CVPHADULTMDDOC
HIXNY,CVPHAMBEP,CVPHAMBEP,HIXNY|CVPHAMBEP
HIXNY,CVPHAMBEPDOC,CVPHAMBEPDOC,HIXNY|CVPHAMBEPDOC
HIXNY,CVPHCARDIO,CVPHCARDIO,HIXNY|CVPHCARDIO
HIXNY,CVPHCARDIODOC,CVPHCARDIODOC,HIXNY|CVPHCARDIODOC
HIXNY,CVPHDERM,CVPHDERM,HIXNY|CVPHDERM
HIXNY,CVPHDERMDOC,CVPHDERMDOC,HIXNY|CVPHDERMDOC
HIXNY,CVPHDOC,CVPHDOC,HIXNY|CVPHDOC
HIXNY,CVPHED,CVPHED,HIXNY|CVPHED
HIXNY,CVPHEDDOC,CVPHEDDOC,HIXNY|CVPHEDDOC
HIXNY,CVPHENDOCRN,CVPHENDOCRN,HIXNY|CVPHENDOCRN
HIXNY,CVPHENDOCRNDOC,CVPHENDOCRNDOC,HIXNY|CVPHENDOCRNDOC
HIXNY,CVPHENT,CVPHENT,HIXNY|CVPHENT
HIXNY,CVPHENTDOC,CVPHENTDOC,HIXNY|CVPHENTDOC
HIXNY,CVPHFAMMED,CVPHFAMMED,HIXNY|CVPHFAMMED
HIXNY,CVPHFAMMEDDOC,CVPHFAMMEDDOC,HIXNY|CVPHFAMMEDDOC
HIXNY,CVPHGASTRO,CVPHGASTRO,HIXNY|CVPHGASTRO
HIXNY,CVPHGASTRODOC,CVPHGASTRODOC,HIXNY|CVPHGASTRODOC
HIXNY,CVPHGENSURG,CVPHGENSURG,HIXNY|CVPHGENSURG
HIXNY,CVPHGENSURGDOC,CVPHGENSURGDOC,HIXNY|CVPHGENSURGDOC
HIXNY,CVPHID,CVPHID,HIXNY|CVPHID
HIXNY,CVPHIDDOC,CVPHIDDOC,HIXNY|CVPHIDDOC
HIXNY,CVPHLD,CVPHLD,HIXNY|CVPHLD
HIXNY,CVPHNEURO,CVPHNEURO,HIXNY|CVPHNEURO
HIXNY,CVPHNEURODOC,CVPHNEURODOC,HIXNY|CVPHNEURODOC
HIXNY,CVPHNEUROSG,CVPHNEUROSG,HIXNY|CVPHNEUROSG
HIXNY,CVPHNEUROSGDOC,CVPHNEUROSGDOC,HIXNY|CVPHNEUROSGDOC
HIXNY,CVPHOBGYN,CVPHOBGYN,HIXNY|CVPHOBGYN
HIXNY,CVPHOBGYNDOC,CVPHOBGYNDOC,HIXNY|CVPHOBGYNDOC
HIXNY,CVPHPAIN,CVPHPAIN,HIXNY|CVPHPAIN
HIXNY,CVPHPAINDOC,CVPHPAINDOC,HIXNY|CVPHPAINDOC
HIXNY,CVPHPLASTIC,CVPHPLASTIC,HIXNY|CVPHPLASTIC
HIXNY,CVPHPLASTICDOC,CVPHPLASTICDOC,HIXNY|CVPHPLASTICDOC
HIXNY,CVPHPULM,CVPHPULM,HIXNY|CVPHPULM
HIXNY,CVPHPULMDOC,CVPHPULMDOC,HIXNY|CVPHPULMDOC
HIXNY,CVPHRHEUM,CVPHRHEUM,HIXNY|CVPHRHEUM
HIXNY,CVPHSLEEP,CVPHSLEEP,HIXNY|CVPHSLEEP
HIXNY,CVPHSLEEPDOC,CVPHSLEEPDOC,HIXNY|CVPHSLEEPDOC
HIXNY,CVPHSNF,CVPHSNF,HIXNY|CVPHSNF
HIXNY,CVPHSNFDOC,CVPHSNFDOC,HIXNY|CVPHSNFDOC
HIXNY,CVPHSPORT,CVPHSPORT,HIXNY|CVPHSPORT
HIXNY,CVPHSPORTDOC,CVPHSPORTDOC,HIXNY|CVPHSPORTDOC
HIXNY,CVPHURO,CVPHURO,HIXNY|CVPHURO
HIXNY,CVPHURODOC,CVPHURODOC,HIXNY|CVPHURODOC
TXD,CVS,CVS,TXD|CVS
HEALTHIX,CVSAETNA,CVSAETNA,HEALTHIX|CVSAETNA
TXD,CWEST,CWEST,TXD|CWEST
HIXNY,CWI,CWI,HIXNY|CWI
HEALTHIX,CWMC,CWMC,HEALTHIX|CWMC
HEALTHIX,CWPP,CWPP,HEALTHIX|CWPP
HEALTHIX,CYMD,CYMD,HEALTHIX|CYMD
HEALTHIX,CYUNHEE,CYUNHEE,HEALTHIX|CYUNHEE
HEALTHIX,DALE,DALE,HEALTHIX|DALE
HEALTHIX,DALM,DALM,HEALTHIX|DALM
HEALTHIX,DALMDP,DALMDP,HEALTHIX|DALMDP
HEALTHIX,DAMS,DAMS,HEALTHIX|DAMS
TXD,DANHER,DANHER,TXD|DANHER
BRONX,DAP_MEDICAL_CARE,DAP MEDICAL CARE,BRONX|DAP MEDICAL CARE
HECDCS,DAVID-J-DAVIN,DAVID-J-DAVIN,HECDCS|DAVID-J-DAVIN
HECDCS,DAVID-NESS,DAVID-NESS,HECDCS|DAVID-NESS
HECDCS,DAVID-OCONNOR,DAVID-OCONNOR,HECDCS|DAVID-OCONNOR
BRONX,DAVID_KRUMHOLZ,DAVID KRUMHOLZ,BRONX|DAVID KRUMHOLZ
BRONX,DAVID_LAZALA,DAVID LAZALA,BRONX|DAVID LAZALA
HEALTHIX,DAVITA.DUPLICATE,DAVITA,HEALTHIX|DAVITA
TXD,DAVITA.DUPLICATE1,DAVITA,TXD|DAVITA
HIXNY,DAYEMS,DAYEMS,HIXNY|DAYEMS
BRONX,DAYSI_BAEZ,DAYSI BAEZ,BRONX|DAYSI BAEZ
HEALTHIX,DBAEZ,DBAEZ,HEALTHIX|DBAEZ
HEALTHIX,DBFMC,DBFMC,HEALTHIX|DBFMC
HEALTHIX,DBMD,DBMD,HEALTHIX|DBMD
HEALTHIX,DCCA,DCCA,HEALTHIX|DCCA
HEALTHIX,DCHC,DCHC,HEALTHIX|DCHC
HIXNY,DCI,DCI,HIXNY|DCI
HEALTHIX,DCI.DUPLICATE1,DCI,HEALTHIX|DCI
HEALTHIX,DCRN,DCRN,HEALTHIX|DCRN
HEALTHIX,DCS,DCS,HEALTHIX|DCS
GRRHIO,DDMD,DDMD,GRRHIO|DDMD
GRRHIO,DDMD2,DDMD2,GRRHIO|DDMD2
BRONX,DD_MEDICINE,DD MEDICINE,BRONX|DD MEDICINE
TXD,DEAHN,DEAHN,TXD|DEAHN
HEALTHIX,DEBHC,DEBHC,HEALTHIX|DEBHC
HEALTHIX,DECM,DECM,HEALTHIX|DECM
GRRHIO,DEIPEM,DEIPEM,GRRHIO|DEIPEM
HEALTHIX,DEL,DEL,HEALTHIX|DEL
HECDCS,DEL-COMM-SRVCS,DEL-COMM-SRVCS,HECDCS|DEL-COMM-SRVCS
HIXNY,DELBETHEMS,DELBETHEMS,HIXNY|DELBETHEMS
HECDCS,DELEO-FAM-MED,DELEO-FAM-MED,HECDCS|DELEO-FAM-MED
HECDCS,DELHI-REHAB,DELHI-REHAB,HECDCS|DELHI-REHAB
TXD,DELPED,DELPED,TXD|DELPED
GRRHIO,DELPR,DELPR,GRRHIO|DELPR
HEALTHIX,DEME,DEME,HEALTHIX|DEME
HEALTHIX,DEMIN,DEMIN,HEALTHIX|DEMIN
TXD,DENAFP,DENAFP,TXD|DENAFP
HECDCS,DENISE-WOLKEN,DENISE-WOLKEN,HECDCS|DENISE-WOLKEN
TXD,DENT,DENT,TXD|DENT
HECDCS,DESTA-ANTHONY,DESTA-ANTHONY,HECDCS|DESTA-ANTHONY
HEALTHIX,DEVALV,DEVALV,HEALTHIX|DEVALV
HEALTHIX,DFCC,DFCC,HEALTHIX|DFCC
HEALTHIX,DFEG,DFEG,HEALTHIX|DFEG
HEALTHIX,DFHC,DFHC,HEALTHIX|DFHC
HIXNY,DFMASP,DFMASP,HIXNY|DFMASP
HEALTHIX,DGNFM,DGNFM,HEALTHIX|DGNFM
HEALTHIX,DHBM,DHBM,HEALTHIX|DHBM
HEALTHIX,DHH,DHH,HEALTHIX|DHH
HEALTHIX,DHMD,DHMD,HEALTHIX|DHMD
HEALTHIX,DHNH,DHNH,HEALTHIX|DHNH
HEALTHIX,DHSH,DHSH,HEALTHIX|DHSH
TXD,DIAINV,DIAINV,TXD|DIAINV
HECDCS,DIALYSIS-CLINIC,DIALYSIS-CLINIC,HECDCS|DIALYSIS-CLINIC
HIXNY,DIAMONDNR,DIAMONDNR,HIXNY|DIAMONDNR
HIXNY,DIAMONDNRDOC,DIAMONDNRDOC,HIXNY|DIAMONDNRDOC
BRONX,DIEGO_PHYSICIAN,DIEGO PHYSICIAN,BRONX|DIEGO PHYSICIAN
HECDCS,DIG-DIS-MED-CNY,DIG-DIS-MED-CNY,HECDCS|DIG-DIS-MED-CNY
HECDCS,DIG-HEALTH-CARE,DIG-HEALTH-CARE,HECDCS|DIG-HEALTH-CARE
HECDCS,DIGESTIVE-DIS,DIGESTIVE-DIS,HECDCS|DIGESTIVE-DIS
HECDCS,DIGNITY-PLUS,DIGNITY-PLUS,HECDCS|DIGNITY-PLUS
HECDCS,DILSHAD-EL-NAGHY,DILSHAD-EL-NAGHY,HECDCS|DILSHAD-EL-NAGHY
HEALTHIX,DIMHEAL,DIMHEAL,HEALTHIX|DIMHEAL
TXD,DINDLV,DINDLV,TXD|DINDLV
BRONX,DIVERGE_HEALTH,DIVERGE HEALTH,BRONX|DIVERGE HEALTH
BRONX,DIVINO_NINO_PEDIATRICS,DIVINO NINO PEDIATRICS,BRONX|DIVINO NINO PEDIATRICS
HECDCS,DJAFARI-PEDS,DJAFARI-PEDS,HECDCS|DJAFARI-PEDS
HEALTHIX,DJAMD,DJAMD,HEALTHIX|DJAMD
HEALTHIX,DKMD,DKMD,HEALTHIX|DKMD
HECDCS,DKTPHYSICIAN,DKTPHYSICIAN,HECDCS|DKTPHYSICIAN
HEALTHIX,DLEVIN,DLEVIN,HEALTHIX|DLEVIN
HEALTHIX,DLMC,DLMC,HEALTHIX|DLMC
HEALTHIX,DLMX,DLMX,HEALTHIX|DLMX
GRRHIO,DMA.DUPLICATE,DMA,GRRHIO|DMA
HEALTHIX,DMA.DUPLICATE1,DMA,HEALTHIX|DMA
GRRHIO,DMA2,DMA2,GRRHIO|DMA2
HEALTHIX,DMAMF,DMAMF,HEALTHIX|DMAMF
HEALTHIX,DMC,DMC,HEALTHIX|DMC
HEALTHIX,DMIMD,DMIMD,HEALTHIX|DMIMD
HEALTHIX,DMM,DMM,HEALTHIX|DMM
HEALTHIX,DMMD,DMMD,HEALTHIX|DMMD
HEALTHIX,DMMDNY,DMMDNY,HEALTHIX|DMMDNY
GRRHIO,DMTMCPC,DMTMCPC,GRRHIO|DMTMCPC
HEALTHIX,DOCPHC,DOCPHC,HEALTHIX|DOCPHC
BRONX,DOCTOR_DIEGO,DOCTOR DIEGO,BRONX|DOCTOR DIEGO
HEALTHIX,DOHCHS,DOHCHS,HEALTHIX|DOHCHS
BRONX,DOHMH_COHORT1,DOHMH COHORT1,BRONX|DOHMH COHORT1
HIXNY,DOHSI,DOHSI,HIXNY|DOHSI
HIXNY,DOHTB,DOHTB,HIXNY|DOHTB
HEALTHIX,DOHVACC,DOHVACC,HEALTHIX|DOHVACC
BRONX,DOMINICK_K_BIOH,DOMINICK K BIOH,BRONX|DOMINICK K BIOH
GRRHIO,DOMINO,DOMINO,GRRHIO|DOMINO
HECDCS,DONNA-K-HEITZMAN,DONNA-K-HEITZMAN,HECDCS|DONNA-K-HEITZMAN
HEALTHIX,DONPMC,DONPMC,HEALTHIX|DONPMC
HEALTHIX,DOPRC,DOPRC,HEALTHIX|DOPRC
HIXNY,DOS,DOS,HIXNY|DOS
HIXNY,DOSDOC,DOSDOC,HIXNY|DOSDOC
HEALTHIX,DOVEPS,DOVEPS,HEALTHIX|DOVEPS
HEALTHIX,DOWNP,DOWNP,HEALTHIX|DOWNP
HEALTHIX,DPFAFF,DPFAFF,HEALTHIX|DPFAFF
HEALTHIX,DPMPC,DPMPC,HEALTHIX|DPMPC
HEALTHIX,DPRH,DPRH,HEALTHIX|DPRH
HECDCS,DRAKOS-PEDS,DRAKOS-PEDS,HECDCS|DRAKOS-PEDS
HEALTHIX,DRBPL,DRBPL,HEALTHIX|DRBPL
HEALTHIX,DRCGC,DRCGC,HEALTHIX|DRCGC
HEALTHIX,DRDJ,DRDJ,HEALTHIX|DRDJ
BRONX,DREAM_MEDICAL_CARE,DREAM MEDICAL CARE,BRONX|DREAM MEDICAL CARE
HEALTHIX,DRETF,DRETF,HEALTHIX|DRETF
HEALTHIX,DRJLT,DRJLT,HEALTHIX|DRJLT
HEALTHIX,DRMA,DRMA,HEALTHIX|DRMA
HEALTHIX,DRMLR,DRMLR,HEALTHIX|DRMLR
HEALTHIX,DRSBL,DRSBL,HEALTHIX|DRSBL
HEALTHIX,DRSKM,DRSKM,HEALTHIX|DRSKM
HEALTHIX,DRTPEDS,DRTPEDS,HEALTHIX|DRTPEDS
HECDCS,DRUGER-EYE-CARE,DRUGER-EYE-CARE,HECDCS|DRUGER-EYE-CARE
TXD,DRUGSC,DRUGSC,TXD|DRUGSC
BRONX,DRUG_MART,DRUG MART,BRONX|DRUG MART
HEALTHIX,DSAMD,DSAMD,HEALTHIX|DSAMD
GRRHIO,DSCN,DSCN,GRRHIO|DSCN
GRRHIO,DSCN2,DSCN2,GRRHIO|DSCN2
HEALTHIX,DSHD,DSHD,HEALTHIX|DSHD
HEALTHIX,DSINGH,DSINGH,HEALTHIX|DSINGH
HEALTHIX,DSSM,DSSM,HEALTHIX|DSSM
HEALTHIX,DSSU,DSSU,HEALTHIX|DSSU
HEALTHIX,DSWMD,DSWMD,HEALTHIX|DSWMD
GRRHIO,DTMD2,DTMD2,GRRHIO|DTMD2
HEALTHIX,DTREAT,DTREAT,HEALTHIX|DTREAT
HIXNY,DUANEEMS,DUANEEMS,HIXNY|DUANEEMS
HIXNY,DUNHAM,DUNHAM,HIXNY|DUNHAM
HEALTHIX,DWTW,DWTW,HEALTHIX|DWTW
BRONX,DYCKMAN_MEDICAL_CARE,DYCKMAN MEDICAL CARE,BRONX|DYCKMAN MEDICAL CARE
HEALTHIX,DYMO,DYMO,HEALTHIX|DYMO
HEALTHIX,DYPE,DYPE,HEALTHIX|DYPE
HEALTHIX,DriversLicense,DriversLicense,HEALTHIX|DriversLicense
HEALTHIX,EACO,EACO,HEALTHIX|EACO
HEALTHIX,EACRW,EACRW,HEALTHIX|EACRW
TXD,EAFP,EAFP,TXD|EAFP
GRRHIO,EAHSNF,EAHSNF,GRRHIO|EAHSNF
HEALTHIX,EALMD,EALMD,HEALTHIX|EALMD
HEALTHIX,EAMDPC,EAMDPC,HEALTHIX|EAMDPC
HEALTHIX,EAMO,EAMO,HEALTHIX|EAMO
HEALTHIX,EAPE,EAPE,HEALTHIX|EAPE
HECDCS,EAST-HILL-FAM,EAST-HILL-FAM,HECDCS|EAST-HILL-FAM
HECDCS,EAST-HOUSE,EAST-HOUSE,HECDCS|EAST-HOUSE
BRONX,EASTERN_PARK_MEDICAL_SERVICES,EASTERN PARK MEDICAL SERVICES,BRONX|EASTERN PARK MEDICAL SERVICES
BRONX,EAST_HAVEN_NURSING_AND_REHAB,EAST HAVEN NURSING AND REHAB,BRONX|EAST HAVEN NURSING AND REHAB
BRONX,EAST_NY_DIAGNOSTIC_AND_TREATMENT_CENTER,EAST NY DIAGNOSTIC AND TREATMENT CENTER,BRONX|EAST NY DIAGNOSTIC AND TREATMENT CENTER
BRONX,EAST_SHORE_WOMENS_CARE,EAST SHORE WOMENS CARE,BRONX|EAST SHORE WOMENS CARE
BRONX,EAST_SUNRISE_MEDICAL,EAST SUNRISE MEDICAL,BRONX|EAST SUNRISE MEDICAL
BRONX,EASY_CARE_QUEENS_MEDICAL,EASY CARE QUEENS MEDICAL,BRONX|EASY CARE QUEENS MEDICAL
HEALTHIX,EAWV,EAWV,HEALTHIX|EAWV
HEALTHIX,EBMG,EBMG,HEALTHIX|EBMG
HEALTHIX,EBSI,EBSI,HEALTHIX|EBSI
GRRHIO,ECC,ECC,GRRHIO|ECC
GRRHIO,ECC2,ECC2,GRRHIO|ECC2
HIXNY,ECCS,ECCS,HIXNY|ECCS
GRRHIO,ECDH,ECDH,GRRHIO|ECDH
TXD,ECDOH,ECDOH,TXD|ECDOH
TXD,ECDOH2PART2,ECDOH2PART2,TXD|ECDOH2PART2
HIXNY,ECFTA,ECFTA,HIXNY|ECFTA
HIXNY,ECH,ECH,HIXNY|ECH
HIXNY,ECHAFPC,ECHAFPC,HIXNY|ECHAFPC
HIXNY,ECHCPPC,ECHCPPC,HIXNY|ECHCPPC
HIXNY,ECHECPC,ECHECPC,HIXNY|ECHECPC
HIXNY,ECHOPED,ECHOPED,HIXNY|ECHOPED
HIXNY,ECHOPEDDOC,ECHOPEDDOC,HIXNY|ECHOPEDDOC
HIXNY,ECHTIOPED,ECHTIOPED,HIXNY|ECHTIOPED
HIXNY,ECHTIOPEDDOC,ECHTIOPEDDOC,HIXNY|ECHTIOPEDDOC
HIXNY,ECHWESTPC,ECHWESTPC,HIXNY|ECHWESTPC
HIXNY,ECHWILLSPC,ECHWILLSPC,HIXNY|ECHWILLSPC
HIXNY,ECHWILMPC,ECHWILMPC,HIXNY|ECHWILMPC
HEALTHIX,ECLI,ECLI,HEALTHIX|ECLI
GRRHIO,ECLRS.DUPLICATE,ECLRS,GRRHIO|ECLRS
GRRHIO,ECMC.DUPLICATE,ECMC,GRRHIO|ECMC
TXD,ECMC.DUPLICATE1,ECMC,TXD|ECMC
TXD,ECMC2PART2,ECMC2PART2,TXD|ECMC2PART2
TXD,ECMCCL,ECMCCL,TXD|ECMCCL
HEALTHIX,ECNY,ECNY,HEALTHIX|ECNY
HEALTHIX,ECRN.DUPLICATE,ECRN,HEALTHIX|ECRN
TXD,ECRN.DUPLICATE1,ECRN,TXD|ECRN
TXD,ECVA,ECVA,TXD|ECVA
HEALTHIX,ECWAACNY,ECWAACNY,HEALTHIX|ECWAACNY
HEALTHIX,ECWAAZE,ECWAAZE,HEALTHIX|ECWAAZE
HEALTHIX,ECWACDTC,ECWACDTC,HEALTHIX|ECWACDTC
HEALTHIX,ECWAFMP,ECWAFMP,HEALTHIX|ECWAFMP
HEALTHIX,ECWAGMDP,ECWAGMDP,HEALTHIX|ECWAGMDP
HEALTHIX,ECWAHCA,ECWAHCA,HEALTHIX|ECWAHCA
HEALTHIX,ECWALK,ECWALK,HEALTHIX|ECWALK
HEALTHIX,ECWAMG,ECWAMG,HEALTHIX|ECWAMG
HEALTHIX,ECWAPICHA,ECWAPICHA,HEALTHIX|ECWAPICHA
HEALTHIX,ECWAPPC,ECWAPPC,HEALTHIX|ECWAPPC
HEALTHIX,ECWARCAMD,ECWARCAMD,HEALTHIX|ECWARCAMD
HEALTHIX,ECWARJUNMG,ECWARJUNMG,HEALTHIX|ECWARJUNMG
HEALTHIX,ECWASHEENA,ECWASHEENA,HEALTHIX|ECWASHEENA
HEALTHIX,ECWASPC,ECWASPC,HEALTHIX|ECWASPC
HEALTHIX,ECWATWA,ECWATWA,HEALTHIX|ECWATWA
HEALTHIX,ECWAWM,ECWAWM,HEALTHIX|ECWAWM
HEALTHIX,ECWBCI,ECWBCI,HEALTHIX|ECWBCI
HEALTHIX,ECWBENSMC,ECWBENSMC,HEALTHIX|ECWBENSMC
HEALTHIX,ECWBHH,ECWBHH,HEALTHIX|ECWBHH
HEALTHIX,ECWBISLR,ECWBISLR,HEALTHIX|ECWBISLR
HEALTHIX,ECWBMC,ECWBMC,HEALTHIX|ECWBMC
HEALTHIX,ECWBMCP,ECWBMCP,HEALTHIX|ECWBMCP
HEALTHIX,ECWBMD,ECWBMD,HEALTHIX|ECWBMD
HEALTHIX,ECWBMFHC,ECWBMFHC,HEALTHIX|ECWBMFHC
HEALTHIX,ECWBPAA,ECWBPAA,HEALTHIX|ECWBPAA
HEALTHIX,ECWBPED,ECWBPED,HEALTHIX|ECWBPED
HEALTHIX,ECWBPMC,ECWBPMC,HEALTHIX|ECWBPMC
HEALTHIX,ECWBRIM,ECWBRIM,HEALTHIX|ECWBRIM
HEALTHIX,ECWBRIPED,ECWBRIPED,HEALTHIX|ECWBRIPED
HEALTHIX,ECWBRKGA,ECWBRKGA,HEALTHIX|ECWBRKGA
HEALTHIX,ECWBRKHC,ECWBRKHC,HEALTHIX|ECWBRKHC
HEALTHIX,ECWBRMD,ECWBRMD,HEALTHIX|ECWBRMD
HEALTHIX,ECWBRPA,ECWBRPA,HEALTHIX|ECWBRPA
HEALTHIX,ECWCAMPED,ECWCAMPED,HEALTHIX|ECWCAMPED
HEALTHIX,ECWCATUCCI,ECWCATUCCI,HEALTHIX|ECWCATUCCI
HEALTHIX,ECWCCM,ECWCCM,HEALTHIX|ECWCCM
HEALTHIX,ECWCCMC,ECWCCMC,HEALTHIX|ECWCCMC
HEALTHIX,ECWCEVANS,ECWCEVANS,HEALTHIX|ECWCEVANS
HEALTHIX,ECWCFTH,ECWCFTH,HEALTHIX|ECWCFTH
HEALTHIX,ECWCHCR,ECWCHCR,HEALTHIX|ECWCHCR
HEALTHIX,ECWCHGE,ECWCHGE,HEALTHIX|ECWCHGE
HEALTHIX,ECWCHMPC,ECWCHMPC,HEALTHIX|ECWCHMPC
HEALTHIX,ECWCMGQ,ECWCMGQ,HEALTHIX|ECWCMGQ
HEALTHIX,ECWCOVENANT,ECWCOVENANT,HEALTHIX|ECWCOVENANT
HEALTHIX,ECWCRPP,ECWCRPP,HEALTHIX|ECWCRPP
HEALTHIX,ECWCWMC,ECWCWMC,HEALTHIX|ECWCWMC
HEALTHIX,ECWCYMD,ECWCYMD,HEALTHIX|ECWCYMD
HEALTHIX,ECWDALM,ECWDALM,HEALTHIX|ECWDALM
HEALTHIX,ECWDBMD,ECWDBMD,HEALTHIX|ECWDBMD
HEALTHIX,ECWDEBHC,ECWDEBHC,HEALTHIX|ECWDEBHC
HEALTHIX,ECWDFCC,ECWDFCC,HEALTHIX|ECWDFCC
HEALTHIX,ECWDMA,ECWDMA,HEALTHIX|ECWDMA
HEALTHIX,ECWDPFAFF,ECWDPFAFF,HEALTHIX|ECWDPFAFF
HEALTHIX,ECWDRETF,ECWDRETF,HEALTHIX|ECWDRETF
HEALTHIX,ECWDRSKM,ECWDRSKM,HEALTHIX|ECWDRSKM
HEALTHIX,ECWDRTPEDS,ECWDRTPEDS,HEALTHIX|ECWDRTPEDS
HEALTHIX,ECWDTREAT,ECWDTREAT,HEALTHIX|ECWDTREAT
HEALTHIX,ECWDWTW,ECWDWTW,HEALTHIX|ECWDWTW
HEALTHIX,ECWEAMO,ECWEAMO,HEALTHIX|ECWEAMO
HEALTHIX,ECWEGGP,ECWEGGP,HEALTHIX|ECWEGGP
HEALTHIX,ECWELSC,ECWELSC,HEALTHIX|ECWELSC
HEALTHIX,ECWEMCG,ECWEMCG,HEALTHIX|ECWEMCG
HEALTHIX,ECWFPMC,ECWFPMC,HEALTHIX|ECWFPMC
HEALTHIX,ECWFPMPC,ECWFPMPC,HEALTHIX|ECWFPMPC
HEALTHIX,ECWFRBA,ECWFRBA,HEALTHIX|ECWFRBA
HEALTHIX,ECWGAMPC,ECWGAMPC,HEALTHIX|ECWGAMPC
HEALTHIX,ECWGIMS,ECWGIMS,HEALTHIX|ECWGIMS
HEALTHIX,ECWGLUM,ECWGLUM,HEALTHIX|ECWGLUM
HEALTHIX,ECWGMS,ECWGMS,HEALTHIX|ECWGMS
HEALTHIX,ECWGOME,ECWGOME,HEALTHIX|ECWGOME
HEALTHIX,ECWHARLGP,ECWHARLGP,HEALTHIX|ECWHARLGP
HEALTHIX,ECWHBELLUTTA,ECWHBELLUTTA,HEALTHIX|ECWHBELLUTTA
HEALTHIX,ECWHDPH,ECWHDPH,HEALTHIX|ECWHDPH
HEALTHIX,ECWHHHFQHC,ECWHHHFQHC,HEALTHIX|ECWHHHFQHC
HEALTHIX,ECWHIHS,ECWHIHS,HEALTHIX|ECWHIHS
HEALTHIX,ECWHLMC,ECWHLMC,HEALTHIX|ECWHLMC
HEALTHIX,ECWHMC,ECWHMC,HEALTHIX|ECWHMC
HEALTHIX,ECWHMPMD,ECWHMPMD,HEALTHIX|ECWHMPMD
HEALTHIX,ECWHNMD,ECWHNMD,HEALTHIX|ECWHNMD
HEALTHIX,ECWHOJM,ECWHOJM,HEALTHIX|ECWHOJM
HEALTHIX,ECWHPMEDI,ECWHPMEDI,HEALTHIX|ECWHPMEDI
HEALTHIX,ECWHSHUKLA,ECWHSHUKLA,HEALTHIX|ECWHSHUKLA
HEALTHIX,ECWHSMD,ECWHSMD,HEALTHIX|ECWHSMD
HEALTHIX,ECWHUCAC,ECWHUCAC,HEALTHIX|ECWHUCAC
HEALTHIX,ECWHWORKS,ECWHWORKS,HEALTHIX|ECWHWORKS
HEALTHIX,ECWICAP,ECWICAP,HEALTHIX|ECWICAP
HEALTHIX,ECWICLHCC,ECWICLHCC,HEALTHIX|ECWICLHCC
HEALTHIX,ECWIFDI,ECWIFDI,HEALTHIX|ECWIFDI
HEALTHIX,ECWIMPED,ECWIMPED,HEALTHIX|ECWIMPED
HEALTHIX,ECWJAFHC,ECWJAFHC,HEALTHIX|ECWJAFHC
HEALTHIX,ECWJCO,ECWJCO,HEALTHIX|ECWJCO
HEALTHIX,ECWJEQM,ECWJEQM,HEALTHIX|ECWJEQM
HEALTHIX,ECWJGBRC,ECWJGBRC,HEALTHIX|ECWJGBRC
HEALTHIX,ECWJGYM,ECWJGYM,HEALTHIX|ECWJGYM
HEALTHIX,ECWJHPMD,ECWJHPMD,HEALTHIX|ECWJHPMD
HEALTHIX,ECWJKMD,ECWJKMD,HEALTHIX|ECWJKMD
HEALTHIX,ECWJLTE,ECWJLTE,HEALTHIX|ECWJLTE
HEALTHIX,ECWJROMAN,ECWJROMAN,HEALTHIX|ECWJROMAN
HEALTHIX,ECWKAZE,ECWKAZE,HEALTHIX|ECWKAZE
HEALTHIX,ECWKEPE,ECWKEPE,HEALTHIX|ECWKEPE
HEALTHIX,ECWKHBM,ECWKHBM,HEALTHIX|ECWKHBM
HEALTHIX,ECWKNICK,ECWKNICK,HEALTHIX|ECWKNICK
HEALTHIX,ECWLATIMO,ECWLATIMO,HEALTHIX|ECWLATIMO
HEALTHIX,ECWLCME,ECWLCME,HEALTHIX|ECWLCME
HEALTHIX,ECWLESFM,ECWLESFM,HEALTHIX|ECWLESFM
HEALTHIX,ECWLFME,ECWLFME,HEALTHIX|ECWLFME
HEALTHIX,ECWLICD,ECWLICD,HEALTHIX|ECWLICD
HEALTHIX,ECWLIFQHC,ECWLIFQHC,HEALTHIX|ECWLIFQHC
HEALTHIX,ECWLIMCS,ECWLIMCS,HEALTHIX|ECWLIMCS
HEALTHIX,ECWLIPBPC,ECWLIPBPC,HEALTHIX|ECWLIPBPC
HEALTHIX,ECWLSSNY,ECWLSSNY,HEALTHIX|ECWLSSNY
HEALTHIX,ECWLXMM,ECWLXMM,HEALTHIX|ECWLXMM
HEALTHIX,ECWLYSM,ECWLYSM,HEALTHIX|ECWLYSM
HEALTHIX,ECWMAFR,ECWMAFR,HEALTHIX|ECWMAFR
HEALTHIX,ECWMAND,ECWMAND,HEALTHIX|ECWMAND
HEALTHIX,ECWMBEITY,ECWMBEITY,HEALTHIX|ECWMBEITY
HEALTHIX,ECWMBPA,ECWMBPA,HEALTHIX|ECWMBPA
HEALTHIX,ECWMCHC,ECWMCHC,HEALTHIX|ECWMCHC
HEALTHIX,ECWMCPLLC,ECWMCPLLC,HEALTHIX|ECWMCPLLC
HEALTHIX,ECWMDML,ECWMDML,HEALTHIX|ECWMDML
HEALTHIX,ECWMHFHC,ECWMHFHC,HEALTHIX|ECWMHFHC
HEALTHIX,ECWMIPA,ECWMIPA,HEALTHIX|ECWMIPA
HEALTHIX,ECWMMAJEED,ECWMMAJEED,HEALTHIX|ECWMMAJEED
HEALTHIX,ECWMMCPC,ECWMMCPC,HEALTHIX|ECWMMCPC
HEALTHIX,ECWMMDPC,ECWMMDPC,HEALTHIX|ECWMMDPC
HEALTHIX,ECWMRMD,ECWMRMD,HEALTHIX|ECWMRMD
HEALTHIX,ECWMSANTO,ECWMSANTO,HEALTHIX|ECWMSANTO
HEALTHIX,ECWMSFMHC,ECWMSFMHC,HEALTHIX|ECWMSFMHC
HEALTHIX,ECWNPMD,ECWNPMD,HEALTHIX|ECWNPMD
HEALTHIX,ECWNU93,ECWNU93,HEALTHIX|ECWNU93
HEALTHIX,ECWNUIMA,ECWNUIMA,HEALTHIX|ECWNUIMA
HEALTHIX,ECWNUMJ,ECWNUMJ,HEALTHIX|ECWNUMJ
HEALTHIX,ECWNYMHPC,ECWNYMHPC,HEALTHIX|ECWNYMHPC
HEALTHIX,ECWNYTM,ECWNYTM,HEALTHIX|ECWNYTM
HEALTHIX,ECWODA,ECWODA,HEALTHIX|ECWODA
HEALTHIX,ECWOEFMD,ECWOEFMD,HEALTHIX|ECWOEFMD
HEALTHIX,ECWOHPP,ECWOHPP,HEALTHIX|ECWOHPP
HEALTHIX,ECWOLA,ECWOLA,HEALTHIX|ECWOLA
HEALTHIX,ECWOPPPC,ECWOPPPC,HEALTHIX|ECWOPPPC
HEALTHIX,ECWPED2000,ECWPED2000,HEALTHIX|ECWPED2000
HEALTHIX,ECWPEDAMED,ECWPEDAMED,HEALTHIX|ECWPEDAMED
HEALTHIX,ECWPJWMD,ECWPJWMD,HEALTHIX|ECWPJWMD
HEALTHIX,ECWPLMD,ECWPLMD,HEALTHIX|ECWPLMD
HEALTHIX,ECWPMSPC,ECWPMSPC,HEALTHIX|ECWPMSPC
HEALTHIX,ECWPPPP,ECWPPPP,HEALTHIX|ECWPPPP
HEALTHIX,ECWPROR,ECWPROR,HEALTHIX|ECWPROR
HEALTHIX,ECWPUBHEALTHSOL,ECWPUBHEALTHSOL,HEALTHIX|ECWPUBHEALTHSOL
HEALTHIX,ECWQCAMC,ECWQCAMC,HEALTHIX|ECWQCAMC
HEALTHIX,ECWQMPS,ECWQMPS,HEALTHIX|ECWQMPS
HEALTHIX,ECWQUENTM,ECWQUENTM,HEALTHIX|ECWQUENTM
HEALTHIX,ECWRDELM,ECWRDELM,HEALTHIX|ECWRDELM
HEALTHIX,ECWRHILLS,ECWRHILLS,HEALTHIX|ECWRHILLS
HEALTHIX,ECWRICHTERMD,ECWRICHTERMD,HEALTHIX|ECWRICHTERMD
HEALTHIX,ECWRMCP,ECWRMCP,HEALTHIX|ECWRMCP
HEALTHIX,ECWRMHM,ECWRMHM,HEALTHIX|ECWRMHM
HEALTHIX,ECWRPCS,ECWRPCS,HEALTHIX|ECWRPCS
HEALTHIX,ECWRPHC,ECWRPHC,HEALTHIX|ECWRPHC
HEALTHIX,ECWRPUR,ECWRPUR,HEALTHIX|ECWRPUR
HEALTHIX,ECWRRGMP,ECWRRGMP,HEALTHIX|ECWRRGMP
HEALTHIX,ECWSARO,ECWSARO,HEALTHIX|ECWSARO
HEALTHIX,ECWSLBMA,ECWSLBMA,HEALTHIX|ECWSLBMA
HEALTHIX,ECWSMCMHC,ECWSMCMHC,HEALTHIX|ECWSMCMHC
HEALTHIX,ECWSNM,ECWSNM,HEALTHIX|ECWSNM
HEALTHIX,ECWSPDOMINGO,ECWSPDOMINGO,HEALTHIX|ECWSPDOMINGO
HEALTHIX,ECWSPME,ECWSPME,HEALTHIX|ECWSPME
HEALTHIX,ECWSSFMA,ECWSSFMA,HEALTHIX|ECWSSFMA
HEALTHIX,ECWSSMP,ECWSSMP,HEALTHIX|ECWSSMP
HEALTHIX,ECWSSP,ECWSSP,HEALTHIX|ECWSSP
HEALTHIX,ECWSTAGESPC,ECWSTAGESPC,HEALTHIX|ECWSTAGESPC
HEALTHIX,ECWSUFPED,ECWSUFPED,HEALTHIX|ECWSUFPED
HEALTHIX,ECWTBLI,ECWTBLI,HEALTHIX|ECWTBLI
HEALTHIX,ECWTBMS,ECWTBMS,HEALTHIX|ECWTBMS
HEALTHIX,ECWTCPC,ECWTCPC,HEALTHIX|ECWTCPC
HEALTHIX,ECWTCPM,ECWTCPM,HEALTHIX|ECWTCPM
HEALTHIX,ECWTOCP,ECWTOCP,HEALTHIX|ECWTOCP
HEALTHIX,ECWUMSE,ECWUMSE,HEALTHIX|ECWUMSE
HEALTHIX,ECWUWSMA,ECWUWSMA,HEALTHIX|ECWUWSMA
HEALTHIX,ECWVVIM,ECWVVIM,HEALTHIX|ECWVVIM
HEALTHIX,ECWWEZH,ECWWEZH,HEALTHIX|ECWWEZH
HEALTHIX,ECWWFRCHC,ECWWFRCHC,HEALTHIX|ECWWFRCHC
HEALTHIX,ECWWIHE,ECWWIHE,HEALTHIX|ECWWIHE
HEALTHIX,ECWWITA,ECWWITA,HEALTHIX|ECWWITA
HEALTHIX,ECWWSMG,ECWWSMG,HEALTHIX|ECWWSMG
HEALTHIX,ECWXIZH,ECWXIZH,HEALTHIX|ECWXIZH
HEALTHIX,ECWYVMPC,ECWYVMPC,HEALTHIX|ECWYVMPC
HEALTHIX,ECWZLMO,ECWZLMO,HEALTHIX|ECWZLMO
HIXNY,EDDYCAREPACE,EDDYCAREPACE,HIXNY|EDDYCAREPACE
HIXNY,EDDYCAREPACEDOC,EDDYCAREPACEDOC,HIXNY|EDDYCAREPACEDOC
HIXNY,EDDYCHHA,EDDYCHHA,HIXNY|EDDYCHHA
HIXNY,EDDYHH,EDDYHH,HIXNY|EDDYHH
HIXNY,EDDYHHDOC,EDDYHHDOC,HIXNY|EDDYHHDOC
HIXNY,EDDYHOSP,EDDYHOSP,HIXNY|EDDYHOSP
HIXNY,EDDYLHCA,EDDYLHCA,HIXNY|EDDYLHCA
HIXNY,EDDYMGC,EDDYMGC,HIXNY|EDDYMGC
HIXNY,EDDYMGCDOC,EDDYMGCDOC,HIXNY|EDDYMGCDOC
HIXNY,EDDYSRPACE,EDDYSRPACE,HIXNY|EDDYSRPACE
HIXNY,EDDYVGB,EDDYVGB,HIXNY|EDDYVGB
HIXNY,EDDYVGBDOC,EDDYVGBDOC,HIXNY|EDDYVGBDOC
HIXNY,EDDYVGC,EDDYVGC,HIXNY|EDDYVGC
HIXNY,EDDYVGCDOC,EDDYVGCDOC,HIXNY|EDDYVGCDOC
HIXNY,EDDYVNRA,EDDYVNRA,HIXNY|EDDYVNRA
HEALTHIX,EDEN,EDEN,HEALTHIX|EDEN
HEALTHIX,EDENH,EDENH,HEALTHIX|EDENH
HEALTHIX,EDMD,EDMD,HEALTHIX|EDMD
HEALTHIX,EDPED,EDPED,HEALTHIX|EDPED
HEALTHIX,EEPEDS,EEPEDS,HEALTHIX|EEPEDS
HIXNY,EFHH,EFHH,HIXNY|EFHH
HEALTHIX,EFMS,EFMS,HEALTHIX|EFMS
HIXNY,EGBREHAB,EGBREHAB,HIXNY|EGBREHAB
HIXNY,EGBREHABDOC,EGBREHABDOC,HIXNY|EGBREHABDOC
HEALTHIX,EGGP,EGGP,HEALTHIX|EGGP
HEALTHIX,EGHEALTH,EGHEALTH,HEALTHIX|EGHEALTH
HEALTHIX,EGHEALTHC,EGHEALTHC,HEALTHIX|EGHEALTHC
HEALTHIX,EGLHS,EGLHS,HEALTHIX|EGLHS
GRRHIO,EH,EH,GRRHIO|EH
HEALTHIX,EHA,EHA,HEALTHIX|EHA
HEALTHIX,EHAMPFAM,EHAMPFAM,HEALTHIX|EHAMPFAM
GRRHIO,EHC,EHC,GRRHIO|EHC
HEALTHIX,EHCRC,EHCRC,HEALTHIX|EHCRC
HIXNY,EHISREG,EHISREG,HIXNY|EHISREG
BRONX,EHR_ECW.109001008002057051.1638343536672.168166,EHR ECW.109001008002057051.1638343536672.168166,BRONX|EHR ECW.109001008002057051.1638343536672.168166
HEALTHIX,EHUSSA,EHUSSA,HEALTHIX|EHUSSA
GRRHIO,EKK,EKK,GRRHIO|EKK
GRRHIO,EKK2,EKK2,GRRHIO|EKK2
HEALTHIX,ELASH,ELASH,HEALTHIX|ELASH
GRRHIO,ELBSNF,ELBSNF,GRRHIO|ELBSNF
TXD,ELDABP,ELDABP,TXD|ELDABP
TXD,ELDACK,ELDACK,TXD|ELDACK
TXD,ELDAHA,ELDAHA,TXD|ELDAHA
TXD,ELDASG,ELDASG,TXD|ELDASG
TXD,ELDATN,ELDATN,TXD|ELDATN
TXD,ELDAWH,ELDAWH,TXD|ELDAWH
TXD,ELDAWI,ELDAWI,TXD|ELDAWI
TXD,ELDAWS,ELDAWS,TXD|ELDAWS
HIXNY,ELDCOLALF,ELDCOLALF,HIXNY|ELDCOLALF
HIXNY,ELDCOLALFDOC,ELDCOLALFDOC,HIXNY|ELDCOLALFDOC
HECDCS,ELDER-LIVERPOOL,ELDER-LIVERPOOL,HECDCS|ELDER-LIVERPOOL
HECDCS,ELDER-VESTAL,ELDER-VESTAL,HECDCS|ELDER-VESTAL
HECDCS,ELDER-WAVERLY,ELDER-WAVERLY,HECDCS|ELDER-WAVERLY
HIXNY,ELDERNC,ELDERNC,HIXNY|ELDERNC
HIXNY,ELDERNCDOC,ELDERNCDOC,HIXNY|ELDERNCDOC
HEALTHIX,ELDERPLAN,ELDERPLAN,HEALTHIX|ELDERPLAN
BRONX,ELDERSERVE_HEALTH,ELDERSERVE HEALTH,BRONX|ELDERSERVE HEALTH
HIXNY,ELDERTIC,ELDERTIC,HIXNY|ELDERTIC
HIXNY,ELDERTICDOC,ELDERTICDOC,HIXNY|ELDERTICDOC
HIXNY,ELDERUIH,ELDERUIH,HIXNY|ELDERUIH
HIXNY,ELDERUIHDOC,ELDERUIHDOC,HIXNY|ELDERUIHDOC
TXD,ELDLAN,ELDLAN,TXD|ELDLAN
TXD,ELDSAM,ELDSAM,TXD|ELDSAM
TXD,ELDSCK,ELDSCK,TXD|ELDSCK
TXD,ELDSGI,ELDSGI,TXD|ELDSGI
TXD,ELDSHA,ELDSHA,TXD|ELDSHA
TXD,ELDSLK,ELDSLK,TXD|ELDSLK
TXD,ELDSWH,ELDSWH,TXD|ELDSWH
TXD,ELDSWI,ELDSWI,TXD|ELDSWI
HECDCS,ELEANOR-NURSING,ELEANOR-NURSING,HECDCS|ELEANOR-NURSING
HECDCS,ELEMENTAL,ELEMENTAL,HECDCS|ELEMENTAL
HEALTHIX,ELEV8,ELEV8,HEALTHIX|ELEV8
HEALTHIX,ELHS,ELHS,HEALTHIX|ELHS
HEALTHIX,ELIH,ELIH,HEALTHIX|ELIH
HECDCS,ELIOT-CATSKILL,ELIOT-CATSKILL,HECDCS|ELIOT-CATSKILL
HECDCS,ELIOT-ERIE-ST,ELIOT-ERIE-ST,HECDCS|ELIOT-ERIE-ST
HECDCS,ELIOT-NEW-ROCH,ELIOT-NEW-ROCH,HECDCS|ELIOT-NEW-ROCH
HECDCS,ELITE-HEALTHCARE,ELITE-HEALTHCARE,HECDCS|ELITE-HEALTHCARE
HECDCS,ELIZABETH-BREW,ELIZABETH-BREW,HECDCS|ELIZABETH-BREW
HIXNY,ELLENVILLE,ELLENVILLE,HIXNY|ELLENVILLE
HIXNY,ELLENVILLEDOC,ELLENVILLEDOC,HIXNY|ELLENVILLEDOC
BRONX,ELLIOT_LEDERMAN,ELLIOT LEDERMAN,BRONX|ELLIOT LEDERMAN
HIXNY,ELLS,ELLS,HIXNY|ELLS
HIXNY,ELLSADOLTC,ELLSADOLTC,HIXNY|ELLSADOLTC
HIXNY,ELLSBCC,ELLSBCC,HIXNY|ELLSBCC
HIXNY,ELLSBHIPC,ELLSBHIPC,HIXNY|ELLSBHIPC
HIXNY,ELLSBWC,ELLSBWC,HIXNY|ELLSBWC
HIXNY,ELLSCTS,ELLSCTS,HIXNY|ELLSCTS
HIXNY,ELLSDERM,ELLSDERM,HIXNY|ELLSDERM
HIXNY,ELLSDOC,ELLSDOC,HIXNY|ELLSDOC
HIXNY,ELLSFHC,ELLSFHC,HIXNY|ELLSFHC
HIXNY,ELLSFPA,ELLSFPA,HIXNY|ELLSFPA
HIXNY,ELLSGSMS,ELLSGSMS,HIXNY|ELLSGSMS
HIXNY,ELLSGSNS,ELLSGSNS,HIXNY|ELLSGSNS
HIXNY,ELLSGYNS,ELLSGYNS,HIXNY|ELLSGYNS
HIXNY,ELLSID,ELLSID,HIXNY|ELLSID
HIXNY,ELLSMC,ELLSMC,HIXNY|ELLSMC
HIXNY,ELLSMCCP,ELLSMCCP,HIXNY|ELLSMCCP
HIXNY,ELLSMPCMH,ELLSMPCMH,HIXNY|ELLSMPCMH
HIXNY,ELLSMUCMH,ELLSMUCMH,HIXNY|ELLSMUCMH
HIXNY,ELLSNC,ELLSNC,HIXNY|ELLSNC
HIXNY,ELLSPCBS,ELLSPCBS,HIXNY|ELLSPCBS
HIXNY,ELLSPCCP,ELLSPCCP,HIXNY|ELLSPCCP
HIXNY,ELLSPCG,ELLSPCG,HIXNY|ELLSPCG
HIXNY,ELLSPCM,ELLSPCM,HIXNY|ELLSPCM
HIXNY,ELLSPCP,ELLSPCP,HIXNY|ELLSPCP
HIXNY,ELLSPEDC,ELLSPEDC,HIXNY|ELLSPEDC
HIXNY,ELLSPROS,ELLSPROS,HIXNY|ELLSPROS
HIXNY,ELLSSSMHC,ELLSSSMHC,HIXNY|ELLSSSMHC
HIXNY,ELLSWHC,ELLSWHC,HIXNY|ELLSWHC
HECDCS,ELMCREST-CHILD,ELMCREST-CHILD,HECDCS|ELMCREST-CHILD
HEALTHIX,ELMD,ELMD,HEALTHIX|ELMD
BRONX,ELMHURST.DUPLICATE,ELMHURST,BRONX|ELMHURST
HEALTHIX,ELMHURST.DUPLICATE1,ELMHURST,HEALTHIX|ELMHURST
HECDCS,ELMIRA-PSYCH,ELMIRA-PSYCH,HECDCS|ELMIRA-PSYCH
GRRHIO,ELMNR,ELMNR,GRRHIO|ELMNR
HEALTHIX,ELMP,ELMP,HEALTHIX|ELMP
HEALTHIX,ELMYAA,ELMYAA,HEALTHIX|ELMYAA
HEALTHIX,ELNUNU,ELNUNU,HEALTHIX|ELNUNU
HEALTHIX,ELSC,ELSC,HEALTHIX|ELSC
HECDCS,ELVIS-W-REMA,ELVIS-W-REMA,HECDCS|ELVIS-W-REMA
GRRHIO,ELYSIUM,ELYSIUM,GRRHIO|ELYSIUM
HECDCS,EMCARA-HEALTH,EMCARA-HEALTH,HECDCS|EMCARA-HEALTH
HEALTHIX,EMCG,EMCG,HEALTHIX|EMCG
HEALTHIX,EMCPC,EMCPC,HEALTHIX|EMCPC
BRONX,EMEREST_HEALTH,EMEREST HEALTH,BRONX|EMEREST HEALTH
HEALTHIX,EMMD,EMMD,HEALTHIX|EMMD
GRRHIO,EMNR,EMNR,GRRHIO|EMNR
HIXNY,EMOLST,EMOLST,HIXNY|EMOLST
GRRHIO,EMOLST.DUPLICATE1,EMOLST,GRRHIO|EMOLST
HEALTHIX,EMOLST.DUPLICATE2,EMOLST,HEALTHIX|EMOLST
HEALTHIX,EMPC,EMPC,HEALTHIX|EMPC
HIXNY,EMPIRE,EMPIRE,HIXNY|EMPIRE
BRONX,EMPIRE_BLUECROSS_BLUESHIELD,EMPIRE BLUECROSS BLUESHIELD,BRONX|EMPIRE BLUECROSS BLUESHIELD
HECDCS,EMPRESS-EMS,EMPRESS-EMS,HECDCS|EMPRESS-EMS
HEALTHIX,EMPSM,EMPSM,HEALTHIX|EMPSM
GRRHIO,EMS,EMS,GRRHIO|EMS
GRRHIO,EMSBERGAS,EMSBERGAS,GRRHIO|EMSBERGAS
GRRHIO,EMSBYRONFD,EMSBYRONFD,GRRHIO|EMSBYRONFD
GRRHIO,EMSC,EMSC,GRRHIO|EMSC
GRRHIO,EMSC2,EMSC2,GRRHIO|EMSC2
GRRHIO,EMSCANAS,EMSCANAS,GRRHIO|EMSCANAS
GRRHIO,EMSDANFD,EMSDANFD,GRRHIO|EMSDANFD
GRRHIO,EMSDARAS,EMSDARAS,GRRHIO|EMSDARAS
GRRHIO,EMSFLKAS,EMSFLKAS,GRRHIO|EMSFLKAS
GRRHIO,EMSGRCAS,EMSGRCAS,GRRHIO|EMSGRCAS
GRRHIO,EMSHENAS,EMSHENAS,GRRHIO|EMSHENAS
GRRHIO,EMSMEDFD,EMSMEDFD,GRRHIO|EMSMEDFD
GRRHIO,EMSMTMAS,EMSMTMAS,GRRHIO|EMSMTMAS
GRRHIO,EMSNWAVA,EMSNWAVA,GRRHIO|EMSNWAVA
GRRHIO,EMSOAKFD,EMSOAKFD,GRRHIO|EMSOAKFD
HEALTHIX,EMU,EMU,HEALTHIX|EMU
HECDCS,ENDOCRINE-ASSOC,ENDOCRINE-ASSOC,HECDCS|ENDOCRINE-ASSOC
BRONX,ENDOCRINE_MEDICAL_CARE,ENDOCRINE MEDICAL CARE,BRONX|ENDOCRINE MEDICAL CARE
TXD,ENDV2PART2,ENDV2PART2,TXD|ENDV2PART2
HECDCS,ENDWELL-FAM-PHYS,ENDWELL-FAM-PHYS,HECDCS|ENDWELL-FAM-PHYS
BRONX,ENGAGEWELL,ENGAGEWELL,BRONX|ENGAGEWELL
HECDCS,ENGEL-LINDGREN,ENGEL-LINDGREN,HECDCS|ENGEL-LINDGREN
TXD,ENH,ENH,TXD|ENH
GRRHIO,ENHHN,ENHHN,GRRHIO|ENHHN
HIXNY,ENNOBLE,ENNOBLE,HIXNY|ENNOBLE
TXD,ENNPC,ENNPC,TXD|ENNPC
HEALTHIX,ENNRC,ENNRC,HEALTHIX|ENNRC
HEALTHIX,ENRGC,ENRGC,HEALTHIX|ENRGC
BRONX,ENRIQUE_MEJIA,ENRIQUE MEJIA,BRONX|ENRIQUE MEJIA
GRRHIO,ENRO,ENRO,GRRHIO|ENRO
HECDCS,ENT-ALLERGY,ENT-ALLERGY,HECDCS|ENT-ALLERGY
HEALTHIX,ENTFP,ENTFP,HEALTHIX|ENTFP
TXD,ENTWNY,ENTWNY,TXD|ENTWNY
HEALTHIX,ENY,ENY,HEALTHIX|ENY
TXD,EORTHO,EORTHO,TXD|EORTHO
GRRHIO,EPC,EPC,GRRHIO|EPC
GRRHIO,EPCORK,EPCORK,GRRHIO|EPCORK
GRRHIO,EPEDS,EPEDS,GRRHIO|EPEDS
GRRHIO,EPEDS2,EPEDS2,GRRHIO|EPEDS2
HEALTHIX,EPEEKRN,EPEEKRN,HEALTHIX|EPEEKRN
HEALTHIX,EPGL,EPGL,HEALTHIX|EPGL
GRRHIO,EPID,EPID,GRRHIO|EPID
HEALTHIX,EPMC,EPMC,HEALTHIX|EPMC
HEALTHIX,EPORTC,EPORTC,HEALTHIX|EPORTC
HIXNY,EQUINOX,EQUINOX,HIXNY|EQUINOX
HECDCS,ERIVER,ERIVER,HECDCS|ERIVER
GRRHIO,ERPA,ERPA,GRRHIO|ERPA
HECDCS,ERROL-MCKENZIE,ERROL-MCKENZIE,HECDCS|ERROL-MCKENZIE
HIXNY,ESCLTBH,ESCLTBH,HIXNY|ESCLTBH
HIXNY,ESCLTBHDOC,ESCLTBHDOC,HIXNY|ESCLTBHDOC
HIXNY,ESCLTPCL,ESCLTPCL,HIXNY|ESCLTPCL
HIXNY,ESCLTPCLDOC,ESCLTPCLDOC,HIXNY|ESCLTPCLDOC
HIXNY,ESCRDPCL,ESCRDPCL,HIXNY|ESCRDPCL
HIXNY,ESCRDPCLDOC,ESCRDPCLDOC,HIXNY|ESCRDPCLDOC
TXD,ESI,ESI,TXD|ESI
GRRHIO,ESL,ESL,GRRHIO|ESL
HEALTHIX,ESMA,ESMA,HEALTHIX|ESMA
HEALTHIX,ESMAS,ESMAS,HEALTHIX|ESMAS
HEALTHIX,ESMPC,ESMPC,HEALTHIX|ESMPC
GRRHIO,ESNH,ESNH,GRRHIO|ESNH
GRRHIO,ESP,ESP,GRRHIO|ESP
GRRHIO,ESP2,ESP2,GRRHIO|ESP2
HEALTHIX,ESSC,ESSC,HEALTHIX|ESSC
HEALTHIX,ESSEC,ESSEC,HEALTHIX|ESSEC
BRONX,ESSEN_MEDICAL,ESSEN MEDICAL,BRONX|ESSEN MEDICAL
BRONX,ESSEN_NH,ESSEN NH,BRONX|ESSEN NH
HIXNY,ESSEXCNS,ESSEXCNS,HIXNY|ESSEXCNS
GRRHIO,ESTR,ESTR,GRRHIO|ESTR
HIXNY,ETOWN,ETOWN,HIXNY|ETOWN
HECDCS,EVERCARE-HOME,EVERCARE-HOME,HECDCS|EVERCARE-HOME
HECDCS,EVERGREEN,EVERGREEN,HECDCS|EVERGREEN
HIXNY,EVERGREENSA,EVERGREENSA,HIXNY|EVERGREENSA
BRONX,EVERGREEN_MEDICAL_CLINIC,EVERGREEN MEDICAL CLINIC,BRONX|EVERGREEN MEDICAL CLINIC
GRRHIO,EVG,EVG,GRRHIO|EVG
TXD,EVGRN2PART2,EVGRN2PART2,TXD|EVGRN2PART2
HEALTHIX,EVMD,EVMD,HEALTHIX|EVMD
HIXNY,EVNRAHCT,EVNRAHCT,HIXNY|EVNRAHCT
HIXNY,EVNRAHCTDOC,EVNRAHCTDOC,HIXNY|EVNRAHCTDOC
GRRHIO,EVP,EVP,GRRHIO|EVP
GRRHIO,EWBC,EWBC,GRRHIO|EWBC
TXD,EWBC,EWBC,TXD|EWBC
HEALTHIX,EWHC,EWHC,HEALTHIX|EWHC
TXD,EWHP,EWHP,TXD|EWHP
HEALTHIX,EWRN,EWRN,HEALTHIX|EWRN
HIXNY,EXCELLUS,EXCELLUS,HIXNY|EXCELLUS
HIXNY,EXCELLUSNCQA,EXCELLUSNCQA,HIXNY|EXCELLUSNCQA
HEALTHIX,EXPINC,EXPINC,HEALTHIX|EXPINC
HEALTHIX,EXSCIL,EXSCIL,HEALTHIX|EXSCIL
HEALTHIX,EXSCILGH,EXSCILGH,HEALTHIX|EXSCILGH
HEALTHIX,EXTENDEDMLTC,EXTENDEDMLTC,HEALTHIX|EXTENDEDMLTC
HEALTHIX,EYAAQI,EYAAQI,HEALTHIX|EYAAQI
HECDCS,EYE-ASSOC-CNY,EYE-ASSOC-CNY,HECDCS|EYE-ASSOC-CNY
HECDCS,EYE-CONSULT-SYR,EYE-CONSULT-SYR,HECDCS|EYE-CONSULT-SYR
HECDCS,EYE-PLAS-RECON,EYE-PLAS-RECON,HECDCS|EYE-PLAS-RECON
HECDCS,EYE-SURGEONS-CNY,EYE-SURGEONS-CNY,HECDCS|EYE-SURGEONS-CNY
HEALTHIX,EZRA,EZRA,HEALTHIX|EZRA
HEALTHIX,F,F,HEALTHIX|F
HIXNY,FAHC,FAHC,HIXNY|FAHC
HECDCS,FAIRGROUNDS-FAM,FAIRGROUNDS-FAM,HECDCS|FAIRGROUNDS-FAM
HECDCS,FAIRMOUNT-FAM,FAIRMOUNT-FAM,HECDCS|FAIRMOUNT-FAM
HECDCS,FALCON-CLINIC,FALCON-CLINIC,HECDCS|FALCON-CLINIC
HECDCS,FALLS-HOME,FALLS-HOME,HECDCS|FALLS-HOME
HECDCS,FALLSBURG-PEDS,FALLSBURG-PEDS,HECDCS|FALLSBURG-PEDS
HECDCS,FAM-CARE-HAVEN,FAM-CARE-HAVEN,HECDCS|FAM-CARE-HAVEN
HECDCS,FAM-CHILD-COUN,FAM-CHILD-COUN,HECDCS|FAM-CHILD-COUN
HECDCS,FAM-CHLDRNS-SRVC,FAM-CHLDRNS-SRVC,HECDCS|FAM-CHLDRNS-SRVC
HECDCS,FAM-FOOT-GROUP,FAM-FOOT-GROUP,HECDCS|FAM-FOOT-GROUP
HECDCS,FAM-HLTH-CNY,FAM-HLTH-CNY,HECDCS|FAM-HLTH-CNY
HECDCS,FAM-MED-CARTHAGE,FAM-MED-CARTHAGE,HECDCS|FAM-MED-CARTHAGE
HECDCS,FAM-MED-NORTH-NY,FAM-MED-NORTH-NY,HECDCS|FAM-MED-NORTH-NY
HECDCS,FAM-PLAN-SOUTH,FAM-PLAN-SOUTH,HECDCS|FAM-PLAN-SOUTH
HECDCS,FAM-PRAC-PC,FAM-PRAC-PC,HECDCS|FAM-PRAC-PC
HECDCS,FAM-PRAC-PLLC,FAM-PRAC-PLLC,HECDCS|FAM-PRAC-PLLC
HECDCS,FAM-SRVCS,FAM-SRVCS,HECDCS|FAM-SRVCS
HECDCS,FAM-SRVCS-CHEM,FAM-SRVCS-CHEM,HECDCS|FAM-SRVCS-CHEM
HECDCS,FAM-SRVCS-WEST,FAM-SRVCS-WEST,HECDCS|FAM-SRVCS-WEST
HECDCS,FAM-WOODSTOCK,FAM-WOODSTOCK,HECDCS|FAM-WOODSTOCK
HEALTHIX,FAMD,FAMD,HEALTHIX|FAMD
HECDCS,FAMILYCARE-MED,FAMILYCARE-MED,HECDCS|FAMILYCARE-MED
BRONX,FAMILY_AND_CHILDRENS_ASSOC,FAMILY AND CHILDRENS ASSOC,BRONX|FAMILY AND CHILDRENS ASSOC
BRONX,FAMILY_SERVICE_LEAGUE,FAMILY SERVICE LEAGUE,BRONX|FAMILY SERVICE LEAGUE
HEALTHIX,FANY,FANY,HEALTHIX|FANY
HECDCS,FARNHAM-FAM,FARNHAM-FAM,HECDCS|FARNHAM-FAM
GRRHIO,FARROW,FARROW,GRRHIO|FARROW
BRONX,FATIMA_PEDIATRIC_MEDICAL_CARE,FATIMA PEDIATRIC MEDICAL CARE,BRONX|FATIMA PEDIATRIC MEDICAL CARE
GRRHIO,FBH,FBH,GRRHIO|FBH
TXD,FC,FC,TXD|FC
HIXNY,FCEMS,FCEMS,HIXNY|FCEMS
HEALTHIX,FCHOICE,FCHOICE,HEALTHIX|FCHOICE
HEALTHIX,FCMED,FCMED,HEALTHIX|FCMED
TXD,FCNY,FCNY,TXD|FCNY
TXD,FCPHYS,FCPHYS,TXD|FCPHYS
HEALTHIX,FCR,FCR,HEALTHIX|FCR
TXD,FCSNGR,FCSNGR,TXD|FCSNGR
HEALTHIX,FCWP,FCWP,HEALTHIX|FCWP
HEALTHIX,FCYY,FCYY,HEALTHIX|FCYY
BRONX,FDLC_PEDIATRIC_MEDICINE,FDLC PEDIATRIC MEDICINE,BRONX|FDLC PEDIATRIC MEDICINE
HEALTHIX,FEDC,FEDC,HEALTHIX|FEDC
HEALTHIX,FEGS,FEGS,HEALTHIX|FEGS
BRONX,FELIX_FLORIMON,FELIX FLORIMON,BRONX|FELIX FLORIMON
HEALTHIX,FENDO,FENDO,HEALTHIX|FENDO
HEALTHIX,FERNCLIFF,FERNCLIFF,HEALTHIX|FERNCLIFF
HEALTHIX,FERNY,FERNY,HEALTHIX|FERNY
HECDCS,FERRER-MONAGHAN,FERRER-MONAGHAN,HECDCS|FERRER-MONAGHAN
GRRHIO,FFTH,FFTH,GRRHIO|FFTH
GRRHIO,FFTHP,FFTHP,GRRHIO|FFTHP
GRRHIO,FFTHP2,FFTHP2,GRRHIO|FFTHP2
HIXNY,FHHS,FHHS,HIXNY|FHHS
HIXNY,FHHSDOC,FHHSDOC,HIXNY|FHHSDOC
HEALTHIX,FHMC,FHMC,HEALTHIX|FHMC
TXD,FHMS2PART2,FHMS2PART2,TXD|FHMS2PART2
HEALTHIX,FHOUSE,FHOUSE,HEALTHIX|FHOUSE
HEALTHIX,FHS,FHS,HEALTHIX|FHS
TXD,FHW,FHW,TXD|FHW
HIXNY,FIDELIS,FIDELIS,HIXNY|FIDELIS
HIXNY,FIDELISNCQA,FIDELISNCQA,HIXNY|FIDELISNCQA
TXD,FIKA,FIKA,TXD|FIKA
HEALTHIX,FIME,FIME,HEALTHIX|FIME
HECDCS,FINGER-LAKES,FINGER-LAKES,HECDCS|FINGER-LAKES
HECDCS,FINGER-LAKES-CC,FINGER-LAKES-CC,HECDCS|FINGER-LAKES-CC
HECDCS,FINGER-LAKES-CTR,FINGER-LAKES-CTR,HECDCS|FINGER-LAKES-CTR
HECDCS,FINGER-LAKES-ENT,FINGER-LAKES-ENT,HECDCS|FINGER-LAKES-ENT
HECDCS,FINGER-LAKES-SPN,FINGER-LAKES-SPN,HECDCS|FINGER-LAKES-SPN
HECDCS,FINGER-LKS-DERM,FINGER-LKS-DERM,HECDCS|FINGER-LKS-DERM
HECDCS,FIRSTCARE-WALK,FIRSTCARE-WALK,HECDCS|FIRSTCARE-WALK
BRONX,FIRST_CARE_MEDICAL_GROUP,FIRST CARE MEDICAL GROUP,BRONX|FIRST CARE MEDICAL GROUP
BRONX,FIRST_CHOICE_PEDIATRICS,FIRST CHOICE PEDIATRICS,BRONX|FIRST CHOICE PEDIATRICS
BRONX,FIRST_CHOICE_PHYSICIANS,FIRST CHOICE PHYSICIANS,BRONX|FIRST CHOICE PHYSICIANS
BRONX,FIRST_STEP_MEDICAL,FIRST STEP MEDICAL,BRONX|FIRST STEP MEDICAL
BRONX,FIRST_STEP_PEDIATRICS,FIRST STEP PEDIATRICS,BRONX|FIRST STEP PEDIATRICS
HECDCS,FISHKILL-HC,FISHKILL-HC,HECDCS|FISHKILL-HC
GRRHIO,FLACRA,FLACRA,GRRHIO|FLACRA
HIXNY,FLAHALERT,FLAHALERT,HIXNY|FLAHALERT
HEALTHIX,FLAPED,FLAPED,HEALTHIX|FLAPED
HIXNY,FLBSSALERT,FLBSSALERT,HIXNY|FLBSSALERT
GRRHIO,FLCPHH,FLCPHH,GRRHIO|FLCPHH
HIXNY,FLEHALERT,FLEHALERT,HIXNY|FLEHALERT
GRRHIO,FLEIG,FLEIG,GRRHIO|FLEIG
HIXNY,FLFLALERT,FLFLALERT,HIXNY|FLFLALERT
HIXNY,FLFSALERT,FLFSALERT,HIXNY|FLFSALERT
GRRHIO,FLG,FLG,GRRHIO|FLG
GRRHIO,FLH,FLH,GRRHIO|FLH
TXD,FLH,FLH,TXD|FLH
GRRHIO,FLHA,FLHA,GRRHIO|FLHA
GRRHIO,FLHA2,FLHA2,GRRHIO|FLHA2
GRRHIO,FLHGN,FLHGN,GRRHIO|FLHGN
GRRHIO,FLHGS,FLHGS,GRRHIO|FLHGS
GRRHIO,FLHHLC,FLHHLC,GRRHIO|FLHHLC
GRRHIO,FLHTH,FLHTH,GRRHIO|FLHTH
GRRHIO,FLI,FLI,GRRHIO|FLI
GRRHIO,FLI2,FLI2,GRRHIO|FLI2
HIXNY,FLIPACDW,FLIPACDW,HIXNY|FLIPACDW
GRRHIO,FLIPAFH,FLIPAFH,GRRHIO|FLIPAFH
HIXNY,FLLHALERT,FLLHALERT,HIXNY|FLLHALERT
GRRHIO,FLMA,FLMA,GRRHIO|FLMA
GRRHIO,FLMH,FLMH,GRRHIO|FLMH
HIXNY,FLORENCE,FLORENCE,HIXNY|FLORENCE
GRRHIO,FLP2,FLP2,GRRHIO|FLP2
GRRHIO,FLPJTP,FLPJTP,GRRHIO|FLPJTP
GRRHIO,FLPN,FLPN,GRRHIO|FLPN
GRRHIO,FLR,FLR,GRRHIO|FLR
HIXNY,FLRRALERT,FLRRALERT,HIXNY|FLRRALERT
HEALTHIX,FLUENDC,FLUENDC,HEALTHIX|FLUENDC
HEALTHIX,FLUOBG,FLUOBG,HEALTHIX|FLUOBG
BRONX,FLUSHING_ANESTHESIA_PAIN_MGMT,FLUSHING ANESTHESIA PAIN MGMT,BRONX|FLUSHING ANESTHESIA PAIN MGMT
HEALTHIX,FMBMC,FMBMC,HEALTHIX|FMBMC
HEALTHIX,FMCBS,FMCBS,HEALTHIX|FMCBS
HEALTHIX,FMCP,FMCP,HEALTHIX|FMCP
TXD,FMGBRM,FMGBRM,TXD|FMGBRM
HEALTHIX,FMNY,FMNY,HEALTHIX|FMNY
HEALTHIX,FMNYC,FMNYC,HEALTHIX|FMNYC
GRRHIO,FMP,FMP,GRRHIO|FMP
GRRHIO,FMP2,FMP2,GRRHIO|FMP2
GRRHIO,FMPX77,FMPX77,GRRHIO|FMPX77
HEALTHIX,FMUC,FMUC,HEALTHIX|FMUC
HEALTHIX,FNCC,FNCC,HEALTHIX|FNCC
HEALTHIX,FNSE,FNSE,HEALTHIX|FNSE
HIXNY,FOHUDDELTA,FOHUDDELTA,HIXNY|FOHUDDELTA
HIXNY,FOLTSBROOK,FOLTSBROOK,HIXNY|FOLTSBROOK
HECDCS,FOLTSBROOK-CTR,FOLTSBROOK-CTR,HECDCS|FOLTSBROOK-CTR
HIXNY,FOLTSBROOKDOC,FOLTSBROOKDOC,HIXNY|FOLTSBROOKDOC
HECDCS,FOOTDOC-UTICA,FOOTDOC-UTICA,HECDCS|FOOTDOC-UTICA
HEALTHIX,FORDNRC,FORDNRC,HEALTHIX|FORDNRC
BRONX,FOREST_HILLS_HOSPITAL,FOREST HILLS HOSPITAL,BRONX|FOREST HILLS HOSPITAL
TXD,FORGAC,FORGAC,TXD|FORGAC
HECDCS,FORME-MED,FORME-MED,HECDCS|FORME-MED
BRONX,FORT_WASHINGTON_MEDICAL_OFFICE,FORT WASHINGTON MEDICAL OFFICE,BRONX|FORT WASHINGTON MEDICAL OFFICE
HEALTHIX,FOUNTAINH,FOUNTAINH,HEALTHIX|FOUNTAINH
HIXNY,FOURWINDS,FOURWINDS,HIXNY|FOURWINDS
HIXNY,FOURWNDS,FOURWNDS,HIXNY|FOURWNDS
GRRHIO,FP,FP,GRRHIO|FP
GRRHIO,FP2,FP2,GRRHIO|FP2
HEALTHIX,FPARAS,FPARAS,HEALTHIX|FPARAS
HEALTHIX,FPMC,FPMC,HEALTHIX|FPMC
HEALTHIX,FPMDMC,FPMDMC,HEALTHIX|FPMDMC
HEALTHIX,FPMPC,FPMPC,HEALTHIX|FPMPC
BRONX,FRANCISCO_A_MARTINEZ_PEDIATRICS,FRANCISCO A MARTINEZ PEDIATRICS,BRONX|FRANCISCO A MARTINEZ PEDIATRICS
HEALTHIX,FRANH,FRANH,HEALTHIX|FRANH
HIXNY,FRANKCHHA,FRANKCHHA,HIXNY|FRANKCHHA
BRONX,FRANKLIN_REGIONAL_HOSPITAL,FRANKLIN REGIONAL HOSPITAL,BRONX|FRANKLIN REGIONAL HOSPITAL
HECDCS,FRANZISKA-RACKER,FRANZISKA-RACKER,HECDCS|FRANZISKA-RACKER
HEALTHIX,FRBA,FRBA,HEALTHIX|FRBA
HIXNY,FRCPHS,FRCPHS,HIXNY|FRCPHS
TXD,FRESEN,FRESEN,TXD|FRESEN
HECDCS,FRIEDWALD,FRIEDWALD,HECDCS|FRIEDWALD
GRRHIO,FRIEND,FRIEND,GRRHIO|FRIEND
HEALTHIX,FRK,FRK,HEALTHIX|FRK
HEALTHIX,FRMG,FRMG,HEALTHIX|FRMG
TXD,FRSTRM,FRSTRM,TXD|FRSTRM
GRRHIO,FSCC,FSCC,GRRHIO|FSCC
HEALTHIX,FSHA,FSHA,HEALTHIX|FSHA
GRRHIO,FSL.DUPLICATE,FSL,GRRHIO|FSL
HEALTHIX,FSL.DUPLICATE1,FSL,HEALTHIX|FSL
HEALTHIX,FSMO,FSMO,HEALTHIX|FSMO
HEALTHIX,FSNR,FSNR,HEALTHIX|FSNR
HEALTHIX,FSOC,FSOC,HEALTHIX|FSOC
HEALTHIX,FTCHC,FTCHC,HEALTHIX|FTCHC
HEALTHIX,FUEMS,FUEMS,HEALTHIX|FUEMS
TXD,FULGEN,FULGEN,TXD|FULGEN
HEALTHIX,FULPED,FULPED,HEALTHIX|FULPED
HECDCS,FULTON-FAM-MED,FULTON-FAM-MED,HECDCS|FULTON-FAM-MED
HEALTHIX,FVAC,FVAC,HEALTHIX|FVAC
HEALTHIX,FVC,FVC,HEALTHIX|FVC
HEALTHIX,FWMD,FWMD,HEALTHIX|FWMD
BRONX,FW_COMPREHENSIVE_MEDICAL_CARE,FW COMPREHENSIVE MEDICAL CARE,BRONX|FW COMPREHENSIVE MEDICAL CARE
BRONX,F_SANTI_DIFRANCO,F SANTI DIFRANCO,BRONX|F SANTI DIFRANCO
HEALTHIX,G,G,HEALTHIX|G
HEALTHIX,GADMD,GADMD,HEALTHIX|GADMD
TXD,GAFAM,GAFAM,TXD|GAFAM
HEALTHIX,GAL,GAL,HEALTHIX|GAL
HEALTHIX,GAMD,GAMD,HEALTHIX|GAMD
HEALTHIX,GAMP,GAMP,HEALTHIX|GAMP
HEALTHIX,GAMPC,GAMPC,HEALTHIX|GAMPC
BRONX,GANESH_AND_KARIM_PHYSICIANS,GANESH AND KARIM PHYSICIANS,BRONX|GANESH AND KARIM PHYSICIANS
HIXNY,GANNY,GANNY,HIXNY|GANNY
BRONX,GAO_MEDICAL,GAO MEDICAL,BRONX|GAO MEDICAL
GRRHIO,GAR,GAR,GRRHIO|GAR
GRRHIO,GAR2,GAR2,GRRHIO|GAR2
HECDCS,GARNET-HEALTH,GARNET-HEALTH,HECDCS|GARNET-HEALTH
HECDCS,GARNET-HEALTH-2,GARNET-HEALTH-2,HECDCS|GARNET-HEALTH-2
HECDCS,GARNET-HEALTH-3,GARNET-HEALTH-3,HECDCS|GARNET-HEALTH-3
TXD,GASTRO,GASTRO,TXD|GASTRO
HECDCS,GASTRO-ASSOC,GASTRO-ASSOC,HECDCS|GASTRO-ASSOC
HECDCS,GASTRO-HEP,GASTRO-HEP,HECDCS|GASTRO-HEP
BRONX,GASTRO_OF_THE_BRONX,GASTRO OF THE BRONX,BRONX|GASTRO OF THE BRONX
BRONX,GATES_PEDIATRICS,GATES PEDIATRICS,BRONX|GATES PEDIATRICS
HECDCS,GATEWAY-HV,GATEWAY-HV,HECDCS|GATEWAY-HV
TXD,GAVIN,GAVIN,TXD|GAVIN
TXD,GAYLES,GAYLES,TXD|GAYLES
TXD,GBHUB2PART2,GBHUB2PART2,TXD|GBHUB2PART2
TXD,GBN,GBN,TXD|GBN
TXD,GBNBFN,GBNBFN,TXD|GBNBFN
TXD,GBNCSD,GBNCSD,TXD|GBNCSD
TXD,GBNH,GBNH,TXD|GBNH
TXD,GBNIL,GBNIL,TXD|GBNIL
TXD,GBNM,GBNM,TXD|GBNM
TXD,GBNTSI,GBNTSI,TXD|GBNTSI
TXD,GBUACO,GBUACO,TXD|GBUACO
HEALTHIX,GBVF,GBVF,HEALTHIX|GBVF
HEALTHIX,GBVFD,GBVFD,HEALTHIX|GBVFD
HEALTHIX,GC,GC,HEALTHIX|GC
HEALTHIX,GCC,GCC,HEALTHIX|GCC
TXD,GCCLAN,GCCLAN,TXD|GCCLAN
HEALTHIX,GCCNR,GCCNR,HEALTHIX|GCCNR
GRRHIO,GCDN,GCDN,GRRHIO|GCDN
HEALTHIX,GCMHF,GCMHF,HEALTHIX|GCMHF
TXD,GCMHS,GCMHS,TXD|GCMHS
GRRHIO,GCNH,GCNH,GRRHIO|GCNH
HEALTHIX,GCOG,GCOG,HEALTHIX|GCOG
HEALTHIX,GCP,GCP,HEALTHIX|GCP
HEALTHIX,GCRN,GCRN,HEALTHIX|GCRN
HEALTHIX,GCV,GCV,HEALTHIX|GCV
GRRHIO,GDMP,GDMP,GRRHIO|GDMP
TXD,GEEMOO,GEEMOO,TXD|GEEMOO
HEALTHIX,GEKG,GEKG,HEALTHIX|GEKG
HEALTHIX,GEME,GEME,HEALTHIX|GEME
BRONX,GENERAL_MEDICAL_SRVCS_OF_QUEENS,GENERAL MEDICAL SRVCS OF QUEENS,BRONX|GENERAL MEDICAL SRVCS OF QUEENS
HECDCS,GENESEE-ORTHO,GENESEE-ORTHO,HECDCS|GENESEE-ORTHO
TXD,GENPED,GENPED,TXD|GENPED
GRRHIO,GENPEDS,GENPEDS,GRRHIO|GENPEDS
HEALTHIX,GEOMC,GEOMC,HEALTHIX|GEOMC
BRONX,GEORGE_HALL,GEORGE HALL,BRONX|GEORGE HALL
HECDCS,GER-PALL,GER-PALL,HECDCS|GER-PALL
HECDCS,GEROULDS-PHARM,GEROULDS-PHARM,HECDCS|GEROULDS-PHARM
GRRHIO,GEST,GEST,GRRHIO|GEST
BRONX,GETWELL_MEDICAL,GETWELL MEDICAL,BRONX|GETWELL MEDICAL
BRONX,GET_WELL_MED-CARE,GET WELL MED-CARE,BRONX|GET WELL MED-CARE
HEALTHIX,GFCRN,GFCRN,HEALTHIX|GFCRN
HIXNY,GFHAC,GFHAC,HIXNY|GFHAC
HIXNY,GFHADKENT,GFHADKENT,HIXNY|GFHADKENT
HIXNY,GFHADKURO,GFHADKURO,HIXNY|GFHADKURO
HIXNY,GFHAMHS,GFHAMHS,HIXNY|GFHAMHS
HIXNY,GFHAMHSDOC,GFHAMHSDOC,HIXNY|GFHAMHSDOC
HIXNY,GFHAUD,GFHAUD,HIXNY|GFHAUD
HIXNY,GFHAUDHL7,GFHAUDHL7,HIXNY|GFHAUDHL7
HIXNY,GFHBHADULT,GFHBHADULT,HIXNY|GFHBHADULT
HIXNY,GFHBHIU,GFHBHIU,HIXNY|GFHBHIU
HIXNY,GFHCAMBRIDGE,GFHCAMBRIDGE,HIXNY|GFHCAMBRIDGE
HIXNY,GFHCANCER,GFHCANCER,HIXNY|GFHCANCER
HIXNY,GFHCARD,GFHCARD,HIXNY|GFHCARD
HIXNY,GFHCARDHL7,GFHCARDHL7,HIXNY|GFHCARDHL7
HIXNY,GFHCCT,GFHCCT,HIXNY|GFHCCT
HIXNY,GFHENT,GFHENT,HIXNY|GFHENT
HIXNY,GFHENTHL7,GFHENTHL7,HIXNY|GFHENTHL7
HIXNY,GFHEVERGREEN,GFHEVERGREEN,HIXNY|GFHEVERGREEN
HIXNY,GFHFM,GFHFM,HIXNY|GFHFM
HIXNY,GFHFMHL7,GFHFMHL7,HIXNY|GFHFMHL7
HIXNY,GFHGIS,GFHGIS,HIXNY|GFHGIS
HIXNY,GFHGRANVILLE,GFHGRANVILLE,HIXNY|GFHGRANVILLE
HIXNY,GFHGREENWICH,GFHGREENWICH,HIXNY|GFHGREENWICH
HIXNY,GFHGS,GFHGS,HIXNY|GFHGS
HIXNY,GFHGSHL7,GFHGSHL7,HIXNY|GFHGSHL7
HIXNY,GFHHAO,GFHHAO,HIXNY|GFHHAO
HIXNY,GFHHAOHL7,GFHHAOHL7,HIXNY|GFHHAOHL7
HIXNY,GFHHUDSON,GFHHUDSON,HIXNY|GFHHUDSON
HIXNY,GFHIM,GFHIM,HIXNY|GFHIM
HIXNY,GFHIMHL7,GFHIMHL7,HIXNY|GFHIMHL7
HIXNY,GFHINFUS,GFHINFUS,HIXNY|GFHINFUS
HIXNY,GFHIT,GFHIT,HIXNY|GFHIT
HIXNY,GFHITHL7,GFHITHL7,HIXNY|GFHITHL7
HIXNY,GFHLUNGCHEST,GFHLUNGCHEST,HIXNY|GFHLUNGCHEST
HIXNY,GFHMONITOR,GFHMONITOR,HIXNY|GFHMONITOR
HIXNY,GFHNDC,GFHNDC,HIXNY|GFHNDC
HIXNY,GFHNEURO,GFHNEURO,HIXNY|GFHNEURO
HIXNY,GFHORTH,GFHORTH,HIXNY|GFHORTH
HIXNY,GFHPTOT,GFHPTOT,HIXNY|GFHPTOT
HIXNY,GFHPTOTHL7,GFHPTOTHL7,HIXNY|GFHPTOTHL7
HIXNY,GFHPULM,GFHPULM,HIXNY|GFHPULM
HIXNY,GFHREHAB,GFHREHAB,HIXNY|GFHREHAB
HIXNY,GFHSALEM,GFHSALEM,HIXNY|GFHSALEM
HIXNY,GFHSLEEP,GFHSLEEP,HIXNY|GFHSLEEP
HIXNY,GFHSURG,GFHSURG,HIXNY|GFHSURG
HIXNY,GFHURO,GFHURO,HIXNY|GFHURO
HIXNY,GFHUROHL7,GFHUROHL7,HIXNY|GFHUROHL7
HIXNY,GFHWELL,GFHWELL,HIXNY|GFHWELL
HIXNY,GFHWELLHL7,GFHWELLHL7,HIXNY|GFHWELLHL7
HIXNY,GFHWHITEHALL,GFHWHITEHALL,HIXNY|GFHWHITEHALL
HIXNY,GFHWILTON,GFHWILTON,HIXNY|GFHWILTON
HEALTHIX,GFMC,GFMC,HEALTHIX|GFMC
HEALTHIX,GFMEP,GFMEP,HEALTHIX|GFMEP
HEALTHIX,GFMP,GFMP,HEALTHIX|GFMP
HEALTHIX,GFRN,GFRN,HEALTHIX|GFRN
HEALTHIX,GGAKBE,GGAKBE,HEALTHIX|GGAKBE
GRRHIO,GGH,GGH,GRRHIO|GGH
GRRHIO,GGHCCD,GGHCCD,GRRHIO|GGHCCD
GRRHIO,GGR,GGR,GRRHIO|GGR
GRRHIO,GGR2,GGR2,GRRHIO|GGR2
HEALTHIX,GGRC,GGRC,HEALTHIX|GGRC
HIXNY,GHBHCLNC,GHBHCLNC,HIXNY|GHBHCLNC
HEALTHIX,GHCI,GHCI,HEALTHIX|GHCI
HEALTHIX,GHMP,GHMP,HEALTHIX|GHMP
HIXNY,GHSUD,GHSUD,HIXNY|GHSUD
HEALTHIX,GHUC,GHUC,HEALTHIX|GHUC
BRONX,GILANI_MEDICAL_SRVCS,GILANI MEDICAL SRVCS,BRONX|GILANI MEDICAL SRVCS
HEALTHIX,GIMS,GIMS,HEALTHIX|GIMS
TXD,GJKS,GJKS,TXD|GJKS
HEALTHIX,GJNRC,GJNRC,HEALTHIX|GJNRC
GRRHIO,GKM,GKM,GRRHIO|GKM
GRRHIO,GKM2,GKM2,GRRHIO|GKM2
TXD,GLBHC,GLBHC,TXD|GLBHC
HECDCS,GLEN-ISLAND-CTR,GLEN-ISLAND-CTR,HECDCS|GLEN-ISLAND-CTR
TXD,GLFC,GLFC,TXD|GLFC
HEALTHIX,GLHC.DUPLICATE,GLHC,HEALTHIX|GLHC
TXD,GLMI,GLMI,TXD|GLMI
HEALTHIX,GLMPC,GLMPC,HEALTHIX|GLMPC
BRONX,GLOBAL_MEDICAL_CARE_ASSOC,GLOBAL MEDICAL CARE ASSOC,BRONX|GLOBAL MEDICAL CARE ASSOC
HECDCS,GLOVE-HOUSE,GLOVE-HOUSE,HECDCS|GLOVE-HOUSE
TXD,GLPP,GLPP,TXD|GLPP
TXD,GLPPCE,GLPPCE,TXD|GLPPCE
TXD,GLR,GLR,TXD|GLR
TXD,GLSILP,GLSILP,TXD|GLSILP
HEALTHIX,GLUM,GLUM,HEALTHIX|GLUM
GRRHIO,GLVH,GLVH,GRRHIO|GLVH
HEALTHIX,GMCA,GMCA,HEALTHIX|GMCA
HEALTHIX,GMCP,GMCP,HEALTHIX|GMCP
HIXNY,GMGDKHC,GMGDKHC,HIXNY|GMGDKHC
HIXNY,GMGEDWHC,GMGEDWHC,HIXNY|GMGEDWHC
HEALTHIX,GMGP,GMGP,HEALTHIX|GMGP
HEALTHIX,GMHC,GMHC,HEALTHIX|GMHC
HEALTHIX,GMHCF,GMHCF,HEALTHIX|GMHCF
HEALTHIX,GMLP,GMLP,HEALTHIX|GMLP
HEALTHIX,GMS,GMS,HEALTHIX|GMS
HEALTHIX,GMSC,GMSC,HEALTHIX|GMSC
HEALTHIX,GMSCQ,GMSCQ,HEALTHIX|GMSCQ
HEALTHIX,GNFPG,GNFPG,HEALTHIX|GNFPG
HEALTHIX,GNPC,GNPC,HEALTHIX|GNPC
GRRHIO,GNPDS2,GNPDS2,GRRHIO|GNPDS2
HEALTHIX,GNYCG,GNYCG,HEALTHIX|GNYCG
HEALTHIX,GNYG,GNYG,HEALTHIX|GNYG
GRRHIO,GOASM,GOASM,GRRHIO|GOASM
BRONX,GODWIN_MEDICAL,GODWIN MEDICAL,BRONX|GODWIN MEDICAL
HIXNY,GOI,GOI,HIXNY|GOI
HIXNY,GOIDOC,GOIDOC,HIXNY|GOIDOC
HECDCS,GOLD-HILL,GOLD-HILL,HECDCS|GOLD-HILL
BRONX,GOLDEN_CARE,GOLDEN CARE,BRONX|GOLDEN CARE
HIXNY,GOLUBRX,GOLUBRX,HIXNY|GOLUBRX
HECDCS,GOMATHI-PEDS,GOMATHI-PEDS,HECDCS|GOMATHI-PEDS
HEALTHIX,GOME,GOME,HEALTHIX|GOME
HIXNY,GOMEZ,GOMEZ,HIXNY|GOMEZ
HEALTHIX,GONE,GONE,HEALTHIX|GONE
HECDCS,GOOD-SHEP,GOOD-SHEP,HECDCS|GOOD-SHEP
HECDCS,GOOD-SHEP-FAIR,GOOD-SHEP-FAIR,HECDCS|GOOD-SHEP-FAIR
HEALTHIX,GOODW,GOODW,HEALTHIX|GOODW
HEALTHIX,GOODWILL,GOODWILL,HEALTHIX|GOODWILL
BRONX,GOOD_NEIGHBOR_FP,GOOD NEIGHBOR FP,BRONX|GOOD NEIGHBOR FP
BRONX,GOOD_SAMARITAN_HOSPITAL_MEDICAL_CENTER,GOOD SAMARITAN HOSPITAL MEDICAL CENTER,BRONX|GOOD SAMARITAN HOSPITAL MEDICAL CENTER
BRONX,GOOD_SHEPHERD_SERVICES,GOOD SHEPHERD SERVICES,BRONX|GOOD SHEPHERD SERVICES
HEALTHIX,GORCC,GORCC,HEALTHIX|GORCC
HEALTHIX,GOUR,GOUR,HEALTHIX|GOUR
HEALTHIX,GOUVERNEUR,GOUVERNEUR,HEALTHIX|GOUVERNEUR
TXD,GP,GP,TXD|GP
HEALTHIX,GPCE,GPCE,HEALTHIX|GPCE
HEALTHIX,GPEDS,GPEDS,HEALTHIX|GPEDS
HEALTHIX,GPGPC,GPGPC,HEALTHIX|GPGPC
GRRHIO,GPLPMM,GPLPMM,GRRHIO|GPLPMM
GRRHIO,GPLPMM2,GPLPMM2,GRRHIO|GPLPMM2
HEALTHIX,GPMP,GPMP,HEALTHIX|GPMP
GRRHIO,GPP,GPP,GRRHIO|GPP
HEALTHIX,GPPC,GPPC,HEALTHIX|GPPC
HEALTHIX,GPRRC,GPRRC,HEALTHIX|GPRRC
HEALTHIX,GRACEPLZ,GRACEPLZ,HEALTHIX|GRACEPLZ
HECDCS,GRAND-REHAB-MV,GRAND-REHAB-MV,HECDCS|GRAND-REHAB-MV
HIXNY,GRANDBARN,GRANDBARN,HIXNY|GRANDBARN
HIXNY,GRANDBARNDOC,GRANDBARNDOC,HIXNY|GRANDBARNDOC
HIXNY,GRANDCHESPA,GRANDCHESPA,HIXNY|GRANDCHESPA
HIXNY,GRANDCHESPADOC,GRANDCHESPADOC,HIXNY|GRANDCHESPADOC
HIXNY,GRANDCHITT,GRANDCHITT,HIXNY|GRANDCHITT
HIXNY,GRANDCHITTDOC,GRANDCHITTDOC,HIXNY|GRANDCHITTDOC
HIXNY,GRANDCOLP,GRANDCOLP,HIXNY|GRANDCOLP
HIXNY,GRANDCOLPDOC,GRANDCOLPDOC,HIXNY|GRANDCOLPDOC
HIXNY,GRANDGUILD,GRANDGUILD,HIXNY|GRANDGUILD
HIXNY,GRANDGUILDDOC,GRANDGUILDDOC,HIXNY|GRANDGUILDDOC
HIXNY,GRANDMOVAL,GRANDMOVAL,HIXNY|GRANDMOVAL
HIXNY,GRANDMOVALDOC,GRANDMOVALDOC,HIXNY|GRANDMOVALDOC
HIXNY,GRANDPAWL,GRANDPAWL,HIXNY|GRANDPAWL
HIXNY,GRANDPAWLDOC,GRANDPAWLDOC,HIXNY|GRANDPAWLDOC
HIXNY,GRANDRIVVAL,GRANDRIVVAL,HIXNY|GRANDRIVVAL
HIXNY,GRANDRIVVALDOC,GRANDRIVVALDOC,HIXNY|GRANDRIVVALDOC
HIXNY,GRANDROBTER,GRANDROBTER,HIXNY|GRANDROBTER
HIXNY,GRANDROBTERDOC,GRANDROBTERDOC,HIXNY|GRANDROBTERDOC
HIXNY,GRANDROME,GRANDROME,HIXNY|GRANDROME
HIXNY,GRANDROMEDOC,GRANDROMEDOC,HIXNY|GRANDROMEDOC
BRONX,GRAND_CONCOURSE_MEDICAL_PRACTICE,GRAND CONCOURSE MEDICAL PRACTICE,BRONX|GRAND CONCOURSE MEDICAL PRACTICE
HECDCS,GREAT-BING-HLTH,GREAT-BING-HLTH,HECDCS|GREAT-BING-HLTH
HECDCS,GREEN-CHIM-CM,GREEN-CHIM-CM,HECDCS|GREEN-CHIM-CM
HIXNY,GREENFDEMS,GREENFDEMS,HIXNY|GREENFDEMS
HIXNY,GREENMA,GREENMA,HIXNY|GREENMA
BRONX,GREENPOINT_PEDIATRIC,GREENPOINT PEDIATRIC,BRONX|GREENPOINT PEDIATRIC
BRONX,GREENPOINT_PEDIATRIC_CENTER,GREENPOINT PEDIATRIC CENTER,BRONX|GREENPOINT PEDIATRIC CENTER
HIXNY,GREENPOREMS,GREENPOREMS,HIXNY|GREENPOREMS
GRRHIO,GREP,GREP,GRRHIO|GREP
HECDCS,GREYSTONE,GREYSTONE,HECDCS|GREYSTONE
GRRHIO,GRFM,GRFM,GRRHIO|GRFM
GRRHIO,GRFM2,GRFM2,GRRHIO|GRFM2
HEALTHIX,GRGY,GRGY,HEALTHIX|GRGY
GRRHIO,GRHHN,GRHHN,GRRHIO|GRHHN
HEALTHIX,GRHO,GRHO,HEALTHIX|GRHO
GRRHIO,GRIM,GRIM,GRRHIO|GRIM
GRRHIO,GRIM2,GRIM2,GRRHIO|GRIM2
HEALTHIX,GRMG,GRMG,HEALTHIX|GRMG
GRRHIO,GRN,GRN,GRRHIO|GRN
HIXNY,GRNE,GRNE,HIXNY|GRNE
HEALTHIX,GRNG,GRNG,HEALTHIX|GRNG
HECDCS,GROTON-COMMUNITY,GROTON-COMMUNITY,HECDCS|GROTON-COMMUNITY
HECDCS,GROTON-FAM-PRAC,GROTON-FAM-PRAC,HECDCS|GROTON-FAM-PRAC
HEALTHIX,GRSP,GRSP,HEALTHIX|GRSP
HEALTHIX,GSB,GSB,HEALTHIX|GSB
HEALTHIX,GSH,GSH,HEALTHIX|GSH
HEALTHIX,GSI,GSI,HEALTHIX|GSI
HIXNY,GSMD,GSMD,HIXNY|GSMD
HEALTHIX,GSMP,GSMP,HEALTHIX|GSMP
HEALTHIX,GSN,GSN,HEALTHIX|GSN
HEALTHIX,GSRO,GSRO,HEALTHIX|GSRO
TXD,GSTROA,GSTROA,TXD|GSTROA
HEALTHIX,GTHHHIX,GTHHHIX,HEALTHIX|GTHHHIX
HEALTHIX,GTME,GTME,HEALTHIX|GTME
HECDCS,GUARDANT-HEALTH,GUARDANT-HEALTH,HECDCS|GUARDANT-HEALTH
HEALTHIX,GUGA,GUGA,HEALTHIX|GUGA
HECDCS,GUIDANCE-CTR,GUIDANCE-CTR,HECDCS|GUIDANCE-CTR
HIXNY,GUILDEMS,GUILDEMS,HIXNY|GUILDEMS
HECDCS,GUPTA-GUPTA,GUPTA-GUPTA,HECDCS|GUPTA-GUPTA
HEALTHIX,GURWIN,GURWIN,HEALTHIX|GURWIN
HEALTHIX,GURWINLTC,GURWINLTC,HEALTHIX|GURWINLTC
HECDCS,GUTHRIE,GUTHRIE,HECDCS|GUTHRIE
HECDCS,GUTHRIE-EXTENDED,GUTHRIE-EXTENDED,HECDCS|GUTHRIE-EXTENDED
GRRHIO,GVOBP,GVOBP,GRRHIO|GVOBP
HEALTHIX,GVPC,GVPC,HEALTHIX|GVPC
HEALTHIX,GVRNC,GVRNC,HEALTHIX|GVRNC
HEALTHIX,GWMC,GWMC,HEALTHIX|GWMC
HEALTHIX,GWMD,GWMD,HEALTHIX|GWMD
HEALTHIX,H,H,HEALTHIX|H
HECDCS,H-J-OBEID,H-J-OBEID,HECDCS|H-J-OBEID
HECDCS,H-L-ROJAS,H-L-ROJAS,HECDCS|H-L-ROJAS
GRRHIO,HAB,HAB,GRRHIO|HAB
GRRHIO,HABA,HABA,GRRHIO|HABA
GRRHIO,HABB,HABB,GRRHIO|HABB
GRRHIO,HABC,HABC,GRRHIO|HABC
GRRHIO,HABD,HABD,GRRHIO|HABD
GRRHIO,HABE,HABE,GRRHIO|HABE
GRRHIO,HABMEM,HABMEM,GRRHIO|HABMEM
HEALTHIX,HACC,HACC,HEALTHIX|HACC
TXD,HADDAD,HADDAD,TXD|HADDAD
HEALTHIX,HAHP,HAHP,HEALTHIX|HAHP
HIXNY,HAHRSN,HAHRSN,HIXNY|HAHRSN
HECDCS,HAHRSN.DUPLICATE1,HAHRSN,HECDCS|HAHRSN
HECDCS,HAHV,HAHV,HECDCS|HAHV
HECDCS,HAHV-BENEDICTINE,HAHV-BENEDICTINE,HECDCS|HAHV-BENEDICTINE
HECDCS,HAHV-KINGSTON,HAHV-KINGSTON,HECDCS|HAHV-KINGSTON
HECDCS,HAHV-KINGSTON-2,HAHV-KINGSTON-2,HECDCS|HAHV-KINGSTON-2
HECDCS,HAHV-KINGSTON-3,HAHV-KINGSTON-3,HECDCS|HAHV-KINGSTON-3
HECDCS,HAHV-MARGARET,HAHV-MARGARET,HECDCS|HAHV-MARGARET
HIXNY,HAHV837,HAHV837,HIXNY|HAHV837
HIXNY,HAHVBHMAC,HAHVBHMAC,HIXNY|HAHVBHMAC
HIXNY,HAHVMH,HAHVMH,HIXNY|HAHVMH
HIXNY,HAHVN,HAHVN,HIXNY|HAHVN
HIXNY,HAHVTKHBC,HAHVTKHBC,HIXNY|HAHVTKHBC
HEALTHIX,HAMAKC,HAMAKC,HEALTHIX|HAMAKC
HIXNY,HAMASPIK,HAMASPIK,HIXNY|HAMASPIK
HECDCS,HAMASPIK-CHOICE,HAMASPIK-CHOICE,HECDCS|HAMASPIK-CHOICE
HECDCS,HAMASPIK-ROCK,HAMASPIK-ROCK,HECDCS|HAMASPIK-ROCK
BRONX,HAMASPIK.DUPLICATE,HAMASPIK,BRONX|HAMASPIK
HEALTHIX,HAMASPIKKC,HAMASPIKKC,HEALTHIX|HAMASPIKKC
HECDCS,HAMILTON-ORTHO,HAMILTON-ORTHO,HECDCS|HAMILTON-ORTHO
HEALTHIX,HAMPCOMM,HAMPCOMM,HEALTHIX|HAMPCOMM
HEALTHIX,HAMPEDS,HAMPEDS,HEALTHIX|HAMPEDS
HECDCS,HANA-ROHAN,HANA-ROHAN,HECDCS|HANA-ROHAN
GRRHIO,HANC,HANC,GRRHIO|HANC
HECDCS,HANSRAJ-K-SHETH,HANSRAJ-K-SHETH,HECDCS|HANSRAJ-K-SHETH
HEALTHIX,HAQMO,HAQMO,HEALTHIX|HAQMO
BRONX,HARBIN_MEDICAL_CARE,HARBIN MEDICAL CARE,BRONX|HARBIN MEDICAL CARE
HEALTHIX,HARLEM,HARLEM,HEALTHIX|HARLEM
BRONX,HARLEM_FIRST_AID_MEDICAL,HARLEM FIRST AID MEDICAL,BRONX|HARLEM FIRST AID MEDICAL
BRONX,HARLEM_MEDICAL_GROUP,HARLEM MEDICAL GROUP,BRONX|HARLEM MEDICAL GROUP
BRONX,HARLEM_PEDIATRIC_ASSOCIATES,HARLEM PEDIATRIC ASSOCIATES,BRONX|HARLEM PEDIATRIC ASSOCIATES
HEALTHIX,HARLGP,HARLGP,HEALTHIX|HARLGP
HECDCS,HARMONYHEALTHLI,HARMONYHEALTHLI,HECDCS|HARMONYHEALTHLI
BRONX,HARRISON_F_MITCHELL,HARRISON F MITCHELL,BRONX|HARRISON F MITCHELL
HEALTHIX,HASA.DUPLICATE,HASA,HEALTHIX|HASA
HEALTHIX,HASC,HASC,HEALTHIX|HASC
BRONX,HAVEN_PEDIATRIC_OFFICE,HAVEN PEDIATRIC OFFICE,BRONX|HAVEN PEDIATRIC OFFICE
HEALTHIX,HBELLUTTA,HBELLUTTA,HEALTHIX|HBELLUTTA
GRRHIO,HBHS,HBHS,GRRHIO|HBHS
GRRHIO,HBHS2,HBHS2,GRRHIO|HBHS2
GRRHIO,HBHS3,HBHS3,GRRHIO|HBHS3
HECDCS,HBL-SNF,HBL-SNF,HECDCS|HBL-SNF
HEALTHIX,HCARES,HCARES,HEALTHIX|HCARES
HEALTHIX,HCC,HCC,HEALTHIX|HCC
TXD,HCCO,HCCO,TXD|HCCO
HEALTHIX,HCDO,HCDO,HEALTHIX|HCDO
HEALTHIX,HCNRHIX,HCNRHIX,HEALTHIX|HCNRHIX
HIXNY,HCP,HCP,HIXNY|HCP
HIXNY,HCPDOC,HCPDOC,HIXNY|HCPDOC
HIXNY,HCR,HCR,HIXNY|HCR
GRRHIO,HCR.DUPLICATE1,HCR,GRRHIO|HCR
HIXNY,HCRCM,HCRCM,HIXNY|HCRCM
HEALTHIX,HCRN,HCRN,HEALTHIX|HCRN
GRRHIO,HCSNY,HCSNY,GRRHIO|HCSNY
HIXNY,HDCC,HDCC,HIXNY|HDCC
GRRHIO,HDCH,HDCH,GRRHIO|HDCH
HEALTHIX,HDPH,HDPH,HEALTHIX|HDPH
HECDCS,HEALEY-MED-PRAC,HEALEY-MED-PRAC,HECDCS|HEALEY-MED-PRAC
HECDCS,HEALTH-SRVCS-NNY,HEALTH-SRVCS-NNY,HECDCS|HEALTH-SRVCS-NNY
BRONX,HEALTHFIRST,HEALTHFIRST,BRONX|HEALTHFIRST
HEALTHIX,HEALTHIX,HEALTHIX,HEALTHIX|HEALTHIX
HIXNY,HEALTHIXDAV,HEALTHIXDAV,HIXNY|HEALTHIXDAV
BRONX,HEALTHLAND_MEDICAL_CARE,HEALTHLAND MEDICAL CARE,BRONX|HEALTHLAND MEDICAL CARE
BRONX,HEALTHY_CHILDREN_PEDIATRIC_MEDICINE,HEALTHY CHILDREN PEDIATRIC MEDICINE,BRONX|HEALTHY CHILDREN PEDIATRIC MEDICINE
BRONX,HEALTH_DEVELOPMENT_AND_RESTORATIVE_MED,HEALTH DEVELOPMENT AND RESTORATIVE MED,BRONX|HEALTH DEVELOPMENT AND RESTORATIVE MED
HECDCS,HEARTH-GREEN,HEARTH-GREEN,HECDCS|HEARTH-GREEN
BRONX,HEBREW_HOME,HEBREW HOME,BRONX|HEBREW HOME
GRRHIO,HEC.DUPLICATE,HEC,GRRHIO|HEC
HECDCS,HEC.DUPLICATE1,HEC,HECDCS|HEC
HEALTHIX,HECA,HECA,HEALTHIX|HECA
HIXNY,HECAAA,HECAAA,HIXNY|HECAAA
HIXNY,HECAC,HECAC,HIXNY|HECAC
HIXNY,HECAEA,HECAEA,HIXNY|HECAEA
HIXNY,HECAG,HECAG,HIXNY|HECAG
HIXNY,HECAGCNY,HECAGCNY,HIXNY|HECAGCNY
HIXNY,HECAMMS,HECAMMS,HIXNY|HECAMMS
HIXNY,HECAMP,HECAMP,HIXNY|HECAMP
HIXNY,HECAO,HECAO,HIXNY|HECAO
HIXNY,HECAP,HECAP,HIXNY|HECAP
HIXNY,HECAPR,HECAPR,HIXNY|HECAPR
HIXNY,HECASGMS,HECASGMS,HIXNY|HECASGMS
HIXNY,HECASP,HECASP,HIXNY|HECASP
HIXNY,HECBCHP,HECBCHP,HIXNY|HECBCHP
HIXNY,HECBFP,HECBFP,HIXNY|HECBFP
HIXNY,HECBO,HECBO,HIXNY|HECBO
HEALTHIX,HECBOSTON,HECBOSTON,HEALTHIX|HECBOSTON
HIXNY,HECBP,HECBP,HIXNY|HECBP
HIXNY,HECBRP,HECBRP,HIXNY|HECBRP
HIXNY,HECCAHA,HECCAHA,HIXNY|HECCAHA
HIXNY,HECCAHC,HECCAHC,HIXNY|HECCAHC
HIXNY,HECCAM,HECCAM,HIXNY|HECCAM
HIXNY,HECCENTRALUS,HECCENTRALUS,HIXNY|HECCENTRALUS
HIXNY,HECCFAM,HECCFAM,HIXNY|HECCFAM
HIXNY,HECCFHKFP,HECCFHKFP,HIXNY|HECCFHKFP
HIXNY,HECCFM,HECCFM,HIXNY|HECCFM
HIXNY,HECCHCA,HECCHCA,HIXNY|HECCHCA
HIXNY,HECCHPMPC,HECCHPMPC,HIXNY|HECCHPMPC
HIXNY,HECCHSS,HECCHSS,HIXNY|HECCHSS
HIXNY,HECCJBA,HECCJBA,HIXNY|HECCJBA
HEALTHIX,HECCLINENT,HECCLINENT,HEALTHIX|HECCLINENT
HIXNY,HECCMA,HECCMA,HIXNY|HECCMA
HIXNY,HECCMHHC,HECCMHHC,HIXNY|HECCMHHC
HIXNY,HECCMMKMG,HECCMMKMG,HIXNY|HECCMMKMG
HIXNY,HECCMP,HECCMP,HIXNY|HECCMP
HIXNY,HECCNYAAC,HECCNYAAC,HIXNY|HECCNYAAC
HIXNY,HECCNYBSN,HECCNYBSN,HIXNY|HECCNYBSN
HIXNY,HECCNYC,HECCNYC,HIXNY|HECCNYC
HIXNY,HECCNYEC,HECCNYEC,HIXNY|HECCNYEC
HIXNY,HECCNYFC,HECCNYFC,HIXNY|HECCNYFC
HIXNY,HECCNYFS,HECCNYFS,HIXNY|HECCNYFS
HIXNY,HECCNYMP,HECCNYMP,HIXNY|HECCNYMP
HIXNY,HECCP,HECCP,HIXNY|HECCP
HIXNY,HECCRACNY,HECCRACNY,HIXNY|HECCRACNY
HIXNY,HECCRH,HECCRH,HIXNY|HECCRH
HIXNY,HECCVP,HECCVP,HIXNY|HECCVP
HIXNY,HECCWH,HECCWH,HIXNY|HECCWH
HIXNY,HECDDMCNY,HECDDMCNY,HIXNY|HECDDMCNY
HIXNY,HECDEC,HECDEC,HIXNY|HECDEC
HIXNY,HECDHC,HECDHC,HIXNY|HECDHC
HIXNY,HECDP,HECDP,HIXNY|HECDP
HIXNY,HECEAA,HECEAA,HIXNY|HECEAA
HIXNY,HECECHC,HECECHC,HIXNY|HECECHC
HIXNY,HECECS,HECECS,HIXNY|HECECS
HIXNY,HECEFP,HECEFP,HIXNY|HECEFP
HIXNY,HECEHFM,HECEHFM,HIXNY|HECEHFM
HIXNY,HECELFM,HECELFM,HIXNY|HECELFM
HIXNY,HECFAMFTGRP,HECFAMFTGRP,HIXNY|HECFAMFTGRP
HIXNY,HECFCMG,HECFCMG,HIXNY|HECFCMG
HIXNY,HECFFM,HECFFM,HIXNY|HECFFM
HIXNY,HECFGERLAKE,HECFGERLAKE,HIXNY|HECFGERLAKE
HIXNY,HECFMNNY,HECFMNNY,HIXNY|HECFMNNY
HIXNY,HECFMP,HECFMP,HIXNY|HECFMP
HIXNY,HECFPA,HECFPA,HIXNY|HECFPA
HIXNY,HECFPAPC,HECFPAPC,HIXNY|HECFPAPC
HIXNY,HECFPLANS,HECFPLANS,HIXNY|HECFPLANS
HIXNY,HECFTUTICA,HECFTUTICA,HIXNY|HECFTUTICA
HIXNY,HECG,HECG,HIXNY|HECG
HIXNY,HECGAI,HECGAI,HIXNY|HECGAI
HIXNY,HECGARNET,HECGARNET,HIXNY|HECGARNET
HIXNY,HECGFP,HECGFP,HIXNY|HECGFP
HIXNY,HECGORTHO,HECGORTHO,HIXNY|HECGORTHO
HIXNY,HECHAMORTHO,HECHAMORTHO,HIXNY|HECHAMORTHO
HIXNY,HECHANARO,HECHANARO,HIXNY|HECHANARO
HIXNY,HECHERKFAM,HECHERKFAM,HIXNY|HECHERKFAM
HIXNY,HECHLR,HECHLR,HIXNY|HECHLR
HIXNY,HECHVE,HECHVE,HIXNY|HECHVE
HIXNY,HECHVFP,HECHVFP,HIXNY|HECHVFP
HIXNY,HECHVHG,HECHVHG,HIXNY|HECHVHG
HIXNY,HECHVPC,HECHVPC,HIXNY|HECHVPC
HIXNY,HECHVRC,HECHVRC,HIXNY|HECHVRC
HIXNY,HECIFH,HECIFH,HIXNY|HECIFH
HIXNY,HECIMAA,HECIMAA,HIXNY|HECIMAA
HIXNY,HECIMI,HECIMI,HIXNY|HECIMI
HIXNY,HECKAW,HECKAW,HIXNY|HECKAW
HIXNY,HECKM,HECKM,HIXNY|HECKM
HIXNY,HECKRBL,HECKRBL,HIXNY|HECKRBL
HIXNY,HECLA,HECLA,HIXNY|HECLA
HIXNY,HECLEWIS,HECLEWIS,HIXNY|HECLEWIS
HIXNY,HECMADIRV,HECMADIRV,HIXNY|HECMADIRV
HIXNY,HECMAHV,HECMAHV,HIXNY|HECMAHV
HIXNY,HECMBP,HECMBP,HIXNY|HECMBP
HIXNY,HECMCILIP,HECMCILIP,HIXNY|HECMCILIP
HIXNY,HECMFM,HECMFM,HIXNY|HECMFM
HIXNY,HECMH,HECMH,HIXNY|HECMH
HIXNY,HECMMA,HECMMA,HIXNY|HECMMA
HIXNY,HECMONTEBR,HECMONTEBR,HIXNY|HECMONTEBR
HIXNY,HECMONTEMEA,HECMONTEMEA,HIXNY|HECMONTEMEA
HIXNY,HECMONTENR,HECMONTENR,HIXNY|HECMONTENR
HIXNY,HECMONTEVN,HECMONTEVN,HIXNY|HECMONTEVN
HIXNY,HECMONTEWP,HECMONTEWP,HIXNY|HECMONTEWP
HIXNY,HECMP,HECMP,HIXNY|HECMP
HIXNY,HECMSFHNP,HECMSFHNP,HIXNY|HECMSFHNP
HIXNY,HECMSP,HECMSP,HIXNY|HECMSP
HEALTHIX,HECMTSINAI,HECMTSINAI,HEALTHIX|HECMTSINAI
HIXNY,HECMVHS,HECMVHS,HIXNY|HECMVHS
HIXNY,HECMVWHA,HECMVWHA,HIXNY|HECMVWHA
HIXNY,HECNASCARE,HECNASCARE,HIXNY|HECNASCARE
HIXNY,HECNCAM,HECNCAM,HIXNY|HECNCAM
HIXNY,HECNCN,HECNCN,HIXNY|HECNCN
HIXNY,HECNEK,HECNEK,HIXNY|HECNEK
HIXNY,HECNMA,HECNMA,HIXNY|HECNMA
HIXNY,HECNMG,HECNMG,HIXNY|HECNMG
HIXNY,HECNNP,HECNNP,HIXNY|HECNNP
HIXNY,HECNORTHO,HECNORTHO,HIXNY|HECNORTHO
HIXNY,HECNPAM,HECNPAM,HIXNY|HECNPAM
HIXNY,HECNPEDS,HECNPEDS,HIXNY|HECNPEDS
HIXNY,HECOAI,HECOAI,HIXNY|HECOAI
HIXNY,HECOAKORCH,HECOAKORCH,HIXNY|HECOAKORCH
HIXNY,HECOCAF,HECOCAF,HIXNY|HECOCAF
HIXNY,HECOMP,HECOMP,HIXNY|HECOMP
HIXNY,HECONHD,HECONHD,HIXNY|HECONHD
HIXNY,HECOSWHTH,HECOSWHTH,HIXNY|HECOSWHTH
HIXNY,HECPA,HECPA,HIXNY|HECPA
HIXNY,HECPAHC,HECPAHC,HIXNY|HECPAHC
HIXNY,HECPAW,HECPAW,HIXNY|HECPAW
HIXNY,HECPC,HECPC,HIXNY|HECPC
HIXNY,HECPCFM,HECPCFM,HIXNY|HECPCFM
HIXNY,HECPMA,HECPMA,HIXNY|HECPMA
HIXNY,HECPR,HECPR,HIXNY|HECPR
HEALTHIX,HECPROGENITY,HECPROGENITY,HEALTHIX|HECPROGENITY
HIXNY,HECPS,HECPS,HIXNY|HECPS
HIXNY,HECRCDOMH,HECRCDOMH,HIXNY|HECRCDOMH
HIXNY,HECRH,HECRH,HIXNY|HECRH
HIXNY,HECRHFPC,HECRHFPC,HIXNY|HECRHFPC
HIXNY,HECRJW,HECRJW,HIXNY|HECRJW
HIXNY,HECRVP,HECRVP,HIXNY|HECRVP
HIXNY,HECSAACNYA,HECSAACNYA,HIXNY|HECSAACNYA
HIXNY,HECSCE,HECSCE,HIXNY|HECSCE
HIXNY,HECSGMG,HECSGMG,HIXNY|HECSGMG
HIXNY,HECSJHCCA,HECSJHCCA,HIXNY|HECSJHCCA
HIXNY,HECSJMP,HECSJMP,HIXNY|HECSJMP
HIXNY,HECSKG,HECSKG,HIXNY|HECSKG
HIXNY,HECSLP,HECSLP,HIXNY|HECSLP
HIXNY,HECSMP,HECSMP,HIXNY|HECSMP
HIXNY,HECSP,HECSP,HIXNY|HECSP
HIXNY,HECSTLUKES,HECSTLUKES,HIXNY|HECSTLUKES
HIXNY,HECTCMG,HECTCMG,HIXNY|HECTCMG
HIXNY,HECTFH,HECTFH,HIXNY|HECTFH
HEALTHIX,HECTRUETOX,HECTRUETOX,HEALTHIX|HECTRUETOX
HIXNY,HECTSJHHC,HECTSJHHC,HIXNY|HECTSJHHC
HIXNY,HECTVFP,HECTVFP,HIXNY|HECTVFP
HIXNY,HECUFHC,HECUFHC,HIXNY|HECUFHC
HIXNY,HECUHS,HECUHS,HIXNY|HECUHS
HIXNY,HECUMU,HECUMU,HIXNY|HECUMU
HIXNY,HECVDR,HECVDR,HIXNY|HECVDR
HIXNY,HECWBP,HECWBP,HIXNY|HECWBP
HIXNY,HECWHAO,HECWHAO,HIXNY|HECWHAO
HIXNY,HECWI,HECWI,HIXNY|HECWI
HIXNY,HECWP,HECWP,HIXNY|HECWP
HIXNY,HECWPC,HECWPC,HIXNY|HECWPC
HIXNY,HECWPS,HECWPS,HIXNY|HECWPS
HIXNY,HECWUC,HECWUC,HIXNY|HECWUC
HEALTHIX,HECZRT,HECZRT,HEALTHIX|HECZRT
HEALTHIX,HEDE,HEDE,HEALTHIX|HEDE
BRONX,HEIGHTS_PHYSICIANS_GROUP,HEIGHTS PHYSICIANS GROUP,BRONX|HEIGHTS PHYSICIANS GROUP
BRONX,HEIGHTS_PHYSICIANS_GROUP_MANHATTAN,HEIGHTS PHYSICIANS GROUP MANHATTAN,BRONX|HEIGHTS PHYSICIANS GROUP MANHATTAN
BRONX,HEIGHTS_PHYSICIANS_GROUP_QUEENS,HEIGHTS PHYSICIANS GROUP QUEENS,BRONX|HEIGHTS PHYSICIANS GROUP QUEENS
BRONX,HEIGHTS_PHYSICIAN_GROUP,HEIGHTS PHYSICIAN GROUP,BRONX|HEIGHTS PHYSICIAN GROUP
BRONX,HEIGHTS_PHYSICIAN_MEDICAL_CARE,HEIGHTS PHYSICIAN MEDICAL CARE,BRONX|HEIGHTS PHYSICIAN MEDICAL CARE
HEALTHIX,HEIPED,HEIPED,HEALTHIX|HEIPED
HIXNY,HEL,HEL,HIXNY|HEL
HIXNY,HELDEMS,HELDEMS,HIXNY|HELDEMS
HECDCS,HELEN-HAYES,HELEN-HAYES,HECDCS|HELEN-HAYES
BRONX,HELEN_H_CHEN,HELEN H CHEN,BRONX|HELEN H CHEN
HECDCS,HELIO-HEALTH,HELIO-HEALTH,HECDCS|HELIO-HEALTH
HEALTHIX,HEMC,HEMC,HEALTHIX|HEMC
GRRHIO,HENP,HENP,GRRHIO|HENP
HEALTHIX,HENRYSS,HENRYSS,HEALTHIX|HENRYSS
HEALTHIX,HENRYSSBH,HENRYSSBH,HEALTHIX|HENRYSSBH
HECDCS,HERITAGE-FARM,HERITAGE-FARM,HECDCS|HERITAGE-FARM
HECDCS,HERKIMER-FAM-NP,HERKIMER-FAM-NP,HECDCS|HERKIMER-FAM-NP
HEALTHIX,HGCGN,HGCGN,HEALTHIX|HGCGN
GRRHIO,HH,HH,GRRHIO|HH
HEALTHIX,HHAR,HHAR,HEALTHIX|HHAR
BRONX,HHAR-CHHA,HHAR-CHHA,BRONX|HHAR-CHHA
BRONX,HHAR-LHCSA,HHAR-LHCSA,BRONX|HHAR-LHCSA
BRONX,HHAR-LTHHC,HHAR-LTHHC,BRONX|HHAR-LTHHC
HEALTHIX,HHASS,HHASS,HEALTHIX|HHASS
HEALTHIX,HHCAR,HHCAR,HEALTHIX|HHCAR
HEALTHIX,HHCHR,HHCHR,HEALTHIX|HHCHR
HEALTHIX,HHCOL,HHCOL,HEALTHIX|HHCOL
HIXNY,HHCRESP,HHCRESP,HIXNY|HHCRESP
HEALTHIX,HHGOU,HHGOU,HEALTHIX|HHGOU
HEALTHIX,HHHFQHC,HHHFQHC,HEALTHIX|HHHFQHC
HIXNY,HHHN,HHHN,HIXNY|HHHN
TXD,HHM,HHM,TXD|HHM
HEALTHIX,HHMCK,HHMCK,HEALTHIX|HHMCK
TXD,HHPFCS,HHPFCS,TXD|HHPFCS
TXD,HHPWNY,HHPWNY,TXD|HHPWNY
HEALTHIX,HHSEA,HHSEA,HEALTHIX|HHSEA
TXD,HHUJFS,HHUJFS,TXD|HHUJFS
GRRHIO,HHUNY.DUPLICATE,HHUNY,GRRHIO|HHUNY
HECDCS,HHUNY.DUPLICATE1,HHUNY,HECDCS|HHUNY
TXD,HHUNY.DUPLICATE2,HHUNY,TXD|HHUNY
HEALTHIX,HICKMC,HICKMC,HEALTHIX|HICKMC
HECDCS,HIGH-POINT-CHIRO,HIGH-POINT-CHIRO,HECDCS|HIGH-POINT-CHIRO
HEALTHIX,HIGHCC,HIGHCC,HEALTHIX|HIGHCC
BRONX,HIGHLAND_MEDICAL_CARE,HIGHLAND MEDICAL CARE,BRONX|HIGHLAND MEDICAL CARE
HEALTHIX,HIHS,HIHS,HEALTHIX|HIHS
HEALTHIX,HILI,HILI,HEALTHIX|HILI
GRRHIO,HILL,HILL,GRRHIO|HILL
HECDCS,HILLSIDE-CHILD,HILLSIDE-CHILD,HECDCS|HILLSIDE-CHILD
GRRHIO,HIM,HIM,GRRHIO|HIM
HEALTHIX,HIPE,HIPE,HEALTHIX|HIPE
HEALTHIX,HISP,HISP,HEALTHIX|HISP
BRONX,HISPANIC_COUNSELING_CENTER,HISPANIC COUNSELING CENTER,BRONX|HISPANIC COUNSELING CENTER
BRONX,HISPANIOLA_MEDICAL_CARE,HISPANIOLA MEDICAL CARE,BRONX|HISPANIOLA MEDICAL CARE
TXD,HIXNY,HIXNY,TXD|HIXNY
HIXNY,HIXNYCONSENT,HIXNYCONSENT,HIXNY|HIXNYCONSENT
HIXNY,HIXNYECON,HIXNYECON,HIXNY|HIXNYECON
HIXNY,HIXNYPORTAL,HIXNYPORTAL,HIXNY|HIXNYPORTAL
HIXNY,HIXNYSDOH,HIXNYSDOH,HIXNY|HIXNYSDOH
GRRHIO,HLC,HLC,GRRHIO|HLC
GRRHIO,HLC3M,HLC3M,GRRHIO|HLC3M
GRRHIO,HLCLT,HLCLT,GRRHIO|HLCLT
HEALTHIX,HLESICKA,HLESICKA,HEALTHIX|HLESICKA
HEALTHIX,HLM,HLM,HEALTHIX|HLM
HEALTHIX,HLMC,HLMC,HEALTHIX|HLMC
TXD,HLNY,HLNY,TXD|HLNY
TXD,HLS,HLS,TXD|HLS
TXD,HLTHIX,HLTHIX,TXD|HLTHIX
HEALTHIX,HMC,HMC,HEALTHIX|HMC
HEALTHIX,HMCPLLC,HMCPLLC,HEALTHIX|HMCPLLC
TXD,HMGPC,HMGPC,TXD|HMGPC
HEALTHIX,HMPC,HMPC,HEALTHIX|HMPC
HEALTHIX,HMPMD,HMPMD,HEALTHIX|HMPMD
HEALTHIX,HMREC,HMREC,HEALTHIX|HMREC
HEALTHIX,HMRNS,HMRNS,HEALTHIX|HMRNS
TXD,HN,HN,TXD|HN
TXD,HNCCMH,HNCCMH,TXD|HNCCMH
TXD,HNFLMN,HNFLMN,TXD|HNFLMN
GRRHIO,HNH,HNH,GRRHIO|HNH
HEALTHIX,HNMD,HNMD,HEALTHIX|HNMD
TXD,HNNY,HNNY,TXD|HNNY
TXD,HNSTEV,HNSTEV,TXD|HNSTEV
TXD,HNSTMN,HNSTMN,TXD|HNSTMN
HEALTHIX,HNT,HNT,HEALTHIX|HNT
TXD,HNWBFN,HNWBFN,TXD|HNWBFN
TXD,HNWEVG,HNWEVG,TXD|HNWEVG
TXD,HNWLSB,HNWLSB,TXD|HNWLSB
TXD,HNYPIN,HNYPIN,TXD|HNYPIN
TXD,HNYSTL,HNYSTL,TXD|HNYSTL
TXD,HNYWMN,HNYWMN,TXD|HNYWMN
HECDCS,HOA,HOA,HECDCS|HOA
HEALTHIX,HOJM,HOJM,HEALTHIX|HOJM
HEALTHIX,HOLCC,HOLCC,HEALTHIX|HOLCC
TXD,HOME,HOME,TXD|HOME
HECDCS,HOME-HLTH-JERVIS,HOME-HLTH-JERVIS,HECDCS|HOME-HLTH-JERVIS
HIXNY,HOMETOWN,HOMETOWN,HIXNY|HOMETOWN
HIXNY,HONEST,HONEST,HIXNY|HONEST
HIXNY,HONESTCCP,HONESTCCP,HIXNY|HONESTCCP
HECDCS,HONOR-EHG,HONOR-EHG,HECDCS|HONOR-EHG
HEALTHIX,HOPEC,HOPEC,HEALTHIX|HOPEC
HECDCS,HOPEMOBILE-NP,HOPEMOBILE-NP,HECDCS|HOPEMOBILE-NP
HECDCS,HOR-FAM-MED-GRP,HOR-FAM-MED-GRP,HECDCS|HOR-FAM-MED-GRP
HECDCS,HOSP-PALL-CARE,HOSP-PALL-CARE,HECDCS|HOSP-PALL-CARE
HECDCS,HOSP-PALL-SRVCS,HOSP-PALL-SRVCS,HECDCS|HOSP-PALL-SRVCS
HECDCS,HOSP-PALL-ST-LAW,HOSP-PALL-ST-LAW,HECDCS|HOSP-PALL-ST-LAW
HECDCS,HOSPICE-JEFF,HOSPICE-JEFF,HECDCS|HOSPICE-JEFF
BRONX,HOSPITAL_FOR_SPECIAL_SURGERY,HOSPITAL FOR SPECIAL SURGERY,BRONX|HOSPITAL FOR SPECIAL SURGERY
TXD,HOSPOC,HOSPOC,TXD|HOSPOC
TXD,HOUSE,HOUSE,TXD|HOUSE
HECDCS,HOUSEL-DERM,HOUSEL-DERM,HECDCS|HOUSEL-DERM
HECDCS,HOWARD-ORTH-PROS,HOWARD-ORTH-PROS,HECDCS|HOWARD-ORTH-PROS
BRONX,HOWARD_J_HOCHSTER,HOWARD J HOCHSTER,BRONX|HOWARD J HOCHSTER
HEALTHIX,HPCA,HPCA,HEALTHIX|HPCA
HEALTHIX,HPDC,HPDC,HEALTHIX|HPDC
GRRHIO,HPFV,HPFV,GRRHIO|HPFV
HEALTHIX,HPMEDI,HPMEDI,HEALTHIX|HPMEDI
HEALTHIX,HPNM,HPNM,HEALTHIX|HPNM
HEALTHIX,HPPC,HPPC,HEALTHIX|HPPC
HEALTHIX,HPRNC,HPRNC,HEALTHIX|HPRNC
HEALTHIX,HPRNPCC,HPRNPCC,HEALTHIX|HPRNPCC
TXD,HRGPC,HRGPC,TXD|HRGPC
HEALTHIX,HRHBPH,HRHBPH,HEALTHIX|HRHBPH
TXD,HRMCC2PART2,HRMCC2PART2,TXD|HRMCC2PART2
HEALTHIX,HRNAVA,HRNAVA,HEALTHIX|HRNAVA
TXD,HRNLMV,HRNLMV,TXD|HRNLMV
TXD,HRNLWH,HRNLWH,TXD|HRNLWH
TXD,HRNMRI,HRNMRI,TXD|HRNMRI
TXD,HRNNER,HRNNER,TXD|HRNNER
TXD,HRNPC1,HRNPC1,TXD|HRNPC1
TXD,HRNPC9,HRNPC9,TXD|HRNPC9
TXD,HRNPCH,HRNPCH,TXD|HRNPCH
TXD,HRTGRN,HRTGRN,TXD|HRTGRN
TXD,HRTPRK,HRTPRK,TXD|HRTPRK
TXD,HRTVLG,HRTVLG,TXD|HRTVLG
TXD,HRZON2PART2,HRZON2PART2,TXD|HRZON2PART2
HEALTHIX,HSHUKLA,HSHUKLA,HEALTHIX|HSHUKLA
HIXNY,HSLV,HSLV,HIXNY|HSLV
HEALTHIX,HSMC,HSMC,HEALTHIX|HSMC
HEALTHIX,HSMD,HSMD,HEALTHIX|HSMD
TXD,HSPCBF,HSPCBF,TXD|HSPCBF
HIXNY,HSPH,HSPH,HIXNY|HSPH
HIXNY,HSPHREG,HSPHREG,HIXNY|HSPHREG
HEALTHIX,HSS,HSS,HEALTHIX|HSS
HEALTHIX,HSSVS,HSSVS,HEALTHIX|HSSVS
TXD,HSTCRC,HSTCRC,TXD|HSTCRC
TXD,HTHDYL,HTHDYL,TXD|HTHDYL
GRRHIO,HTMDI,HTMDI,GRRHIO|HTMDI
HEALTHIX,HUCAC,HUCAC,HEALTHIX|HUCAC
HECDCS,HUD-MED-PRAC,HUD-MED-PRAC,HECDCS|HUD-MED-PRAC
HIXNY,HUDDLE,HUDDLE,HIXNY|HUDDLE
HEALTHIX,HUDRG,HUDRG,HEALTHIX|HUDRG
HIXNY,HUDVALPED,HUDVALPED,HIXNY|HUDVALPED
TXD,HUGHES,HUGHES,TXD|HUGHES
HECDCS,HUMAN-DEV-WEST,HUMAN-DEV-WEST,HECDCS|HUMAN-DEV-WEST
HEALTHIX,HUMANAPI,HUMANAPI,HEALTHIX|HUMANAPI
HECDCS,HUMANITARIAN,HUMANITARIAN,HECDCS|HUMANITARIAN
TXD,HUNDEP,HUNDEP,TXD|HUNDEP
TXD,HUNGMH,HUNGMH,TXD|HUNGMH
HEALTHIX,HUNT,HUNT,HEALTHIX|HUNT
HEALTHIX,HUNTHILLS,HUNTHILLS,HEALTHIX|HUNTHILLS
BRONX,HUNTINGTON_HOSPITAL,HUNTINGTON HOSPITAL,BRONX|HUNTINGTON HOSPITAL
HECDCS,HURLEY-AVE-FAM,HURLEY-AVE-FAM,HECDCS|HURLEY-AVE-FAM
HECDCS,HUTCHINGS-PSYCH,HUTCHINGS-PSYCH,HECDCS|HUTCHINGS-PSYCH
HECDCS,HV-CARE-COAL,HV-CARE-COAL,HECDCS|HV-CARE-COAL
HECDCS,HV-ENDOCRINOLOGY,HV-ENDOCRINOLOGY,HECDCS|HV-ENDOCRINOLOGY
HECDCS,HV-EYE-SURGEONS,HV-EYE-SURGEONS,HECDCS|HV-EYE-SURGEONS
HECDCS,HV-FAM-PHYS,HV-FAM-PHYS,HECDCS|HV-FAM-PHYS
HECDCS,HV-FOOT-LLP,HV-FOOT-LLP,HECDCS|HV-FOOT-LLP
HECDCS,HV-GASTROENT,HV-GASTROENT,HECDCS|HV-GASTROENT
HECDCS,HV-HEALTH-GROUP,HV-HEALTH-GROUP,HECDCS|HV-HEALTH-GROUP
HECDCS,HV-HOSPICE,HV-HOSPICE,HECDCS|HV-HOSPICE
HECDCS,HV-OBGYN,HV-OBGYN,HECDCS|HV-OBGYN
HECDCS,HV-PRIMARY-CARE,HV-PRIMARY-CARE,HECDCS|HV-PRIMARY-CARE
HECDCS,HV-REGIONAL-COMM,HV-REGIONAL-COMM,HECDCS|HV-REGIONAL-COMM
HECDCS,HV-REHAB,HV-REHAB,HECDCS|HV-REHAB
HEALTHIX,HVCA,HVCA,HEALTHIX|HVCA
HECDCS,HVCCHRSN,HVCCHRSN,HECDCS|HVCCHRSN
GRRHIO,HVFP,HVFP,GRRHIO|HVFP
HEALTHIX,HVMC,HVMC,HEALTHIX|HVMC
HEALTHIX,HWCLI,HWCLI,HEALTHIX|HWCLI
BRONX,HWORK,HWORK,BRONX|HWORK
HEALTHIX,HWORKS,HWORKS,HEALTHIX|HWORKS
HEALTHIX,HZCC,HZCC,HEALTHIX|HZCC
BRONX,HZ_NP_FAMILY_HEALTH,HZ NP FAMILY HEALTH,BRONX|HZ NP FAMILY HEALTH
TXD,HamPed,HamPed,TXD|HamPed
TXD,HeC.DUPLICATE2,HeC,TXD|HeC
HEALTHIX,Healthix,Healthix,HEALTHIX|Healthix
HECDCS,I-VIEW-PSYCH,I-VIEW-PSYCH,HECDCS|I-VIEW-PSYCH
HECDCS,IA-HEALTH,IA-HEALTH,HECDCS|IA-HEALTH
HECDCS,IA-TANGOREN,IA-TANGOREN,HECDCS|IA-TANGOREN
HEALTHIX,IAHD,IAHD,HEALTHIX|IAHD
HEALTHIX,IBMD,IBMD,HEALTHIX|IBMD
HECDCS,ICAN,ICAN,HECDCS|ICAN
HEALTHIX,ICAP,ICAP,HEALTHIX|ICAP
HEALTHIX,ICAS,ICAS,HEALTHIX|ICAS
HECDCS,ICIRCLE-SRVCS,ICIRCLE-SRVCS,HECDCS|ICIRCLE-SRVCS
HIXNY,ICIRCLEFL,ICIRCLEFL,HIXNY|ICIRCLEFL
HEALTHIX,ICLBH,ICLBH,HEALTHIX|ICLBH
HEALTHIX,ICLHCC,ICLHCC,HEALTHIX|ICLHCC
HEALTHIX,ICME,ICME,HEALTHIX|ICME
HEALTHIX,ICMPC,ICMPC,HEALTHIX|ICMPC
GRRHIO,ICRL,ICRL,GRRHIO|ICRL
HEALTHIX,ICUMC,ICUMC,HEALTHIX|ICUMC
HEALTHIX,IDCC,IDCC,HEALTHIX|IDCC
HEALTHIX,IDCCH,IDCCH,HEALTHIX|IDCCH
HEALTHIX,IDHHIX,IDHHIX,HEALTHIX|IDHHIX
GRRHIO,IDMH,IDMH,GRRHIO|IDMH
HIXNY,IDX,IDX,HIXNY|IDX
HEALTHIX,IESNP,IESNP,HEALTHIX|IESNP
HEALTHIX,IFCL,IFCL,HEALTHIX|IFCL
HEALTHIX,IFDI,IFDI,HEALTHIX|IFDI
BRONX,IFH.DUPLICATE,IFH,BRONX|IFH
HEALTHIX,IFH.DUPLICATE1,IFH,HEALTHIX|IFH
HECDCS,IFH.DUPLICATE2,IFH,HECDCS|IFH
HEALTHIX,IGPEDS,IGPEDS,HEALTHIX|IGPEDS
HIXNY,IHANY,IHANY,HIXNY|IHANY
TXD,IHDE,IHDE,TXD|IHDE
TXD,IHIE,IHIE,TXD|IHIE
TXD,IHMM,IHMM,TXD|IHMM
HEALTHIX,IHPP,IHPP,HEALTHIX|IHPP
HECDCS,IJAZ-RASHID,IJAZ-RASHID,HECDCS|IJAZ-RASHID
HEALTHIX,IKPED,IKPED,HEALTHIX|IKPED
HEALTHIX,ILUMED,ILUMED,HEALTHIX|ILUMED
HIXNY,IMAACDMH,IMAACDMH,HIXNY|IMAACDMH
HIXNY,IMACLIN,IMACLIN,HIXNY|IMACLIN
HEALTHIX,IMAS,IMAS,HEALTHIX|IMAS
HIXNY,IMATCRS,IMATCRS,HIXNY|IMATCRS
GRRHIO,IMBC,IMBC,GRRHIO|IMBC
GRRHIO,IMBC2,IMBC2,GRRHIO|IMBC2
HEALTHIX,IMC,IMC,HEALTHIX|IMC
HEALTHIX,IMCNY,IMCNY,HEALTHIX|IMCNY
HEALTHIX,IMCP,IMCP,HEALTHIX|IMCP
HEALTHIX,IMG,IMG,HEALTHIX|IMG
HEALTHIX,IMMPC,IMMPC,HEALTHIX|IMMPC
HEALTHIX,IMPED,IMPED,HEALTHIX|IMPED
BRONX,IMPERIAL_MEDICAL,IMPERIAL MEDICAL,BRONX|IMPERIAL MEDICAL
HEALTHIX,INCK,INCK,HEALTHIX|INCK
TXD,IND,IND,TXD|IND
HECDCS,IND-LIV-CONS,IND-LIV-CONS,HECDCS|IND-LIV-CONS
HECDCS,IND-LIVING,IND-LIVING,HECDCS|IND-LIVING
HEALTHIX,INDECARESYS,INDECARESYS,HEALTHIX|INDECARESYS
BRONX,INDO_AMERICAN_PEDIATRICS,INDO AMERICAN PEDIATRICS,BRONX|INDO AMERICAN PEDIATRICS
TXD,INDPND,INDPND,TXD|INDPND
HIXNY,INGERPR,INGERPR,HIXNY|INGERPR
HEALTHIX,INPP,INPP,HEALTHIX|INPP
HEALTHIX,INRC,INRC,HEALTHIX|INRC
TXD,INSPIR,INSPIR,TXD|INSPIR
HIXNY,INSTITUTE,INSTITUTE,HIXNY|INSTITUTE
HIXNY,INSYNC50866,INSYNC50866,HIXNY|INSYNC50866
HECDCS,INT-HEALTH-SYR,INT-HEALTH-SYR,HECDCS|INT-HEALTH-SYR
HECDCS,INT-MED-AUBURN,INT-MED-AUBURN,HECDCS|INT-MED-AUBURN
HECDCS,INT-MED-ITHACA,INT-MED-ITHACA,HECDCS|INT-MED-ITHACA
HEALTHIX,INTBIO,INTBIO,HEALTHIX|INTBIO
TXD,INTBOR,INTBOR,TXD|INTBOR
BRONX,INTEGRA_MANAGED_CARE,INTEGRA MANAGED CARE,BRONX|INTEGRA MANAGED CARE
HECDCS,INTER-HLTH-BING,INTER-HLTH-BING,HECDCS|INTER-HLTH-BING
HECDCS,INTERFAITH-WORKS,INTERFAITH-WORKS,HECDCS|INTERFAITH-WORKS
BRONX,INTERFAITH_MEDICAL_CENTER,INTERFAITH MEDICAL CENTER,BRONX|INTERFAITH MEDICAL CENTER
HECDCS,INTGRT-RHEUM-CR,INTGRT-RHEUM-CR,HECDCS|INTGRT-RHEUM-CR
TXD,INTMED,INTMED,TXD|INTMED
TXD,INVISI,INVISI,TXD|INVISI
BRONX,INWOOD,INWOOD,BRONX|INWOOD
BRONX,INWOOD_COMMUNITY_SERVICES,INWOOD COMMUNITY SERVICES,BRONX|INWOOD COMMUNITY SERVICES
HEALTHIX,IPANS,IPANS,HEALTHIX|IPANS
HEALTHIX,IPANY,IPANY,HEALTHIX|IPANY
HEALTHIX,IPED,IPED,HEALTHIX|IPED
GRRHIO,IPEDS,IPEDS,GRRHIO|IPEDS
GRRHIO,IPEDS2,IPEDS2,GRRHIO|IPEDS2
HEALTHIX,IPMC,IPMC,HEALTHIX|IPMC
TXD,IPWELL,IPWELL,TXD|IPWELL
GRRHIO,IRAI,IRAI,GRRHIO|IRAI
HEALTHIX,IRIS,IRIS,HEALTHIX|IRIS
HEALTHIX,IRISH,IRISH,HEALTHIX|IRISH
HEALTHIX,IRMP,IRMP,HEALTHIX|IRMP
HEALTHIX,IRMS,IRMS,HEALTHIX|IRMS
HECDCS,IROQUOIS-NURSING,IROQUOIS-NURSING,HECDCS|IROQUOIS-NURSING
HEALTHIX,ISABELLA,ISABELLA,HEALTHIX|ISABELLA
HEALTHIX,ISAMP,ISAMP,HEALTHIX|ISAMP
HEALTHIX,ISGC,ISGC,HEALTHIX|ISGC
HEALTHIX,ISLHLTH,ISLHLTH,HEALTHIX|ISLHLTH
HEALTHIX,ISLMED,ISLMED,HEALTHIX|ISLMED
HEALTHIX,ISNP,ISNP,HEALTHIX|ISNP
HEALTHIX,ISVI,ISVI,HEALTHIX|ISVI
HEALTHIX,ITMD,ITMD,HEALTHIX|ITMD
HEALTHIX,IVMS,IVMS,HEALTHIX|IVMS
TXD,IVYLEA,IVYLEA,TXD|IVYLEA
GRRHIO,IWMA,IWMA,GRRHIO|IWMA
GRRHIO,IWMA2,IWMA2,GRRHIO|IWMA2
HEALTHIX,J,J,HEALTHIX|J
HEALTHIX,JACKSM,JACKSM,HEALTHIX|JACKSM
BRONX,JACQUELINE_CARRENO,JACQUELINE CARRENO,BRONX|JACQUELINE CARRENO
TXD,JAFFRI,JAFFRI,TXD|JAFFRI
HEALTHIX,JAFHC,JAFHC,HEALTHIX|JAFHC
HECDCS,JAI-K-JALAJ,JAI-K-JALAJ,HECDCS|JAI-K-JALAJ
TXD,JAMA,JAMA,TXD|JAMA
HECDCS,JAMAICA-MARIAE,JAMAICA-MARIAE,HECDCS|JAMAICA-MARIAE
HECDCS,JAMES-B-ISRAEL,JAMES-B-ISRAEL,HECDCS|JAMES-B-ISRAEL
HECDCS,JAMES-P-LENTINI,JAMES-P-LENTINI,HECDCS|JAMES-P-LENTINI
HECDCS,JAMES-PREZZANO,JAMES-PREZZANO,HECDCS|JAMES-PREZZANO
HEALTHIX,JAMFP,JAMFP,HEALTHIX|JAMFP
HEALTHIX,JANAHC,JANAHC,HEALTHIX|JANAHC
HEALTHIX,JANICEPC,JANICEPC,HEALTHIX|JANICEPC
BRONX,JANLIAN_MEDICAL_GROUP,JANLIAN MEDICAL GROUP,BRONX|JANLIAN MEDICAL GROUP
BRONX,JANNY_A_OZUNA_MENDEZ,JANNY A OZUNA MENDEZ,BRONX|JANNY A OZUNA MENDEZ
TXD,JANWES,JANWES,TXD|JANWES
HECDCS,JAROSZ-CHIRO,JAROSZ-CHIRO,HECDCS|JAROSZ-CHIRO
HEALTHIX,JASA,JASA,HEALTHIX|JASA
HECDCS,JAWONIO,JAWONIO,HECDCS|JAWONIO
HECDCS,JAY-S-SAUNDERS,JAY-S-SAUNDERS,HECDCS|JAY-S-SAUNDERS
HEALTHIX,JBFACS,JBFACS,HEALTHIX|JBFACS
HEALTHIX,JBFCS,JBFCS,HEALTHIX|JBFCS
HEALTHIX,JBJMD,JBJMD,HEALTHIX|JBJMD
HEALTHIX,JBLP,JBLP,HEALTHIX|JBLP
HEALTHIX,JCLLC,JCLLC,HEALTHIX|JCLLC
BRONX,JCL_MEDICAL,JCL MEDICAL,BRONX|JCL MEDICAL
HEALTHIX,JCMP,JCMP,HEALTHIX|JCMP
HEALTHIX,JCO,JCO,HEALTHIX|JCO
HEALTHIX,JCPC,JCPC,HEALTHIX|JCPC
HEALTHIX,JCRESP,JCRESP,HEALTHIX|JCRESP
HEALTHIX,JDDO,JDDO,HEALTHIX|JDDO
BRONX,JEAN_MARS_DAUGUSTINE,JEAN MARS DAUGUSTINE,BRONX|JEAN MARS DAUGUSTINE
HECDCS,JEFFER-CORRECT,JEFFER-CORRECT,HECDCS|JEFFER-CORRECT
HECDCS,JEFFERSON-PH,JEFFERSON-PH,HECDCS|JEFFERSON-PH
HEALTHIX,JEGMD,JEGMD,HEALTHIX|JEGMD
TXD,JEHRIO,JEHRIO,TXD|JEHRIO
TXD,JEM,JEM,TXD|JEM
TXD,JEMED,JEMED,TXD|JEMED
BRONX,JENNAN_COMPREHENSIVE_MEDICAL,JENNAN COMPREHENSIVE MEDICAL,BRONX|JENNAN COMPREHENSIVE MEDICAL
TXD,JENRUH,JENRUH,TXD|JENRUH
HEALTHIX,JEPE,JEPE,HEALTHIX|JEPE
HEALTHIX,JEPIPC,JEPIPC,HEALTHIX|JEPIPC
HEALTHIX,JEQM,JEQM,HEALTHIX|JEQM
BRONX,JERICHO_PROJECT,JERICHO PROJECT,BRONX|JERICHO PROJECT
BRONX,JEROME_MEDICAL_CENTER,JEROME MEDICAL CENTER,BRONX|JEROME MEDICAL CENTER
BRONX,JEROME_MEDICAL_OFFICE,JEROME MEDICAL OFFICE,BRONX|JEROME MEDICAL OFFICE
BRONX,JEROME_PEDIATRIC,JEROME PEDIATRIC,BRONX|JEROME PEDIATRIC
BRONX,JERRY_UDUEVBO,JERRY UDUEVBO,BRONX|JERRY UDUEVBO
HIXNY,JESSICAHALSE,JESSICAHALSE,HIXNY|JESSICAHALSE
HEALTHIX,JESTATE,JESTATE,HEALTHIX|JESTATE
HECDCS,JEWISH-HOME-CNY,JEWISH-HOME-CNY,HECDCS|JEWISH-HOME-CNY
GRRHIO,JFM,JFM,GRRHIO|JFM
GRRHIO,JFM2,JFM2,GRRHIO|JFM2
HEALTHIX,JFMP,JFMP,HEALTHIX|JFMP
TXD,JFSBEC,JFSBEC,TXD|JFSBEC
HEALTHIX,JGBMH,JGBMH,HEALTHIX|JGBMH
HEALTHIX,JGBRC,JGBRC,HEALTHIX|JGBRC
HEALTHIX,JGEORGE,JGEORGE,HEALTHIX|JGEORGE
HEALTHIX,JGMP,JGMP,HEALTHIX|JGMP
HEALTHIX,JGYM,JGYM,HEALTHIX|JGYM
HEALTHIX,JHLCM,JHLCM,HEALTHIX|JHLCM
HEALTHIX,JHLM,JHLM,HEALTHIX|JHLM
HEALTHIX,JHMC,JHMC,HEALTHIX|JHMC
HEALTHIX,JHPMD,JHPMD,HEALTHIX|JHPMD
GRRHIO,JHR,JHR,GRRHIO|JHR
HEALTHIX,JHSNC,JHSNC,HEALTHIX|JHSNC
BRONX,JIANSHENG_ZHAO,JIANSHENG ZHAO,BRONX|JIANSHENG ZHAO
BRONX,JIS_MEDICAL_OFFICE,JIS MEDICAL OFFICE,BRONX|JIS MEDICAL OFFICE
HEALTHIX,JKANG,JKANG,HEALTHIX|JKANG
HEALTHIX,JKANUM,JKANUM,HEALTHIX|JKANUM
HEALTHIX,JKMD,JKMD,HEALTHIX|JKMD
HEALTHIX,JKRAM,JKRAM,HEALTHIX|JKRAM
TXD,JLAM,JLAM,TXD|JLAM
HEALTHIX,JLBM,JLBM,HEALTHIX|JLBM
GRRHIO,JLDOP,JLDOP,GRRHIO|JLDOP
HEALTHIX,JLEIB,JLEIB,HEALTHIX|JLEIB
HEALTHIX,JLGM,JLGM,HEALTHIX|JLGM
HEALTHIX,JLIU,JLIU,HEALTHIX|JLIU
HEALTHIX,JLTE,JLTE,HEALTHIX|JLTE
HECDCS,JM-MURRAY,JM-MURRAY,HECDCS|JM-MURRAY
HEALTHIX,JMALIE,JMALIE,HEALTHIX|JMALIE
TXD,JMAND,JMAND,TXD|JMAND
HEALTHIX,JMAPC,JMAPC,HEALTHIX|JMAPC
HEALTHIX,JMC,JMC,HEALTHIX|JMC
GRRHIO,JMH,JMH,GRRHIO|JMH
TXD,JMHAUD,JMHAUD,TXD|JMHAUD
TXD,JMHBC,JMHBC,TXD|JMHBC
TXD,JMHBCN,JMHBCN,TXD|JMHBCN
TXD,JMHBRS,JMHBRS,TXD|JMHBRS
GRRHIO,JMHCCD,JMHCCD,GRRHIO|JMHCCD
TXD,JMHCP1,JMHCP1,TXD|JMHCP1
TXD,JMHCP3,JMHCP3,TXD|JMHCP3
TXD,JMHCPR,JMHCPR,TXD|JMHCPR
TXD,JMHCTS,JMHCTS,TXD|JMHCTS
TXD,JMHED,JMHED,TXD|JMHED
TXD,JMHFAM,JMHFAM,TXD|JMHFAM
TXD,JMHGS,JMHGS,TXD|JMHGS
TXD,JMHICU,JMHICU,TXD|JMHICU
TXD,JMHIMM,JMHIMM,TXD|JMHIMM
TXD,JMHIN,JMHIN,TXD|JMHIN
TXD,JMHMRI,JMHMRI,TXD|JMHMRI
TXD,JMHMSU,JMHMSU,TXD|JMHMSU
TXD,JMHNEU,JMHNEU,TXD|JMHNEU
TXD,JMHOCC,JMHOCC,TXD|JMHOCC
TXD,JMHONC,JMHONC,TXD|JMHONC
TXD,JMHOPC,JMHOPC,TXD|JMHOPC
TXD,JMHOPL,JMHOPL,TXD|JMHOPL
TXD,JMHOPR,JMHOPR,TXD|JMHOPR
TXD,JMHPAC,JMHPAC,TXD|JMHPAC
TXD,JMHPED,JMHPED,TXD|JMHPED
TXD,JMHPRE,JMHPRE,TXD|JMHPRE
TXD,JMHPT,JMHPT,TXD|JMHPT
TXD,JMHPUL,JMHPUL,TXD|JMHPUL
TXD,JMHSCN,JMHSCN,TXD|JMHSCN
TXD,JMHSLE,JMHSLE,TXD|JMHSLE
TXD,JMHSPE,JMHSPE,TXD|JMHSPE
TXD,JMHSRG,JMHSRG,TXD|JMHSRG
TXD,JMHUC,JMHUC,TXD|JMHUC
TXD,JMHULT,JMHULT,TXD|JMHULT
TXD,JMHXRY,JMHXRY,TXD|JMHXRY
HEALTHIX,JMOE,JMOE,HEALTHIX|JMOE
TXD,JMOP,JMOP,TXD|JMOP
HEALTHIX,JMPC,JMPC,HEALTHIX|JMPC
HEALTHIX,JMPLLC,JMPLLC,HEALTHIX|JMPLLC
HIXNY,JOHNEMS,JOHNEMS,HIXNY|JOHNEMS
BRONX,JOHN_T._MATHER_MEMORIAL_HOSPITAL,JOHN T. MATHER MEMORIAL HOSPITAL,BRONX|JOHN T. MATHER MEMORIAL HOSPITAL
BRONX,JOICE_SAMUEL,JOICE SAMUEL,BRONX|JOICE SAMUEL
HECDCS,JON-CHRISTOPHER,JON-CHRISTOPHER,HECDCS|JON-CHRISTOPHER
BRONX,JONATHAN_S_LEIBOWITZ,JONATHAN S LEIBOWITZ,BRONX|JONATHAN S LEIBOWITZ
TXD,JONES,JONES,TXD|JONES
TXD,JONIMG,JONIMG,TXD|JONIMG
BRONX,JOSEPH_FRAGER,JOSEPH FRAGER,BRONX|JOSEPH FRAGER
BRONX,JOSEPH_P_ADDABBO_FAMILY_HEALTH,JOSEPH P ADDABBO FAMILY HEALTH,BRONX|JOSEPH P ADDABBO FAMILY HEALTH
BRONX,JOSEPH_S_HAIMI,JOSEPH S HAIMI,BRONX|JOSEPH S HAIMI
BRONX,JOSE_A_GORIS,JOSE A GORIS,BRONX|JOSE A GORIS
BRONX,JOSE_D_ARISTY,JOSE D ARISTY,BRONX|JOSE D ARISTY
BRONX,JOSE_T_APONTE_RODRIGUEZ,JOSE T APONTE RODRIGUEZ,BRONX|JOSE T APONTE RODRIGUEZ
HEALTHIX,JOTH,JOTH,HEALTHIX|JOTH
HEALTHIX,JPMDP,JPMDP,HEALTHIX|JPMDP
HEALTHIX,JPOM,JPOM,HEALTHIX|JPOM
HEALTHIX,JPSM,JPSM,HEALTHIX|JPSM
TXD,JPedAs,JPedAs,TXD|JPedAs
TXD,JRCHC,JRCHC,TXD|JRCHC
HEALTHIX,JRMDPC,JRMDPC,HEALTHIX|JRMDPC
HEALTHIX,JROMAN,JROMAN,HEALTHIX|JROMAN
HEALTHIX,JSHENMD,JSHENMD,HEALTHIX|JSHENMD
HEALTHIX,JTM,JTM,HEALTHIX|JTM
BRONX,JUAN_A_ALBA,JUAN A ALBA,BRONX|JUAN A ALBA
BRONX,JUAN_ESTEVEZ,JUAN ESTEVEZ,BRONX|JUAN ESTEVEZ
GRRHIO,JUC2,JUC2,GRRHIO|JUC2
BRONX,JUDE_ARTHUR,JUDE ARTHUR,BRONX|JUDE ARTHUR
HECDCS,JUDITH-H-FAGER,JUDITH-H-FAGER,HECDCS|JUDITH-H-FAGER
BRONX,JUNCTION_MEDICAL,JUNCTION MEDICAL,BRONX|JUNCTION MEDICAL
BRONX,JUNCTION_MEDICAL_OFFICE,JUNCTION MEDICAL OFFICE,BRONX|JUNCTION MEDICAL OFFICE
TXD,JWCH,JWCH,TXD|JWCH
HEALTHIX,JWEM,JWEM,HEALTHIX|JWEM
HEALTHIX,JWFMD,JWFMD,HEALTHIX|JWFMD
HEALTHIX,JWMD,JWMD,HEALTHIX|JWMD
HEALTHIX,JWMP,JWMP,HEALTHIX|JWMP
HEALTHIX,JWMS,JWMS,HEALTHIX|JWMS
HEALTHIX,JYADEG,JYADEG,HEALTHIX|JYADEG
HEALTHIX,JZDP,JZDP,HEALTHIX|JZDP
HEALTHIX,JZHM,JZHM,HEALTHIX|JZHM
BRONX,J_AND_J_STAR_MEDICAL,J AND J STAR MEDICAL,BRONX|J AND J STAR MEDICAL
HECDCS,K-A-RADIOLOGICAL,K-A-RADIOLOGICAL,HECDCS|K-A-RADIOLOGICAL
HIXNY,KALEIDAXR,KALEIDAXR,HIXNY|KALEIDAXR
GRRHIO,KALIMC,KALIMC,GRRHIO|KALIMC
TXD,KALOS,KALOS,TXD|KALOS
BRONX,KALPANA_R_MASTER_PHYSICIAN,KALPANA R MASTER PHYSICIAN,BRONX|KALPANA R MASTER PHYSICIAN
HEALTHIX,KAMPC,KAMPC,HEALTHIX|KAMPC
HEALTHIX,KAMS,KAMS,HEALTHIX|KAMS
BRONX,KAM_PRIMARY_CARE,KAM PRIMARY CARE,BRONX|KAM PRIMARY CARE
HECDCS,KAREN-A-WILLIAMS,KAREN-A-WILLIAMS,HECDCS|KAREN-A-WILLIAMS
HECDCS,KAREN-LINDNER,KAREN-LINDNER,HECDCS|KAREN-LINDNER
BRONX,KARIBANDI_FAMILY_PRACTICE,KARIBANDI FAMILY PRACTICE,BRONX|KARIBANDI FAMILY PRACTICE
HECDCS,KATHERINE-LUTHER,KATHERINE-LUTHER,HECDCS|KATHERINE-LUTHER
HEALTHIX,KAZE,KAZE,HEALTHIX|KAZE
HEALTHIX,KBEN,KBEN,HEALTHIX|KBEN
HEALTHIX,KCHC,KCHC,HEALTHIX|KCHC
HEALTHIX,KCMD,KCMD,HEALTHIX|KCMD
HEALTHIX,KDCNRHIX,KDCNRHIX,HEALTHIX|KDCNRHIX
HEALTHIX,KEEG,KEEG,HEALTHIX|KEEG
HECDCS,KEEPER-CONNECT,KEEPER-CONNECT,HECDCS|KEEPER-CONNECT
HECDCS,KEEPSAKE-VILL,KEEPSAKE-VILL,HECDCS|KEEPSAKE-VILL
HECDCS,KEEVER-FAMILY,KEEVER-FAMILY,HECDCS|KEEVER-FAMILY
HECDCS,KELBERMAN-CTR,KELBERMAN-CTR,HECDCS|KELBERMAN-CTR
HECDCS,KENDAL-ITHACA,KENDAL-ITHACA,HECDCS|KENDAL-ITHACA
HECDCS,KENDAL-ON-HUDSON,KENDAL-ON-HUDSON,HECDCS|KENDAL-ON-HUDSON
HEALTHIX,KENO,KENO,HEALTHIX|KENO
HIXNY,KENSPEDSXR,KENSPEDSXR,HIXNY|KENSPEDSXR
HEALTHIX,KEPE,KEPE,HEALTHIX|KEPE
HEALTHIX,KERJJ,KERJJ,HEALTHIX|KERJJ
BRONX,KEVIN_J_GUO_MEDICAL,KEVIN J GUO MEDICAL,BRONX|KEVIN J GUO MEDICAL
TXD,KFM,KFM,TXD|KFM
GRRHIO,KFP.DUPLICATE,KFP,GRRHIO|KFP
HEALTHIX,KFP.DUPLICATE1,KFP,HEALTHIX|KFP
GRRHIO,KFP2,KFP2,GRRHIO|KFP2
HEALTHIX,KGHP,KGHP,HEALTHIX|KGHP
HEALTHIX,KGRM,KGRM,HEALTHIX|KGRM
BRONX,KHALID_CHAUGHTAI,KHALID CHAUGHTAI,BRONX|KHALID CHAUGHTAI
TXD,KHAWAR,KHAWAR,TXD|KHAWAR
HEALTHIX,KHBM,KHBM,HEALTHIX|KHBM
HEALTHIX,KHORNE,KHORNE,HEALTHIX|KHORNE
GRRHIO,KHS.DUPLICATE,KHS,GRRHIO|KHS
TXD,KHS.DUPLICATE1,KHS,TXD|KHS
TXD,KHSEPI,KHSEPI,TXD|KHSEPI
GRRHIO,KHVN,KHVN,GRRHIO|KHVN
HECDCS,KID-HYP-CON,KID-HYP-CON,HECDCS|KID-HYP-CON
TXD,KIDLNK,KIDLNK,TXD|KIDLNK
HEALTHIX,KIDSCPA,KIDSCPA,HEALTHIX|KIDSCPA
HECDCS,KIDSPEACE,KIDSPEACE,HECDCS|KIDSPEACE
HECDCS,KING-STREET,KING-STREET,HECDCS|KING-STREET
HECDCS,KINGSBORO-PSYCH,KINGSBORO-PSYCH,HECDCS|KINGSBORO-PSYCH
HEALTHIX,KINGSPM,KINGSPM,HEALTHIX|KINGSPM
HIXNY,KINGSWAY,KINGSWAY,HIXNY|KINGSWAY
HIXNY,KINGSWAYDOC,KINGSWAYDOC,HIXNY|KINGSWAYDOC
BRONX,KINGS_HARBOR,KINGS HARBOR,BRONX|KINGS HARBOR
HEALTHIX,KIPE,KIPE,HEALTHIX|KIPE
HECDCS,KIRBY-FPC,KIRBY-FPC,HECDCS|KIRBY-FPC
TXD,KLHHPM,KLHHPM,TXD|KLHHPM
HEALTHIX,KLMD,KLMD,HEALTHIX|KLMD
GRRHIO,KMH.DUPLICATE,KMH,GRRHIO|KMH
HEALTHIX,KMSP,KMSP,HEALTHIX|KMSP
HEALTHIX,KNICK,KNICK,HEALTHIX|KNICK
BRONX,KNICKERBOCKER_MEDICAL_CARE,KNICKERBOCKER MEDICAL CARE,BRONX|KNICKERBOCKER MEDICAL CARE
TXD,KOLEIN,KOLEIN,TXD|KOLEIN
HECDCS,KPH-HEALTHCARE,KPH-HEALTHCARE,HECDCS|KPH-HEALTHCARE
HEALTHIX,KPPC,KPPC,HEALTHIX|KPPC
HEALTHIX,KPPFT,KPPFT,HEALTHIX|KPPFT
TXD,KREMPA,KREMPA,TXD|KREMPA
TXD,KRXC,KRXC,TXD|KRXC
TXD,KSL,KSL,TXD|KSL
TXD,KSLDIA,KSLDIA,TXD|KSLDIA
BRONX,KS_MEDICAL,KS MEDICAL,BRONX|KS MEDICAL
HECDCS,KUDOS,KUDOS,HECDCS|KUDOS
HECDCS,KUSS-PT,KUSS-PT,HECDCS|KUSS-PT
HIXNY,KUYEMS,KUYEMS,HIXNY|KUYEMS
HEALTHIX,KVMD,KVMD,HEALTHIX|KVMD
TXD,KWLSKI,KWLSKI,TXD|KWLSKI
HECDCS,LAB-ALLIANCE-CNY,LAB-ALLIANCE-CNY,HECDCS|LAB-ALLIANCE-CNY
TXD,LABCOR,LABCOR,TXD|LABCOR
HIXNY,LABCORP,LABCORP,HIXNY|LABCORP
HECDCS,LABCORP.DUPLICATE1,LABCORP,HECDCS|LABCORP
BRONX,LAEEQ_AHMAD,LAEEQ AHMAD,BRONX|LAEEQ AHMAD
HIXNY,LAKESIDE,LAKESIDE,HIXNY|LAKESIDE
HECDCS,LAKEVIEW-HEALTH,LAKEVIEW-HEALTH,HECDCS|LAKEVIEW-HEALTH
HEALTHIX,LAMDMG,LAMDMG,HEALTHIX|LAMDMG
HIXNY,LANDMARK,LANDMARK,HIXNY|LANDMARK
HECDCS,LANDMARK-MED,LANDMARK-MED,HECDCS|LANDMARK-MED
TXD,LANE,LANE,TXD|LANE
HIXNY,LANGE,LANGE,HIXNY|LANGE
HECDCS,LANSING-CHIRO,LANSING-CHIRO,HECDCS|LANSING-CHIRO
HEALTHIX,LATIMO,LATIMO,HEALTHIX|LATIMO
TXD,LATINA,LATINA,TXD|LATINA
BRONX,LATINA_MEDICAL_OFFICE,LATINA MEDICAL OFFICE,BRONX|LATINA MEDICAL OFFICE
HEALTHIX,LATMD,LATMD,HEALTHIX|LATMD
BRONX,LAURELTON_HEART_SPECIALIST,LAURELTON HEART SPECIALIST,BRONX|LAURELTON HEART SPECIALIST
TXD,LAURRI,LAURRI,TXD|LAURRI
HECDCS,LAVESA-CESANA,LAVESA-CESANA,HECDCS|LAVESA-CESANA
BRONX,LA_CASA_DE_SALUD,LA CASA DE SALUD,BRONX|LA CASA DE SALUD
HEALTHIX,LBMD,LBMD,HEALTHIX|LBMD
GRRHIO,LBRM,LBRM,GRRHIO|LBRM
GRRHIO,LBRN,LBRN,GRRHIO|LBRN
GRRHIO,LCDN,LCDN,GRRHIO|LCDN
GRRHIO,LCHD,LCHD,GRRHIO|LCHD
TXD,LCKPED,LCKPED,TXD|LCKPED
HEALTHIX,LCME,LCME,HEALTHIX|LCME
GRRHIO,LCMHCS,LCMHCS,GRRHIO|LCMHCS
HEALTHIX,LCNRHIX,LCNRHIX,HEALTHIX|LCNRHIX
HIXNY,LCPSAMC,LCPSAMC,HIXNY|LCPSAMC
HIXNY,LCPSBPC,LCPSBPC,HIXNY|LCPSBPC
HEALTHIX,LCVAC,LCVAC,HEALTHIX|LCVAC
HEALTHIX,LDAS,LDAS,HEALTHIX|LDAS
HIXNY,LDC,LDC,HIXNY|LDC
HEALTHIX,LDCAC,LDCAC,HEALTHIX|LDCAC
HEALTHIX,LDI,LDI,HEALTHIX|LDI
TXD,LDPEDS,LDPEDS,TXD|LDPEDS
HECDCS,LE-MOYNE,LE-MOYNE,HECDCS|LE-MOYNE
HEALTHIX,LEDM,LEDM,HEALTHIX|LEDM
TXD,LEMSPC,LEMSPC,TXD|LEMSPC
BRONX,LENOX_HILL_HOSPITAL,LENOX HILL HOSPITAL,BRONX|LENOX HILL HOSPITAL
GRRHIO,LENT,LENT,GRRHIO|LENT
GRRHIO,LENTA,LENTA,GRRHIO|LENTA
HECDCS,LEOPOLDO-ABIS,LEOPOLDO-ABIS,HECDCS|LEOPOLDO-ABIS
HEALTHIX,LERINDRUG,LERINDRUG,HEALTHIX|LERINDRUG
HEALTHIX,LESC,LESC,HEALTHIX|LESC
HECDCS,LESCH-CHIRO,LESCH-CHIRO,HECDCS|LESCH-CHIRO
HEALTHIX,LESFM,LESFM,HEALTHIX|LESFM
HIXNY,LETTRICKMED,LETTRICKMED,HIXNY|LETTRICKMED
HECDCS,LEWIS,LEWIS,HECDCS|LEWIS
HECDCS,LEWIS-DOH,LEWIS-DOH,HECDCS|LEWIS-DOH
HECDCS,LEWIS-HOSPICE,LEWIS-HOSPICE,HECDCS|LEWIS-HOSPICE
TXD,LEWPED,LEWPED,TXD|LEWPED
TXD,LEWS,LEWS,TXD|LEWS
HECDCS,LEXINGTON-CTR,LEXINGTON-CTR,HECDCS|LEXINGTON-CTR
HEALTHIX,LFDO,LFDO,HEALTHIX|LFDO
HEALTHIX,LFMA,LFMA,HEALTHIX|LFMA
HEALTHIX,LFME,LFME,HEALTHIX|LFME
GRRHIO,LGPED,LGPED,GRRHIO|LGPED
GRRHIO,LGPED2,LGPED2,GRRHIO|LGPED2
HEALTHIX,LHCHIX,LHCHIX,HEALTHIX|LHCHIX
HEALTHIX,LHCI,LHCI,HEALTHIX|LHCI
HIXNY,LHCSA,LHCSA,HIXNY|LHCSA
HIXNY,LHF,LHF,HIXNY|LHF
HEALTHIX,LHGV,LHGV,HEALTHIX|LHGV
HEALTHIX,LHH,LHH,HEALTHIX|LHH
HIXNY,LHNR,LHNR,HIXNY|LHNR
HEALTHIX,LHPP,LHPP,HEALTHIX|LHPP
HECDCS,LIBERTY-RES,LIBERTY-RES,HECDCS|LIBERTY-RES
HECDCS,LIBERTY-RES-NET,LIBERTY-RES-NET,HECDCS|LIBERTY-RES-NET
HIXNY,LIBERTYARC,LIBERTYARC,HIXNY|LIBERTYARC
HIXNY,LIBFMPR,LIBFMPR,HIXNY|LIBFMPR
TXD,LIBHC,LIBHC,TXD|LIBHC
HIXNY,LIBHOUSE,LIBHOUSE,HIXNY|LIBHOUSE
HEALTHIX,LICC,LICC,HEALTHIX|LICC
HEALTHIX,LICD,LICD,HEALTHIX|LICD
HEALTHIX,LICH,LICH,HEALTHIX|LICH
HEALTHIX,LIDERM,LIDERM,HEALTHIX|LIDERM
TXD,LIEBER,LIEBER,TXD|LIEBER
HECDCS,LIFE-CONN-CNY,LIFE-CONN-CNY,HECDCS|LIFE-CONN-CNY
HECDCS,LIFEPLAN-CCO-NY,LIFEPLAN-CCO-NY,HECDCS|LIFEPLAN-CCO-NY
HEALTHIX,LIFQHC,LIFQHC,HEALTHIX|LIFQHC
HEALTHIX,LIGBH,LIGBH,HEALTHIX|LIGBH
HEALTHIX,LIGHTHP,LIGHTHP,HEALTHIX|LIGHTHP
HEALTHIX,LIH,LIH,HEALTHIX|LIH
HEALTHIX,LIHW,LIHW,HEALTHIX|LIHW
HEALTHIX,LIHWM,LIHWM,HEALTHIX|LIHWM
HEALTHIX,LIJ,LIJ,HEALTHIX|LIJ
HEALTHIX,LIJFH,LIJFH,HEALTHIX|LIJFH
HEALTHIX,LIJMC,LIJMC,HEALTHIX|LIJMC
HEALTHIX,LIJVS,LIJVS,HEALTHIX|LIJVS
BRONX,LILI_REN,LILI REN,BRONX|LILI REN
HEALTHIX,LILUMPC,LILUMPC,HEALTHIX|LILUMPC
HEALTHIX,LIMAMI,LIMAMI,HEALTHIX|LIMAMI
HEALTHIX,LIMCS,LIMCS,HEALTHIX|LIMCS
HEALTHIX,LIMG,LIMG,HEALTHIX|LIMG
HEALTHIX,LINC,LINC,HEALTHIX|LINC
HIXNY,LINCOLN,LINCOLN,HIXNY|LINCOLN
BRONX,LINGLING_ZENG_PEDIATRICS,LINGLING ZENG PEDIATRICS,BRONX|LINGLING ZENG PEDIATRICS
HEALTHIX,LIPA,LIPA,HEALTHIX|LIPA
HEALTHIX,LIPBPC,LIPBPC,HEALTHIX|LIPBPC
HEALTHIX,LIPC,LIPC,HEALTHIX|LIPC
HEALTHIX,LIPEDS,LIPEDS,HEALTHIX|LIPEDS
HEALTHIX,LISH,LISH,HEALTHIX|LISH
HEALTHIX,LISHRIV,LISHRIV,HEALTHIX|LISHRIV
HEALTHIX,LISP,LISP,HEALTHIX|LISP
HEALTHIX,LISRM,LISRM,HEALTHIX|LISRM
HECDCS,LITTLE-ONES-PEDS,LITTLE-ONES-PEDS,HECDCS|LITTLE-ONES-PEDS
HEALTHIX,LITTLESIS,LITTLESIS,HEALTHIX|LITTLESIS
HECDCS,LIVERPOOL-CHIRO,LIVERPOOL-CHIRO,HECDCS|LIVERPOOL-CHIRO
HECDCS,LIVERPOOL-FAM,LIVERPOOL-FAM,HECDCS|LIVERPOOL-FAM
HEALTHIX,LJMD,LJMD,HEALTHIX|LJMD
HEALTHIX,LKCN,LKCN,HEALTHIX|LKCN
TXD,LKM,LKM,TXD|LKM
TXD,LKORTH,LKORTH,TXD|LKORTH
HEALTHIX,LKOZER,LKOZER,HEALTHIX|LKOZER
TXD,LKSHR,LKSHR,TXD|LKSHR
HEALTHIX,LLMC,LLMC,HEALTHIX|LLMC
HEALTHIX,LLZENG,LLZENG,HEALTHIX|LLZENG
GRRHIO,LMA.DUPLICATE,LMA,GRRHIO|LMA
TXD,LMA.DUPLICATE1,LMA,TXD|LMA
HEALTHIX,LMAPC,LMAPC,HEALTHIX|LMAPC
HEALTHIX,LMARSH,LMARSH,HEALTHIX|LMARSH
GRRHIO,LMC.DUPLICATE,LMC,GRRHIO|LMC
HEALTHIX,LMDC,LMDC,HEALTHIX|LMDC
HEALTHIX,LMDNY,LMDNY,HEALTHIX|LMDNY
HEALTHIX,LMDP,LMDP,HEALTHIX|LMDP
TXD,LMH,LMH,TXD|LMH
HEALTHIX,LMJMD,LMJMD,HEALTHIX|LMJMD
HIXNY,LMNON,LMNON,HIXNY|LMNON
HEALTHIX,LMPC,LMPC,HEALTHIX|LMPC
HEALTHIX,LMPNRC,LMPNRC,HEALTHIX|LMPNRC
HEALTHIX,LNDMK,LNDMK,HEALTHIX|LNDMK
TXD,LNDMRK,LNDMRK,TXD|LNDMRK
HIXNY,LNDNR,LNDNR,HIXNY|LNDNR
HEALTHIX,LNH,LNH,HEALTHIX|LNH
HEALTHIX,LNMD,LNMD,HEALTHIX|LNMD
BRONX,LNW_MEDICAL_OFFICE,LNW MEDICAL OFFICE,BRONX|LNW MEDICAL OFFICE
HECDCS,LOEB-HOUSE,LOEB-HOUSE,HECDCS|LOEB-HOUSE
HEALTHIX,LOMD,LOMD,HEALTHIX|LOMD
HECDCS,LONGEVITY,LONGEVITY,HECDCS|LONGEVITY
BRONX,LONG_ISLAND_CONSULTATION_CENTER,LONG ISLAND CONSULTATION CENTER,BRONX|LONG ISLAND CONSULTATION CENTER
BRONX,LONG_ISLAND_JEWISH_HOSPITAL,LONG ISLAND JEWISH HOSPITAL,BRONX|LONG ISLAND JEWISH HOSPITAL
HEALTHIX,LOQMC,LOQMC,HEALTHIX|LOQMC
HECDCS,LOR-BERNADINE,LOR-BERNADINE,HECDCS|LOR-BERNADINE
HECDCS,LOR-BUCKLEY,LOR-BUCKLEY,HECDCS|LOR-BUCKLEY
HECDCS,LOR-CHURCHILL,LOR-CHURCHILL,HECDCS|LOR-CHURCHILL
HECDCS,LOR-COMM-RES,LOR-COMM-RES,HECDCS|LOR-COMM-RES
HECDCS,LOR-HEALTH-REHAB,LOR-HEALTH-REHAB,HECDCS|LOR-HEALTH-REHAB
HECDCS,LOR-MCAULIFFE,LOR-MCAULIFFE,HECDCS|LOR-MCAULIFFE
HECDCS,LOR-NOTT,LOR-NOTT,HECDCS|LOR-NOTT
HECDCS,LOR-NOTT-RETIRE,LOR-NOTT-RETIRE,HECDCS|LOR-NOTT-RETIRE
HECDCS,LOR-SEDGWICK,LOR-SEDGWICK,HECDCS|LOR-SEDGWICK
HECDCS,LOR-ST-ANTHONY,LOR-ST-ANTHONY,HECDCS|LOR-ST-ANTHONY
HEALTHIX,LORA,LORA,HEALTHIX|LORA
HECDCS,LORETTO-MGMT,LORETTO-MGMT,HECDCS|LORETTO-MGMT
HECDCS,LOURDES-HH,LOURDES-HH,HECDCS|LOURDES-HH
BRONX,LOVING_CARE_MEDICAL,LOVING CARE MEDICAL,BRONX|LOVING CARE MEDICAL
GRRHIO,LPED,LPED,GRRHIO|LPED
GRRHIO,LPED2,LPED2,GRRHIO|LPED2
HEALTHIX,LPOSIT,LPOSIT,HEALTHIX|LPOSIT
GRRHIO,LPP,LPP,GRRHIO|LPP
GRRHIO,LPP2,LPP2,GRRHIO|LPP2
GRRHIO,LRNH,LRNH,GRRHIO|LRNH
GRRHIO,LRNHA,LRNHA,GRRHIO|LRNHA
HEALTHIX,LRTN,LRTN,HEALTHIX|LRTN
TXD,LSFM,LSFM,TXD|LSFM
HEALTHIX,LSHEM,LSHEM,HEALTHIX|LSHEM
HEALTHIX,LSMD,LSMD,HEALTHIX|LSMD
GRRHIO,LSP,LSP,GRRHIO|LSP
TXD,LSPC,LSPC,TXD|LSPC
HIXNY,LSPPS,LSPPS,HIXNY|LSPPS
HEALTHIX,LSSNY,LSSNY,HEALTHIX|LSSNY
GRRHIO,LTA,LTA,GRRHIO|LTA
GRRHIO,LTC,LTC,GRRHIO|LTC
GRRHIO,LTCH,LTCH,GRRHIO|LTCH
HEALTHIX,LUCIENMD,LUCIENMD,HEALTHIX|LUCIENMD
BRONX,LUIS_C_NINA_ORTEGA,LUIS C NINA ORTEGA,BRONX|LUIS C NINA ORTEGA
BRONX,LUIS_GUERRERO,LUIS GUERRERO,BRONX|LUIS GUERRERO
BRONX,LUIS_O_HERRERA_PEDIATRICS_AND_ADOLESCENCE,LUIS O HERRERA PEDIATRICS AND ADOLESCENCE,BRONX|LUIS O HERRERA PEDIATRICS AND ADOLESCENCE
BRONX,LUIZA_GUSEYNOV_PHYSICIAN,LUIZA GUSEYNOV PHYSICIAN,BRONX|LUIZA GUSEYNOV PHYSICIAN
HIXNY,LUMPSYC,LUMPSYC,HIXNY|LUMPSYC
HECDCS,LUTHERAN-CTR,LUTHERAN-CTR,HECDCS|LUTHERAN-CTR
GRRHIO,LVASI,LVASI,GRRHIO|LVASI
HEALTHIX,LWMCPC,LWMCPC,HEALTHIX|LWMCPC
HEALTHIX,LXHH,LXHH,HEALTHIX|LXHH
HEALTHIX,LXHHGV,LXHHGV,HEALTHIX|LXHHGV
HEALTHIX,LXHHME,LXHHME,HEALTHIX|LXHHME
HEALTHIX,LXMM,LXMM,HEALTHIX|LXMM
HEALTHIX,LYONPC,LYONPC,HEALTHIX|LYONPC
HEALTHIX,LYPE,LYPE,HEALTHIX|LYPE
HEALTHIX,LYSM,LYSM,HEALTHIX|LYSM
BRONX,L_BUKHMAN,L BUKHMAN,BRONX|L BUKHMAN
HEALTHIX,M,M,HEALTHIX|M
GRRHIO,MA,MA,GRRHIO|MA
HEALTHIX,MACE,MACE,HEALTHIX|MACE
HECDCS,MAD-CTY-HEALTH,MAD-CTY-HEALTH,HECDCS|MAD-CTY-HEALTH
HEALTHIX,MADC,MADC,HEALTHIX|MADC
HECDCS,MADISON-IRVING,MADISON-IRVING,HECDCS|MADISON-IRVING
HECDCS,MADISON-MH-DEPT,MADISON-MH-DEPT,HECDCS|MADISON-MH-DEPT
HEALTHIX,MAEH,MAEH,HEALTHIX|MAEH
HEALTHIX,MAFR,MAFR,HEALTHIX|MAFR
BRONX,MAGNUM_PHYSICIANS,MAGNUM PHYSICIANS,BRONX|MAGNUM PHYSICIANS
HIXNY,MAGPHARM,MAGPHARM,HIXNY|MAGPHARM
BRONX,MAIMONIDES_MEDICAL_CENTER,MAIMONIDES MEDICAL CENTER,BRONX|MAIMONIDES MEDICAL CENTER
BRONX,MAIMONIDES_MIDWOOD_COMMUNITY_HOSPITAL,MAIMONIDES MIDWOOD COMMUNITY HOSPITAL,BRONX|MAIMONIDES MIDWOOD COMMUNITY HOSPITAL
HECDCS,MAIN-ST-HEALTH,MAIN-ST-HEALTH,HECDCS|MAIN-ST-HEALTH
HECDCS,MAIN-STREET-PEDS,MAIN-STREET-PEDS,HECDCS|MAIN-STREET-PEDS
BRONX,MAIN_STREET_PEDIATRICS,MAIN STREET PEDIATRICS,BRONX|MAIN STREET PEDIATRICS
HECDCS,MAJAK-PODIATRY,MAJAK-PODIATRY,HECDCS|MAJAK-PODIATRY
HIXNY,MALMEDCARE,MALMEDCARE,HIXNY|MALMEDCARE
HIXNY,MALONEEMS,MALONEEMS,HIXNY|MALONEEMS
HIXNY,MALTAEMS,MALTAEMS,HIXNY|MALTAEMS
HEALTHIX,MAMDPC,MAMDPC,HEALTHIX|MAMDPC
HEALTHIX,MAMPC,MAMPC,HEALTHIX|MAMPC
HECDCS,MAN-PSYCH,MAN-PSYCH,HECDCS|MAN-PSYCH
HEALTHIX,MAND,MAND,HEALTHIX|MAND
GRRHIO,MANH,MANH,GRRHIO|MANH
BRONX,MANHATTAN_ADVANCED_MEDICAL,MANHATTAN ADVANCED MEDICAL,BRONX|MANHATTAN ADVANCED MEDICAL
HEALTHIX,MANHQP,MANHQP,HEALTHIX|MANHQP
HEALTHIX,MANNVM,MANNVM,HEALTHIX|MANNVM
HEALTHIX,MANPEDA,MANPEDA,HEALTHIX|MANPEDA
HIXNY,MANUELASTRUC,MANUELASTRUC,HIXNY|MANUELASTRUC
HECDCS,MAPLEWOOD,MAPLEWOOD,HECDCS|MAPLEWOOD
HEALTHIX,MAPO,MAPO,HEALTHIX|MAPO
HEALTHIX,MARBLE,MARBLE,HEALTHIX|MARBLE
GRRHIO,MARC,MARC,GRRHIO|MARC
HECDCS,MARCELLUS-FAM,MARCELLUS-FAM,HECDCS|MARCELLUS-FAM
HECDCS,MARCELLUS-MED,MARCELLUS-MED,HECDCS|MARCELLUS-MED
BRONX,MARCIA_MORGAN,MARCIA MORGAN,BRONX|MARCIA MORGAN
HEALTHIX,MARIAREGINA,MARIAREGINA,HEALTHIX|MARIAREGINA
HEALTHIX,MARINAP,MARINAP,HEALTHIX|MARINAP
BRONX,MARIO_S_MALONZO,MARIO S MALONZO,BRONX|MARIO S MALONZO
BRONX,MARISSA_T_SANTOS,MARISSA T SANTOS,BRONX|MARISSA T SANTOS
HECDCS,MARK-ANTOSH,MARK-ANTOSH,HECDCS|MARK-ANTOSH
HIXNY,MARQUISCHLLC,MARQUISCHLLC,HIXNY|MARQUISCHLLC
HIXNY,MARRA,MARRA,HIXNY|MARRA
HIXNY,MARSH,MARSH,HIXNY|MARSH
HEALTHIX,MARTC,MARTC,HEALTHIX|MARTC
BRONX,MARTHA_S_WONG,MARTHA S WONG,BRONX|MARTHA S WONG
HECDCS,MARY-WALKER-HLTH,MARY-WALKER-HLTH,HECDCS|MARY-WALKER-HLTH
HEALTHIX,MARYMW,MARYMW,HEALTHIX|MARYMW
HEALTHIX,MASCOR,MASCOR,HEALTHIX|MASCOR
TXD,MASENA,MASENA,TXD|MASENA
HECDCS,MASONIC-CARE-COM,MASONIC-CARE-COM,HECDCS|MASONIC-CARE-COM
HEALTHIX,MASOOD,MASOOD,HEALTHIX|MASOOD
HEALTHIX,MASSAPEQUASNF,MASSAPEQUASNF,HEALTHIX|MASSAPEQUASNF
HECDCS,MASSENA-FAM-PRAC,MASSENA-FAM-PRAC,HECDCS|MASSENA-FAM-PRAC
HECDCS,MASSENA-FREE,MASSENA-FREE,HECDCS|MASSENA-FREE
HECDCS,MASSENA-IND-LIV,MASSENA-IND-LIV,HECDCS|MASSENA-IND-LIV
HEALTHIX,MASSMUTUAL,MASSMUTUAL,HEALTHIX|MASSMUTUAL
HEALTHIX,MATH,MATH,HEALTHIX|MATH
HECDCS,MATTHEW-SANCHEZ,MATTHEW-SANCHEZ,HECDCS|MATTHEW-SANCHEZ
HIXNY,MAVENCLIN,MAVENCLIN,HIXNY|MAVENCLIN
TXD,MAXLOC,MAXLOC,TXD|MAXLOC
TXD,MAXNEW,MAXNEW,TXD|MAXNEW
HEALTHIX,MAYMG,MAYMG,HEALTHIX|MAYMG
HECDCS,MB-PEDS,MB-PEDS,HECDCS|MB-PEDS
HEALTHIX,MBEITY,MBEITY,HEALTHIX|MBEITY
GRRHIO,MBL,MBL,GRRHIO|MBL
HEALTHIX,MBMA,MBMA,HEALTHIX|MBMA
HEALTHIX,MBOPPA,MBOPPA,HEALTHIX|MBOPPA
HEALTHIX,MBPA,MBPA,HEALTHIX|MBPA
HEALTHIX,MBURKE,MBURKE,HEALTHIX|MBURKE
TXD,MBped,MBped,TXD|MBped
HEALTHIX,MCD,MCD,HEALTHIX|MCD
HEALTHIX,MCDA,MCDA,HEALTHIX|MCDA
GRRHIO,MCDN,MCDN,GRRHIO|MCDN
GRRHIO,MCH,MCH,GRRHIO|MCH
HEALTHIX,MCHAN,MCHAN,HEALTHIX|MCHAN
HEALTHIX,MCHC,MCHC,HEALTHIX|MCHC
GRRHIO,MCHCCD,MCHCCD,GRRHIO|MCHCCD
HEALTHIX,MCMHE,MCMHE,HEALTHIX|MCMHE
HECDCS,MCPIKE-ADDICTION,MCPIKE-ADDICTION,HECDCS|MCPIKE-ADDICTION
HEALTHIX,MCPLLC,MCPLLC,HEALTHIX|MCPLLC
HEALTHIX,MCRNC,MCRNC,HEALTHIX|MCRNC
TXD,MCSTN,MCSTN,TXD|MCSTN
HECDCS,MD-VIP,MD-VIP,HECDCS|MD-VIP
HEALTHIX,MD365MC,MD365MC,HEALTHIX|MD365MC
GRRHIO,MDL,MDL,GRRHIO|MDL
TXD,MDLAB,MDLAB,TXD|MDLAB
HEALTHIX,MDML,MDML,HEALTHIX|MDML
HEALTHIX,MDOGRA,MDOGRA,HEALTHIX|MDOGRA
HEALTHIX,MDRHMS,MDRHMS,HEALTHIX|MDRHMS
HEALTHIX,MDTC,MDTC,HEALTHIX|MDTC
TXD,MDTCWS,MDTCWS,TXD|MDTCWS
HEALTHIX,MEAD,MEAD,HEALTHIX|MEAD
TXD,MEADOW,MEADOW,TXD|MEADOW
HEALTHIX,MECHAN,MECHAN,HEALTHIX|MECHAN
HEALTHIX,MECO,MECO,HEALTHIX|MECO
HECDCS,MED-ASSOC-HV,MED-ASSOC-HV,HECDCS|MED-ASSOC-HV
HECDCS,MED-PAIN-CON,MED-PAIN-CON,HECDCS|MED-PAIN-CON
HECDCS,MED-WALL-ST,MED-WALL-ST,HECDCS|MED-WALL-ST
BRONX,MEDALLI,MEDALLI,BRONX|MEDALLI
HEALTHIX,MEDCARE,MEDCARE,HEALTHIX|MEDCARE
HEALTHIX,MEDCARELLC,MEDCARELLC,HEALTHIX|MEDCARELLC
BRONX,MEDCAREPLUS,MEDCAREPLUS,BRONX|MEDCAREPLUS
HECDCS,MEDDAC-FT-DRUM,MEDDAC-FT-DRUM,HECDCS|MEDDAC-FT-DRUM
BRONX,MEDEXPLUS_MEDICAL,MEDEXPLUS MEDICAL,BRONX|MEDEXPLUS MEDICAL
TXD,MEDFRD,MEDFRD,TXD|MEDFRD
GRRHIO,MEDI,MEDI,GRRHIO|MEDI
HIXNY,MEDICAID,MEDICAID,HIXNY|MEDICAID
TXD,MEDICR,MEDICR,TXD|MEDICR
BRONX,MEDIKIDS_PEDIATRIC_MEDICINE,MEDIKIDS PEDIATRIC MEDICINE,BRONX|MEDIKIDS PEDIATRIC MEDICINE
TXD,MEDINA,MEDINA,TXD|MEDINA
BRONX,MEDINOVA_PHYSICIANS,MEDINOVA PHYSICIANS,BRONX|MEDINOVA PHYSICIANS
TXD,MEDLAB,MEDLAB,TXD|MEDLAB
HECDCS,MEDLAB.DUPLICATE,MEDLAB,HECDCS|MEDLAB
TXD,MEDLB2,MEDLB2,TXD|MEDLB2
BRONX,MEERA_S_BOPPANA,MEERA S BOPPANA,BRONX|MEERA S BOPPANA
HEALTHIX,MEETH,MEETH,HEALTHIX|MEETH
HEALTHIX,MEETHOUSELN,MEETHOUSELN,HEALTHIX|MEETHOUSELN
HEALTHIX,MEHC,MEHC,HEALTHIX|MEHC
TXD,MELGAR,MELGAR,TXD|MELGAR
BRONX,MELVIN_KOPLOW,MELVIN KOPLOW,BRONX|MELVIN KOPLOW
HEALTHIX,MEMC,MEMC,HEALTHIX|MEMC
HEALTHIX,MEMD,MEMD,HEALTHIX|MEMD
HEALTHIX,MEMPC,MEMPC,HEALTHIX|MEMPC
HEALTHIX,MEND,MEND,HEALTHIX|MEND
HEALTHIX,MEPC,MEPC,HEALTHIX|MEPC
BRONX,MERCY_MEDICAL_CENTER,MERCY MEDICAL CENTER,BRONX|MERCY MEDICAL CENTER
BRONX,MERGIE_DESIR,MERGIE DESIR,BRONX|MERGIE DESIR
BRONX,MESBAH_MEDICAL,MESBAH MEDICAL,BRONX|MESBAH MEDICAL
HIXNY,METRIPORTCCP,METRIPORTCCP,HIXNY|METRIPORTCCP
BRONX,METROPLUS.DUPLICATE,METROPLUS,BRONX|METROPLUS
HEALTHIX,METROPM,METROPM,HEALTHIX|METROPM
BRONX,METROPOLIS_MEDICAL,METROPOLIS MEDICAL,BRONX|METROPOLIS MEDICAL
HECDCS,METROPOLITAN-NY,METROPOLITAN-NY,HECDCS|METROPOLITAN-NY
BRONX,METROPOLITAN.DUPLICATE,METROPOLITAN,BRONX|METROPOLITAN
HEALTHIX,METROPOLITAN.DUPLICATE1,METROPOLITAN,HEALTHIX|METROPOLITAN
HEALTHIX,METROTCM,METROTCM,HEALTHIX|METROTCM
GRRHIO,MFCI,MFCI,GRRHIO|MFCI
TXD,MFHC,MFHC,TXD|MFHC
HIXNY,MFS,MFS,HIXNY|MFS
HEALTHIX,MFUCHS,MFUCHS,HEALTHIX|MFUCHS
HEALTHIX,MGASP,MGASP,HEALTHIX|MGASP
HEALTHIX,MGH,MGH,HEALTHIX|MGH
HEALTHIX,MGMG,MGMG,HEALTHIX|MGMG
HEALTHIX,MGPC,MGPC,HEALTHIX|MGPC
HEALTHIX,MGPE,MGPE,HEALTHIX|MGPE
HECDCS,MH-CNY-FL-MED,MH-CNY-FL-MED,HECDCS|MH-CNY-FL-MED
TXD,MHA,MHA,TXD|MHA
HECDCS,MHA-DUTCHESS,MHA-DUTCHESS,HECDCS|MHA-DUTCHESS
HECDCS,MHA-IN-ORANGE,MHA-IN-ORANGE,HECDCS|MHA-IN-ORANGE
HECDCS,MHA-SOUTH-TIER,MHA-SOUTH-TIER,HECDCS|MHA-SOUTH-TIER
HECDCS,MHA-ULSTER,MHA-ULSTER,HECDCS|MHA-ULSTER
HECDCS,MHA-WESTCHESTER,MHA-WESTCHESTER,HECDCS|MHA-WESTCHESTER
HIXNY,MHACGC,MHACGC,HIXNY|MHACGC
HIXNY,MHAESSEX,MHAESSEX,HIXNY|MHAESSEX
HIXNY,MHAFM,MHAFM,HIXNY|MHAFM
GRRHIO,MHAGO,MHAGO,GRRHIO|MHAGO
HEALTHIX,MHANC,MHANC,HEALTHIX|MHANC
HEALTHIX,MHANYC,MHANYC,HEALTHIX|MHANYC
HEALTHIX,MHCH,MHCH,HEALTHIX|MHCH
TXD,MHCOVL,MHCOVL,TXD|MHCOVL
HEALTHIX,MHFHC,MHFHC,HEALTHIX|MHFHC
BRONX,MHHC,MHHC,BRONX|MHHC
BRONX,MHHC_OLD,MHHC OLD,BRONX|MHHC OLD
HEALTHIX,MHLMP,MHLMP,HEALTHIX|MHLMP
HEALTHIX,MHLWI,MHLWI,HEALTHIX|MHLWI
HEALTHIX,MHMED,MHMED,HEALTHIX|MHMED
HEALTHIX,MHNR,MHNR,HEALTHIX|MHNR
HIXNY,MHOHRSN,MHOHRSN,HIXNY|MHOHRSN
HEALTHIX,MHPM,MHPM,HEALTHIX|MHPM
HIXNY,MHPSYCHAND,MHPSYCHAND,HIXNY|MHPSYCHAND
HEALTHIX,MHPWQ,MHPWQ,HEALTHIX|MHPWQ
HECDCS,MHS-ROCH-EPIC,MHS-ROCH-EPIC,HECDCS|MHS-ROCH-EPIC
HECDCS,MHS-VERNON-EPIC,MHS-VERNON-EPIC,HECDCS|MHS-VERNON-EPIC
BRONX,MH_ASSOCIATION_OF_NASSAU,MH ASSOCIATION OF NASSAU,BRONX|MH ASSOCIATION OF NASSAU
HIXNY,MIB,MIB,HIXNY|MIB
HEALTHIX,MIB.DUPLICATE1,MIB,HEALTHIX|MIB
HIXNY,MIBDOC,MIBDOC,HIXNY|MIBDOC
HIXNY,MIBHN,MIBHN,HIXNY|MIBHN
HECDCS,MICHAEL-CILIP,MICHAEL-CILIP,HECDCS|MICHAEL-CILIP
BRONX,MICHAEL_CORREA,MICHAEL CORREA,BRONX|MICHAEL CORREA
BRONX,MICHAEL_I_RICHTER,MICHAEL I RICHTER,BRONX|MICHAEL I RICHTER
HEALTHIX,MICP,MICP,HEALTHIX|MICP
HECDCS,MID-HUD-PLA-SURG,MID-HUD-PLA-SURG,HECDCS|MID-HUD-PLA-SURG
HECDCS,MID-PULMONARY,MID-PULMONARY,HECDCS|MID-PULMONARY
HECDCS,MIDDLETOWN-MED,MIDDLETOWN-MED,HECDCS|MIDDLETOWN-MED
HECDCS,MIDDLETOWN-PARK,MIDDLETOWN-PARK,HECDCS|MIDDLETOWN-PARK
HECDCS,MIDHUD-FOR-PSYCH,MIDHUD-FOR-PSYCH,HECDCS|MIDHUD-FOR-PSYCH
HECDCS,MIDHUD-PRIMARY,MIDHUD-PRIMARY,HECDCS|MIDHUD-PRIMARY
HEALTHIX,MIDNASPEDS,MIDNASPEDS,HEALTHIX|MIDNASPEDS
TXD,MIDTEM,MIDTEM,TXD|MIDTEM
BRONX,MIHAIL_MEDVEDOVSKY,MIHAIL MEDVEDOVSKY,BRONX|MIHAIL MEDVEDOVSKY
HEALTHIX,MIHE,MIHE,HEALTHIX|MIHE
HIXNY,MILC,MILC,HIXNY|MILC
BRONX,MILLENNIUM_MEDICAL_GROUP,MILLENNIUM MEDICAL GROUP,BRONX|MILLENNIUM MEDICAL GROUP
HEALTHIX,MILOS,MILOS,HEALTHIX|MILOS
HEALTHIX,MIMC,MIMC,HEALTHIX|MIMC
HEALTHIX,MIMO,MIMO,HEALTHIX|MIMO
TXD,MIMP,MIMP,TXD|MIMP
HECDCS,MINDFUL-PSYCH,MINDFUL-PSYCH,HECDCS|MINDFUL-PSYCH
HEALTHIX,MINGZM,MINGZM,HEALTHIX|MINGZM
BRONX,MINSHENG_PAIN_MGMT_AND_ANESTH,MINSHENG PAIN MGMT AND ANESTH,BRONX|MINSHENG PAIN MGMT AND ANESTH
HEALTHIX,MIPA,MIPA,HEALTHIX|MIPA
HECDCS,MIRZA-M-ASHRAF,MIRZA-M-ASHRAF,HECDCS|MIRZA-M-ASHRAF
BRONX,MITCHELL_SHEAR,MITCHELL SHEAR,BRONX|MITCHELL SHEAR
HEALTHIX,MJFMD,MJFMD,HEALTHIX|MJFMD
HEALTHIX,MJGHC,MJGHC,HEALTHIX|MJGHC
HEALTHIX,MJGIL,MJGIL,HEALTHIX|MJGIL
BRONX,MJHS-HOSPICE,MJHS-HOSPICE,BRONX|MJHS-HOSPICE
BRONX,MJHS-PALLIATIVE_CARE,MJHS-PALLIATIVE CARE,BRONX|MJHS-PALLIATIVE CARE
HEALTHIX,MJLMD,MJLMD,HEALTHIX|MJLMD
HEALTHIX,MJSK,MJSK,HEALTHIX|MJSK
HEALTHIX,MKMP,MKMP,HEALTHIX|MKMP
HEALTHIX,MKRM,MKRM,HEALTHIX|MKRM
HIXNY,MLC,MLC,HIXNY|MLC
HIXNY,MLCDOC,MLCDOC,HIXNY|MLCDOC
HEALTHIX,MLMP,MLMP,HEALTHIX|MLMP
HEALTHIX,MMAJEED,MMAJEED,HEALTHIX|MMAJEED
BRONX,MMC-ACO,MMC-ACO,BRONX|MMC-ACO
BRONX,MMC.DUPLICATE,MMC,BRONX|MMC
HEALTHIX,MMC.DUPLICATE1,MMC,HEALTHIX|MMC
HEALTHIX,MMCARE,MMCARE,HEALTHIX|MMCARE
HEALTHIX,MMCPC,MMCPC,HEALTHIX|MMCPC
TXD,MMDCCD,MMDCCD,TXD|MMDCCD
HEALTHIX,MMDPC,MMDPC,HEALTHIX|MMDPC
HEALTHIX,MMEMS,MMEMS,HEALTHIX|MMEMS
HEALTHIX,MMEYER,MMEYER,HEALTHIX|MMEYER
HIXNY,MMGGASTRO,MMGGASTRO,HIXNY|MMGGASTRO
HIXNY,MMGKIDSK,MMGKIDSK,HIXNY|MMGKIDSK
HIXNY,MMGLOUISFH,MMGLOUISFH,HIXNY|MMGLOUISFH
HIXNY,MMGMEDGRP,MMGMEDGRP,HIXNY|MMGMEDGRP
HIXNY,MMGNEURO,MMGNEURO,HIXNY|MMGNEURO
HIXNY,MMGWOMENS,MMGWOMENS,HIXNY|MMGWOMENS
HEALTHIX,MMHC,MMHC,HEALTHIX|MMHC
GRRHIO,MMHCS,MMHCS,GRRHIO|MMHCS
TXD,MMHSNF,MMHSNF,TXD|MMHSNF
HEALTHIX,MMPC,MMPC,HEALTHIX|MMPC
HEALTHIX,MMPR,MMPR,HEALTHIX|MMPR
HEALTHIX,MMSH,MMSH,HEALTHIX|MMSH
HEALTHIX,MMUSSO,MMUSSO,HEALTHIX|MMUSSO
GRRHIO,MNSO,MNSO,GRRHIO|MNSO
GRRHIO,MNSO1,MNSO1,GRRHIO|MNSO1
GRRHIO,MNSO10,MNSO10,GRRHIO|MNSO10
GRRHIO,MNSO11,MNSO11,GRRHIO|MNSO11
GRRHIO,MNSO12,MNSO12,GRRHIO|MNSO12
GRRHIO,MNSO13,MNSO13,GRRHIO|MNSO13
GRRHIO,MNSO14,MNSO14,GRRHIO|MNSO14
GRRHIO,MNSO15,MNSO15,GRRHIO|MNSO15
GRRHIO,MNSO16,MNSO16,GRRHIO|MNSO16
GRRHIO,MNSO17,MNSO17,GRRHIO|MNSO17
GRRHIO,MNSO18,MNSO18,GRRHIO|MNSO18
GRRHIO,MNSO19,MNSO19,GRRHIO|MNSO19
GRRHIO,MNSO2,MNSO2,GRRHIO|MNSO2
GRRHIO,MNSO20,MNSO20,GRRHIO|MNSO20
GRRHIO,MNSO21,MNSO21,GRRHIO|MNSO21
GRRHIO,MNSO22,MNSO22,GRRHIO|MNSO22
GRRHIO,MNSO23,MNSO23,GRRHIO|MNSO23
GRRHIO,MNSO24,MNSO24,GRRHIO|MNSO24
GRRHIO,MNSO25,MNSO25,GRRHIO|MNSO25
GRRHIO,MNSO26,MNSO26,GRRHIO|MNSO26
GRRHIO,MNSO27,MNSO27,GRRHIO|MNSO27
GRRHIO,MNSO28,MNSO28,GRRHIO|MNSO28
GRRHIO,MNSO29,MNSO29,GRRHIO|MNSO29
GRRHIO,MNSO3,MNSO3,GRRHIO|MNSO3
GRRHIO,MNSO30,MNSO30,GRRHIO|MNSO30
GRRHIO,MNSO31,MNSO31,GRRHIO|MNSO31
GRRHIO,MNSO32,MNSO32,GRRHIO|MNSO32
GRRHIO,MNSO33,MNSO33,GRRHIO|MNSO33
GRRHIO,MNSO34,MNSO34,GRRHIO|MNSO34
GRRHIO,MNSO35,MNSO35,GRRHIO|MNSO35
GRRHIO,MNSO36,MNSO36,GRRHIO|MNSO36
GRRHIO,MNSO37,MNSO37,GRRHIO|MNSO37
GRRHIO,MNSO38,MNSO38,GRRHIO|MNSO38
GRRHIO,MNSO39,MNSO39,GRRHIO|MNSO39
GRRHIO,MNSO4,MNSO4,GRRHIO|MNSO4
GRRHIO,MNSO40,MNSO40,GRRHIO|MNSO40
GRRHIO,MNSO41,MNSO41,GRRHIO|MNSO41
GRRHIO,MNSO42,MNSO42,GRRHIO|MNSO42
GRRHIO,MNSO43,MNSO43,GRRHIO|MNSO43
GRRHIO,MNSO44,MNSO44,GRRHIO|MNSO44
GRRHIO,MNSO45,MNSO45,GRRHIO|MNSO45
GRRHIO,MNSO46,MNSO46,GRRHIO|MNSO46
GRRHIO,MNSO47,MNSO47,GRRHIO|MNSO47
GRRHIO,MNSO48,MNSO48,GRRHIO|MNSO48
GRRHIO,MNSO49,MNSO49,GRRHIO|MNSO49
GRRHIO,MNSO5,MNSO5,GRRHIO|MNSO5
GRRHIO,MNSO50,MNSO50,GRRHIO|MNSO50
GRRHIO,MNSO51,MNSO51,GRRHIO|MNSO51
GRRHIO,MNSO52,MNSO52,GRRHIO|MNSO52
GRRHIO,MNSO53,MNSO53,GRRHIO|MNSO53
GRRHIO,MNSO54,MNSO54,GRRHIO|MNSO54
GRRHIO,MNSO55,MNSO55,GRRHIO|MNSO55
GRRHIO,MNSO56,MNSO56,GRRHIO|MNSO56
GRRHIO,MNSO57,MNSO57,GRRHIO|MNSO57
GRRHIO,MNSO58,MNSO58,GRRHIO|MNSO58
GRRHIO,MNSO59,MNSO59,GRRHIO|MNSO59
GRRHIO,MNSO6,MNSO6,GRRHIO|MNSO6
GRRHIO,MNSO60,MNSO60,GRRHIO|MNSO60
GRRHIO,MNSO61,MNSO61,GRRHIO|MNSO61
GRRHIO,MNSO62,MNSO62,GRRHIO|MNSO62
GRRHIO,MNSO63,MNSO63,GRRHIO|MNSO63
GRRHIO,MNSO64,MNSO64,GRRHIO|MNSO64
GRRHIO,MNSO65,MNSO65,GRRHIO|MNSO65
GRRHIO,MNSO66,MNSO66,GRRHIO|MNSO66
GRRHIO,MNSO7,MNSO7,GRRHIO|MNSO7
GRRHIO,MNSO8,MNSO8,GRRHIO|MNSO8
GRRHIO,MNSO9,MNSO9,GRRHIO|MNSO9
GRRHIO,MOBG,MOBG,GRRHIO|MOBG
GRRHIO,MOBG2,MOBG2,GRRHIO|MOBG2
HEALTHIX,MOBGPC,MOBGPC,HEALTHIX|MOBGPC
TXD,MOBPCR,MOBPCR,TXD|MOBPCR
BRONX,MODERN_EAST_WEST_MEDICAL,MODERN EAST WEST MEDICAL,BRONX|MODERN EAST WEST MEDICAL
BRONX,MOHAMMED_K_RASHID,MOHAMMED K RASHID,BRONX|MOHAMMED K RASHID
HIXNY,MOHAWKFTHLD,MOHAWKFTHLD,HIXNY|MOHAWKFTHLD
HIXNY,MOISAN,MOISAN,HIXNY|MOISAN
TXD,MOLINA.DUPLICATE1,MOLINA,TXD|MOLINA
HEALTHIX,MOMH,MOMH,HEALTHIX|MOMH
TXD,MONMC,MONMC,TXD|MONMC
HEALTHIX,MONOM,MONOM,HEALTHIX|MONOM
HECDCS,MONROE-PLAN-MED,MONROE-PLAN-MED,HECDCS|MONROE-PLAN-MED
HECDCS,MONTE-MEACC,MONTE-MEACC,HECDCS|MONTE-MEACC
HECDCS,MONTE-NYACK,MONTE-NYACK,HECDCS|MONTE-NYACK
HECDCS,MONTE-SCHAFFER,MONTE-SCHAFFER,HECDCS|MONTE-SCHAFFER
HECDCS,MONTE-WP,MONTE-WP,HECDCS|MONTE-WP
HECDCS,MONTEFIORE,MONTEFIORE,HECDCS|MONTEFIORE
HECDCS,MONTEFIORE-HEC,MONTEFIORE-HEC,HECDCS|MONTEFIORE-HEC
HECDCS,MONTGOMERY,MONTGOMERY,HECDCS|MONTGOMERY
HIXNY,MOPP,MOPP,HIXNY|MOPP
HIXNY,MOREAUEMS,MOREAUEMS,HIXNY|MOREAUEMS
HECDCS,MORNINGSTAR-RES,MORNINGSTAR-RES,HECDCS|MORNINGSTAR-RES
HEALTHIX,MORNNR,MORNNR,HEALTHIX|MORNNR
BRONX,MOSAIC,MOSAIC,BRONX|MOSAIC
HECDCS,MOSAIC-HEALTH,MOSAIC-HEALTH,HECDCS|MOSAIC-HEALTH
HEALTHIX,MOSB,MOSB,HEALTHIX|MOSB
GRRHIO,MOSH,MOSH,GRRHIO|MOSH
BRONX,MOSHOLU_PARKWAY_NURSING_AND_REHAB,MOSHOLU PARKWAY NURSING AND REHAB,BRONX|MOSHOLU PARKWAY NURSING AND REHAB
HECDCS,MOTH-BABIES-PERI,MOTH-BABIES-PERI,HECDCS|MOTH-BABIES-PERI
HIXNY,MOUNTAINLAKE,MOUNTAINLAKE,HIXNY|MOUNTAINLAKE
BRONX,MOUNT_SINAI_BETH_ISRAEL,MOUNT SINAI BETH ISRAEL,BRONX|MOUNT SINAI BETH ISRAEL
BRONX,MOUNT_SINAI_MEDICAL_CENTER,MOUNT SINAI MEDICAL CENTER,BRONX|MOUNT SINAI MEDICAL CENTER
BRONX,MOUNT_SINAI_MORNINGSIDE,MOUNT SINAI MORNINGSIDE,BRONX|MOUNT SINAI MORNINGSIDE
BRONX,MOUNT_SINAI_QUEENS,MOUNT SINAI QUEENS,BRONX|MOUNT SINAI QUEENS
BRONX,MOUNT_SINAI_SOUTH_NASSAU,MOUNT SINAI SOUTH NASSAU,BRONX|MOUNT SINAI SOUTH NASSAU
BRONX,MOUNT_SINAI_WEST,MOUNT SINAI WEST,BRONX|MOUNT SINAI WEST
HECDCS,MOZAIC,MOZAIC,HECDCS|MOZAIC
HEALTHIX,MPAS,MPAS,HEALTHIX|MPAS
HEALTHIX,MPBS,MPBS,HEALTHIX|MPBS
HIXNY,MPCHV,MPCHV,HIXNY|MPCHV
HEALTHIX,MPDU,MPDU,HEALTHIX|MPDU
GRRHIO,MPLLC,MPLLC,GRRHIO|MPLLC
GRRHIO,MPLLC2,MPLLC2,GRRHIO|MPLLC2
HEALTHIX,MPMPC,MPMPC,HEALTHIX|MPMPC
HEALTHIX,MPNARC,MPNARC,HEALTHIX|MPNARC
HEALTHIX,MPNRC,MPNRC,HEALTHIX|MPNRC
HEALTHIX,MPNYP,MPNYP,HEALTHIX|MPNYP
HEALTHIX,MPOON,MPOON,HEALTHIX|MPOON
GRRHIO,MPOR,MPOR,GRRHIO|MPOR
HEALTHIX,MPRHC,MPRHC,HEALTHIX|MPRHC
HEALTHIX,MRAHM,MRAHM,HEALTHIX|MRAHM
HEALTHIX,MRMD,MRMD,HEALTHIX|MRMD
HEALTHIX,MRNY,MRNY,HEALTHIX|MRNY
HEALTHIX,MRSC,MRSC,HEALTHIX|MRSC
HEALTHIX,MSAMD,MSAMD,HEALTHIX|MSAMD
HEALTHIX,MSANTO,MSANTO,HEALTHIX|MSANTO
GRRHIO,MSCCF,MSCCF,GRRHIO|MSCCF
GRRHIO,MSCCH,MSCCH,GRRHIO|MSCCH
HEALTHIX,MSCM,MSCM,HEALTHIX|MSCM
HEALTHIX,MSEMS,MSEMS,HEALTHIX|MSEMS
HEALTHIX,MSFMHC,MSFMHC,HEALTHIX|MSFMHC
HEALTHIX,MSFPA,MSFPA,HEALTHIX|MSFPA
HEALTHIX,MSHH,MSHH,HEALTHIX|MSHH
HEALTHIX,MSHQ,MSHQ,HEALTHIX|MSHQ
HEALTHIX,MSKCC,MSKCC,HEALTHIX|MSKCC
HEALTHIX,MSMC,MSMC,HEALTHIX|MSMC
HEALTHIX,MSMD,MSMD,HEALTHIX|MSMD
GRRHIO,MSMDP,MSMDP,GRRHIO|MSMDP
GRRHIO,MSMH.DUPLICATE,MSMH,GRRHIO|MSMH
TXD,MSMHC,MSMHC,TXD|MSMHC
HEALTHIX,MSMMD,MSMMD,HEALTHIX|MSMMD
GRRHIO,MSNF,MSNF,GRRHIO|MSNF
HEALTHIX,MSNM,MSNM,HEALTHIX|MSNM
HEALTHIX,MSNP,MSNP,HEALTHIX|MSNP
HEALTHIX,MSNS,MSNS,HEALTHIX|MSNS
HEALTHIX,MSNYEE,MSNYEE,HEALTHIX|MSNYEE
HEALTHIX,MSSN,MSSN,HEALTHIX|MSSN
BRONX,MS_ALAM_MEDICAL_CARE,MS ALAM MEDICAL CARE,BRONX|MS ALAM MEDICAL CARE
HEALTHIX,MTARIQ,MTARIQ,HEALTHIX|MTARIQ
HEALTHIX,MTC,MTC,HEALTHIX|MTC
HECDCS,MTG-BIOLOGICS,MTG-BIOLOGICS,HECDCS|MTG-BIOLOGICS
HEALTHIX,MTHANT,MTHANT,HEALTHIX|MTHANT
HEALTHIX,MTMD,MTMD,HEALTHIX|MTMD
HEALTHIX,MTNRC,MTNRC,HEALTHIX|MTNRC
BRONX,MUHAMMAD_A_HASAN,MUHAMMAD A HASAN,BRONX|MUHAMMAD A HASAN
TXD,MULWKA,MULWKA,TXD|MULWKA
TXD,MURE,MURE,TXD|MURE
HECDCS,MUSCULOSKEL-MED,MUSCULOSKEL-MED,HECDCS|MUSCULOSKEL-MED
HECDCS,MV-NEPH-ASSOC,MV-NEPH-ASSOC,HECDCS|MV-NEPH-ASSOC
HECDCS,MV-PSYCH,MV-PSYCH,HECDCS|MV-PSYCH
HECDCS,MV-WOM,MV-WOM,HECDCS|MV-WOM
HECDCS,MVHS,MVHS,HECDCS|MVHS
HECDCS,MVHS-REHAB,MVHS-REHAB,HECDCS|MVHS-REHAB
HECDCS,MVMP,MVMP,HECDCS|MVMP
HIXNY,MVNHEALTH,MVNHEALTH,HIXNY|MVNHEALTH
HIXNY,MVP,MVP,HIXNY|MVP
BRONX,MVP.DUPLICATE,MVP,BRONX|MVP
TXD,MVP.DUPLICATE1,MVP,TXD|MVP
HIXNY,MVPECON,MVPECON,HIXNY|MVPECON
HIXNY,MVPEDS2,MVPEDS2,HIXNY|MVPEDS2
HIXNY,MVPEDSPR,MVPEDSPR,HIXNY|MVPEDSPR
HEALTHIX,MVPMP,MVPMP,HEALTHIX|MVPMP
HEALTHIX,MVPNCQA,MVPNCQA,HEALTHIX|MVPNCQA
HECDCS,MVPT-PT,MVPT-PT,HECDCS|MVPT-PT
GRRHIO,MWCCHS,MWCCHS,GRRHIO|MWCCHS
HEALTHIX,MYHE,MYHE,HEALTHIX|MYHE
HEALTHIX,MYLT,MYLT,HEALTHIX|MYLT
HEALTHIX,MYTAB,MYTAB,HEALTHIX|MYTAB
GRRHIO,MZK,MZK,GRRHIO|MZK
GRRHIO,MZK2,MZK2,GRRHIO|MZK2
BRONX,M_AND_H_FAMILY_HEALTHCARE,M AND H FAMILY HEALTHCARE,BRONX|M AND H FAMILY HEALTHCARE
BRONX,M_L_NAHAR_MEDICAL_OFFICE,M L NAHAR MEDICAL OFFICE,BRONX|M L NAHAR MEDICAL OFFICE
HECDCS,N-CNTRY-FAM-MED,N-CNTRY-FAM-MED,HECDCS|N-CNTRY-FAM-MED
HECDCS,N-CTRY-ADULT,N-CTRY-ADULT,HECDCS|N-CTRY-ADULT
HECDCS,N-CTRY-FAM,N-CTRY-FAM,HECDCS|N-CTRY-FAM
HECDCS,N-CTRY-FAM-CCD,N-CTRY-FAM-CCD,HECDCS|N-CTRY-FAM-CCD
HECDCS,N-CTRY-NURSING,N-CTRY-NURSING,HECDCS|N-CTRY-NURSING
HECDCS,N-CTRY-ORTHO,N-CTRY-ORTHO,HECDCS|N-CTRY-ORTHO
HECDCS,N-WEST-FAC,N-WEST-FAC,HECDCS|N-WEST-FAC
HECDCS,NABIL-AZIZ,NABIL-AZIZ,HECDCS|NABIL-AZIZ
HEALTHIX,NABR,NABR,HEALTHIX|NABR
HEALTHIX,NAC.DUPLICATE,NAC,HEALTHIX|NAC
TXD,NAC.DUPLICATE1,NAC,TXD|NAC
TXD,NACS,NACS,TXD|NACS
BRONX,NADAP.DUPLICATE,NADAP,BRONX|NADAP
HEALTHIX,NADAP.DUPLICATE1,NADAP,HEALTHIX|NADAP
HECDCS,NAJI-EL-KHOURY,NAJI-EL-KHOURY,HECDCS|NAJI-EL-KHOURY
HEALTHIX,NALI,NALI,HEALTHIX|NALI
HEALTHIX,NAMD,NAMD,HEALTHIX|NAMD
HECDCS,NANCY-A-GIRARD,NANCY-A-GIRARD,HECDCS|NANCY-A-GIRARD
HEALTHIX,NAOMED,NAOMED,HEALTHIX|NAOMED
GRRHIO,NAR,NAR,GRRHIO|NAR
GRRHIO,NAR2,NAR2,GRRHIO|NAR2
HECDCS,NASC-COMM-CARE,NASC-COMM-CARE,HECDCS|NASC-COMM-CARE
HECDCS,NASC-HLTH-OPT,NASC-HLTH-OPT,HECDCS|NASC-HLTH-OPT
HECDCS,NASCENTIA-HEALTH,NASCENTIA-HEALTH,HECDCS|NASCENTIA-HEALTH
HIXNY,NASCENTIAHO,NASCENTIAHO,HIXNY|NASCENTIAHO
TXD,NASHO,NASHO,TXD|NASHO
HEALTHIX,NASMED,NASMED,HEALTHIX|NASMED
BRONX,NASSAU_UNIVERSITY_MEDICAL_CENTER,NASSAU UNIVERSITY MEDICAL CENTER,BRONX|NASSAU UNIVERSITY MEDICAL CENTER
HEALTHIX,NASSIMED,NASSIMED,HEALTHIX|NASSIMED
TXD,NATERA,NATERA,TXD|NATERA
HIXNY,NATVES,NATVES,HIXNY|NATVES
HEALTHIX,NCALP,NCALP,HEALTHIX|NCALP
HEALTHIX,NCB,NCB,HEALTHIX|NCB
TXD,NCDMH2PART2,NCDMH2PART2,TXD|NCDMH2PART2
TXD,NCDOH,NCDOH,TXD|NCDOH
HEALTHIX,NCHC,NCHC,HEALTHIX|NCHC
TXD,NCMH2PART2,NCMH2PART2,TXD|NCMH2PART2
HEALTHIX,NCMHIX,NCMHIX,HEALTHIX|NCMHIX
HEALTHIX,NCPS,NCPS,HEALTHIX|NCPS
HIXNY,NCRC,NCRC,HIXNY|NCRC
HEALTHIX,NCRN,NCRN,HEALTHIX|NCRN
HEALTHIX,NCSNF,NCSNF,HEALTHIX|NCSNF
GRRHIO,NDPMD,NDPMD,GRRHIO|NDPMD
GRRHIO,NDPMD2,NDPMD2,GRRHIO|NDPMD2
TXD,NDYFS,NDYFS,TXD|NDYFS
HECDCS,NEAL-DUNKELMAN,NEAL-DUNKELMAN,HECDCS|NEAL-DUNKELMAN
HECDCS,NEIGHBORHOOD-CTR,NEIGHBORHOOD-CTR,HECDCS|NEIGHBORHOOD-CTR
TXD,NEMDPC,NEMDPC,TXD|NEMDPC
HEALTHIX,NEMEDS,NEMEDS,HEALTHIX|NEMEDS
BRONX,NEOPEDS_MEDICAL_SERVICES,NEOPEDS MEDICAL SERVICES,BRONX|NEOPEDS MEDICAL SERVICES
TXD,NEPASC,NEPASC,TXD|NEPASC
HECDCS,NEPHROLOGY-ASSOC,NEPHROLOGY-ASSOC,HECDCS|NEPHROLOGY-ASSOC
HECDCS,NEPHROLOGY-HYPER,NEPHROLOGY-HYPER,HECDCS|NEPHROLOGY-HYPER
HECDCS,NEPHROLOGY-PLLC,NEPHROLOGY-PLLC,HECDCS|NEPHROLOGY-PLLC
GRRHIO,NEQAI,NEQAI,GRRHIO|NEQAI
HEALTHIX,NESCNR,NESCNR,HEALTHIX|NESCNR
HECDCS,NEW-BEGIN-HOME,NEW-BEGIN-HOME,HECDCS|NEW-BEGIN-HOME
HECDCS,NEW-HART-CHIRO,NEW-HART-CHIRO,HECDCS|NEW-HART-CHIRO
HECDCS,NEW-HART-PSYCH,NEW-HART-PSYCH,HECDCS|NEW-HART-PSYCH
HECDCS,NEW-HOPE-COMM,NEW-HOPE-COMM,HECDCS|NEW-HOPE-COMM
HECDCS,NEW-HORIZONS-RES,NEW-HORIZONS-RES,HECDCS|NEW-HORIZONS-RES
HECDCS,NEWHARTCHIRO-AZ,NEWHARTCHIRO-AZ,HECDCS|NEWHARTCHIRO-AZ
HIXNY,NEWHOPE,NEWHOPE,HIXNY|NEWHOPE
BRONX,NEW_HORIZON_COUNSELING_CENTER,NEW HORIZON COUNSELING CENTER,BRONX|NEW HORIZON COUNSELING CENTER
BRONX,NEW_STAR_MEDICAL,NEW STAR MEDICAL,BRONX|NEW STAR MEDICAL
BRONX,NEW_YORK_PRIMARY_CARE_MEDICINE,NEW YORK PRIMARY CARE MEDICINE,BRONX|NEW YORK PRIMARY CARE MEDICINE
HEALTHIX,NFCRN,NFCRN,HEALTHIX|NFCRN
TXD,NFMGCC,NFMGCC,TXD|NFMGCC
TXD,NFMLPC,NFMLPC,TXD|NFMLPC
GRRHIO,NFMMC.DUPLICATE,NFMMC,GRRHIO|NFMMC
TXD,NFMMC.DUPLICATE1,NFMMC,TXD|NFMMC
TXD,NFMOBG,NFMOBG,TXD|NFMOBG
TXD,NFMOFF,NFMOFF,TXD|NFMOFF
TXD,NFMPC,NFMPC,TXD|NFMPC
TXD,NFMPCC,NFMPCC,TXD|NFMPCC
TXD,NFMPPL,NFMPPL,TXD|NFMPPL
TXD,NFMSCH,NFMSCH,TXD|NFMSCH
TXD,NFMSH,NFMSH,TXD|NFMSH
TXD,NFMWOH,NFMWOH,TXD|NFMWOH
HIXNY,NFNPS,NFNPS,HIXNY|NFNPS
TXD,NFTBI,NFTBI,TXD|NFTBI
HEALTHIX,NGEM,NGEM,HEALTHIX|NGEM
HIXNY,NGEMS,NGEMS,HIXNY|NGEMS
BRONX,NGOZI_A_OJI,NGOZI A OJI,BRONX|NGOZI A OJI
TXD,NGRAPT,NGRAPT,TXD|NGRAPT
HEALTHIX,NHCC,NHCC,HEALTHIX|NHCC
TXD,NHCNY,NHCNY,TXD|NHCNY
HEALTHIX,NHGPC,NHGPC,HEALTHIX|NHGPC
GRRHIO,NHNMH,NHNMH,GRRHIO|NHNMH
TXD,NHO,NHO,TXD|NHO
TXD,NHOSPC,NHOSPC,TXD|NHOSPC
GRRHIO,NHP,NHP,GRRHIO|NHP
HEALTHIX,NHSUH,NHSUH,HEALTHIX|NHSUH
HEALTHIX,NIAZMS,NIAZMS,HEALTHIX|NIAZMS
BRONX,NIAZ_MEDICAL_SRVCS,NIAZ MEDICAL SRVCS,BRONX|NIAZ MEDICAL SRVCS
HEALTHIX,NIGHTINGALE,NIGHTINGALE,HEALTHIX|NIGHTINGALE
BRONX,NIGHT_AND_DAY_MEDICAL_ASSOCIATES,NIGHT AND DAY MEDICAL ASSOCIATES,BRONX|NIGHT AND DAY MEDICAL ASSOCIATES
BRONX,NIKI_PATEL,NIKI PATEL,BRONX|NIKI PATEL
HIXNY,NLH,NLH,HIXNY|NLH
HIXNY,NLHDOC,NLHDOC,HIXNY|NLHDOC
HIXNY,NLI,NLI,HIXNY|NLI
HIXNY,NLIDOC,NLIDOC,HIXNY|NLIDOC
HIXNY,NLIMONITOR,NLIMONITOR,HIXNY|NLIMONITOR
HIXNY,NLISA,NLISA,HIXNY|NLISA
HEALTHIX,NLMD,NLMD,HEALTHIX|NLMD
HEALTHIX,NMAGC,NMAGC,HEALTHIX|NMAGC
TXD,NME,NME,TXD|NME
HEALTHIX,NMOP,NMOP,HEALTHIX|NMOP
HEALTHIX,NMPP,NMPP,HEALTHIX|NMPP
HEALTHIX,NMRHCF,NMRHCF,HEALTHIX|NMRHCF
HEALTHIX,NNA,NNA,HEALTHIX|NNA
HIXNY,NOCOHSI,NOCOHSI,HIXNY|NOCOHSI
HEALTHIX,NOHH,NOHH,HEALTHIX|NOHH
TXD,NORMAN,NORMAN,TXD|NORMAN
HECDCS,NORTH-AREA-PEDS,NORTH-AREA-PEDS,HECDCS|NORTH-AREA-PEDS
HECDCS,NORTH-CNT-NEURO,NORTH-CNT-NEURO,HECDCS|NORTH-CNT-NEURO
HECDCS,NORTH-LIGHTS,NORTH-LIGHTS,HECDCS|NORTH-LIGHTS
HECDCS,NORTH-MED-GROUP,NORTH-MED-GROUP,HECDCS|NORTH-MED-GROUP
HECDCS,NORTH-WEST-REST,NORTH-WEST-REST,HECDCS|NORTH-WEST-REST
HECDCS,NORTHCOURT-PEDS,NORTHCOURT-PEDS,HECDCS|NORTHCOURT-PEDS
HECDCS,NORTHEAST-REHAB,NORTHEAST-REHAB,HECDCS|NORTHEAST-REHAB
HECDCS,NORTHERN-NP,NORTHERN-NP,HECDCS|NORTHERN-NP
BRONX,NORTHERN_GENERAL_MEDICAL,NORTHERN GENERAL MEDICAL,BRONX|NORTHERN GENERAL MEDICAL
BRONX,NORTHERN_WESTCHESTER_HOSPITAL,NORTHERN WESTCHESTER HOSPITAL,BRONX|NORTHERN WESTCHESTER HOSPITAL
BRONX,NORTHPOINT_MEDICAL_ASSOCIATES,NORTHPOINT MEDICAL ASSOCIATES,BRONX|NORTHPOINT MEDICAL ASSOCIATES
BRONX,"NORTHPOINT_MEDICAL_ASSOCIATES,_PC","NORTHPOINT MEDICAL ASSOCIATES, PC","BRONX|NORTHPOINT MEDICAL ASSOCIATES, PC"
HECDCS,NORTHWAY-MED,NORTHWAY-MED,HECDCS|NORTHWAY-MED
HIXNY,NORTHWAYPR,NORTHWAYPR,HIXNY|NORTHWAYPR
HECDCS,NORTHWOODS,NORTHWOODS,HECDCS|NORTHWOODS
BRONX,NORTH_SHORE_UNIVERSITY_HOSPITAL,NORTH SHORE UNIVERSITY HOSPITAL,BRONX|NORTH SHORE UNIVERSITY HOSPITAL
TXD,NORTMG,NORTMG,TXD|NORTMG
TXD,NOVELL,NOVELL,TXD|NOVELL
TXD,NPC2PART2,NPC2PART2,TXD|NPC2PART2
HEALTHIX,NPCRN,NPCRN,HEALTHIX|NPCRN
HEALTHIX,NPMD,NPMD,HEALTHIX|NPMD
HEALTHIX,NPMP,NPMP,HEALTHIX|NPMP
HEALTHIX,NPP,NPP,HEALTHIX|NPP
HEALTHIX,NPPC,NPPC,HEALTHIX|NPPC
HEALTHIX,NPRN,NPRN,HEALTHIX|NPRN
TXD,NPULSL,NPULSL,TXD|NPULSL
HEALTHIX,NQSC,NQSC,HEALTHIX|NQSC
HEALTHIX,NRAD,NRAD,HEALTHIX|NRAD
HECDCS,NRCIL,NRCIL,HECDCS|NRCIL
HIXNY,NRFS,NRFS,HIXNY|NRFS
HIXNY,NRFSBHS,NRFSBHS,HIXNY|NRFSBHS
HIXNY,NRFSHH,NRFSHH,HIXNY|NRFSHH
GRRHIO,NRHCC.DUPLICATE,NRHCC,GRRHIO|NRHCC
HEALTHIX,NRHCC.DUPLICATE1,NRHCC,HEALTHIX|NRHCC
HEALTHIX,NRHFM,NRHFM,HEALTHIX|NRHFM
HEALTHIX,NRNC,NRNC,HEALTHIX|NRNC
TXD,NRTMED,NRTMED,TXD|NRTMED
HEALTHIX,NSAOS,NSAOS,HEALTHIX|NSAOS
HEALTHIX,NSCFGC,NSCFGC,HEALTHIX|NSCFGC
HEALTHIX,NSCI,NSCI,HEALTHIX|NSCI
HEALTHIX,NSHC,NSHC,HEALTHIX|NSHC
HEALTHIX,NSLIJHS,NSLIJHS,HEALTHIX|NSLIJHS
HEALTHIX,NSLIJMG,NSLIJMG,HEALTHIX|NSLIJMG
BRONX,NSLIJ_MEDICAL_GROUP,NSLIJ MEDICAL GROUP,BRONX|NSLIJ MEDICAL GROUP
HEALTHIX,NSNH,NSNH,HEALTHIX|NSNH
HEALTHIX,NSUCI,NSUCI,HEALTHIX|NSUCI
HEALTHIX,NSUH,NSUH,HEALTHIX|NSUH
HEALTHIX,NSUHSY,NSUHSY,HEALTHIX|NSUHSY
BRONX,NSUH_SYOSSET,NSUH SYOSSET,BRONX|NSUH SYOSSET
GRRHIO,NSWNY,NSWNY,GRRHIO|NSWNY
GRRHIO,NSWNY2,NSWNY2,GRRHIO|NSWNY2
TXD,NTCARD,NTCARD,TXD|NTCARD
HEALTHIX,NU93,NU93,HEALTHIX|NU93
HEALTHIX,NUHEALTH,NUHEALTH,HEALTHIX|NUHEALTH
HEALTHIX,NUIMA,NUIMA,HEALTHIX|NUIMA
HEALTHIX,NUMC,NUMC,HEALTHIX|NUMC
HEALTHIX,NUMJ,NUMJ,HEALTHIX|NUMJ
HECDCS,NUV-DANBURY,NUV-DANBURY,HECDCS|NUV-DANBURY
HECDCS,NUV-HEART,NUV-HEART,HECDCS|NUV-HEART
HECDCS,NUV-HQMP,NUV-HQMP,HECDCS|NUV-HQMP
HECDCS,NUV-NEW-MILFORD,NUV-NEW-MILFORD,HECDCS|NUV-NEW-MILFORD
HECDCS,NUV-NORTH-DUTCH,NUV-NORTH-DUTCH,HECDCS|NUV-NORTH-DUTCH
HECDCS,NUV-NORWALK,NUV-NORWALK,HECDCS|NUV-NORWALK
HECDCS,NUV-PUTNAM,NUV-PUTNAM,HECDCS|NUV-PUTNAM
HECDCS,NUV-SHARON,NUV-SHARON,HECDCS|NUV-SHARON
HECDCS,NUV-VBMC,NUV-VBMC,HECDCS|NUV-VBMC
HECDCS,NUVANCE-HEALTH,NUVANCE-HEALTH,HECDCS|NUVANCE-HEALTH
GRRHIO,NVFP,NVFP,GRRHIO|NVFP
GRRHIO,NVFP2,NVFP2,GRRHIO|NVFP2
HEALTHIX,NVMMED,NVMMED,HEALTHIX|NVMMED
HEALTHIX,NVRCC,NVRCC,HEALTHIX|NVRCC
HEALTHIX,NWEMS,NWEMS,HEALTHIX|NWEMS
HEALTHIX,NWH,NWH,HEALTHIX|NWH
HEALTHIX,NWHS,NWHS,HEALTHIX|NWHS
HEALTHIX,NWPE,NWPE,HEALTHIX|NWPE
HECDCS,NY-CANCER,NY-CANCER,HECDCS|NY-CANCER
HECDCS,NY-HOME-MONT,NY-HOME-MONT,HECDCS|NY-HOME-MONT
HECDCS,NY-SPINE-WELL,NY-SPINE-WELL,HECDCS|NY-SPINE-WELL
HECDCS,NY-VET-HOME-OX,NY-VET-HOME-OX,HECDCS|NY-VET-HOME-OX
HECDCS,NYACK-HOME,NYACK-HOME,HECDCS|NYACK-HOME
HECDCS,NYACK-RIDGE,NYACK-RIDGE,HECDCS|NYACK-RIDGE
HEALTHIX,NYAT,NYAT,HEALTHIX|NYAT
BRONX,NYA_GASTRO,NYA GASTRO,BRONX|NYA GASTRO
GRRHIO,NYBP,NYBP,GRRHIO|NYBP
HECDCS,NYC-CHILD-CTR,NYC-CHILD-CTR,HECDCS|NYC-CHILD-CTR
HEALTHIX,NYCBS,NYCBS,HEALTHIX|NYCBS
HEALTHIX,NYCCMC,NYCCMC,HEALTHIX|NYCCMC
HEALTHIX,NYCH,NYCH,HEALTHIX|NYCH
HEALTHIX,NYCHH,NYCHH,HEALTHIX|NYCHH
HEALTHIX,NYCMQ,NYCMQ,HEALTHIX|NYCMQ
HEALTHIX,NYCNC,NYCNC,HEALTHIX|NYCNC
HIXNY,NYCP,NYCP,HIXNY|NYCP
BRONX,NYC_CHILDRENS_CENTER,NYC CHILDRENS CENTER,BRONX|NYC CHILDRENS CENTER
BRONX,NYC_COMMUNITY_MEDICAL_CARE,NYC COMMUNITY MEDICAL CARE,BRONX|NYC COMMUNITY MEDICAL CARE
BRONX,NYC_H+H_HARLEM,NYC H+H HARLEM,BRONX|NYC H+H HARLEM
BRONX,NYC_H+H_KINGS_COUNTY,NYC H+H KINGS COUNTY,BRONX|NYC H+H KINGS COUNTY
BRONX,NYC_H+H_LINCOLN,NYC H+H LINCOLN,BRONX|NYC H+H LINCOLN
BRONX,NYC_H+H_NORTH_CENTRAL_BRONX,NYC H+H NORTH CENTRAL BRONX,BRONX|NYC H+H NORTH CENTRAL BRONX
BRONX,NYC_H+H_QUEENS,NYC H+H QUEENS,BRONX|NYC H+H QUEENS
BRONX,NYC_H+H_SOUTH_BROOKLYN_HEALTH,NYC H+H SOUTH BROOKLYN HEALTH,BRONX|NYC H+H SOUTH BROOKLYN HEALTH
BRONX,NYC_MEDICAL_OF_QUEENS,NYC MEDICAL OF QUEENS,BRONX|NYC MEDICAL OF QUEENS
HEALTHIX,NYDEC,NYDEC,HEALTHIX|NYDEC
HIXNY,NYECHB,NYECHB,HIXNY|NYECHB
HEALTHIX,NYEE,NYEE,HEALTHIX|NYEE
HEALTHIX,NYF,NYF,HEALTHIX|NYF
HEALTHIX,NYFP,NYFP,HEALTHIX|NYFP
BRONX,NYGI,NYGI,BRONX|NYGI
HEALTHIX,NYHM,NYHM,HEALTHIX|NYHM
HEALTHIX,NYHQ,NYHQ,HEALTHIX|NYHQ
HEALTHIX,NYIM,NYIM,HEALTHIX|NYIM
HEALTHIX,NYIT,NYIT,HEALTHIX|NYIT
HEALTHIX,NYMA,NYMA,HEALTHIX|NYMA
HEALTHIX,NYMH,NYMH,HEALTHIX|NYMH
HEALTHIX,NYMHPC,NYMHPC,HEALTHIX|NYMHPC
HEALTHIX,NYMIS,NYMIS,HEALTHIX|NYMIS
HEALTHIX,NYMOBG,NYMOBG,HEALTHIX|NYMOBG
HEALTHIX,NYMSS,NYMSS,HEALTHIX|NYMSS
HIXNY,NYOH,NYOH,HIXNY|NYOH
HIXNY,NYOHIMAGE,NYOHIMAGE,HIXNY|NYOHIMAGE
HEALTHIX,NYPALLEN,NYPALLEN,HEALTHIX|NYPALLEN
HEALTHIX,NYPBMH,NYPBMH,HEALTHIX|NYPBMH
HEALTHIX,NYPCC,NYPCC,HEALTHIX|NYPCC
HEALTHIX,NYPCD,NYPCD,HEALTHIX|NYPCD
HEALTHIX,NYPGSH,NYPGSH,HEALTHIX|NYPGSH
HEALTHIX,NYPHC,NYPHC,HEALTHIX|NYPHC
HEALTHIX,NYPHEAST,NYPHEAST,HEALTHIX|NYPHEAST
HEALTHIX,NYPHVH,NYPHVH,HEALTHIX|NYPHVH
HEALTHIX,NYPHWEST,NYPHWEST,HEALTHIX|NYPHWEST
HEALTHIX,NYPKOCH,NYPKOCH,HEALTHIX|NYPKOCH
HEALTHIX,NYPL,NYPL,HEALTHIX|NYPL
HEALTHIX,NYPLAWRENCE,NYPLAWRENCE,HEALTHIX|NYPLAWRENCE
HEALTHIX,NYPLOWERM,NYPLOWERM,HEALTHIX|NYPLOWERM
HEALTHIX,NYPMILSTEIN,NYPMILSTEIN,HEALTHIX|NYPMILSTEIN
HEALTHIX,NYPMSCHONY,NYPMSCHONY,HEALTHIX|NYPMSCHONY
HEALTHIX,NYPQAMB,NYPQAMB,HEALTHIX|NYPQAMB
HEALTHIX,NYPQUEENS,NYPQUEENS,HEALTHIX|NYPQUEENS
HEALTHIX,NYPRES,NYPRES,HEALTHIX|NYPRES
HEALTHIX,NYPROTC,NYPROTC,HEALTHIX|NYPROTC
HEALTHIX,NYPWBHC,NYPWBHC,HEALTHIX|NYPWBHC
HEALTHIX,NYPWCI,NYPWCI,HEALTHIX|NYPWCI
BRONX,NYP_ALLEN_HOSPITAL,NYP ALLEN HOSPITAL,BRONX|NYP ALLEN HOSPITAL
BRONX,NYP_BROOKLYN_METHODIST_HOSPITAL,NYP BROOKLYN METHODIST HOSPITAL,BRONX|NYP BROOKLYN METHODIST HOSPITAL
BRONX,NYP_CORNELL,NYP CORNELL,BRONX|NYP CORNELL
BRONX,NYP_HUDSON_VALLEY_HOSPITAL,NYP HUDSON VALLEY HOSPITAL,BRONX|NYP HUDSON VALLEY HOSPITAL
BRONX,NYP_LOWER_MANHATTAN_HOSPITAL,NYP LOWER MANHATTAN HOSPITAL,BRONX|NYP LOWER MANHATTAN HOSPITAL
BRONX,NYP_MILSTEIN_HOSPITAL,NYP MILSTEIN HOSPITAL,BRONX|NYP MILSTEIN HOSPITAL
BRONX,NYP_QUEENS_HOSPITAL,NYP QUEENS HOSPITAL,BRONX|NYP QUEENS HOSPITAL
BRONX,NYP_WEIL_CORNELL_IMAGING,NYP WEIL CORNELL IMAGING,BRONX|NYP WEIL CORNELL IMAGING
HEALTHIX,NYQCA,NYQCA,HEALTHIX|NYQCA
HEALTHIX,NYQCACO,NYQCACO,HEALTHIX|NYQCACO
HEALTHIX,NYRCM,NYRCM,HEALTHIX|NYRCM
HECDCS,NYS-PSYCH-INS,NYS-PSYCH-INS,HECDCS|NYS-PSYCH-INS
TXD,NYSDD,NYSDD,TXD|NYSDD
TXD,NYSIIS.DUPLICATE2,NYSIIS,TXD|NYSIIS
HEALTHIX,NYSMD,NYSMD,HEALTHIX|NYSMD
HEALTHIX,NYTM,NYTM,HEALTHIX|NYTM
HEALTHIX,NYUCOBBLE,NYUCOBBLE,HEALTHIX|NYUCOBBLE
HEALTHIX,NYUFGP,NYUFGP,HEALTHIX|NYUFGP
HEALTHIX,NYUGSM,NYUGSM,HEALTHIX|NYUGSM
HEALTHIX,NYUHJD,NYUHJD,HEALTHIX|NYUHJD
HEALTHIX,NYULHLI,NYULHLI,HEALTHIX|NYULHLI
HEALTHIX,NYULICH,NYULICH,HEALTHIX|NYULICH
HEALTHIX,NYULUTHERAN,NYULUTHERAN,HEALTHIX|NYULUTHERAN
HEALTHIX,NYUMC,NYUMC,HEALTHIX|NYUMC
HEALTHIX,NYUPN,NYUPN,HEALTHIX|NYUPN
HEALTHIX,NYURADIOLOGY,NYURADIOLOGY,HEALTHIX|NYURADIOLOGY
HEALTHIX,NYURUSK,NYURUSK,HEALTHIX|NYURUSK
HEALTHIX,NYUTISCH,NYUTISCH,HEALTHIX|NYUTISCH
HEALTHIX,NYUTRINITY,NYUTRINITY,HEALTHIX|NYUTRINITY
HEALTHIX,NYUWMA,NYUWMA,HEALTHIX|NYUWMA
BRONX,NYU_BROOKLYN,NYU BROOKLYN,BRONX|NYU BROOKLYN
BRONX,NYU_FACULTY_GROUP_PRACTICE,NYU FACULTY GROUP PRACTICE,BRONX|NYU FACULTY GROUP PRACTICE
BRONX,NYU_HOSPITAL_FOR_JOINT_DISEASES,NYU HOSPITAL FOR JOINT DISEASES,BRONX|NYU HOSPITAL FOR JOINT DISEASES
BRONX,NYU_LONG_ISLAND_COMMUNITY_HOSPITAL,NYU LONG ISLAND COMMUNITY HOSPITAL,BRONX|NYU LONG ISLAND COMMUNITY HOSPITAL
BRONX,NYU_TISCH,NYU TISCH,BRONX|NYU TISCH
BRONX,NYU_WINTHROP,NYU WINTHROP,BRONX|NYU WINTHROP
HECDCS,O-ROSE-ONYEMA,O-ROSE-ONYEMA,HECDCS|O-ROSE-ONYEMA
HEALTHIX,OACO,OACO,HEALTHIX|OACO
GRRHIO,OAFM,OAFM,GRRHIO|OAFM
HECDCS,OAK-ORCHARD-ECW,OAK-ORCHARD-ECW,HECDCS|OAK-ORCHARD-ECW
TXD,OAKORC,OAKORC,TXD|OAKORC
BRONX,OAK_STREET,OAK STREET,BRONX|OAK STREET
GRRHIO,OAR,OAR,GRRHIO|OAR
GRRHIO,OAR2,OAR2,GRRHIO|OAR2
HEALTHIX,OARN,OARN,HEALTHIX|OARN
TXD,OBGYN,OBGYN,TXD|OBGYN
HECDCS,OBGYN-ASSOC-ITH,OBGYN-ASSOC-ITH,HECDCS|OBGYN-ASSOC-ITH
HEALTHIX,OBHS,OBHS,HEALTHIX|OBHS
HEALTHIX,OBHSBHMC,OBHSBHMC,HEALTHIX|OBHSBHMC
HEALTHIX,OBHSIMC,OBHSIMC,HEALTHIX|OBHSIMC
HEALTHIX,OBHSKJMC,OBHSKJMC,HEALTHIX|OBHSKJMC
HIXNY,OCCS,OCCS,HIXNY|OCCS
GRRHIO,OCDMH,OCDMH,GRRHIO|OCDMH
GRRHIO,OCDN,OCDN,GRRHIO|OCDN
HEALTHIX,OCFM,OCFM,HEALTHIX|OCFM
HEALTHIX,OCFRN,OCFRN,HEALTHIX|OCFRN
GRRHIO,OCMH.DUPLICATE,OCMH,GRRHIO|OCMH
TXD,OCMH.DUPLICATE1,OCMH,TXD|OCMH
TXD,OCNNOR,OCNNOR,TXD|OCNNOR
HECDCS,OCONNOR-MED-UC,OCONNOR-MED-UC,HECDCS|OCONNOR-MED-UC
HEALTHIX,OCRN,OCRN,HEALTHIX|OCRN
HEALTHIX,ODA,ODA,HEALTHIX|ODA
HEALTHIX,ODMP,ODMP,HEALTHIX|ODMP
HEALTHIX,ODYSSEYH,ODYSSEYH,HEALTHIX|ODYSSEYH
BRONX,ODYSSEY_HOUSE,ODYSSEY HOUSE,BRONX|ODYSSEY HOUSE
HEALTHIX,OEFMD,OEFMD,HEALTHIX|OEFMD
HEALTHIX,OEMPC,OEMPC,HEALTHIX|OEMPC
HEALTHIX,OFCL,OFCL,HEALTHIX|OFCL
HIXNY,OFCLALERT,OFCLALERT,HIXNY|OFCLALERT
GRRHIO,OFM,OFM,GRRHIO|OFM
GRRHIO,OFM2,OFM2,GRRHIO|OFM2
HECDCS,OGDENSBURG-FAM,OGDENSBURG-FAM,HECDCS|OGDENSBURG-FAM
GRRHIO,OGH.DUPLICATE,OGH,GRRHIO|OGH
TXD,OGH.DUPLICATE1,OGH,TXD|OGH
HEALTHIX,OHEL,OHEL,HEALTHIX|OHEL
HEALTHIX,OHPP,OHPP,HEALTHIX|OHPP
HEALTHIX,OLA,OLA,HEALTHIX|OLA
BRONX,OLA_PEDIATRICS,OLA PEDIATRICS,BRONX|OLA PEDIATRICS
TXD,OLINF,OLINF,TXD|OLINF
BRONX,OLIVE_OSBORNE,OLIVE OSBORNE,BRONX|OLIVE OSBORNE
TXD,OLONC,OLONC,TXD|OLONC
TXD,OLWRI,OLWRI,TXD|OLWRI
TXD,OLWSR,OLWSR,TXD|OLWSR
TXD,OMG,OMG,TXD|OMG
HEALTHIX,OMH,OMH,HEALTHIX|OMH
HEALTHIX,OMHBPC,OMHBPC,HEALTHIX|OMHBPC
HIXNY,OMHCDPC24,OMHCDPC24,HIXNY|OMHCDPC24
HIXNY,OMHCNYFPC43,OMHCNYFPC43,HIXNY|OMHCNYFPC43
HEALTHIX,OMHCPC,OMHCPC,HEALTHIX|OMHCPC
HEALTHIX,OMHKFPC,OMHKFPC,HEALTHIX|OMHKFPC
HEALTHIX,OMHKPC,OMHKPC,HEALTHIX|OMHKPC
HIXNY,OMHMHPC38,OMHMHPC38,HIXNY|OMHMHPC38
HEALTHIX,OMHMPC,OMHMPC,HEALTHIX|OMHMPC
HIXNY,OMHMPC10,OMHMPC10,HIXNY|OMHMPC10
HIXNY,OMHMVPC45,OMHMVPC45,HIXNY|OMHMVPC45
HEALTHIX,OMHNCC,OMHNCC,HEALTHIX|OMHNCC
HEALTHIX,OMHNYPI,OMHNYPI,HEALTHIX|OMHNYPI
HEALTHIX,OMHPPC,OMHPPC,HEALTHIX|OMHPPC
HIXNY,OMHRCPC26,OMHRCPC26,HIXNY|OMHRCPC26
HIXNY,OMHRPC16,OMHRPC16,HIXNY|OMHRPC16
HEALTHIX,OMHSBC,OMHSBC,HEALTHIX|OMHSBC
HEALTHIX,OMHSCPC,OMHSCPC,HEALTHIX|OMHSCPC
HIXNY,OMHSLPC17,OMHSLPC17,HIXNY|OMHSLPC17
HIXNY,OMHSTARC49,OMHSTARC49,HIXNY|OMHSTARC49
HIXNY,OMNESIPA,OMNESIPA,HIXNY|OMNESIPA
HEALTHIX,OMPC,OMPC,HEALTHIX|OMPC
HEALTHIX,OMPE,OMPE,HEALTHIX|OMPE
HECDCS,OMRDD-HANDI,OMRDD-HANDI,HECDCS|OMRDD-HANDI
HECDCS,ON-CARE-FAM,ON-CARE-FAM,HECDCS|ON-CARE-FAM
HECDCS,ON-CTY-DCFS-ADT,ON-CTY-DCFS-ADT,HECDCS|ON-CTY-DCFS-ADT
GRRHIO,ONAC,ONAC,GRRHIO|ONAC
HECDCS,OND-HLTH-RWL-ONC,OND-HLTH-RWL-ONC,HECDCS|OND-HLTH-RWL-ONC
HEALTHIX,ONEI,ONEI,HEALTHIX|ONEI
HECDCS,ONEIDA-COUNTY,ONEIDA-COUNTY,HECDCS|ONEIDA-COUNTY
HECDCS,ONEIDA-CTY-HD,ONEIDA-CTY-HD,HECDCS|ONEIDA-CTY-HD
HECDCS,ONEIDA-CTY-HD-PH,ONEIDA-CTY-HD-PH,HECDCS|ONEIDA-CTY-HD-PH
HECDCS,ONEIDA-HLTH,ONEIDA-HLTH,HECDCS|ONEIDA-HLTH
HECDCS,ONEIDA-HLTH-CLIN,ONEIDA-HLTH-CLIN,HECDCS|ONEIDA-HLTH-CLIN
HECDCS,ONEIDA-HLTH-EXT,ONEIDA-HLTH-EXT,HECDCS|ONEIDA-HLTH-EXT
HECDCS,ONEIDA-HLTH-MED,ONEIDA-HLTH-MED,HECDCS|ONEIDA-HLTH-MED
HECDCS,ONEIDA-HLTH-TRI,ONEIDA-HLTH-TRI,HECDCS|ONEIDA-HLTH-TRI
HECDCS,ONEIDA-INDIAN,ONEIDA-INDIAN,HECDCS|ONEIDA-INDIAN
HECDCS,ONEIDA-MED-ASSOC,ONEIDA-MED-ASSOC,HECDCS|ONEIDA-MED-ASSOC
HECDCS,ONEIDA-OBGYN-GRP,ONEIDA-OBGYN-GRP,HECDCS|ONEIDA-OBGYN-GRP
HECDCS,ONEIDA-WOM-HLTH,ONEIDA-WOM-HLTH,HECDCS|ONEIDA-WOM-HLTH
BRONX,ONE_BROOKLYN_HEALTH,ONE BROOKLYN HEALTH,BRONX|ONE BROOKLYN HEALTH
BRONX,ONE_HANSON_PL_PEDIATRICS,ONE HANSON PL PEDIATRICS,BRONX|ONE HANSON PL PEDIATRICS
HECDCS,ONON-CHAP-NYSARC,ONON-CHAP-NYSARC,HECDCS|ONON-CHAP-NYSARC
HECDCS,ONON-HD-HF,ONON-HD-HF,HECDCS|ONON-HD-HF
HECDCS,ONON-HD-HF-PH,ONON-HD-HF-PH,HECDCS|ONON-HD-HF-PH
HEALTHIX,ONONC,ONONC,HEALTHIX|ONONC
HECDCS,ONONDAGA-ALTC,ONONDAGA-ALTC,HECDCS|ONONDAGA-ALTC
HECDCS,ONONDAGA-HD,ONONDAGA-HD,HECDCS|ONONDAGA-HD
HEALTHIX,ONRC,ONRC,HEALTHIX|ONRC
GRRHIO,ONTAC.DUPLICATE,ONTAC,GRRHIO|ONTAC
HEALTHIX,ONTAC.DUPLICATE1,ONTAC,HEALTHIX|ONTAC
GRRHIO,ONTARC,ONTARC,GRRHIO|ONTARC
TXD,ONYIPA,ONYIPA,TXD|ONYIPA
HIXNY,ONYPR,ONYPR,HIXNY|ONYPR
GRRHIO,OOCHC,OOCHC,GRRHIO|OOCHC
HECDCS,OPENGATE,OPENGATE,HECDCS|OPENGATE
TXD,OPFAM,OPFAM,TXD|OPFAM
HEALTHIX,OPPCM,OPPCM,HEALTHIX|OPPCM
TXD,OPPEDS,OPPEDS,TXD|OPPEDS
HEALTHIX,OPPPC,OPPPC,HEALTHIX|OPPPC
BRONX,OPTIMUM_FM,OPTIMUM FM,BRONX|OPTIMUM FM
BRONX,OPTIMUM_PRIMARY_CARE_MEDICAL,OPTIMUM PRIMARY CARE MEDICAL,BRONX|OPTIMUM PRIMARY CARE MEDICAL
BRONX,OPTIONS_FOR_COMMUNITY_LIVING,OPTIONS FOR COMMUNITY LIVING,BRONX|OPTIONS FOR COMMUNITY LIVING
HECDCS,OPTUM-CRH,OPTUM-CRH,HECDCS|OPTUM-CRH
HECDCS,OPTUM-MED-CARE,OPTUM-MED-CARE,HECDCS|OPTUM-MED-CARE
HEALTHIX,OPTUMTRI,OPTUMTRI,HEALTHIX|OPTUMTRI
HEALTHIX,OPWDD,OPWDD,HEALTHIX|OPWDD
HECDCS,ORANGE-DEPT-MH,ORANGE-DEPT-MH,HECDCS|ORANGE-DEPT-MH
HECDCS,ORANGE-DOH,ORANGE-DOH,HECDCS|ORANGE-DOH
HECDCS,ORANGE-MED-CARE,ORANGE-MED-CARE,HECDCS|ORANGE-MED-CARE
GRRHIO,ORCDN,ORCDN,GRRHIO|ORCDN
BRONX,ORG_MEDICAL,ORG MEDICAL,BRONX|ORG MEDICAL
GRRHIO,ORLCH,ORLCH,GRRHIO|ORLCH
BRONX,ORLIN_AND_COHEN_REHAB_AT_MERRICK,ORLIN AND COHEN REHAB AT MERRICK,BRONX|ORLIN AND COHEN REHAB AT MERRICK
HEALTHIX,ORMD,ORMD,HEALTHIX|ORMD
HEALTHIX,ORRISMD,ORRISMD,HEALTHIX|ORRISMD
HECDCS,ORTHO-ASSC-DUTCH,ORTHO-ASSC-DUTCH,HECDCS|ORTHO-ASSC-DUTCH
HIXNY,ORTHONY,ORTHONY,HIXNY|ORTHONY
HEALTHIX,ORZC,ORZC,HEALTHIX|ORZC
HECDCS,OSBORN,OSBORN,HECDCS|OSBORN
BRONX,OSBORNE_ASSOCIATION,OSBORNE ASSOCIATION,BRONX|OSBORNE ASSOCIATION
BRONX,OSCAR_FUKILMAN,OSCAR FUKILMAN,BRONX|OSCAR FUKILMAN
HEALTHIX,OSH,OSH,HEALTHIX|OSH
TXD,OSHGWL,OSHGWL,TXD|OSHGWL
TXD,OSHJFS,OSHJFS,TXD|OSHJFS
TXD,OSHKID,OSHKID,TXD|OSHKID
TXD,OSHND,OSHND,TXD|OSHND
TXD,OSHSUM,OSHSUM,TXD|OSHSUM
HIXNY,OSIKASCAR,OSIKASCAR,HIXNY|OSIKASCAR
HECDCS,OSW-HEALTH,OSW-HEALTH,HECDCS|OSW-HEALTH
HECDCS,OSW-HEALTH-HOME,OSW-HEALTH-HOME,HECDCS|OSW-HEALTH-HOME
HECDCS,OSW-HLTH-PHY,OSW-HLTH-PHY,HECDCS|OSW-HLTH-PHY
HECDCS,OSW-OPPS,OSW-OPPS,HECDCS|OSW-OPPS
HECDCS,OSW-PHY-CARE,OSW-PHY-CARE,HECDCS|OSW-PHY-CARE
HECDCS,OSWEGO-CORR,OSWEGO-CORR,HECDCS|OSWEGO-CORR
HECDCS,OSWEGO-CTY,OSWEGO-CTY,HECDCS|OSWEGO-CTY
HECDCS,OSWEGO-OBGYN,OSWEGO-OBGYN,HECDCS|OSWEGO-OBGYN
HIXNY,OTSEGO,OTSEGO,HIXNY|OTSEGO
HIXNY,OTSEGOCO,OTSEGOCO,HIXNY|OTSEGOCO
HEALTHIX,OURNM,OURNM,HEALTHIX|OURNM
BRONX,OUTREACH_DEVELOPMENT,OUTREACH DEVELOPMENT,BRONX|OUTREACH DEVELOPMENT
HEALTHIX,OXFORDNH,OXFORDNH,HEALTHIX|OXFORDNH
HEALTHIX,OZHALL,OZHALL,HEALTHIX|OZHALL
HEALTHIX,OZPM,OZPM,HEALTHIX|OZPM
HEALTHIX,OZPQ,OZPQ,HEALTHIX|OZPQ
HEALTHIX,PAAS,PAAS,HEALTHIX|PAAS
HEALTHIX,PABK,PABK,HEALTHIX|PABK
HEALTHIX,PACARS,PACARS,HEALTHIX|PACARS
HECDCS,PADMA-RAM,PADMA-RAM,HECDCS|PADMA-RAM
HEALTHIX,PAECF,PAECF,HEALTHIX|PAECF
HEALTHIX,PAEN,PAEN,HEALTHIX|PAEN
HEALTHIX,PAGO,PAGO,HEALTHIX|PAGO
TXD,PAL,PAL,TXD|PAL
HECDCS,PALATINE-NURSING,PALATINE-NURSING,HECDCS|PALATINE-NURSING
HEALTHIX,PALISADES,PALISADES,HEALTHIX|PALISADES
HIXNY,PALM,PALM,HIXNY|PALM
HEALTHIX,PANYC,PANYC,HEALTHIX|PANYC
GRRHIO,PAOB,PAOB,GRRHIO|PAOB
GRRHIO,PAPE,PAPE,GRRHIO|PAPE
GRRHIO,PAPE2,PAPE2,GRRHIO|PAPE2
HIXNY,PAPL,PAPL,HIXNY|PAPL
HIXNY,PAPL315,PAPL315,HIXNY|PAPL315
HIXNY,PAPL315DOC,PAPL315DOC,HIXNY|PAPL315DOC
HIXNY,PAPLALBCARD,PAPLALBCARD,HIXNY|PAPLALBCARD
HIXNY,PAPLALBCARDDOC,PAPLALBCARDDOC,HIXNY|PAPLALBCARDDOC
HIXNY,PAPLBIRTH,PAPLBIRTH,HIXNY|PAPLBIRTH
HIXNY,PAPLBIRTHDOC,PAPLBIRTHDOC,HIXNY|PAPLBIRTHDOC
HIXNY,PAPLBREAST,PAPLBREAST,HIXNY|PAPLBREAST
HIXNY,PAPLBREASTDOC,PAPLBREASTDOC,HIXNY|PAPLBREASTDOC
HIXNY,PAPLDIABEND,PAPLDIABEND,HIXNY|PAPLDIABEND
HIXNY,PAPLDIABENDDOC,PAPLDIABENDDOC,HIXNY|PAPLDIABENDDOC
HIXNY,PAPLDOC,PAPLDOC,HIXNY|PAPLDOC
HIXNY,PAPLFHC,PAPLFHC,HIXNY|PAPLFHC
HIXNY,PAPLFHCDOC,PAPLFHCDOC,HIXNY|PAPLFHCDOC
HIXNY,PAPLIMAGCP,PAPLIMAGCP,HIXNY|PAPLIMAGCP
HIXNY,PAPLIMAGCPDOC,PAPLIMAGCPDOC,HIXNY|PAPLIMAGCPDOC
HIXNY,PAPLIMAGE,PAPLIMAGE,HIXNY|PAPLIMAGE
HIXNY,PAPLIMAGE317,PAPLIMAGE317,HIXNY|PAPLIMAGE317
HIXNY,PAPLIMAGE317DOC,PAPLIMAGE317DOC,HIXNY|PAPLIMAGE317DOC
HIXNY,PAPLIMAGE319,PAPLIMAGE319,HIXNY|PAPLIMAGE319
HIXNY,PAPLIMAGE319DOC,PAPLIMAGE319DOC,HIXNY|PAPLIMAGE319DOC
HIXNY,PAPLIMAGEDOC,PAPLIMAGEDOC,HIXNY|PAPLIMAGEDOC
HIXNY,PAPLLAB,PAPLLAB,HIXNY|PAPLLAB
HIXNY,PAPLLABDOC,PAPLLABDOC,HIXNY|PAPLLABDOC
HIXNY,PAPLMEDPED,PAPLMEDPED,HIXNY|PAPLMEDPED
HIXNY,PAPLMEDPEDDOC,PAPLMEDPEDDOC,HIXNY|PAPLMEDPEDDOC
HIXNY,PAPLPCCS,PAPLPCCS,HIXNY|PAPLPCCS
HIXNY,PAPLPCCSDOC,PAPLPCCSDOC,HIXNY|PAPLPCCSDOC
HIXNY,PAPLSLEEP,PAPLSLEEP,HIXNY|PAPLSLEEP
HIXNY,PAPLSLEEPDOC,PAPLSLEEPDOC,HIXNY|PAPLSLEEPDOC
HIXNY,PAPLSPINE,PAPLSPINE,HIXNY|PAPLSPINE
HIXNY,PAPLSPINEDOC,PAPLSPINEDOC,HIXNY|PAPLSPINEDOC
HIXNY,PAPLURGTOGA,PAPLURGTOGA,HIXNY|PAPLURGTOGA
HIXNY,PAPLURGTOGADOC,PAPLURGTOGADOC,HIXNY|PAPLURGTOGADOC
HIXNY,PAPLWFHC,PAPLWFHC,HIXNY|PAPLWFHC
HIXNY,PAPLWFHCDOC,PAPLWFHCDOC,HIXNY|PAPLWFHCDOC
HECDCS,PARK-AVE-HEALTH,PARK-AVE-HEALTH,HECDCS|PARK-AVE-HEALTH
HECDCS,PARK-AVE-RADIO,PARK-AVE-RADIO,HECDCS|PARK-AVE-RADIO
HECDCS,PARK-TERRACE,PARK-TERRACE,HECDCS|PARK-TERRACE
HEALTHIX,PARKER,PARKER,HEALTHIX|PARKER
HEALTHIX,PARKERHC,PARKERHC,HEALTHIX|PARKERHC
BRONX,PARK_SLOPE_MENTAL_HEALTH,PARK SLOPE MENTAL HEALTH,BRONX|PARK SLOPE MENTAL HEALTH
HEALTHIX,PASO,PASO,HEALTHIX|PASO
BRONX,PATEL_MEDICAL_CENTER,PATEL MEDICAL CENTER,BRONX|PATEL MEDICAL CENTER
HEALTHIX,PATHLINE,PATHLINE,HEALTHIX|PATHLINE
HECDCS,PATHSTONE,PATHSTONE,HECDCS|PATHSTONE
TXD,PATHWA,PATHWA,TXD|PATHWA
HECDCS,PAUL-S-COHEN,PAUL-S-COHEN,HECDCS|PAUL-S-COHEN
HEALTHIX,PAVQRN,PAVQRN,HEALTHIX|PAVQRN
HEALTHIX,PBC,PBC,HEALTHIX|PBC
HEALTHIX,PBMC,PBMC,HEALTHIX|PBMC
HEALTHIX,PBMG,PBMG,HEALTHIX|PBMG
HEALTHIX,PCARE,PCARE,HEALTHIX|PCARE
TXD,PCCB,PCCB,TXD|PCCB
TXD,PCCHH,PCCHH,TXD|PCCHH
HEALTHIX,PCCHN,PCCHN,HEALTHIX|PCCHN
HEALTHIX,PCCP,PCCP,HEALTHIX|PCCP
HIXNY,PCF,PCF,HIXNY|PCF
HIXNY,PCHOPECON,PCHOPECON,HIXNY|PCHOPECON
TXD,PCIPA,PCIPA,TXD|PCIPA
HEALTHIX,PCLI,PCLI,HEALTHIX|PCLI
HEALTHIX,PCMA,PCMA,HEALTHIX|PCMA
HEALTHIX,PCMB,PCMB,HEALTHIX|PCMB
HEALTHIX,PCMG,PCMG,HEALTHIX|PCMG
HEALTHIX,PCMH,PCMH,HEALTHIX|PCMH
HEALTHIX,PCMH1,PCMH1,HEALTHIX|PCMH1
HEALTHIX,PCMNYHIX,PCMNYHIX,HEALTHIX|PCMNYHIX
HEALTHIX,PCNP,PCNP,HEALTHIX|PCNP
HEALTHIX,PCNY,PCNY,HEALTHIX|PCNY
HEALTHIX,PCRC,PCRC,HEALTHIX|PCRC
HECDCS,PCRRB-EMS,PCRRB-EMS,HECDCS|PCRRB-EMS
GRRHIO,PCS,PCS,GRRHIO|PCS
TXD,PCS1,PCS1,TXD|PCS1
GRRHIO,PCS2,PCS2,GRRHIO|PCS2
TXD,PCSHH,PCSHH,TXD|PCSHH
TXD,PCWNY,PCWNY,TXD|PCWNY
GRRHIO,PDP2,PDP2,GRRHIO|PDP2
GRRHIO,PDPLLC,PDPLLC,GRRHIO|PDPLLC
HECDCS,PEACE-SMNR-HD-ST,PEACE-SMNR-HD-ST,HECDCS|PEACE-SMNR-HD-ST
BRONX,PECONIC_BAY_MEDICAL_CENTER,PECONIC BAY MEDICAL CENTER,BRONX|PECONIC BAY MEDICAL CENTER
BRONX,PECONIC_BAY_MEDICAL_GROUP,PECONIC BAY MEDICAL GROUP,BRONX|PECONIC BAY MEDICAL GROUP
HECDCS,PED-ADOL-MED,PED-ADOL-MED,HECDCS|PED-ADOL-MED
HECDCS,PED-ASSOC-WATER,PED-ASSOC-WATER,HECDCS|PED-ASSOC-WATER
HECDCS,PED-CARDIOLOGY,PED-CARDIOLOGY,HECDCS|PED-CARDIOLOGY
HECDCS,PED-DENT-ORTHO,PED-DENT-ORTHO,HECDCS|PED-DENT-ORTHO
HECDCS,PED-MED-WORLD,PED-MED-WORLD,HECDCS|PED-MED-WORLD
HECDCS,PED-NOW-MED,PED-NOW-MED,HECDCS|PED-NOW-MED
HECDCS,PED-UROLOGY,PED-UROLOGY,HECDCS|PED-UROLOGY
HEALTHIX,PED2000,PED2000,HEALTHIX|PED2000
HEALTHIX,PEDAMED,PEDAMED,HEALTHIX|PEDAMED
HECDCS,PEDIATRIC-ASSOC,PEDIATRIC-ASSOC,HECDCS|PEDIATRIC-ASSOC
BRONX,PEDIATRICS_2000,PEDIATRICS 2000,BRONX|PEDIATRICS 2000
BRONX,PEDIATRICS_2000_III,PEDIATRICS 2000 III,BRONX|PEDIATRICS 2000 III
BRONX,PEDIATRICS_PLUS_&#8211;_DR._INDRANIL_GUPTA,PEDIATRICS PLUS &#8211; DR. INDRANIL GUPTA,BRONX|PEDIATRICS PLUS &#8211; DR. INDRANIL GUPTA
BRONX,PEDIATRIC_FAMILY,PEDIATRIC FAMILY,BRONX|PEDIATRIC FAMILY
BRONX,PEDIATRIC_NEUROLOGY_OF_QUEENS,PEDIATRIC NEUROLOGY OF QUEENS,BRONX|PEDIATRIC NEUROLOGY OF QUEENS
BRONX,PEDIATRIC_PLAZA,PEDIATRIC PLAZA,BRONX|PEDIATRIC PLAZA
BRONX,PEDIATRIC_PLUS,PEDIATRIC PLUS,BRONX|PEDIATRIC PLUS
TXD,PEDURG,PEDURG,TXD|PEDURG
HEALTHIX,PELPM,PELPM,HEALTHIX|PELPM
TXD,PENPNT,PENPNT,TXD|PENPNT
HEALTHIX,PENY,PENY,HEALTHIX|PENY
HECDCS,PEOPLE-USA,PEOPLE-USA,HECDCS|PEOPLE-USA
HIXNY,PEOPLEUSASA,PEOPLEUSASA,HIXNY|PEOPLEUSASA
GRRHIO,PEPEDS,PEPEDS,GRRHIO|PEPEDS
HECDCS,PER-TOUCH-MATRIX,PER-TOUCH-MATRIX,HECDCS|PER-TOUCH-MATRIX
HECDCS,PERC-REIMER,PERC-REIMER,HECDCS|PERC-REIMER
HECDCS,PEREGRN-SNR-LVG,PEREGRN-SNR-LVG,HECDCS|PEREGRN-SNR-LVG
BRONX,PERRY_AVE_FM,PERRY AVE FM,BRONX|PERRY AVE FM
HECDCS,PERSON-CTR,PERSON-CTR,HECDCS|PERSON-CTR
BRONX,PERSONAL_TOUCH_MEDICAL_MGMT,PERSONAL TOUCH MEDICAL MGMT,BRONX|PERSONAL TOUCH MEDICAL MGMT
HEALTHIX,PESI,PESI,HEALTHIX|PESI
GRRHIO,PEVA,PEVA,GRRHIO|PEVA
GRRHIO,PFMB,PFMB,GRRHIO|PFMB
GRRHIO,PFMB2,PFMB2,GRRHIO|PFMB2
TXD,PFMD,PFMD,TXD|PFMD
GRRHIO,PFY,PFY,GRRHIO|PFY
HEALTHIX,PG,PG,HEALTHIX|PG
HEALTHIX,PGCMH,PGCMH,HEALTHIX|PGCMH
HEALTHIX,PGRNC,PGRNC,HEALTHIX|PGRNC
HEALTHIX,PH,PH,HEALTHIX|PH
GRRHIO,PHA,PHA,GRRHIO|PHA
HEALTHIX,PHART,PHART,HEALTHIX|PHART
HIXNY,PHC,PHC,HIXNY|PHC
GRRHIO,PHC.DUPLICATE1,PHC,GRRHIO|PHC
HEALTHIX,PHC.DUPLICATE2,PHC,HEALTHIX|PHC
BRONX,PHELPS_MEMORIAL_HOSPITAL,PHELPS MEMORIAL HOSPITAL,BRONX|PHELPS MEMORIAL HOSPITAL
HEALTHIX,PHGO,PHGO,HEALTHIX|PHGO
HEALTHIX,PHIM,PHIM,HEALTHIX|PHIM
HEALTHIX,PHME,PHME,HEALTHIX|PHME
HEALTHIX,PHMP,PHMP,HEALTHIX|PHMP
HEALTHIX,PHOLI,PHOLI,HEALTHIX|PHOLI
HEALTHIX,PHORNCC,PHORNCC,HEALTHIX|PHORNCC
HEALTHIX,PHP,PHP,HEALTHIX|PHP
HEALTHIX,PHS,PHS,HEALTHIX|PHS
HECDCS,PILGRIM-PSYCH,PILGRIM-PSYCH,HECDCS|PILGRIM-PSYCH
GRRHIO,PIM,PIM,GRRHIO|PIM
HIXNY,PINBH,PINBH,HIXNY|PINBH
GRRHIO,PINC,PINC,GRRHIO|PINC
HECDCS,PINE-VALLEY,PINE-VALLEY,HECDCS|PINE-VALLEY
HIXNY,PINEPLAINS,PINEPLAINS,HIXNY|PINEPLAINS
HECDCS,PINES-CATSKILL,PINES-CATSKILL,HECDCS|PINES-CATSKILL
HECDCS,PINES-POUGH,PINES-POUGH,HECDCS|PINES-POUGH
HECDCS,PINES-UTICA,PINES-UTICA,HECDCS|PINES-UTICA
HIXNY,PINESCAT,PINESCAT,HIXNY|PINESCAT
HIXNY,PINESCATDOC,PINESCATDOC,HIXNY|PINESCATDOC
HIXNY,PINESGLENS,PINESGLENS,HIXNY|PINESGLENS
HIXNY,PINESGLENSDOC,PINESGLENSDOC,HIXNY|PINESGLENSDOC
HIXNY,PINESUTICA,PINESUTICA,HIXNY|PINESUTICA
HIXNY,PINESUTICADOC,PINESUTICADOC,HIXNY|PINESUTICADOC
HEALTHIX,PIPC,PIPC,HEALTHIX|PIPC
HIXNY,PITTSEMS,PITTSEMS,HIXNY|PITTSEMS
GRRHIO,PIVA,PIVA,GRRHIO|PIVA
HEALTHIX,PJH,PJH,HEALTHIX|PJH
HEALTHIX,PJWMD,PJWMD,HEALTHIX|PJWMD
HEALTHIX,PKWE,PKWE,HEALTHIX|PKWE
HEALTHIX,PLMD,PLMD,HEALTHIX|PLMD
HEALTHIX,PLSMD,PLSMD,HEALTHIX|PLSMD
HEALTHIX,PLV,PLV,HEALTHIX|PLV
HEALTHIX,PLVH,PLVH,HEALTHIX|PLVH
HEALTHIX,PMCP,PMCP,HEALTHIX|PMCP
HEALTHIX,PMCPC,PMCPC,HEALTHIX|PMCPC
HEALTHIX,PMEC,PMEC,HEALTHIX|PMEC
HEALTHIX,PMHC,PMHC,HEALTHIX|PMHC
HEALTHIX,PMKP,PMKP,HEALTHIX|PMKP
HEALTHIX,PMLIMC,PMLIMC,HEALTHIX|PMLIMC
HEALTHIX,PMMAP,PMMAP,HEALTHIX|PMMAP
HEALTHIX,PMMM,PMMM,HEALTHIX|PMMM
HEALTHIX,PMNRC,PMNRC,HEALTHIX|PMNRC
HEALTHIX,PMPC,PMPC,HEALTHIX|PMPC
HEALTHIX,PMPPA,PMPPA,HEALTHIX|PMPPA
HEALTHIX,PMS,PMS,HEALTHIX|PMS
HEALTHIX,PMSPC,PMSPC,HEALTHIX|PMSPC
GRRHIO,PNCR,PNCR,GRRHIO|PNCR
GRRHIO,PNCRW,PNCRW,GRRHIO|PNCRW
HEALTHIX,PNH,PNH,HEALTHIX|PNH
GRRHIO,PNMC,PNMC,GRRHIO|PNMC
HECDCS,POD-SRVCS-CNY,POD-SRVCS-CNY,HECDCS|POD-SRVCS-CNY
HECDCS,PONTIAC-NURSING,PONTIAC-NURSING,HECDCS|PONTIAC-NURSING
HECDCS,PORT-CITY-FAMILY,PORT-CITY-FAMILY,HECDCS|PORT-CITY-FAMILY
HECDCS,POUGH-MED-GRP,POUGH-MED-GRP,HECDCS|POUGH-MED-GRP
HECDCS,POUGH-MED-GRP-AS,POUGH-MED-GRP-AS,HECDCS|POUGH-MED-GRP-AS
HECDCS,POUGH-PEDS,POUGH-PEDS,HECDCS|POUGH-PEDS
GRRHIO,PP,PP,GRRHIO|PP
HECDCS,PP-CNY-WNY-NY,PP-CNY-WNY-NY,HECDCS|PP-CNY-WNY-NY
HECDCS,PP-GREATER-NY,PP-GREATER-NY,HECDCS|PP-GREATER-NY
HECDCS,PP-HUDSON-PEC,PP-HUDSON-PEC,HECDCS|PP-HUDSON-PEC
HECDCS,PP-NORTH-CTRY,PP-NORTH-CTRY,HECDCS|PP-NORTH-CTRY
GRRHIO,PPAM.DUPLICATE,PPAM,GRRHIO|PPAM
HEALTHIX,PPAM.DUPLICATE1,PPAM,HEALTHIX|PPAM
HEALTHIX,PPC,PPC,HEALTHIX|PPC
HEALTHIX,PPCPC,PPCPC,HEALTHIX|PPCPC
GRRHIO,PPCWNY,PPCWNY,GRRHIO|PPCWNY
GRRHIO,PPEDS,PPEDS,GRRHIO|PPEDS
GRRHIO,PPEDS2,PPEDS2,GRRHIO|PPEDS2
GRRHIO,PPG,PPG,GRRHIO|PPG
TXD,PPLCHH,PPLCHH,TXD|PPLCHH
TXD,PPLRHB,PPLRHB,TXD|PPLRHB
HEALTHIX,PPMEDPC,PPMEDPC,HEALTHIX|PPMEDPC
HIXNY,PPMH,PPMH,HIXNY|PPMH
HEALTHIX,PPMPC,PPMPC,HEALTHIX|PPMPC
HEALTHIX,PPNC,PPNC,HEALTHIX|PPNC
HIXNY,PPNCNY,PPNCNY,HIXNY|PPNCNY
HIXNY,PPNCNY1,PPNCNY1,HIXNY|PPNCNY1
HEALTHIX,PPPC,PPPC,HEALTHIX|PPPC
HEALTHIX,PPPP,PPPP,HEALTHIX|PPPP
GRRHIO,PPSFL,PPSFL,GRRHIO|PPSFL
GRRHIO,PPSHC,PPSHC,GRRHIO|PPSHC
BRONX,PRASUNA_NUKALAPATI,PRASUNA NUKALAPATI,BRONX|PRASUNA NUKALAPATI
HEALTHIX,PREC,PREC,HEALTHIX|PREC
BRONX,PREFERRED_MEDICAL_CARE,PREFERRED MEDICAL CARE,BRONX|PREFERRED MEDICAL CARE
HECDCS,PREMIER-MED-GRP,PREMIER-MED-GRP,HECDCS|PREMIER-MED-GRP
HECDCS,PREMIER-MED-HV,PREMIER-MED-HV,HECDCS|PREMIER-MED-HV
HECDCS,PREMIERHEALTH,PREMIERHEALTH,HECDCS|PREMIERHEALTH
HECDCS,PRES-HOMES,PRES-HOMES,HECDCS|PRES-HOMES
BRONX,PRESTIGE_PEDIATRIC_CARE,PRESTIGE PEDIATRIC CARE,BRONX|PRESTIGE PEDIATRIC CARE
HIXNY,PRESTON,PRESTON,HIXNY|PRESTON
HECDCS,PREVENTIVE-MED,PREVENTIVE-MED,HECDCS|PREVENTIVE-MED
HEALTHIX,PRFI,PRFI,HEALTHIX|PRFI
HEALTHIX,PRHC,PRHC,HEALTHIX|PRHC
HEALTHIX,PRHOSP,PRHOSP,HEALTHIX|PRHOSP
GRRHIO,PRICA,PRICA,GRRHIO|PRICA
HEALTHIX,PRIHMG,PRIHMG,HEALTHIX|PRIHMG
HECDCS,PRIM-CARE-META,PRIM-CARE-META,HECDCS|PRIM-CARE-META
BRONX,PRIMARY_MEDICAL_CARE,PRIMARY MEDICAL CARE,BRONX|PRIMARY MEDICAL CARE
HECDCS,PRIME-CARE-COORD,PRIME-CARE-COORD,HECDCS|PRIME-CARE-COORD
BRONX,PRIME_MEDCARE,PRIME MEDCARE,BRONX|PRIME MEDCARE
BRONX,PRIME_MEDICAL_CARE,PRIME MEDICAL CARE,BRONX|PRIME MEDICAL CARE
BRONX,PRINE_HEALTH_MEDICAL_GROUP,PRINE HEALTH MEDICAL GROUP,BRONX|PRINE HEALTH MEDICAL GROUP
TXD,PRKVW,PRKVW,TXD|PRKVW
GRRHIO,PRMR,PRMR,GRRHIO|PRMR
HEALTHIX,PRMSPC,PRMSPC,HEALTHIX|PRMSPC
BRONX,PROCARE_MEDICAL_SERVICES,PROCARE MEDICAL SERVICES,BRONX|PROCARE MEDICAL SERVICES
HEALTHIX,PROH,PROH,HEALTHIX|PROH
HEALTHIX,PROHIM,PROHIM,HEALTHIX|PROHIM
BRONX,PROJECT_GUARDIANSHIP,PROJECT GUARDIANSHIP,BRONX|PROJECT GUARDIANSHIP
HIXNY,PROMEDCON,PROMEDCON,HIXNY|PROMEDCON
HIXNY,PROMESA,PROMESA,HIXNY|PROMESA
HIXNY,PROMINISSA,PROMINISSA,HIXNY|PROMINISSA
HEALTHIX,PROR,PROR,HEALTHIX|PROR
HEALTHIX,PROVH,PROVH,HEALTHIX|PROVH
HEALTHIX,PRRE,PRRE,HEALTHIX|PRRE
TXD,PRVDR,PRVDR,TXD|PRVDR
TXD,PRVDR6,PRVDR6,TXD|PRVDR6
HEALTHIX,PRVR,PRVR,HEALTHIX|PRVR
HEALTHIX,PSCH,PSCH,HEALTHIX|PSCH
HEALTHIX,PSINGH,PSINGH,HEALTHIX|PSINGH
HEALTHIX,PSMC,PSMC,HEALTHIX|PSMC
GRRHIO,PSW,PSW,GRRHIO|PSW
GRRHIO,PSW2,PSW2,GRRHIO|PSW2
HECDCS,PSY-ORANGE-SULL,PSY-ORANGE-SULL,HECDCS|PSY-ORANGE-SULL
HECDCS,PSYCH-HEALTH,PSYCH-HEALTH,HECDCS|PSYCH-HEALTH
HEALTHIX,PTHDI,PTHDI,HEALTHIX|PTHDI
HEALTHIX,PUBHEALTHSOL,PUBHEALTHSOL,HEALTHIX|PUBHEALTHSOL
HECDCS,PULASKI-UC,PULASKI-UC,HECDCS|PULASKI-UC
HECDCS,PULASKI-UCU,PULASKI-UCU,HECDCS|PULASKI-UCU
HECDCS,PULM-CRIT-CARE,PULM-CRIT-CARE,HECDCS|PULM-CRIT-CARE
HECDCS,PURNACHANDRA,PURNACHANDRA,HECDCS|PURNACHANDRA
HECDCS,PUTNAM-CTY,PUTNAM-CTY,HECDCS|PUTNAM-CTY
HECDCS,PUTNAM-NURSING,PUTNAM-NURSING,HECDCS|PUTNAM-NURSING
HECDCS,PUTNAM-RIDGE,PUTNAM-RIDGE,HECDCS|PUTNAM-RIDGE
TXD,PYOUNG,PYOUNG,TXD|PYOUNG
BRONX,P_AND_P_PEDIATRICS,P AND P PEDIATRICS,BRONX|P AND P PEDIATRICS
HEALTHIX,Passport,Passport,HEALTHIX|Passport
BRONX,QAZI_K_HAIDER,QAZI K HAIDER,BRONX|QAZI K HAIDER
HEALTHIX,QBLVD,QBLVD,HEALTHIX|QBLVD
HEALTHIX,QCAMC,QCAMC,HEALTHIX|QCAMC
HEALTHIX,QCCP,QCCP,HEALTHIX|QCCP
BRONX,QCW_MEDICAL_SRVCS,QCW MEDICAL SRVCS,BRONX|QCW MEDICAL SRVCS
HEALTHIX,QKHM,QKHM,HEALTHIX|QKHM
HEALTHIX,QLIRI,QLIRI,HEALTHIX|QLIRI
HEALTHIX,QMAC,QMAC,HEALTHIX|QMAC
HEALTHIX,QMC,QMC,HEALTHIX|QMC
HEALTHIX,QMMC,QMMC,HEALTHIX|QMMC
HEALTHIX,QMOPC,QMOPC,HEALTHIX|QMOPC
HEALTHIX,QMPC,QMPC,HEALTHIX|QMPC
HEALTHIX,QMPS,QMPS,HEALTHIX|QMPS
HEALTHIX,QNCARD,QNCARD,HEALTHIX|QNCARD
HEALTHIX,QPEDSS,QPEDSS,HEALTHIX|QPEDSS
HEALTHIX,QRN,QRN,HEALTHIX|QRN
TXD,QUADRT,QUADRT,TXD|QUADRT
TXD,QUAKER,QUAKER,TXD|QUAKER
HEALTHIX,QUALITYMEDCA,QUALITYMEDCA,HEALTHIX|QUALITYMEDCA
BRONX,QUALITY_MEDICAL_PROVIDERS,QUALITY MEDICAL PROVIDERS,BRONX|QUALITY MEDICAL PROVIDERS
HEALTHIX,QUEENS,QUEENS,HEALTHIX|QUEENS
HEALTHIX,QUEENSB,QUEENSB,HEALTHIX|QUEENSB
BRONX,QUEENS_INTERNAL_MED_AND_GERIATRIC,QUEENS INTERNAL MED AND GERIATRIC,BRONX|QUEENS INTERNAL MED AND GERIATRIC
BRONX,QUEENS_MEDICAL_CARE,QUEENS MEDICAL CARE,BRONX|QUEENS MEDICAL CARE
BRONX,QUEENS_STAR_MEDICAL,QUEENS STAR MEDICAL,BRONX|QUEENS STAR MEDICAL
BRONX,QUEENS_WELLNESS_MEDICAL_CARE,QUEENS WELLNESS MEDICAL CARE,BRONX|QUEENS WELLNESS MEDICAL CARE
HEALTHIX,QUENTM,QUENTM,HEALTHIX|QUENTM
GRRHIO,QUEST.DUPLICATE,QUEST,GRRHIO|QUEST
HECDCS,QUEST.DUPLICATE1,QUEST,HECDCS|QUEST
TXD,QUEST.DUPLICATE2,QUEST,TXD|QUEST
HIXNY,QUINLANPHARM,QUINLANPHARM,HIXNY|QUINLANPHARM
HEALTHIX,QVPC,QVPC,HEALTHIX|QVPC
HEALTHIX,QZMPC,QZMPC,HEALTHIX|QZMPC
HEALTHIX,RABER,RABER,HEALTHIX|RABER
HECDCS,RABIA-RIZWANA,RABIA-RIZWANA,HECDCS|RABIA-RIZWANA
HEALTHIX,RADNET,RADNET,HEALTHIX|RADNET
BRONX,RAFAEL_A_GUILLEN,RAFAEL A GUILLEN,BRONX|RAFAEL A GUILLEN
BRONX,RAFIQUE_BHUIYAN_MEDICAL,RAFIQUE BHUIYAN MEDICAL,BRONX|RAFIQUE BHUIYAN MEDICAL
BRONX,RAHILA_BUTT,RAHILA BUTT,BRONX|RAHILA BUTT
BRONX,RAJESH_PATEL,RAJESH PATEL,BRONX|RAJESH PATEL
HEALTHIX,RAMA,RAMA,HEALTHIX|RAMA
HIXNY,RAMANI,RAMANI,HIXNY|RAMANI
HIXNY,RAMCSJC,RAMCSJC,HIXNY|RAMCSJC
BRONX,RANDALL_MEDICAL_OFFICE,RANDALL MEDICAL OFFICE,BRONX|RANDALL MEDICAL OFFICE
HECDCS,RANI-KAPUR-PADO,RANI-KAPUR-PADO,HECDCS|RANI-KAPUR-PADO
TXD,RAPHA,RAPHA,TXD|RAPHA
TXD,RAPHA1,RAPHA1,TXD|RAPHA1
BRONX,RAPID_CARE_SOLUTIONS,RAPID CARE SOLUTIONS,BRONX|RAPID CARE SOLUTIONS
HEALTHIX,RASU,RASU,HEALTHIX|RASU
HIXNY,RAVENAEMS,RAVENAEMS,HIXNY|RAVENAEMS
BRONX,RAZA_MEDICAL,RAZA MEDICAL,BRONX|RAZA MEDICAL
GRRHIO,RBAS,RBAS,GRRHIO|RBAS
GRRHIO,RBAS2,RBAS2,GRRHIO|RBAS2
HEALTHIX,RBDO,RBDO,HEALTHIX|RBDO
HEALTHIX,RBKP,RBKP,HEALTHIX|RBKP
HEALTHIX,RBMD,RBMD,HEALTHIX|RBMD
TXD,RBMED,RBMED,TXD|RBMED
HEALTHIX,RCC,RCC,HEALTHIX|RCC
HEALTHIX,RCCH,RCCH,HEALTHIX|RCCH
HEALTHIX,RCCHN,RCCHN,HEALTHIX|RCCHN
HIXNY,RCDMH,RCDMH,HIXNY|RCDMH
HIXNY,RCDMHCHH,RCDMHCHH,HIXNY|RCDMHCHH
HEALTHIX,RCFP,RCFP,HEALTHIX|RCFP
GRRHIO,RCFR,RCFR,GRRHIO|RCFR
HEALTHIX,RCHH,RCHH,HEALTHIX|RCHH
GRRHIO,RCRS,RCRS,GRRHIO|RCRS
GRRHIO,RCRS2,RCRS2,GRRHIO|RCRS2
HEALTHIX,RCWM,RCWM,HEALTHIX|RCWM
HEALTHIX,RDELM,RDELM,HEALTHIX|RDELM
HEALTHIX,RDOHMH,RDOHMH,HEALTHIX|RDOHMH
HIXNY,REACHCKD,REACHCKD,HIXNY|REACHCKD
HEALTHIX,READEPLACE,READEPLACE,HEALTHIX|READEPLACE
GRRHIO,REAS,REAS,GRRHIO|REAS
HECDCS,REF-MGMT-CARE,REF-MGMT-CARE,HECDCS|REF-MGMT-CARE
HECDCS,REFLECT-COUNSEL,REFLECT-COUNSEL,HECDCS|REFLECT-COUNSEL
HECDCS,REFUAH-HEALTH,REFUAH-HEALTH,HECDCS|REFUAH-HEALTH
HECDCS,REGENCY-EXT-CARE,REGENCY-EXT-CARE,HECDCS|REGENCY-EXT-CARE
HEALTHIX,REGOPRK,REGOPRK,HEALTHIX|REGOPRK
HECDCS,REHAB-SUPP-SRVCS,REHAB-SUPP-SRVCS,HECDCS|REHAB-SUPP-SRVCS
HECDCS,REILLEY-PT,REILLEY-PT,HECDCS|REILLEY-PT
HEALTHIX,RELAY,RELAY,HEALTHIX|RELAY
HEALTHIX,REN,REN,HEALTHIX|REN
HECDCS,RENAISSANCE,RENAISSANCE,HECDCS|RENAISSANCE
HECDCS,RENATO-MANDANAS,RENATO-MANDANAS,HECDCS|RENATO-MANDANAS
HEALTHIX,RENH,RENH,HEALTHIX|RENH
HIXNY,RENSCO,RENSCO,HIXNY|RENSCO
HIXNY,RENSCONMACC,RENSCONMACC,HIXNY|RENSCONMACC
TXD,RESCTR,RESCTR,TXD|RESCTR
HECDCS,RESEARCH-CENT,RESEARCH-CENT,HECDCS|RESEARCH-CENT
BRONX,RESEARCH_COHORT1,RESEARCH COHORT1,BRONX|RESEARCH COHORT1
BRONX,RESEARCH_COHORT_2023,RESEARCH COHORT 2023,BRONX|RESEARCH COHORT 2023
BRONX,RESEARCH_COHORT_2024,RESEARCH COHORT 2024,BRONX|RESEARCH COHORT 2024
HEALTHIX,RESNH,RESNH,HEALTHIX|RESNH
HECDCS,RESOURCE-CTR-IND,RESOURCE-CTR-IND,HECDCS|RESOURCE-CTR-IND
HECDCS,RESTORATIVE-MGMT,RESTORATIVE-MGMT,HECDCS|RESTORATIVE-MGMT
HECDCS,RETINA-VITREOUS,RETINA-VITREOUS,HECDCS|RETINA-VITREOUS
HEALTHIX,REVIVAL,REVIVAL,HEALTHIX|REVIVAL
HEALTHIX,RFAFAL,RFAFAL,HEALTHIX|RFAFAL
HEALTHIX,RFERG,RFERG,HEALTHIX|RFERG
GRRHIO,RGHS,RGHS,GRRHIO|RGHS
HEALTHIX,RGMG,RGMG,HEALTHIX|RGMG
GRRHIO,RGOA,RGOA,GRRHIO|RGOA
HEALTHIX,RHILLS,RHILLS,HEALTHIX|RHILLS
GRRHIO,RHIOWD,RHIOWD,GRRHIO|RHIOWD
HEALTHIX,RHMS,RHMS,HEALTHIX|RHMS
TXD,RHS.DUPLICATE1,RHS,TXD|RHS
HEALTHIX,RI,RI,HEALTHIX|RI
HECDCS,RICHARD-C-WARD,RICHARD-C-WARD,HECDCS|RICHARD-C-WARD
HEALTHIX,RICHMNDPAINC,RICHMNDPAINC,HEALTHIX|RICHMNDPAINC
BRONX,RICHMOND_HILL_PEDIATRICS,RICHMOND HILL PEDIATRICS,BRONX|RICHMOND HILL PEDIATRICS
BRONX,RICHMOND_UNIVERSITY_MEDICAL_CENTER,RICHMOND UNIVERSITY MEDICAL CENTER,BRONX|RICHMOND UNIVERSITY MEDICAL CENTER
HEALTHIX,RICHTERMD,RICHTERMD,HEALTHIX|RICHTERMD
HEALTHIX,RICRSH,RICRSH,HEALTHIX|RICRSH
BRONX,RIDGEWOOD_PEDIATRICS,RIDGEWOOD PEDIATRICS,BRONX|RIDGEWOOD PEDIATRICS
HIXNY,RIGHTAHA,RIGHTAHA,HIXNY|RIGHTAHA
GRRHIO,RIM,RIM,GRRHIO|RIM
HEALTHIX,RIMGEL,RIMGEL,HEALTHIX|RIMGEL
HEALTHIX,RIPC,RIPC,HEALTHIX|RIPC
HEALTHIX,RIPE,RIPE,HEALTHIX|RIPE
HECDCS,RISE,RISE,HECDCS|RISE
BRONX,RISEWELL_COMMUNITY_SERVICES,RISEWELL COMMUNITY SERVICES,BRONX|RISEWELL COMMUNITY SERVICES
BRONX,RISING_GROUND,RISING GROUND,BRONX|RISING GROUND
BRONX,RITA_G_JHAVERI,RITA G JHAVERI,BRONX|RITA G JHAVERI
BRONX,RITA_KHANIJOU_PHYSICIAN,RITA KHANIJOU PHYSICIAN,BRONX|RITA KHANIJOU PHYSICIAN
HEALTHIX,RITECM,RITECM,HEALTHIX|RITECM
HIXNY,RIV,RIV,HIXNY|RIV
HECDCS,RIVER-FAM-PRAC,RIVER-FAM-PRAC,HECDCS|RIVER-FAM-PRAC
HECDCS,RIVER-HOSPITAL,RIVER-HOSPITAL,HECDCS|RIVER-HOSPITAL
HECDCS,RIVER-RADIOLOGY,RIVER-RADIOLOGY,HECDCS|RIVER-RADIOLOGY
HECDCS,RIVER-VIEW-PEDS,RIVER-VIEW-PEDS,HECDCS|RIVER-VIEW-PEDS
HECDCS,RIVERSIDE-CTR,RIVERSIDE-CTR,HECDCS|RIVERSIDE-CTR
BRONX,RIVERSPRING_CHHA,RIVERSPRING CHHA,BRONX|RIVERSPRING CHHA
BRONX,RIVERSPRING_SUPPORTIVE_HOUSING,RIVERSPRING SUPPORTIVE HOUSING,BRONX|RIVERSPRING SUPPORTIVE HOUSING
HECDCS,RIVERVIEW-PSYCH,RIVERVIEW-PSYCH,HECDCS|RIVERVIEW-PSYCH
HECDCS,RIVERVIEW-REHAB,RIVERVIEW-REHAB,HECDCS|RIVERVIEW-REHAB
HEALTHIX,RIVPRHC,RIVPRHC,HEALTHIX|RIVPRHC
HEALTHIX,RJAC,RJAC,HEALTHIX|RJAC
GRRHIO,RJB,RJB,GRRHIO|RJB
HEALTHIX,RKDP,RKDP,HEALTHIX|RKDP
HECDCS,RM-UTICA,RM-UTICA,HECDCS|RM-UTICA
HEALTHIX,RMAKO,RMAKO,HEALTHIX|RMAKO
HEALTHIX,RMCP,RMCP,HEALTHIX|RMCP
HEALTHIX,RMFM,RMFM,HEALTHIX|RMFM
HEALTHIX,RMHC,RMHC,HEALTHIX|RMHC
HEALTHIX,RMHM,RMHM,HEALTHIX|RMHM
HEALTHIX,RMMD,RMMD,HEALTHIX|RMMD
GRRHIO,RMT,RMT,GRRHIO|RMT
GRRHIO,RMT2,RMT2,GRRHIO|RMT2
GRRHIO,RMX,RMX,GRRHIO|RMX
HEALTHIX,RNH,RNH,HEALTHIX|RNH
HEALTHIX,RNOC,RNOC,HEALTHIX|RNOC
HEALTHIX,RNRH,RNRH,HEALTHIX|RNRH
HEALTHIX,RNST,RNST,HEALTHIX|RNST
HECDCS,ROBERT-J-WEISS,ROBERT-J-WEISS,HECDCS|ROBERT-J-WEISS
BRONX,ROBERT_MORROW,ROBERT MORROW,BRONX|ROBERT MORROW
HECDCS,ROCHESTER-PSYCH,ROCHESTER-PSYCH,HECDCS|ROCHESTER-PSYCH
HIXNY,ROCHESTEROMH,ROCHESTEROMH,HIXNY|ROCHESTEROMH
TXD,ROCHGH,ROCHGH,TXD|ROCHGH
HECDCS,ROCK-CHILD-PSYCH,ROCK-CHILD-PSYCH,HECDCS|ROCK-CHILD-PSYCH
HECDCS,ROCK-HEALTH-MH,ROCK-HEALTH-MH,HECDCS|ROCK-HEALTH-MH
HECDCS,ROCK-HOSP-GUILD,ROCK-HOSP-GUILD,HECDCS|ROCK-HOSP-GUILD
HECDCS,ROCK-PSYCH,ROCK-PSYCH,HECDCS|ROCK-PSYCH
GRRHIO,ROCO,ROCO,GRRHIO|ROCO
BRONX,RODOLFO_GUZMAN,RODOLFO GUZMAN,BRONX|RODOLFO GUZMAN
HEALTHIX,ROEN,ROEN,HEALTHIX|ROEN
HEALTHIX,ROGO,ROGO,HEALTHIX|ROGO
HEALTHIX,ROKCPC,ROKCPC,HEALTHIX|ROKCPC
HEALTHIX,ROKPC,ROKPC,HEALTHIX|ROKPC
BRONX,ROLAND_NYEIN,ROLAND NYEIN,BRONX|ROLAND NYEIN
HECDCS,ROME-HLTH,ROME-HLTH,HECDCS|ROME-HLTH
HECDCS,ROME-HLTH-CLIN,ROME-HLTH-CLIN,HECDCS|ROME-HLTH-CLIN
HECDCS,ROME-HLTH-RHCF,ROME-HLTH-RHCF,HECDCS|ROME-HLTH-RHCF
HECDCS,ROME-HLTH-T-SYS,ROME-HLTH-T-SYS,HECDCS|ROME-HLTH-T-SYS
BRONX,ROOSEVELT_MEDICAL_SERVICES,ROOSEVELT MEDICAL SERVICES,BRONX|ROOSEVELT MEDICAL SERVICES
BRONX,ROSARIO_H_REYES-RIGOR,ROSARIO H REYES-RIGOR,BRONX|ROSARIO H REYES-RIGOR
HECDCS,ROSCOE-REGIONAL,ROSCOE-REGIONAL,HECDCS|ROSCOE-REGIONAL
HEALTHIX,ROSHM,ROSHM,HEALTHIX|ROSHM
HIXNY,ROSWELLPK,ROSWELLPK,HIXNY|ROSWELLPK
HIXNY,ROTTEREMS,ROTTEREMS,HIXNY|ROTTEREMS
HEALTHIX,ROXU,ROXU,HEALTHIX|ROXU
HEALTHIX,ROYALCARE,ROYALCARE,HEALTHIX|ROYALCARE
GRRHIO,RPC,RPC,GRRHIO|RPC
GRRHIO,RPCI.DUPLICATE,RPCI,GRRHIO|RPCI
TXD,RPCI.DUPLICATE1,RPCI,TXD|RPCI
TXD,RPCILB,RPCILB,TXD|RPCILB
TXD,RPCIME,RPCIME,TXD|RPCIME
TXD,RPCION,RPCION,TXD|RPCION
HEALTHIX,RPCS,RPCS,HEALTHIX|RPCS
HEALTHIX,RPDPM,RPDPM,HEALTHIX|RPDPM
HEALTHIX,RPHC,RPHC,HEALTHIX|RPHC
HEALTHIX,RPHHIX,RPHHIX,HEALTHIX|RPHHIX
HEALTHIX,RPMDPC,RPMDPC,HEALTHIX|RPMDPC
HEALTHIX,RPMP,RPMP,HEALTHIX|RPMP
HEALTHIX,RPUR,RPUR,HEALTHIX|RPUR
HEALTHIX,RPVFD,RPVFD,HEALTHIX|RPVFD
GRRHIO,RR10,RR10,GRRHIO|RR10
GRRHIO,RR100,RR100,GRRHIO|RR100
GRRHIO,RR103,RR103,GRRHIO|RR103
GRRHIO,RR107,RR107,GRRHIO|RR107
GRRHIO,RR115,RR115,GRRHIO|RR115
GRRHIO,RR118,RR118,GRRHIO|RR118
GRRHIO,RR120,RR120,GRRHIO|RR120
GRRHIO,RR121,RR121,GRRHIO|RR121
GRRHIO,RR124,RR124,GRRHIO|RR124
GRRHIO,RR129,RR129,GRRHIO|RR129
GRRHIO,RR130,RR130,GRRHIO|RR130
GRRHIO,RR131,RR131,GRRHIO|RR131
GRRHIO,RR132,RR132,GRRHIO|RR132
GRRHIO,RR133,RR133,GRRHIO|RR133
GRRHIO,RR134,RR134,GRRHIO|RR134
GRRHIO,RR135,RR135,GRRHIO|RR135
GRRHIO,RR136,RR136,GRRHIO|RR136
GRRHIO,RR137,RR137,GRRHIO|RR137
GRRHIO,RR138,RR138,GRRHIO|RR138
GRRHIO,RR14,RR14,GRRHIO|RR14
GRRHIO,RR140,RR140,GRRHIO|RR140
GRRHIO,RR145,RR145,GRRHIO|RR145
GRRHIO,RR147,RR147,GRRHIO|RR147
GRRHIO,RR151,RR151,GRRHIO|RR151
GRRHIO,RR154,RR154,GRRHIO|RR154
GRRHIO,RR155,RR155,GRRHIO|RR155
GRRHIO,RR157,RR157,GRRHIO|RR157
GRRHIO,RR158,RR158,GRRHIO|RR158
GRRHIO,RR159,RR159,GRRHIO|RR159
GRRHIO,RR165,RR165,GRRHIO|RR165
GRRHIO,RR167,RR167,GRRHIO|RR167
GRRHIO,RR17,RR17,GRRHIO|RR17
GRRHIO,RR173,RR173,GRRHIO|RR173
GRRHIO,RR174,RR174,GRRHIO|RR174
GRRHIO,RR175,RR175,GRRHIO|RR175
GRRHIO,RR176,RR176,GRRHIO|RR176
GRRHIO,RR179,RR179,GRRHIO|RR179
GRRHIO,RR18,RR18,GRRHIO|RR18
GRRHIO,RR181,RR181,GRRHIO|RR181
GRRHIO,RR182,RR182,GRRHIO|RR182
GRRHIO,RR183,RR183,GRRHIO|RR183
GRRHIO,RR184,RR184,GRRHIO|RR184
GRRHIO,RR185,RR185,GRRHIO|RR185
GRRHIO,RR186,RR186,GRRHIO|RR186
GRRHIO,RR19,RR19,GRRHIO|RR19
GRRHIO,RR196,RR196,GRRHIO|RR196
GRRHIO,RR197,RR197,GRRHIO|RR197
GRRHIO,RR198,RR198,GRRHIO|RR198
GRRHIO,RR199,RR199,GRRHIO|RR199
GRRHIO,RR20,RR20,GRRHIO|RR20
GRRHIO,RR200,RR200,GRRHIO|RR200
GRRHIO,RR201,RR201,GRRHIO|RR201
GRRHIO,RR207,RR207,GRRHIO|RR207
GRRHIO,RR219,RR219,GRRHIO|RR219
GRRHIO,RR22,RR22,GRRHIO|RR22
GRRHIO,RR220,RR220,GRRHIO|RR220
GRRHIO,RR221,RR221,GRRHIO|RR221
GRRHIO,RR228,RR228,GRRHIO|RR228
GRRHIO,RR229,RR229,GRRHIO|RR229
GRRHIO,RR23,RR23,GRRHIO|RR23
GRRHIO,RR230,RR230,GRRHIO|RR230
GRRHIO,RR231,RR231,GRRHIO|RR231
GRRHIO,RR232,RR232,GRRHIO|RR232
GRRHIO,RR233,RR233,GRRHIO|RR233
GRRHIO,RR234,RR234,GRRHIO|RR234
GRRHIO,RR235,RR235,GRRHIO|RR235
GRRHIO,RR236,RR236,GRRHIO|RR236
GRRHIO,RR237,RR237,GRRHIO|RR237
GRRHIO,RR238,RR238,GRRHIO|RR238
GRRHIO,RR239,RR239,GRRHIO|RR239
GRRHIO,RR24,RR24,GRRHIO|RR24
GRRHIO,RR240,RR240,GRRHIO|RR240
GRRHIO,RR241,RR241,GRRHIO|RR241
GRRHIO,RR242,RR242,GRRHIO|RR242
GRRHIO,RR243,RR243,GRRHIO|RR243
GRRHIO,RR244,RR244,GRRHIO|RR244
GRRHIO,RR245,RR245,GRRHIO|RR245
GRRHIO,RR246,RR246,GRRHIO|RR246
GRRHIO,RR247,RR247,GRRHIO|RR247
GRRHIO,RR248,RR248,GRRHIO|RR248
GRRHIO,RR25,RR25,GRRHIO|RR25
GRRHIO,RR250,RR250,GRRHIO|RR250
GRRHIO,RR251,RR251,GRRHIO|RR251
GRRHIO,RR252,RR252,GRRHIO|RR252
GRRHIO,RR253,RR253,GRRHIO|RR253
GRRHIO,RR254,RR254,GRRHIO|RR254
GRRHIO,RR255,RR255,GRRHIO|RR255
GRRHIO,RR256,RR256,GRRHIO|RR256
GRRHIO,RR257,RR257,GRRHIO|RR257
GRRHIO,RR258,RR258,GRRHIO|RR258
GRRHIO,RR259,RR259,GRRHIO|RR259
GRRHIO,RR26,RR26,GRRHIO|RR26
GRRHIO,RR260,RR260,GRRHIO|RR260
GRRHIO,RR261,RR261,GRRHIO|RR261
GRRHIO,RR262,RR262,GRRHIO|RR262
GRRHIO,RR264,RR264,GRRHIO|RR264
GRRHIO,RR267,RR267,GRRHIO|RR267
GRRHIO,RR269,RR269,GRRHIO|RR269
GRRHIO,RR27,RR27,GRRHIO|RR27
GRRHIO,RR270,RR270,GRRHIO|RR270
GRRHIO,RR271,RR271,GRRHIO|RR271
GRRHIO,RR272,RR272,GRRHIO|RR272
GRRHIO,RR273,RR273,GRRHIO|RR273
GRRHIO,RR274,RR274,GRRHIO|RR274
GRRHIO,RR275,RR275,GRRHIO|RR275
GRRHIO,RR276,RR276,GRRHIO|RR276
GRRHIO,RR277,RR277,GRRHIO|RR277
GRRHIO,RR278,RR278,GRRHIO|RR278
GRRHIO,RR279,RR279,GRRHIO|RR279
GRRHIO,RR28,RR28,GRRHIO|RR28
GRRHIO,RR280,RR280,GRRHIO|RR280
GRRHIO,RR281,RR281,GRRHIO|RR281
GRRHIO,RR282,RR282,GRRHIO|RR282
GRRHIO,RR283,RR283,GRRHIO|RR283
GRRHIO,RR284,RR284,GRRHIO|RR284
GRRHIO,RR286,RR286,GRRHIO|RR286
GRRHIO,RR287,RR287,GRRHIO|RR287
GRRHIO,RR29,RR29,GRRHIO|RR29
GRRHIO,RR292,RR292,GRRHIO|RR292
GRRHIO,RR293,RR293,GRRHIO|RR293
GRRHIO,RR295,RR295,GRRHIO|RR295
GRRHIO,RR3,RR3,GRRHIO|RR3
GRRHIO,RR30,RR30,GRRHIO|RR30
GRRHIO,RR301,RR301,GRRHIO|RR301
GRRHIO,RR31,RR31,GRRHIO|RR31
GRRHIO,RR314,RR314,GRRHIO|RR314
GRRHIO,RR315,RR315,GRRHIO|RR315
GRRHIO,RR316,RR316,GRRHIO|RR316
GRRHIO,RR317,RR317,GRRHIO|RR317
GRRHIO,RR318,RR318,GRRHIO|RR318
GRRHIO,RR319,RR319,GRRHIO|RR319
GRRHIO,RR32,RR32,GRRHIO|RR32
GRRHIO,RR320,RR320,GRRHIO|RR320
GRRHIO,RR321,RR321,GRRHIO|RR321
GRRHIO,RR322,RR322,GRRHIO|RR322
GRRHIO,RR323,RR323,GRRHIO|RR323
GRRHIO,RR324,RR324,GRRHIO|RR324
GRRHIO,RR325,RR325,GRRHIO|RR325
GRRHIO,RR326,RR326,GRRHIO|RR326
GRRHIO,RR327,RR327,GRRHIO|RR327
GRRHIO,RR328,RR328,GRRHIO|RR328
GRRHIO,RR329,RR329,GRRHIO|RR329
GRRHIO,RR33,RR33,GRRHIO|RR33
GRRHIO,RR330,RR330,GRRHIO|RR330
GRRHIO,RR331,RR331,GRRHIO|RR331
GRRHIO,RR34,RR34,GRRHIO|RR34
GRRHIO,RR346,RR346,GRRHIO|RR346
GRRHIO,RR347,RR347,GRRHIO|RR347
GRRHIO,RR348,RR348,GRRHIO|RR348
GRRHIO,RR349,RR349,GRRHIO|RR349
GRRHIO,RR35,RR35,GRRHIO|RR35
GRRHIO,RR350,RR350,GRRHIO|RR350
GRRHIO,RR351,RR351,GRRHIO|RR351
GRRHIO,RR352,RR352,GRRHIO|RR352
GRRHIO,RR353,RR353,GRRHIO|RR353
GRRHIO,RR354,RR354,GRRHIO|RR354
GRRHIO,RR355,RR355,GRRHIO|RR355
GRRHIO,RR356,RR356,GRRHIO|RR356
GRRHIO,RR357,RR357,GRRHIO|RR357
GRRHIO,RR358,RR358,GRRHIO|RR358
GRRHIO,RR359,RR359,GRRHIO|RR359
GRRHIO,RR36,RR36,GRRHIO|RR36
GRRHIO,RR360,RR360,GRRHIO|RR360
GRRHIO,RR361,RR361,GRRHIO|RR361
GRRHIO,RR362,RR362,GRRHIO|RR362
GRRHIO,RR363,RR363,GRRHIO|RR363
GRRHIO,RR364,RR364,GRRHIO|RR364
GRRHIO,RR366,RR366,GRRHIO|RR366
GRRHIO,RR367,RR367,GRRHIO|RR367
GRRHIO,RR368,RR368,GRRHIO|RR368
GRRHIO,RR369,RR369,GRRHIO|RR369
GRRHIO,RR37,RR37,GRRHIO|RR37
GRRHIO,RR370,RR370,GRRHIO|RR370
GRRHIO,RR371,RR371,GRRHIO|RR371
GRRHIO,RR372,RR372,GRRHIO|RR372
GRRHIO,RR373,RR373,GRRHIO|RR373
GRRHIO,RR374,RR374,GRRHIO|RR374
GRRHIO,RR375,RR375,GRRHIO|RR375
GRRHIO,RR376,RR376,GRRHIO|RR376
GRRHIO,RR377,RR377,GRRHIO|RR377
GRRHIO,RR378,RR378,GRRHIO|RR378
GRRHIO,RR379,RR379,GRRHIO|RR379
GRRHIO,RR38,RR38,GRRHIO|RR38
GRRHIO,RR380,RR380,GRRHIO|RR380
GRRHIO,RR381,RR381,GRRHIO|RR381
GRRHIO,RR382,RR382,GRRHIO|RR382
GRRHIO,RR383,RR383,GRRHIO|RR383
GRRHIO,RR384,RR384,GRRHIO|RR384
GRRHIO,RR385,RR385,GRRHIO|RR385
GRRHIO,RR386,RR386,GRRHIO|RR386
GRRHIO,RR387,RR387,GRRHIO|RR387
GRRHIO,RR388,RR388,GRRHIO|RR388
GRRHIO,RR389,RR389,GRRHIO|RR389
GRRHIO,RR39,RR39,GRRHIO|RR39
GRRHIO,RR390,RR390,GRRHIO|RR390
GRRHIO,RR391,RR391,GRRHIO|RR391
GRRHIO,RR392,RR392,GRRHIO|RR392
GRRHIO,RR393,RR393,GRRHIO|RR393
GRRHIO,RR394,RR394,GRRHIO|RR394
GRRHIO,RR395,RR395,GRRHIO|RR395
GRRHIO,RR396,RR396,GRRHIO|RR396
GRRHIO,RR397,RR397,GRRHIO|RR397
GRRHIO,RR398,RR398,GRRHIO|RR398
GRRHIO,RR399,RR399,GRRHIO|RR399
GRRHIO,RR400,RR400,GRRHIO|RR400
GRRHIO,RR401,RR401,GRRHIO|RR401
GRRHIO,RR402,RR402,GRRHIO|RR402
GRRHIO,RR403,RR403,GRRHIO|RR403
GRRHIO,RR404,RR404,GRRHIO|RR404
GRRHIO,RR405,RR405,GRRHIO|RR405
GRRHIO,RR406,RR406,GRRHIO|RR406
GRRHIO,RR407,RR407,GRRHIO|RR407
GRRHIO,RR408,RR408,GRRHIO|RR408
GRRHIO,RR409,RR409,GRRHIO|RR409
GRRHIO,RR41,RR41,GRRHIO|RR41
GRRHIO,RR410,RR410,GRRHIO|RR410
GRRHIO,RR411,RR411,GRRHIO|RR411
GRRHIO,RR412,RR412,GRRHIO|RR412
GRRHIO,RR413,RR413,GRRHIO|RR413
GRRHIO,RR415,RR415,GRRHIO|RR415
GRRHIO,RR416,RR416,GRRHIO|RR416
GRRHIO,RR42,RR42,GRRHIO|RR42
GRRHIO,RR421,RR421,GRRHIO|RR421
GRRHIO,RR422,RR422,GRRHIO|RR422
GRRHIO,RR423,RR423,GRRHIO|RR423
GRRHIO,RR424,RR424,GRRHIO|RR424
GRRHIO,RR425,RR425,GRRHIO|RR425
GRRHIO,RR426,RR426,GRRHIO|RR426
GRRHIO,RR428,RR428,GRRHIO|RR428
GRRHIO,RR429,RR429,GRRHIO|RR429
GRRHIO,RR432,RR432,GRRHIO|RR432
GRRHIO,RR433,RR433,GRRHIO|RR433
GRRHIO,RR435,RR435,GRRHIO|RR435
GRRHIO,RR436,RR436,GRRHIO|RR436
GRRHIO,RR437,RR437,GRRHIO|RR437
GRRHIO,RR438,RR438,GRRHIO|RR438
GRRHIO,RR439,RR439,GRRHIO|RR439
GRRHIO,RR44,RR44,GRRHIO|RR44
GRRHIO,RR441,RR441,GRRHIO|RR441
GRRHIO,RR443,RR443,GRRHIO|RR443
GRRHIO,RR444,RR444,GRRHIO|RR444
GRRHIO,RR445,RR445,GRRHIO|RR445
GRRHIO,RR446,RR446,GRRHIO|RR446
GRRHIO,RR447,RR447,GRRHIO|RR447
GRRHIO,RR448,RR448,GRRHIO|RR448
GRRHIO,RR449,RR449,GRRHIO|RR449
GRRHIO,RR45,RR45,GRRHIO|RR45
GRRHIO,RR450,RR450,GRRHIO|RR450
GRRHIO,RR454,RR454,GRRHIO|RR454
GRRHIO,RR457,RR457,GRRHIO|RR457
GRRHIO,RR458,RR458,GRRHIO|RR458
GRRHIO,RR459,RR459,GRRHIO|RR459
GRRHIO,RR46,RR46,GRRHIO|RR46
GRRHIO,RR460,RR460,GRRHIO|RR460
GRRHIO,RR465,RR465,GRRHIO|RR465
GRRHIO,RR466,RR466,GRRHIO|RR466
GRRHIO,RR467,RR467,GRRHIO|RR467
GRRHIO,RR468,RR468,GRRHIO|RR468
GRRHIO,RR469,RR469,GRRHIO|RR469
GRRHIO,RR47,RR47,GRRHIO|RR47
GRRHIO,RR470,RR470,GRRHIO|RR470
GRRHIO,RR471,RR471,GRRHIO|RR471
GRRHIO,RR472,RR472,GRRHIO|RR472
GRRHIO,RR473,RR473,GRRHIO|RR473
GRRHIO,RR474,RR474,GRRHIO|RR474
GRRHIO,RR475,RR475,GRRHIO|RR475
GRRHIO,RR476,RR476,GRRHIO|RR476
GRRHIO,RR477,RR477,GRRHIO|RR477
GRRHIO,RR478,RR478,GRRHIO|RR478
GRRHIO,RR479,RR479,GRRHIO|RR479
GRRHIO,RR480,RR480,GRRHIO|RR480
GRRHIO,RR481,RR481,GRRHIO|RR481
GRRHIO,RR482,RR482,GRRHIO|RR482
GRRHIO,RR483,RR483,GRRHIO|RR483
GRRHIO,RR484,RR484,GRRHIO|RR484
GRRHIO,RR485,RR485,GRRHIO|RR485
GRRHIO,RR486,RR486,GRRHIO|RR486
GRRHIO,RR487,RR487,GRRHIO|RR487
GRRHIO,RR488,RR488,GRRHIO|RR488
GRRHIO,RR489,RR489,GRRHIO|RR489
GRRHIO,RR490,RR490,GRRHIO|RR490
GRRHIO,RR492,RR492,GRRHIO|RR492
GRRHIO,RR497,RR497,GRRHIO|RR497
GRRHIO,RR498,RR498,GRRHIO|RR498
GRRHIO,RR499,RR499,GRRHIO|RR499
GRRHIO,RR5,RR5,GRRHIO|RR5
GRRHIO,RR50,RR50,GRRHIO|RR50
GRRHIO,RR500,RR500,GRRHIO|RR500
GRRHIO,RR501,RR501,GRRHIO|RR501
GRRHIO,RR502,RR502,GRRHIO|RR502
GRRHIO,RR503,RR503,GRRHIO|RR503
GRRHIO,RR505,RR505,GRRHIO|RR505
GRRHIO,RR506,RR506,GRRHIO|RR506
GRRHIO,RR507,RR507,GRRHIO|RR507
GRRHIO,RR51,RR51,GRRHIO|RR51
GRRHIO,RR510,RR510,GRRHIO|RR510
GRRHIO,RR511,RR511,GRRHIO|RR511
GRRHIO,RR514,RR514,GRRHIO|RR514
GRRHIO,RR515,RR515,GRRHIO|RR515
GRRHIO,RR516,RR516,GRRHIO|RR516
GRRHIO,RR517,RR517,GRRHIO|RR517
GRRHIO,RR519,RR519,GRRHIO|RR519
GRRHIO,RR526,RR526,GRRHIO|RR526
GRRHIO,RR527,RR527,GRRHIO|RR527
GRRHIO,RR528,RR528,GRRHIO|RR528
GRRHIO,RR529,RR529,GRRHIO|RR529
GRRHIO,RR530,RR530,GRRHIO|RR530
GRRHIO,RR531,RR531,GRRHIO|RR531
GRRHIO,RR532,RR532,GRRHIO|RR532
GRRHIO,RR535,RR535,GRRHIO|RR535
GRRHIO,RR536,RR536,GRRHIO|RR536
GRRHIO,RR537,RR537,GRRHIO|RR537
GRRHIO,RR539,RR539,GRRHIO|RR539
GRRHIO,RR540,RR540,GRRHIO|RR540
GRRHIO,RR541,RR541,GRRHIO|RR541
GRRHIO,RR543,RR543,GRRHIO|RR543
GRRHIO,RR544,RR544,GRRHIO|RR544
GRRHIO,RR545,RR545,GRRHIO|RR545
GRRHIO,RR546,RR546,GRRHIO|RR546
GRRHIO,RR548,RR548,GRRHIO|RR548
GRRHIO,RR550,RR550,GRRHIO|RR550
GRRHIO,RR551,RR551,GRRHIO|RR551
GRRHIO,RR552,RR552,GRRHIO|RR552
GRRHIO,RR553,RR553,GRRHIO|RR553
GRRHIO,RR554,RR554,GRRHIO|RR554
GRRHIO,RR556,RR556,GRRHIO|RR556
GRRHIO,RR558,RR558,GRRHIO|RR558
GRRHIO,RR559,RR559,GRRHIO|RR559
GRRHIO,RR56,RR56,GRRHIO|RR56
GRRHIO,RR560,RR560,GRRHIO|RR560
GRRHIO,RR562,RR562,GRRHIO|RR562
GRRHIO,RR563,RR563,GRRHIO|RR563
GRRHIO,RR564,RR564,GRRHIO|RR564
GRRHIO,RR565,RR565,GRRHIO|RR565
GRRHIO,RR566,RR566,GRRHIO|RR566
GRRHIO,RR567,RR567,GRRHIO|RR567
GRRHIO,RR568,RR568,GRRHIO|RR568
GRRHIO,RR569,RR569,GRRHIO|RR569
GRRHIO,RR57,RR57,GRRHIO|RR57
GRRHIO,RR570,RR570,GRRHIO|RR570
GRRHIO,RR571,RR571,GRRHIO|RR571
GRRHIO,RR572,RR572,GRRHIO|RR572
GRRHIO,RR573,RR573,GRRHIO|RR573
GRRHIO,RR574,RR574,GRRHIO|RR574
GRRHIO,RR575,RR575,GRRHIO|RR575
GRRHIO,RR576,RR576,GRRHIO|RR576
GRRHIO,RR577,RR577,GRRHIO|RR577
GRRHIO,RR578,RR578,GRRHIO|RR578
GRRHIO,RR579,RR579,GRRHIO|RR579
GRRHIO,RR58,RR58,GRRHIO|RR58
GRRHIO,RR581,RR581,GRRHIO|RR581
GRRHIO,RR582,RR582,GRRHIO|RR582
GRRHIO,RR583,RR583,GRRHIO|RR583
GRRHIO,RR584,RR584,GRRHIO|RR584
GRRHIO,RR586,RR586,GRRHIO|RR586
GRRHIO,RR587,RR587,GRRHIO|RR587
GRRHIO,RR588,RR588,GRRHIO|RR588
GRRHIO,RR589,RR589,GRRHIO|RR589
GRRHIO,RR59,RR59,GRRHIO|RR59
GRRHIO,RR590,RR590,GRRHIO|RR590
GRRHIO,RR591,RR591,GRRHIO|RR591
GRRHIO,RR592,RR592,GRRHIO|RR592
GRRHIO,RR593,RR593,GRRHIO|RR593
GRRHIO,RR594,RR594,GRRHIO|RR594
GRRHIO,RR595,RR595,GRRHIO|RR595
GRRHIO,RR596,RR596,GRRHIO|RR596
GRRHIO,RR597,RR597,GRRHIO|RR597
GRRHIO,RR598,RR598,GRRHIO|RR598
GRRHIO,RR599,RR599,GRRHIO|RR599
GRRHIO,RR6,RR6,GRRHIO|RR6
GRRHIO,RR60,RR60,GRRHIO|RR60
GRRHIO,RR600,RR600,GRRHIO|RR600
GRRHIO,RR601,RR601,GRRHIO|RR601
GRRHIO,RR602,RR602,GRRHIO|RR602
GRRHIO,RR603,RR603,GRRHIO|RR603
GRRHIO,RR604,RR604,GRRHIO|RR604
GRRHIO,RR605,RR605,GRRHIO|RR605
GRRHIO,RR606,RR606,GRRHIO|RR606
GRRHIO,RR608,RR608,GRRHIO|RR608
GRRHIO,RR609,RR609,GRRHIO|RR609
GRRHIO,RR61,RR61,GRRHIO|RR61
GRRHIO,RR610,RR610,GRRHIO|RR610
GRRHIO,RR611,RR611,GRRHIO|RR611
GRRHIO,RR612,RR612,GRRHIO|RR612
GRRHIO,RR613,RR613,GRRHIO|RR613
GRRHIO,RR615,RR615,GRRHIO|RR615
GRRHIO,RR62,RR62,GRRHIO|RR62
GRRHIO,RR620,RR620,GRRHIO|RR620
GRRHIO,RR621,RR621,GRRHIO|RR621
GRRHIO,RR622,RR622,GRRHIO|RR622
GRRHIO,RR623,RR623,GRRHIO|RR623
GRRHIO,RR624,RR624,GRRHIO|RR624
GRRHIO,RR625,RR625,GRRHIO|RR625
GRRHIO,RR626,RR626,GRRHIO|RR626
GRRHIO,RR627,RR627,GRRHIO|RR627
GRRHIO,RR628,RR628,GRRHIO|RR628
GRRHIO,RR629,RR629,GRRHIO|RR629
GRRHIO,RR63,RR63,GRRHIO|RR63
GRRHIO,RR630,RR630,GRRHIO|RR630
GRRHIO,RR631,RR631,GRRHIO|RR631
GRRHIO,RR632,RR632,GRRHIO|RR632
GRRHIO,RR633,RR633,GRRHIO|RR633
GRRHIO,RR634,RR634,GRRHIO|RR634
GRRHIO,RR635,RR635,GRRHIO|RR635
GRRHIO,RR636,RR636,GRRHIO|RR636
GRRHIO,RR637,RR637,GRRHIO|RR637
GRRHIO,RR638,RR638,GRRHIO|RR638
GRRHIO,RR639,RR639,GRRHIO|RR639
GRRHIO,RR64,RR64,GRRHIO|RR64
GRRHIO,RR640,RR640,GRRHIO|RR640
GRRHIO,RR641,RR641,GRRHIO|RR641
GRRHIO,RR643,RR643,GRRHIO|RR643
GRRHIO,RR644,RR644,GRRHIO|RR644
GRRHIO,RR645,RR645,GRRHIO|RR645
GRRHIO,RR646,RR646,GRRHIO|RR646
GRRHIO,RR647,RR647,GRRHIO|RR647
GRRHIO,RR648,RR648,GRRHIO|RR648
GRRHIO,RR649,RR649,GRRHIO|RR649
GRRHIO,RR65,RR65,GRRHIO|RR65
GRRHIO,RR652,RR652,GRRHIO|RR652
GRRHIO,RR653,RR653,GRRHIO|RR653
GRRHIO,RR654,RR654,GRRHIO|RR654
GRRHIO,RR655,RR655,GRRHIO|RR655
GRRHIO,RR656,RR656,GRRHIO|RR656
GRRHIO,RR657,RR657,GRRHIO|RR657
GRRHIO,RR658,RR658,GRRHIO|RR658
GRRHIO,RR659,RR659,GRRHIO|RR659
GRRHIO,RR66,RR66,GRRHIO|RR66
GRRHIO,RR660,RR660,GRRHIO|RR660
GRRHIO,RR661,RR661,GRRHIO|RR661
GRRHIO,RR664,RR664,GRRHIO|RR664
GRRHIO,RR665,RR665,GRRHIO|RR665
GRRHIO,RR666,RR666,GRRHIO|RR666
GRRHIO,RR667,RR667,GRRHIO|RR667
GRRHIO,RR668,RR668,GRRHIO|RR668
GRRHIO,RR669,RR669,GRRHIO|RR669
GRRHIO,RR67,RR67,GRRHIO|RR67
GRRHIO,RR670,RR670,GRRHIO|RR670
GRRHIO,RR671,RR671,GRRHIO|RR671
GRRHIO,RR674,RR674,GRRHIO|RR674
GRRHIO,RR675,RR675,GRRHIO|RR675
GRRHIO,RR676,RR676,GRRHIO|RR676
GRRHIO,RR677,RR677,GRRHIO|RR677
GRRHIO,RR678,RR678,GRRHIO|RR678
GRRHIO,RR679,RR679,GRRHIO|RR679
GRRHIO,RR68,RR68,GRRHIO|RR68
GRRHIO,RR681,RR681,GRRHIO|RR681
GRRHIO,RR682,RR682,GRRHIO|RR682
GRRHIO,RR683,RR683,GRRHIO|RR683
GRRHIO,RR684,RR684,GRRHIO|RR684
GRRHIO,RR685,RR685,GRRHIO|RR685
GRRHIO,RR686,RR686,GRRHIO|RR686
GRRHIO,RR687,RR687,GRRHIO|RR687
GRRHIO,RR688,RR688,GRRHIO|RR688
GRRHIO,RR69,RR69,GRRHIO|RR69
GRRHIO,RR690,RR690,GRRHIO|RR690
GRRHIO,RR691,RR691,GRRHIO|RR691
GRRHIO,RR692,RR692,GRRHIO|RR692
GRRHIO,RR693,RR693,GRRHIO|RR693
GRRHIO,RR694,RR694,GRRHIO|RR694
GRRHIO,RR695,RR695,GRRHIO|RR695
GRRHIO,RR697,RR697,GRRHIO|RR697
GRRHIO,RR698,RR698,GRRHIO|RR698
GRRHIO,RR699,RR699,GRRHIO|RR699
GRRHIO,RR7,RR7,GRRHIO|RR7
GRRHIO,RR70,RR70,GRRHIO|RR70
GRRHIO,RR700,RR700,GRRHIO|RR700
GRRHIO,RR701,RR701,GRRHIO|RR701
GRRHIO,RR702,RR702,GRRHIO|RR702
GRRHIO,RR703,RR703,GRRHIO|RR703
GRRHIO,RR704,RR704,GRRHIO|RR704
GRRHIO,RR705,RR705,GRRHIO|RR705
GRRHIO,RR706,RR706,GRRHIO|RR706
GRRHIO,RR707,RR707,GRRHIO|RR707
GRRHIO,RR709,RR709,GRRHIO|RR709
GRRHIO,RR71,RR71,GRRHIO|RR71
GRRHIO,RR710,RR710,GRRHIO|RR710
GRRHIO,RR717,RR717,GRRHIO|RR717
GRRHIO,RR72,RR72,GRRHIO|RR72
GRRHIO,RR721,RR721,GRRHIO|RR721
GRRHIO,RR723,RR723,GRRHIO|RR723
GRRHIO,RR726,RR726,GRRHIO|RR726
GRRHIO,RR738,RR738,GRRHIO|RR738
GRRHIO,RR739,RR739,GRRHIO|RR739
GRRHIO,RR740,RR740,GRRHIO|RR740
GRRHIO,RR741,RR741,GRRHIO|RR741
GRRHIO,RR742,RR742,GRRHIO|RR742
GRRHIO,RR743,RR743,GRRHIO|RR743
GRRHIO,RR744,RR744,GRRHIO|RR744
GRRHIO,RR745,RR745,GRRHIO|RR745
GRRHIO,RR746,RR746,GRRHIO|RR746
GRRHIO,RR747,RR747,GRRHIO|RR747
GRRHIO,RR748,RR748,GRRHIO|RR748
GRRHIO,RR75,RR75,GRRHIO|RR75
GRRHIO,RR752,RR752,GRRHIO|RR752
GRRHIO,RR755,RR755,GRRHIO|RR755
GRRHIO,RR756,RR756,GRRHIO|RR756
GRRHIO,RR757,RR757,GRRHIO|RR757
GRRHIO,RR759,RR759,GRRHIO|RR759
GRRHIO,RR76,RR76,GRRHIO|RR76
GRRHIO,RR760,RR760,GRRHIO|RR760
GRRHIO,RR763,RR763,GRRHIO|RR763
GRRHIO,RR764,RR764,GRRHIO|RR764
GRRHIO,RR765,RR765,GRRHIO|RR765
GRRHIO,RR768,RR768,GRRHIO|RR768
GRRHIO,RR769,RR769,GRRHIO|RR769
GRRHIO,RR77,RR77,GRRHIO|RR77
GRRHIO,RR770,RR770,GRRHIO|RR770
GRRHIO,RR771,RR771,GRRHIO|RR771
GRRHIO,RR772,RR772,GRRHIO|RR772
GRRHIO,RR773,RR773,GRRHIO|RR773
GRRHIO,RR774,RR774,GRRHIO|RR774
GRRHIO,RR775,RR775,GRRHIO|RR775
GRRHIO,RR776,RR776,GRRHIO|RR776
GRRHIO,RR778,RR778,GRRHIO|RR778
GRRHIO,RR779,RR779,GRRHIO|RR779
GRRHIO,RR783,RR783,GRRHIO|RR783
GRRHIO,RR784,RR784,GRRHIO|RR784
GRRHIO,RR785,RR785,GRRHIO|RR785
GRRHIO,RR789,RR789,GRRHIO|RR789
GRRHIO,RR79,RR79,GRRHIO|RR79
GRRHIO,RR790,RR790,GRRHIO|RR790
GRRHIO,RR791,RR791,GRRHIO|RR791
GRRHIO,RR792,RR792,GRRHIO|RR792
GRRHIO,RR793,RR793,GRRHIO|RR793
GRRHIO,RR794,RR794,GRRHIO|RR794
GRRHIO,RR795,RR795,GRRHIO|RR795
GRRHIO,RR797,RR797,GRRHIO|RR797
GRRHIO,RR798,RR798,GRRHIO|RR798
GRRHIO,RR799,RR799,GRRHIO|RR799
GRRHIO,RR8,RR8,GRRHIO|RR8
GRRHIO,RR800,RR800,GRRHIO|RR800
GRRHIO,RR801,RR801,GRRHIO|RR801
GRRHIO,RR802,RR802,GRRHIO|RR802
GRRHIO,RR803,RR803,GRRHIO|RR803
GRRHIO,RR9,RR9,GRRHIO|RR9
GRRHIO,RR91,RR91,GRRHIO|RR91
GRRHIO,RR92,RR92,GRRHIO|RR92
GRRHIO,RR94,RR94,GRRHIO|RR94
GRRHIO,RR98,RR98,GRRHIO|RR98
GRRHIO,RRA,RRA,GRRHIO|RRA
GRRHIO,RRC,RRC,GRRHIO|RRC
HEALTHIX,RRGMP,RRGMP,HEALTHIX|RRGMP
BRONX,RRG_MEDICAL_PRAC,RRG MEDICAL PRAC,BRONX|RRG MEDICAL PRAC
HIXNY,RRH,RRH,HIXNY|RRH
HECDCS,RRH-RRH,RRH-RRH,HECDCS|RRH-RRH
GRRHIO,RRH009,RRH009,GRRHIO|RRH009
GRRHIO,RRH010,RRH010,GRRHIO|RRH010
GRRHIO,RRH027,RRH027,GRRHIO|RRH027
GRRHIO,RRH028,RRH028,GRRHIO|RRH028
GRRHIO,RRH029,RRH029,GRRHIO|RRH029
GRRHIO,RRH030,RRH030,GRRHIO|RRH030
GRRHIO,RRH031,RRH031,GRRHIO|RRH031
GRRHIO,RRH032,RRH032,GRRHIO|RRH032
GRRHIO,RRH033,RRH033,GRRHIO|RRH033
GRRHIO,RRH034,RRH034,GRRHIO|RRH034
GRRHIO,RRH035,RRH035,GRRHIO|RRH035
GRRHIO,RRH036,RRH036,GRRHIO|RRH036
GRRHIO,RRH037,RRH037,GRRHIO|RRH037
GRRHIO,RRH038,RRH038,GRRHIO|RRH038
GRRHIO,RRH039,RRH039,GRRHIO|RRH039
GRRHIO,RRH040,RRH040,GRRHIO|RRH040
GRRHIO,RRH041,RRH041,GRRHIO|RRH041
GRRHIO,RRH042,RRH042,GRRHIO|RRH042
GRRHIO,RRH043,RRH043,GRRHIO|RRH043
GRRHIO,RRH044,RRH044,GRRHIO|RRH044
GRRHIO,RRH045,RRH045,GRRHIO|RRH045
GRRHIO,RRH048,RRH048,GRRHIO|RRH048
GRRHIO,RRH049,RRH049,GRRHIO|RRH049
GRRHIO,RRH050,RRH050,GRRHIO|RRH050
GRRHIO,RRH052,RRH052,GRRHIO|RRH052
GRRHIO,RRH056,RRH056,GRRHIO|RRH056
GRRHIO,RRH062,RRH062,GRRHIO|RRH062
GRRHIO,RRH063,RRH063,GRRHIO|RRH063
GRRHIO,RRH064,RRH064,GRRHIO|RRH064
GRRHIO,RRH065,RRH065,GRRHIO|RRH065
GRRHIO,RRH066,RRH066,GRRHIO|RRH066
GRRHIO,RRH069,RRH069,GRRHIO|RRH069
GRRHIO,RRH070,RRH070,GRRHIO|RRH070
GRRHIO,RRH072,RRH072,GRRHIO|RRH072
GRRHIO,RRH073,RRH073,GRRHIO|RRH073
GRRHIO,RRH074,RRH074,GRRHIO|RRH074
GRRHIO,RRH075,RRH075,GRRHIO|RRH075
GRRHIO,RRH076,RRH076,GRRHIO|RRH076
GRRHIO,RRH077,RRH077,GRRHIO|RRH077
GRRHIO,RRH078,RRH078,GRRHIO|RRH078
GRRHIO,RRH079,RRH079,GRRHIO|RRH079
GRRHIO,RRH082,RRH082,GRRHIO|RRH082
GRRHIO,RRH083,RRH083,GRRHIO|RRH083
GRRHIO,RRH084,RRH084,GRRHIO|RRH084
GRRHIO,RRH085,RRH085,GRRHIO|RRH085
GRRHIO,RRH086,RRH086,GRRHIO|RRH086
GRRHIO,RRH087,RRH087,GRRHIO|RRH087
GRRHIO,RRH088,RRH088,GRRHIO|RRH088
GRRHIO,RRH089,RRH089,GRRHIO|RRH089
GRRHIO,RRH091,RRH091,GRRHIO|RRH091
GRRHIO,RRH093,RRH093,GRRHIO|RRH093
GRRHIO,RRH094,RRH094,GRRHIO|RRH094
GRRHIO,RRH095,RRH095,GRRHIO|RRH095
GRRHIO,RRH096,RRH096,GRRHIO|RRH096
GRRHIO,RRH097,RRH097,GRRHIO|RRH097
GRRHIO,RRH098,RRH098,GRRHIO|RRH098
GRRHIO,RRH099,RRH099,GRRHIO|RRH099
GRRHIO,RRH101,RRH101,GRRHIO|RRH101
GRRHIO,RRH102,RRH102,GRRHIO|RRH102
GRRHIO,RRH103,RRH103,GRRHIO|RRH103
GRRHIO,RRH104,RRH104,GRRHIO|RRH104
GRRHIO,RRH105,RRH105,GRRHIO|RRH105
GRRHIO,RRH109,RRH109,GRRHIO|RRH109
GRRHIO,RRH126,RRH126,GRRHIO|RRH126
GRRHIO,RRH127,RRH127,GRRHIO|RRH127
GRRHIO,RRH128,RRH128,GRRHIO|RRH128
GRRHIO,RRH129,RRH129,GRRHIO|RRH129
GRRHIO,RRH130,RRH130,GRRHIO|RRH130
GRRHIO,RRH132,RRH132,GRRHIO|RRH132
GRRHIO,RRH134,RRH134,GRRHIO|RRH134
GRRHIO,RRH135,RRH135,GRRHIO|RRH135
GRRHIO,RRH136,RRH136,GRRHIO|RRH136
GRRHIO,RRH137,RRH137,GRRHIO|RRH137
GRRHIO,RRH142,RRH142,GRRHIO|RRH142
GRRHIO,RRH143,RRH143,GRRHIO|RRH143
GRRHIO,RRH144,RRH144,GRRHIO|RRH144
GRRHIO,RRH145,RRH145,GRRHIO|RRH145
GRRHIO,RRH146,RRH146,GRRHIO|RRH146
GRRHIO,RRH147,RRH147,GRRHIO|RRH147
GRRHIO,RRH148,RRH148,GRRHIO|RRH148
GRRHIO,RRH149,RRH149,GRRHIO|RRH149
GRRHIO,RRH150,RRH150,GRRHIO|RRH150
GRRHIO,RRH154,RRH154,GRRHIO|RRH154
GRRHIO,RRH155,RRH155,GRRHIO|RRH155
GRRHIO,RRH156,RRH156,GRRHIO|RRH156
GRRHIO,RRH157,RRH157,GRRHIO|RRH157
GRRHIO,RRH158,RRH158,GRRHIO|RRH158
GRRHIO,RRH159,RRH159,GRRHIO|RRH159
GRRHIO,RRH160,RRH160,GRRHIO|RRH160
GRRHIO,RRH162,RRH162,GRRHIO|RRH162
GRRHIO,RRH164,RRH164,GRRHIO|RRH164
GRRHIO,RRH166,RRH166,GRRHIO|RRH166
GRRHIO,RRH168,RRH168,GRRHIO|RRH168
GRRHIO,RRH169,RRH169,GRRHIO|RRH169
GRRHIO,RRH170,RRH170,GRRHIO|RRH170
GRRHIO,RRH171,RRH171,GRRHIO|RRH171
GRRHIO,RRH172,RRH172,GRRHIO|RRH172
GRRHIO,RRH173,RRH173,GRRHIO|RRH173
GRRHIO,RRH174,RRH174,GRRHIO|RRH174
GRRHIO,RRH176,RRH176,GRRHIO|RRH176
GRRHIO,RRH177,RRH177,GRRHIO|RRH177
GRRHIO,RRH179,RRH179,GRRHIO|RRH179
GRRHIO,RRH180,RRH180,GRRHIO|RRH180
GRRHIO,RRH181,RRH181,GRRHIO|RRH181
GRRHIO,RRH182,RRH182,GRRHIO|RRH182
GRRHIO,RRH183,RRH183,GRRHIO|RRH183
GRRHIO,RRH184,RRH184,GRRHIO|RRH184
GRRHIO,RRH185,RRH185,GRRHIO|RRH185
GRRHIO,RRH186,RRH186,GRRHIO|RRH186
GRRHIO,RRH187,RRH187,GRRHIO|RRH187
GRRHIO,RRH188,RRH188,GRRHIO|RRH188
GRRHIO,RRH189,RRH189,GRRHIO|RRH189
GRRHIO,RRH190,RRH190,GRRHIO|RRH190
GRRHIO,RRH192,RRH192,GRRHIO|RRH192
GRRHIO,RRH193,RRH193,GRRHIO|RRH193
GRRHIO,RRH194,RRH194,GRRHIO|RRH194
GRRHIO,RRH195,RRH195,GRRHIO|RRH195
GRRHIO,RRH196,RRH196,GRRHIO|RRH196
GRRHIO,RRH198,RRH198,GRRHIO|RRH198
GRRHIO,RRH199,RRH199,GRRHIO|RRH199
GRRHIO,RRH200,RRH200,GRRHIO|RRH200
GRRHIO,RRH201,RRH201,GRRHIO|RRH201
GRRHIO,RRH202,RRH202,GRRHIO|RRH202
GRRHIO,RRH203,RRH203,GRRHIO|RRH203
GRRHIO,RRH205,RRH205,GRRHIO|RRH205
GRRHIO,RRH208,RRH208,GRRHIO|RRH208
GRRHIO,RRH210,RRH210,GRRHIO|RRH210
GRRHIO,RRH211,RRH211,GRRHIO|RRH211
GRRHIO,RRH216,RRH216,GRRHIO|RRH216
GRRHIO,RRH217,RRH217,GRRHIO|RRH217
GRRHIO,RRH218,RRH218,GRRHIO|RRH218
GRRHIO,RRH219,RRH219,GRRHIO|RRH219
GRRHIO,RRH221,RRH221,GRRHIO|RRH221
GRRHIO,RRH223,RRH223,GRRHIO|RRH223
GRRHIO,RRH224,RRH224,GRRHIO|RRH224
GRRHIO,RRH225,RRH225,GRRHIO|RRH225
GRRHIO,RRH228,RRH228,GRRHIO|RRH228
GRRHIO,RRH229,RRH229,GRRHIO|RRH229
GRRHIO,RRH230,RRH230,GRRHIO|RRH230
GRRHIO,RRH231,RRH231,GRRHIO|RRH231
GRRHIO,RRH233,RRH233,GRRHIO|RRH233
GRRHIO,RRH235,RRH235,GRRHIO|RRH235
GRRHIO,RRH236,RRH236,GRRHIO|RRH236
GRRHIO,RRH237,RRH237,GRRHIO|RRH237
GRRHIO,RRH238,RRH238,GRRHIO|RRH238
GRRHIO,RRH239,RRH239,GRRHIO|RRH239
GRRHIO,RRH240,RRH240,GRRHIO|RRH240
GRRHIO,RRH241,RRH241,GRRHIO|RRH241
GRRHIO,RRH242,RRH242,GRRHIO|RRH242
GRRHIO,RRH243,RRH243,GRRHIO|RRH243
GRRHIO,RRH244,RRH244,GRRHIO|RRH244
GRRHIO,RRH246,RRH246,GRRHIO|RRH246
GRRHIO,RRH247,RRH247,GRRHIO|RRH247
GRRHIO,RRH249,RRH249,GRRHIO|RRH249
GRRHIO,RRH254,RRH254,GRRHIO|RRH254
GRRHIO,RRH255,RRH255,GRRHIO|RRH255
GRRHIO,RRH257,RRH257,GRRHIO|RRH257
GRRHIO,RRH258,RRH258,GRRHIO|RRH258
GRRHIO,RRH259,RRH259,GRRHIO|RRH259
GRRHIO,RRH260,RRH260,GRRHIO|RRH260
GRRHIO,RRH261,RRH261,GRRHIO|RRH261
GRRHIO,RRH262,RRH262,GRRHIO|RRH262
GRRHIO,RRH265,RRH265,GRRHIO|RRH265
GRRHIO,RRH266,RRH266,GRRHIO|RRH266
GRRHIO,RRH267,RRH267,GRRHIO|RRH267
GRRHIO,RRH268,RRH268,GRRHIO|RRH268
GRRHIO,RRH270,RRH270,GRRHIO|RRH270
GRRHIO,RRH272,RRH272,GRRHIO|RRH272
GRRHIO,RRH273,RRH273,GRRHIO|RRH273
GRRHIO,RRH274,RRH274,GRRHIO|RRH274
GRRHIO,RRH275,RRH275,GRRHIO|RRH275
GRRHIO,RRH276,RRH276,GRRHIO|RRH276
GRRHIO,RRH277,RRH277,GRRHIO|RRH277
GRRHIO,RRH278,RRH278,GRRHIO|RRH278
GRRHIO,RRH280,RRH280,GRRHIO|RRH280
GRRHIO,RRH282,RRH282,GRRHIO|RRH282
GRRHIO,RRH285,RRH285,GRRHIO|RRH285
GRRHIO,RRH286,RRH286,GRRHIO|RRH286
GRRHIO,RRH287,RRH287,GRRHIO|RRH287
GRRHIO,RRH288,RRH288,GRRHIO|RRH288
GRRHIO,RRH289,RRH289,GRRHIO|RRH289
GRRHIO,RRH290,RRH290,GRRHIO|RRH290
GRRHIO,RRH291,RRH291,GRRHIO|RRH291
GRRHIO,RRH292,RRH292,GRRHIO|RRH292
GRRHIO,RRH293,RRH293,GRRHIO|RRH293
GRRHIO,RRH296,RRH296,GRRHIO|RRH296
GRRHIO,RRH298,RRH298,GRRHIO|RRH298
GRRHIO,RRH300,RRH300,GRRHIO|RRH300
GRRHIO,RRH301,RRH301,GRRHIO|RRH301
GRRHIO,RRH302,RRH302,GRRHIO|RRH302
GRRHIO,RRH304,RRH304,GRRHIO|RRH304
GRRHIO,RRH305,RRH305,GRRHIO|RRH305
GRRHIO,RRH306,RRH306,GRRHIO|RRH306
GRRHIO,RRH307,RRH307,GRRHIO|RRH307
GRRHIO,RRH308,RRH308,GRRHIO|RRH308
GRRHIO,RRH311,RRH311,GRRHIO|RRH311
GRRHIO,RRH312,RRH312,GRRHIO|RRH312
GRRHIO,RRH313,RRH313,GRRHIO|RRH313
GRRHIO,RRH314,RRH314,GRRHIO|RRH314
GRRHIO,RRH315,RRH315,GRRHIO|RRH315
GRRHIO,RRH316,RRH316,GRRHIO|RRH316
GRRHIO,RRH318,RRH318,GRRHIO|RRH318
GRRHIO,RRH319,RRH319,GRRHIO|RRH319
GRRHIO,RRH320,RRH320,GRRHIO|RRH320
GRRHIO,RRH322,RRH322,GRRHIO|RRH322
GRRHIO,RRH324,RRH324,GRRHIO|RRH324
GRRHIO,RRH325,RRH325,GRRHIO|RRH325
GRRHIO,RRH326,RRH326,GRRHIO|RRH326
GRRHIO,RRH327,RRH327,GRRHIO|RRH327
GRRHIO,RRH328,RRH328,GRRHIO|RRH328
GRRHIO,RRH329,RRH329,GRRHIO|RRH329
GRRHIO,RRH330,RRH330,GRRHIO|RRH330
GRRHIO,RRH331,RRH331,GRRHIO|RRH331
GRRHIO,RRH333,RRH333,GRRHIO|RRH333
GRRHIO,RRH336,RRH336,GRRHIO|RRH336
GRRHIO,RRH338,RRH338,GRRHIO|RRH338
GRRHIO,RRH339,RRH339,GRRHIO|RRH339
GRRHIO,RRH340,RRH340,GRRHIO|RRH340
GRRHIO,RRH341,RRH341,GRRHIO|RRH341
GRRHIO,RRH342,RRH342,GRRHIO|RRH342
GRRHIO,RRH343,RRH343,GRRHIO|RRH343
GRRHIO,RRH345,RRH345,GRRHIO|RRH345
GRRHIO,RRH348,RRH348,GRRHIO|RRH348
GRRHIO,RRH356,RRH356,GRRHIO|RRH356
GRRHIO,RRH357,RRH357,GRRHIO|RRH357
GRRHIO,RRH359,RRH359,GRRHIO|RRH359
GRRHIO,RRH360,RRH360,GRRHIO|RRH360
GRRHIO,RRH361,RRH361,GRRHIO|RRH361
GRRHIO,RRH362,RRH362,GRRHIO|RRH362
GRRHIO,RRH363,RRH363,GRRHIO|RRH363
GRRHIO,RRH364,RRH364,GRRHIO|RRH364
GRRHIO,RRH365,RRH365,GRRHIO|RRH365
GRRHIO,RRH366,RRH366,GRRHIO|RRH366
GRRHIO,RRH367,RRH367,GRRHIO|RRH367
GRRHIO,RRH368,RRH368,GRRHIO|RRH368
GRRHIO,RRH369,RRH369,GRRHIO|RRH369
GRRHIO,RRH370,RRH370,GRRHIO|RRH370
GRRHIO,RRH371,RRH371,GRRHIO|RRH371
GRRHIO,RRH372,RRH372,GRRHIO|RRH372
GRRHIO,RRH373,RRH373,GRRHIO|RRH373
GRRHIO,RRH374,RRH374,GRRHIO|RRH374
GRRHIO,RRH375,RRH375,GRRHIO|RRH375
GRRHIO,RRH376,RRH376,GRRHIO|RRH376
GRRHIO,RRH377,RRH377,GRRHIO|RRH377
GRRHIO,RRH378,RRH378,GRRHIO|RRH378
GRRHIO,RRH379,RRH379,GRRHIO|RRH379
GRRHIO,RRH380,RRH380,GRRHIO|RRH380
GRRHIO,RRH381,RRH381,GRRHIO|RRH381
GRRHIO,RRH382,RRH382,GRRHIO|RRH382
GRRHIO,RRH383,RRH383,GRRHIO|RRH383
GRRHIO,RRH384,RRH384,GRRHIO|RRH384
GRRHIO,RRH385,RRH385,GRRHIO|RRH385
GRRHIO,RRH387,RRH387,GRRHIO|RRH387
GRRHIO,RRH388,RRH388,GRRHIO|RRH388
GRRHIO,RRH389,RRH389,GRRHIO|RRH389
GRRHIO,RRH390,RRH390,GRRHIO|RRH390
GRRHIO,RRH391,RRH391,GRRHIO|RRH391
GRRHIO,RRH392,RRH392,GRRHIO|RRH392
GRRHIO,RRH393,RRH393,GRRHIO|RRH393
GRRHIO,RRH394,RRH394,GRRHIO|RRH394
GRRHIO,RRH395,RRH395,GRRHIO|RRH395
GRRHIO,RRH396,RRH396,GRRHIO|RRH396
GRRHIO,RRH397,RRH397,GRRHIO|RRH397
GRRHIO,RRH398,RRH398,GRRHIO|RRH398
GRRHIO,RRH399,RRH399,GRRHIO|RRH399
GRRHIO,RRH401,RRH401,GRRHIO|RRH401
GRRHIO,RRH402,RRH402,GRRHIO|RRH402
GRRHIO,RRH403,RRH403,GRRHIO|RRH403
GRRHIO,RRH405,RRH405,GRRHIO|RRH405
GRRHIO,RRH406,RRH406,GRRHIO|RRH406
GRRHIO,RRH407,RRH407,GRRHIO|RRH407
GRRHIO,RRH409,RRH409,GRRHIO|RRH409
GRRHIO,RRH410,RRH410,GRRHIO|RRH410
GRRHIO,RRH411,RRH411,GRRHIO|RRH411
GRRHIO,RRH412,RRH412,GRRHIO|RRH412
GRRHIO,RRH414,RRH414,GRRHIO|RRH414
GRRHIO,RRH415,RRH415,GRRHIO|RRH415
GRRHIO,RRH416,RRH416,GRRHIO|RRH416
GRRHIO,RRH417,RRH417,GRRHIO|RRH417
GRRHIO,RRH418,RRH418,GRRHIO|RRH418
GRRHIO,RRH419,RRH419,GRRHIO|RRH419
GRRHIO,RRH422,RRH422,GRRHIO|RRH422
GRRHIO,RRH423,RRH423,GRRHIO|RRH423
GRRHIO,RRH424,RRH424,GRRHIO|RRH424
GRRHIO,RRH425,RRH425,GRRHIO|RRH425
GRRHIO,RRH427,RRH427,GRRHIO|RRH427
GRRHIO,RRH434,RRH434,GRRHIO|RRH434
GRRHIO,RRH437,RRH437,GRRHIO|RRH437
GRRHIO,RRH443,RRH443,GRRHIO|RRH443
GRRHIO,RRH447,RRH447,GRRHIO|RRH447
GRRHIO,RRH452,RRH452,GRRHIO|RRH452
GRRHIO,RRH453,RRH453,GRRHIO|RRH453
GRRHIO,RRH454,RRH454,GRRHIO|RRH454
GRRHIO,RRH455,RRH455,GRRHIO|RRH455
GRRHIO,RRH460,RRH460,GRRHIO|RRH460
GRRHIO,RRH461,RRH461,GRRHIO|RRH461
GRRHIO,RRH462,RRH462,GRRHIO|RRH462
GRRHIO,RRH463,RRH463,GRRHIO|RRH463
GRRHIO,RRH465,RRH465,GRRHIO|RRH465
GRRHIO,RRH466,RRH466,GRRHIO|RRH466
GRRHIO,RRH467,RRH467,GRRHIO|RRH467
GRRHIO,RRH468,RRH468,GRRHIO|RRH468
GRRHIO,RRH469,RRH469,GRRHIO|RRH469
GRRHIO,RRH470,RRH470,GRRHIO|RRH470
GRRHIO,RRH471,RRH471,GRRHIO|RRH471
GRRHIO,RRH472,RRH472,GRRHIO|RRH472
GRRHIO,RRH473,RRH473,GRRHIO|RRH473
GRRHIO,RRH474,RRH474,GRRHIO|RRH474
GRRHIO,RRH475,RRH475,GRRHIO|RRH475
GRRHIO,RRH476,RRH476,GRRHIO|RRH476
GRRHIO,RRH477,RRH477,GRRHIO|RRH477
GRRHIO,RRH478,RRH478,GRRHIO|RRH478
GRRHIO,RRH479,RRH479,GRRHIO|RRH479
GRRHIO,RRH480,RRH480,GRRHIO|RRH480
GRRHIO,RRH481,RRH481,GRRHIO|RRH481
GRRHIO,RRH482,RRH482,GRRHIO|RRH482
GRRHIO,RRH483,RRH483,GRRHIO|RRH483
GRRHIO,RRH484,RRH484,GRRHIO|RRH484
GRRHIO,RRH485,RRH485,GRRHIO|RRH485
GRRHIO,RRH486,RRH486,GRRHIO|RRH486
GRRHIO,RRH487,RRH487,GRRHIO|RRH487
GRRHIO,RRH488,RRH488,GRRHIO|RRH488
GRRHIO,RRH489,RRH489,GRRHIO|RRH489
GRRHIO,RRH490,RRH490,GRRHIO|RRH490
GRRHIO,RRH491,RRH491,GRRHIO|RRH491
GRRHIO,RRH493,RRH493,GRRHIO|RRH493
GRRHIO,RRH494,RRH494,GRRHIO|RRH494
GRRHIO,RRH495,RRH495,GRRHIO|RRH495
GRRHIO,RRH497,RRH497,GRRHIO|RRH497
GRRHIO,RRH498,RRH498,GRRHIO|RRH498
GRRHIO,RRH499,RRH499,GRRHIO|RRH499
GRRHIO,RRH501,RRH501,GRRHIO|RRH501
GRRHIO,RRH503,RRH503,GRRHIO|RRH503
GRRHIO,RRH504,RRH504,GRRHIO|RRH504
GRRHIO,RRH505,RRH505,GRRHIO|RRH505
GRRHIO,RRH508,RRH508,GRRHIO|RRH508
GRRHIO,RRH509,RRH509,GRRHIO|RRH509
GRRHIO,RRH510,RRH510,GRRHIO|RRH510
GRRHIO,RRH511,RRH511,GRRHIO|RRH511
GRRHIO,RRH512,RRH512,GRRHIO|RRH512
GRRHIO,RRH513,RRH513,GRRHIO|RRH513
GRRHIO,RRH515,RRH515,GRRHIO|RRH515
GRRHIO,RRH516,RRH516,GRRHIO|RRH516
GRRHIO,RRH517,RRH517,GRRHIO|RRH517
GRRHIO,RRH518,RRH518,GRRHIO|RRH518
GRRHIO,RRH521,RRH521,GRRHIO|RRH521
GRRHIO,RRH523,RRH523,GRRHIO|RRH523
GRRHIO,RRH525,RRH525,GRRHIO|RRH525
GRRHIO,RRH529,RRH529,GRRHIO|RRH529
GRRHIO,RRH533,RRH533,GRRHIO|RRH533
GRRHIO,RRH536,RRH536,GRRHIO|RRH536
GRRHIO,RRH538,RRH538,GRRHIO|RRH538
GRRHIO,RRH539,RRH539,GRRHIO|RRH539
GRRHIO,RRH540,RRH540,GRRHIO|RRH540
GRRHIO,RRH541,RRH541,GRRHIO|RRH541
GRRHIO,RRH542,RRH542,GRRHIO|RRH542
GRRHIO,RRH545,RRH545,GRRHIO|RRH545
GRRHIO,RRH547,RRH547,GRRHIO|RRH547
GRRHIO,RRH550,RRH550,GRRHIO|RRH550
GRRHIO,RRH551,RRH551,GRRHIO|RRH551
GRRHIO,RRH552,RRH552,GRRHIO|RRH552
GRRHIO,RRH553,RRH553,GRRHIO|RRH553
GRRHIO,RRH554,RRH554,GRRHIO|RRH554
GRRHIO,RRH555,RRH555,GRRHIO|RRH555
GRRHIO,RRH556,RRH556,GRRHIO|RRH556
GRRHIO,RRH557,RRH557,GRRHIO|RRH557
GRRHIO,RRH558,RRH558,GRRHIO|RRH558
GRRHIO,RRH561,RRH561,GRRHIO|RRH561
GRRHIO,RRH562,RRH562,GRRHIO|RRH562
GRRHIO,RRH563,RRH563,GRRHIO|RRH563
GRRHIO,RRH564,RRH564,GRRHIO|RRH564
GRRHIO,RRH565,RRH565,GRRHIO|RRH565
GRRHIO,RRH566,RRH566,GRRHIO|RRH566
GRRHIO,RRH567,RRH567,GRRHIO|RRH567
GRRHIO,RRH568,RRH568,GRRHIO|RRH568
GRRHIO,RRH569,RRH569,GRRHIO|RRH569
GRRHIO,RRH570,RRH570,GRRHIO|RRH570
GRRHIO,RRH571,RRH571,GRRHIO|RRH571
GRRHIO,RRH572,RRH572,GRRHIO|RRH572
GRRHIO,RRH573,RRH573,GRRHIO|RRH573
GRRHIO,RRH574,RRH574,GRRHIO|RRH574
GRRHIO,RRH575,RRH575,GRRHIO|RRH575
GRRHIO,RRH576,RRH576,GRRHIO|RRH576
GRRHIO,RRH577,RRH577,GRRHIO|RRH577
GRRHIO,RRH578,RRH578,GRRHIO|RRH578
GRRHIO,RRH579,RRH579,GRRHIO|RRH579
GRRHIO,RRH585,RRH585,GRRHIO|RRH585
GRRHIO,RRH586,RRH586,GRRHIO|RRH586
GRRHIO,RRH587,RRH587,GRRHIO|RRH587
GRRHIO,RRH589,RRH589,GRRHIO|RRH589
GRRHIO,RRH590,RRH590,GRRHIO|RRH590
GRRHIO,RRH591,RRH591,GRRHIO|RRH591
GRRHIO,RRH592,RRH592,GRRHIO|RRH592
GRRHIO,RRH593,RRH593,GRRHIO|RRH593
GRRHIO,RRH594,RRH594,GRRHIO|RRH594
GRRHIO,RRH595,RRH595,GRRHIO|RRH595
GRRHIO,RRH596,RRH596,GRRHIO|RRH596
GRRHIO,RRH597,RRH597,GRRHIO|RRH597
GRRHIO,RRH598,RRH598,GRRHIO|RRH598
GRRHIO,RRH599,RRH599,GRRHIO|RRH599
GRRHIO,RRH600,RRH600,GRRHIO|RRH600
GRRHIO,RRH605,RRH605,GRRHIO|RRH605
GRRHIO,RRH606,RRH606,GRRHIO|RRH606
GRRHIO,RRH607,RRH607,GRRHIO|RRH607
GRRHIO,RRH608,RRH608,GRRHIO|RRH608
GRRHIO,RRH610,RRH610,GRRHIO|RRH610
GRRHIO,RRH611,RRH611,GRRHIO|RRH611
GRRHIO,RRH612,RRH612,GRRHIO|RRH612
GRRHIO,RRH613,RRH613,GRRHIO|RRH613
GRRHIO,RRH614,RRH614,GRRHIO|RRH614
GRRHIO,RRH615,RRH615,GRRHIO|RRH615
GRRHIO,RRH616,RRH616,GRRHIO|RRH616
GRRHIO,RRH618,RRH618,GRRHIO|RRH618
GRRHIO,RRH619,RRH619,GRRHIO|RRH619
GRRHIO,RRH620,RRH620,GRRHIO|RRH620
GRRHIO,RRH621,RRH621,GRRHIO|RRH621
GRRHIO,RRH622,RRH622,GRRHIO|RRH622
GRRHIO,RRH623,RRH623,GRRHIO|RRH623
GRRHIO,RRH624,RRH624,GRRHIO|RRH624
GRRHIO,RRH625,RRH625,GRRHIO|RRH625
GRRHIO,RRH626,RRH626,GRRHIO|RRH626
GRRHIO,RRH629,RRH629,GRRHIO|RRH629
GRRHIO,RRH631,RRH631,GRRHIO|RRH631
GRRHIO,RRH632,RRH632,GRRHIO|RRH632
GRRHIO,RRH633,RRH633,GRRHIO|RRH633
GRRHIO,RRH634,RRH634,GRRHIO|RRH634
GRRHIO,RRH639,RRH639,GRRHIO|RRH639
GRRHIO,RRH641,RRH641,GRRHIO|RRH641
GRRHIO,RRH642,RRH642,GRRHIO|RRH642
GRRHIO,RRH643,RRH643,GRRHIO|RRH643
GRRHIO,RRH644,RRH644,GRRHIO|RRH644
GRRHIO,RRH645,RRH645,GRRHIO|RRH645
GRRHIO,RRH646,RRH646,GRRHIO|RRH646
GRRHIO,RRH647,RRH647,GRRHIO|RRH647
GRRHIO,RRH648,RRH648,GRRHIO|RRH648
GRRHIO,RRH649,RRH649,GRRHIO|RRH649
GRRHIO,RRH651,RRH651,GRRHIO|RRH651
GRRHIO,RRH652,RRH652,GRRHIO|RRH652
GRRHIO,RRH654,RRH654,GRRHIO|RRH654
GRRHIO,RRH655,RRH655,GRRHIO|RRH655
GRRHIO,RRH656,RRH656,GRRHIO|RRH656
GRRHIO,RRH657,RRH657,GRRHIO|RRH657
GRRHIO,RRH659,RRH659,GRRHIO|RRH659
GRRHIO,RRH661,RRH661,GRRHIO|RRH661
GRRHIO,RRH662,RRH662,GRRHIO|RRH662
GRRHIO,RRH663,RRH663,GRRHIO|RRH663
GRRHIO,RRH664,RRH664,GRRHIO|RRH664
GRRHIO,RRH665,RRH665,GRRHIO|RRH665
GRRHIO,RRH666,RRH666,GRRHIO|RRH666
GRRHIO,RRH667,RRH667,GRRHIO|RRH667
GRRHIO,RRH668,RRH668,GRRHIO|RRH668
GRRHIO,RRH669,RRH669,GRRHIO|RRH669
GRRHIO,RRH670,RRH670,GRRHIO|RRH670
GRRHIO,RRH672,RRH672,GRRHIO|RRH672
GRRHIO,RRH673,RRH673,GRRHIO|RRH673
GRRHIO,RRH674,RRH674,GRRHIO|RRH674
GRRHIO,RRH676,RRH676,GRRHIO|RRH676
GRRHIO,RRH677,RRH677,GRRHIO|RRH677
GRRHIO,RRH678,RRH678,GRRHIO|RRH678
GRRHIO,RRH679,RRH679,GRRHIO|RRH679
GRRHIO,RRH680,RRH680,GRRHIO|RRH680
GRRHIO,RRH681,RRH681,GRRHIO|RRH681
GRRHIO,RRH682,RRH682,GRRHIO|RRH682
GRRHIO,RRH683,RRH683,GRRHIO|RRH683
GRRHIO,RRH684,RRH684,GRRHIO|RRH684
GRRHIO,RRH687,RRH687,GRRHIO|RRH687
GRRHIO,RRH692,RRH692,GRRHIO|RRH692
GRRHIO,RRH693,RRH693,GRRHIO|RRH693
GRRHIO,RRH694,RRH694,GRRHIO|RRH694
GRRHIO,RRH696,RRH696,GRRHIO|RRH696
GRRHIO,RRH697,RRH697,GRRHIO|RRH697
GRRHIO,RRH698,RRH698,GRRHIO|RRH698
GRRHIO,RRH699,RRH699,GRRHIO|RRH699
GRRHIO,RRH700,RRH700,GRRHIO|RRH700
GRRHIO,RRH701,RRH701,GRRHIO|RRH701
GRRHIO,RRH702,RRH702,GRRHIO|RRH702
GRRHIO,RRH703,RRH703,GRRHIO|RRH703
GRRHIO,RRH704,RRH704,GRRHIO|RRH704
GRRHIO,RRH705,RRH705,GRRHIO|RRH705
GRRHIO,RRH706,RRH706,GRRHIO|RRH706
GRRHIO,RRH707,RRH707,GRRHIO|RRH707
GRRHIO,RRH708,RRH708,GRRHIO|RRH708
GRRHIO,RRH710,RRH710,GRRHIO|RRH710
GRRHIO,RRH711,RRH711,GRRHIO|RRH711
GRRHIO,RRH713,RRH713,GRRHIO|RRH713
GRRHIO,RRH714,RRH714,GRRHIO|RRH714
GRRHIO,RRH715,RRH715,GRRHIO|RRH715
GRRHIO,RRH716,RRH716,GRRHIO|RRH716
GRRHIO,RRH717,RRH717,GRRHIO|RRH717
GRRHIO,RRH718,RRH718,GRRHIO|RRH718
GRRHIO,RRH719,RRH719,GRRHIO|RRH719
GRRHIO,RRH720,RRH720,GRRHIO|RRH720
GRRHIO,RRH721,RRH721,GRRHIO|RRH721
GRRHIO,RRH722,RRH722,GRRHIO|RRH722
GRRHIO,RRH724,RRH724,GRRHIO|RRH724
GRRHIO,RRH725,RRH725,GRRHIO|RRH725
GRRHIO,RRH726,RRH726,GRRHIO|RRH726
GRRHIO,RRH727,RRH727,GRRHIO|RRH727
GRRHIO,RRH728,RRH728,GRRHIO|RRH728
GRRHIO,RRH729,RRH729,GRRHIO|RRH729
GRRHIO,RRH730,RRH730,GRRHIO|RRH730
GRRHIO,RRH732,RRH732,GRRHIO|RRH732
GRRHIO,RRH733,RRH733,GRRHIO|RRH733
GRRHIO,RRH774,RRH774,GRRHIO|RRH774
GRRHIO,RRH775,RRH775,GRRHIO|RRH775
GRRHIO,RRH777,RRH777,GRRHIO|RRH777
GRRHIO,RRH781,RRH781,GRRHIO|RRH781
GRRHIO,RRH782,RRH782,GRRHIO|RRH782
GRRHIO,RRH783,RRH783,GRRHIO|RRH783
GRRHIO,RRH784,RRH784,GRRHIO|RRH784
GRRHIO,RRH785,RRH785,GRRHIO|RRH785
GRRHIO,RRH786,RRH786,GRRHIO|RRH786
GRRHIO,RRH787,RRH787,GRRHIO|RRH787
GRRHIO,RRH788,RRH788,GRRHIO|RRH788
GRRHIO,RRH789,RRH789,GRRHIO|RRH789
GRRHIO,RRH790,RRH790,GRRHIO|RRH790
GRRHIO,RRH791,RRH791,GRRHIO|RRH791
GRRHIO,RRH792,RRH792,GRRHIO|RRH792
GRRHIO,RRH793,RRH793,GRRHIO|RRH793
GRRHIO,RRH794,RRH794,GRRHIO|RRH794
GRRHIO,RRH795,RRH795,GRRHIO|RRH795
GRRHIO,RRH796,RRH796,GRRHIO|RRH796
GRRHIO,RRH797,RRH797,GRRHIO|RRH797
GRRHIO,RRH798,RRH798,GRRHIO|RRH798
GRRHIO,RRH799,RRH799,GRRHIO|RRH799
GRRHIO,RRH800,RRH800,GRRHIO|RRH800
GRRHIO,RRH801,RRH801,GRRHIO|RRH801
GRRHIO,RRH802,RRH802,GRRHIO|RRH802
GRRHIO,RRH803,RRH803,GRRHIO|RRH803
GRRHIO,RRH804,RRH804,GRRHIO|RRH804
GRRHIO,RRH805,RRH805,GRRHIO|RRH805
GRRHIO,RRH806,RRH806,GRRHIO|RRH806
GRRHIO,RRH807,RRH807,GRRHIO|RRH807
GRRHIO,RRH808,RRH808,GRRHIO|RRH808
GRRHIO,RRH810,RRH810,GRRHIO|RRH810
GRRHIO,RRH811,RRH811,GRRHIO|RRH811
GRRHIO,RRH812,RRH812,GRRHIO|RRH812
GRRHIO,RRH813,RRH813,GRRHIO|RRH813
GRRHIO,RRH814,RRH814,GRRHIO|RRH814
GRRHIO,RRH816,RRH816,GRRHIO|RRH816
GRRHIO,RRH817,RRH817,GRRHIO|RRH817
GRRHIO,RRH818,RRH818,GRRHIO|RRH818
GRRHIO,RRH819,RRH819,GRRHIO|RRH819
GRRHIO,RRH820,RRH820,GRRHIO|RRH820
GRRHIO,RRH821,RRH821,GRRHIO|RRH821
GRRHIO,RRH822,RRH822,GRRHIO|RRH822
GRRHIO,RRH823,RRH823,GRRHIO|RRH823
GRRHIO,RRH824,RRH824,GRRHIO|RRH824
GRRHIO,RRH825,RRH825,GRRHIO|RRH825
GRRHIO,RRH826,RRH826,GRRHIO|RRH826
GRRHIO,RRH827,RRH827,GRRHIO|RRH827
GRRHIO,RRH828,RRH828,GRRHIO|RRH828
GRRHIO,RRH829,RRH829,GRRHIO|RRH829
GRRHIO,RRH830,RRH830,GRRHIO|RRH830
GRRHIO,RRH831,RRH831,GRRHIO|RRH831
GRRHIO,RRH832,RRH832,GRRHIO|RRH832
GRRHIO,RRH833,RRH833,GRRHIO|RRH833
GRRHIO,RRH834,RRH834,GRRHIO|RRH834
GRRHIO,RRH835,RRH835,GRRHIO|RRH835
GRRHIO,RRH837,RRH837,GRRHIO|RRH837
GRRHIO,RRH839,RRH839,GRRHIO|RRH839
GRRHIO,RRH840,RRH840,GRRHIO|RRH840
GRRHIO,RRH841,RRH841,GRRHIO|RRH841
GRRHIO,RRH842,RRH842,GRRHIO|RRH842
GRRHIO,RRH843,RRH843,GRRHIO|RRH843
GRRHIO,RRH844,RRH844,GRRHIO|RRH844
GRRHIO,RRH845,RRH845,GRRHIO|RRH845
GRRHIO,RRH846,RRH846,GRRHIO|RRH846
GRRHIO,RRH858,RRH858,GRRHIO|RRH858
GRRHIO,RRH859,RRH859,GRRHIO|RRH859
GRRHIO,RRH860,RRH860,GRRHIO|RRH860
GRRHIO,RRH861,RRH861,GRRHIO|RRH861
GRRHIO,RRH888,RRH888,GRRHIO|RRH888
GRRHIO,RRH889,RRH889,GRRHIO|RRH889
GRRHIO,RRH901,RRH901,GRRHIO|RRH901
GRRHIO,RRH902,RRH902,GRRHIO|RRH902
GRRHIO,RRH903,RRH903,GRRHIO|RRH903
GRRHIO,RRH914,RRH914,GRRHIO|RRH914
GRRHIO,RRH915,RRH915,GRRHIO|RRH915
GRRHIO,RRH916,RRH916,GRRHIO|RRH916
GRRHIO,RRH917,RRH917,GRRHIO|RRH917
GRRHIO,RRH918,RRH918,GRRHIO|RRH918
GRRHIO,RRH923,RRH923,GRRHIO|RRH923
GRRHIO,RRH930,RRH930,GRRHIO|RRH930
GRRHIO,RRH931,RRH931,GRRHIO|RRH931
GRRHIO,RRH932,RRH932,GRRHIO|RRH932
GRRHIO,RRH933,RRH933,GRRHIO|RRH933
GRRHIO,RRH934,RRH934,GRRHIO|RRH934
GRRHIO,RRH935,RRH935,GRRHIO|RRH935
GRRHIO,RRH936,RRH936,GRRHIO|RRH936
GRRHIO,RRH937,RRH937,GRRHIO|RRH937
GRRHIO,RRH938,RRH938,GRRHIO|RRH938
GRRHIO,RRH939,RRH939,GRRHIO|RRH939
GRRHIO,RRH940,RRH940,GRRHIO|RRH940
GRRHIO,RRH941,RRH941,GRRHIO|RRH941
GRRHIO,RRH942,RRH942,GRRHIO|RRH942
GRRHIO,RRH943,RRH943,GRRHIO|RRH943
GRRHIO,RRH944,RRH944,GRRHIO|RRH944
GRRHIO,RRH945,RRH945,GRRHIO|RRH945
GRRHIO,RRH946,RRH946,GRRHIO|RRH946
GRRHIO,RRH947,RRH947,GRRHIO|RRH947
GRRHIO,RRH948,RRH948,GRRHIO|RRH948
GRRHIO,RRH949,RRH949,GRRHIO|RRH949
GRRHIO,RRH950,RRH950,GRRHIO|RRH950
GRRHIO,RRH951,RRH951,GRRHIO|RRH951
GRRHIO,RRH952,RRH952,GRRHIO|RRH952
GRRHIO,RRH953,RRH953,GRRHIO|RRH953
GRRHIO,RRH954,RRH954,GRRHIO|RRH954
GRRHIO,RRH955,RRH955,GRRHIO|RRH955
GRRHIO,RRH956,RRH956,GRRHIO|RRH956
GRRHIO,RRH957,RRH957,GRRHIO|RRH957
GRRHIO,RRH958,RRH958,GRRHIO|RRH958
GRRHIO,RRH959,RRH959,GRRHIO|RRH959
GRRHIO,RRH960,RRH960,GRRHIO|RRH960
GRRHIO,RRH961,RRH961,GRRHIO|RRH961
GRRHIO,RRH962,RRH962,GRRHIO|RRH962
GRRHIO,RRH963,RRH963,GRRHIO|RRH963
GRRHIO,RRH964,RRH964,GRRHIO|RRH964
GRRHIO,RRH968,RRH968,GRRHIO|RRH968
GRRHIO,RRH969,RRH969,GRRHIO|RRH969
GRRHIO,RRH971,RRH971,GRRHIO|RRH971
GRRHIO,RRH975,RRH975,GRRHIO|RRH975
GRRHIO,RRH977,RRH977,GRRHIO|RRH977
GRRHIO,RRH980,RRH980,GRRHIO|RRH980
GRRHIO,RRH982,RRH982,GRRHIO|RRH982
GRRHIO,RRH983,RRH983,GRRHIO|RRH983
GRRHIO,RRH985,RRH985,GRRHIO|RRH985
GRRHIO,RRH986,RRH986,GRRHIO|RRH986
GRRHIO,RRH987,RRH987,GRRHIO|RRH987
GRRHIO,RRH988,RRH988,GRRHIO|RRH988
GRRHIO,RRH989,RRH989,GRRHIO|RRH989
GRRHIO,RRH990,RRH990,GRRHIO|RRH990
GRRHIO,RRH991,RRH991,GRRHIO|RRH991
GRRHIO,RRH992,RRH992,GRRHIO|RRH992
GRRHIO,RRH995,RRH995,GRRHIO|RRH995
GRRHIO,RRH996,RRH996,GRRHIO|RRH996
HIXNY,RRHCPH,RRHCPH,HIXNY|RRHCPH
HIXNY,RRHCPHDOC,RRHCPHDOC,HIXNY|RRHCPHDOC
HIXNY,RRHCSH,RRHCSH,HIXNY|RRHCSH
HIXNY,RRHCSHDOC,RRHCSHDOC,HIXNY|RRHCSHDOC
HIXNY,RRHCSHMH,RRHCSHMH,HIXNY|RRHCSHMH
HIXNY,RRHCSHOUT,RRHCSHOUT,HIXNY|RRHCSHOUT
HIXNY,RRHCSHP2,RRHCSHP2,HIXNY|RRHCSHP2
HIXNY,RRHDOC,RRHDOC,HIXNY|RRHDOC
HIXNY,RRHGH,RRHGH,HIXNY|RRHGH
HIXNY,RRHGHDOC,RRHGHDOC,HIXNY|RRHGHDOC
TXD,RRHIO,RRHIO,TXD|RRHIO
HIXNY,RRHMH,RRHMH,HIXNY|RRHMH
HIXNY,RRHMHDOC,RRHMHDOC,HIXNY|RRHMHDOC
HIXNY,RRHMONITOR,RRHMONITOR,HIXNY|RRHMONITOR
HIXNY,RRHMONITORDOC,RRHMONITORDOC,HIXNY|RRHMONITORDOC
HIXNY,RRHNWH,RRHNWH,HIXNY|RRHNWH
HIXNY,RRHNWHDOC,RRHNWHDOC,HIXNY|RRHNWHDOC
HIXNY,RRHNWHMH,RRHNWHMH,HIXNY|RRHNWHMH
HIXNY,RRHNWHOUT,RRHNWHOUT,HIXNY|RRHNWHOUT
HIXNY,RRHRHS,RRHRHS,HIXNY|RRHRHS
HIXNY,RRHRHSDOC,RRHRHSDOC,HIXNY|RRHRHSDOC
HIXNY,RRHRHSMH,RRHRHSMH,HIXNY|RRHRHSMH
HIXNY,RRHRHSOUT,RRHRHSOUT,HIXNY|RRHRHSOUT
HIXNY,RRHRHSP2,RRHRHSP2,HIXNY|RRHRHSP2
HIXNY,RRHUHS,RRHUHS,HIXNY|RRHUHS
HIXNY,RRHUHSDOC,RRHUHSDOC,HIXNY|RRHUHSDOC
HIXNY,RRHUHSMH,RRHUHSMH,HIXNY|RRHUHSMH
HIXNY,RRHUHSOUT,RRHUHSOUT,HIXNY|RRHUHSOUT
HIXNY,RRHUHSP2,RRHUHSP2,HIXNY|RRHUHSP2
HIXNY,RRHUMMC,RRHUMMC,HIXNY|RRHUMMC
HIXNY,RRHUMMCDOC,RRHUMMCDOC,HIXNY|RRHUMMCDOC
HIXNY,RRHUMMCOUT,RRHUMMCOUT,HIXNY|RRHUMMCOUT
HEALTHIX,RRMC,RRMC,HEALTHIX|RRMC
HEALTHIX,RRMP,RRMP,HEALTHIX|RRMP
HEALTHIX,RSCHWIM,RSCHWIM,HEALTHIX|RSCHWIM
TXD,RSI,RSI,TXD|RSI
HEALTHIX,RSKO,RSKO,HEALTHIX|RSKO
TXD,RSMH2PART2,RSMH2PART2,TXD|RSMH2PART2
HEALTHIX,RSMO,RSMO,HEALTHIX|RSMO
HEALTHIX,RSNR,RSNR,HEALTHIX|RSNR
HEALTHIX,RSNRC,RSNRC,HEALTHIX|RSNRC
HIXNY,RSS,RSS,HIXNY|RSS
HIXNY,RSSI,RSSI,HIXNY|RSSI
HEALTHIX,RU,RU,HEALTHIX|RU
BRONX,RUBEN_U_CARVAJAL,RUBEN U CARVAJAL,BRONX|RUBEN U CARVAJAL
BRONX,RUDRAMA_DUGGIRALA_MEDICAL_SERVICES,RUDRAMA DUGGIRALA MEDICAL SERVICES,BRONX|RUDRAMA DUGGIRALA MEDICAL SERVICES
HEALTHIX,RUMC,RUMC,HEALTHIX|RUMC
HEALTHIX,RUMCOC,RUMCOC,HEALTHIX|RUMCOC
HECDCS,RUSSELL-BLAIS,RUSSELL-BLAIS,HECDCS|RUSSELL-BLAIS
HEALTHIX,RUTLPED,RUTLPED,HEALTHIX|RUTLPED
BRONX,RVRDALE_FAM_PRAC,RVRDALE FAM PRAC,BRONX|RVRDALE FAM PRAC
HEALTHIX,RVTH,RVTH,HEALTHIX|RVTH
HEALTHIX,RWCS,RWCS,HEALTHIX|RWCS
TXD,RWCWNY,RWCWNY,TXD|RWCWNY
HECDCS,RYAN-CHIRO,RYAN-CHIRO,HECDCS|RYAN-CHIRO
HEALTHIX,RZPLLC,RZPLLC,HEALTHIX|RZPLLC
HEALTHIX,RZPPLLC,RZPPLLC,HEALTHIX|RZPPLLC
BRONX,R_AND_R_MEDICAL_CARE,R AND R MEDICAL CARE,BRONX|R AND R MEDICAL CARE
HEALTHIX,S,S,HEALTHIX|S
HECDCS,S-BEACH-PSYCH,S-BEACH-PSYCH,HECDCS|S-BEACH-PSYCH
GRRHIO,SAC,SAC,GRRHIO|SAC
GRRHIO,SACC,SACC,GRRHIO|SACC
GRRHIO,SACRAL,SACRAL,GRRHIO|SACRAL
GRRHIO,SADAM,SADAM,GRRHIO|SADAM
GRRHIO,SADAS,SADAS,GRRHIO|SADAS
HEALTHIX,SADO,SADO,HEALTHIX|SADO
HIXNY,SAESD,SAESD,HIXNY|SAESD
BRONX,SAFE_MEDICAL_CARE,SAFE MEDICAL CARE,BRONX|SAFE MEDICAL CARE
TXD,SAFNRT,SAFNRT,TXD|SAFNRT
TXD,SAFSTH,SAFSTH,TXD|SAFSTH
HECDCS,SAGAMORE-PSYCH,SAGAMORE-PSYCH,HECDCS|SAGAMORE-PSYCH
GRRHIO,SAHC,SAHC,GRRHIO|SAHC
GRRHIO,SAHH,SAHH,GRRHIO|SAHH
HEALTHIX,SAHMA,SAHMA,HEALTHIX|SAHMA
HEALTHIX,SAIL,SAIL,HEALTHIX|SAIL
BRONX,SAINT_JOHNS_EPISCOPAL_HOSPITAL,SAINT JOHNS EPISCOPAL HOSPITAL,BRONX|SAINT JOHNS EPISCOPAL HOSPITAL
HEALTHIX,SAL,SAL,HEALTHIX|SAL
BRONX,SALAMAT_MAJEED,SALAMAT MAJEED,BRONX|SALAMAT MAJEED
HECDCS,SALEM-HILLS,SALEM-HILLS,HECDCS|SALEM-HILLS
BRONX,SALUD_MEDICAL,SALUD MEDICAL,BRONX|SALUD MEDICAL
HECDCS,SALV-ARMY-EMPIRE,SALV-ARMY-EMPIRE,HECDCS|SALV-ARMY-EMPIRE
HECDCS,SALVATION-ARMY,SALVATION-ARMY,HECDCS|SALVATION-ARMY
GRRHIO,SAM,SAM,GRRHIO|SAM
HECDCS,SAM-FAM-HLTH-CTR,SAM-FAM-HLTH-CTR,HECDCS|SAM-FAM-HLTH-CTR
HECDCS,SAM-HOME-HEALTH,SAM-HOME-HEALTH,HECDCS|SAM-HOME-HEALTH
HECDCS,SAM-MED,SAM-MED,HECDCS|SAM-MED
HECDCS,SAM-MED-KEEP,SAM-MED-KEEP,HECDCS|SAM-MED-KEEP
HECDCS,SAM-MED-PRAC,SAM-MED-PRAC,HECDCS|SAM-MED-PRAC
HECDCS,SAM-MED-SR,SAM-MED-SR,HECDCS|SAM-MED-SR
HECDCS,SAM-MED-SUMMIT,SAM-MED-SUMMIT,HECDCS|SAM-MED-SUMMIT
HEALTHIX,SAMA,SAMA,HEALTHIX|SAMA
HIXNY,SAMHRSN,SAMHRSN,HIXNY|SAMHRSN
HECDCS,SAMUEL-K-GOOLDY,SAMUEL-K-GOOLDY,HECDCS|SAMUEL-K-GOOLDY
BRONX,SAMUEL_PIO_BANGUG,SAMUEL PIO BANGUG,BRONX|SAMUEL PIO BANGUG
HEALTHIX,SAMV,SAMV,HEALTHIX|SAMV
HEALTHIX,SAPPCR,SAPPCR,HEALTHIX|SAPPCR
HEALTHIX,SAPPFC,SAPPFC,HEALTHIX|SAPPFC
HEALTHIX,SAPPRG,SAPPRG,HEALTHIX|SAPPRG
HEALTHIX,SAPPW,SAPPW,HEALTHIX|SAPPW
HECDCS,SARA-PERIN,SARA-PERIN,HECDCS|SARA-PERIN
HIXNY,SARATOGFAM,SARATOGFAM,HIXNY|SARATOGFAM
HIXNY,SARATOGFAMDOC,SARATOGFAMDOC,HIXNY|SARATOGFAMDOC
HEALTHIX,SARO,SARO,HEALTHIX|SARO
HIXNY,SARTGABRDGS,SARTGABRDGS,HIXNY|SARTGABRDGS
TXD,SASI2PART2,SASI2PART2,TXD|SASI2PART2
BRONX,SAULIUS_J_SKEIVYS,SAULIUS J SKEIVYS,BRONX|SAULIUS J SKEIVYS
HEALTHIX,SBACADIA,SBACADIA,HEALTHIX|SBACADIA
HEALTHIX,SBBELLHVN,SBBELLHVN,HEALTHIX|SBBELLHVN
HEALTHIX,SBBRKSDM,SBBRKSDM,HEALTHIX|SBBRKSDM
BRONX,SBH,SBH,BRONX|SBH
HEALTHIX,SBHH,SBHH,HEALTHIX|SBHH
BRONX,SBH_BPHC_CARE_MGMT,SBH BPHC CARE MGMT,BRONX|SBH BPHC CARE MGMT
HEALTHIX,SBISLNR,SBISLNR,HEALTHIX|SBISLNR
HEALTHIX,SBLIVET,SBLIVET,HEALTHIX|SBLIVET
GRRHIO,SBMD.DUPLICATE,SBMD,GRRHIO|SBMD
HEALTHIX,SBMD.DUPLICATE1,SBMD,HEALTHIX|SBMD
HEALTHIX,SBMHIX,SBMHIX,HEALTHIX|SBMHIX
HEALTHIX,SBMOMENS,SBMOMENS,HEALTHIX|SBMOMENS
GRRHIO,SBP,SBP,GRRHIO|SBP
HEALTHIX,SBPECLAND,SBPECLAND,HEALTHIX|SBPECLAND
TXD,SBRHEU,SBRHEU,TXD|SBRHEU
HEALTHIX,SBSANSIM,SBSANSIM,HEALTHIX|SBSANSIM
HEALTHIX,SBSMITHTOWN,SBSMITHTOWN,HEALTHIX|SBSMITHTOWN
HEALTHIX,SBSRGRHB,SBSRGRHB,HEALTHIX|SBSRGRHB
HEALTHIX,SBSTJOHNLAND,SBSTJOHNLAND,HEALTHIX|SBSTJOHNLAND
HEALTHIX,SBWDHVN,SBWDHVN,HEALTHIX|SBWDHVN
HEALTHIX,SBWTREDG,SBWTREDG,HEALTHIX|SBWTREDG
HEALTHIX,SCAC,SCAC,HEALTHIX|SCAC
HEALTHIX,SCCA,SCCA,HEALTHIX|SCCA
GRRHIO,SCCCC,SCCCC,GRRHIO|SCCCC
GRRHIO,SCDN,SCDN,GRRHIO|SCDN
HEALTHIX,SCEMS,SCEMS,HEALTHIX|SCEMS
HEALTHIX,SCFRN,SCFRN,HEALTHIX|SCFRN
TXD,SCHADH,SCHADH,TXD|SCHADH
HECDCS,SCHC,SCHC,HECDCS|SCHC
TXD,SCHCHA,SCHCHA,TXD|SCHCHA
HEALTHIX,SCHERVIER,SCHERVIER,HEALTHIX|SCHERVIER
TXD,SCHFLD,SCHFLD,TXD|SCHFLD
HIXNY,SCHMHA,SCHMHA,HIXNY|SCHMHA
TXD,SCHRES,SCHRES,TXD|SCHRES
HEALTHIX,SCHUNG,SCHUNG,HEALTHIX|SCHUNG
HECDCS,SCHYLR-HEAD-STRT,SCHYLR-HEAD-STRT,HECDCS|SCHYLR-HEAD-STRT
GRRHIO,SCIA,SCIA,GRRHIO|SCIA
HEALTHIX,SCMD,SCMD,HEALTHIX|SCMD
HEALTHIX,SCMG,SCMG,HEALTHIX|SCMG
HIXNY,SCMHC,SCMHC,HIXNY|SCMHC
GRRHIO,SCPC,SCPC,GRRHIO|SCPC
HIXNY,SCPHSWP,SCPHSWP,HIXNY|SCPHSWP
HEALTHIX,SCREN,SCREN,HEALTHIX|SCREN
HEALTHIX,SCRESTRC,SCRESTRC,HEALTHIX|SCRESTRC
HEALTHIX,SCRN,SCRN,HEALTHIX|SCRN
HEALTHIX,SCRNC,SCRNC,HEALTHIX|SCRNC
HIXNY,SCSC,SCSC,HIXNY|SCSC
GRRHIO,SCSD,SCSD,GRRHIO|SCSD
HEALTHIX,SCSML,SCSML,HEALTHIX|SCSML
HEALTHIX,SCWE,SCWE,HEALTHIX|SCWE
HEALTHIX,SDHI,SDHI,HEALTHIX|SDHI
HECDCS,SDMG,SDMG,HECDCS|SDMG
HECDCS,SEARCH-CHANGE,SEARCH-CHANGE,HECDCS|SEARCH-CHANGE
GRRHIO,SECDN,SECDN,GRRHIO|SECDN
HECDCS,SECURE-TREATMENT,SECURE-TREATMENT,HECDCS|SECURE-TREATMENT
HECDCS,SELF-DIRECT,SELF-DIRECT,HECDCS|SELF-DIRECT
HEALTHIX,SELMD,SELMD,HEALTHIX|SELMD
HEALTHIX,SEMS,SEMS,HEALTHIX|SEMS
TXD,SENNA2PART2,SENNA2PART2,TXD|SENNA2PART2
HECDCS,SENTINEL-PT-JERV,SENTINEL-PT-JERV,HECDCS|SENTINEL-PT-JERV
HECDCS,SENTINEL-ROCK,SENTINEL-ROCK,HECDCS|SENTINEL-ROCK
BRONX,SENTOSA$_GARDEN_CARE_CENTER,SENTOSA$ GARDEN CARE CENTER,BRONX|SENTOSA$ GARDEN CARE CENTER
BRONX,SERVICES_FOR_THE_UNDERSERVED,SERVICES FOR THE UNDERSERVED,BRONX|SERVICES FOR THE UNDERSERVED
HEALTHIX,SES,SES,HEALTHIX|SES
TXD,SETON,SETON,TXD|SETON
HIXNY,SETONREHABCP,SETONREHABCP,HIXNY|SETONREHABCP
HIXNY,SETONREHABCPDOC,SETONREHABCPDOC,HIXNY|SETONREHABCPDOC
HEALTHIX,SETTLEH,SETTLEH,HEALTHIX|SETTLEH
HEALTHIX,SFACO,SFACO,HEALTHIX|SFACO
HEALTHIX,SFCAPE,SFCAPE,HEALTHIX|SFCAPE
HEALTHIX,SFCAR,SFCAR,HEALTHIX|SFCAR
HEALTHIX,SFCP,SFCP,HEALTHIX|SFCP
HEALTHIX,SFCR,SFCR,HEALTHIX|SFCR
HEALTHIX,SFH,SFH,HEALTHIX|SFH
HEALTHIX,SFHCP,SFHCP,HEALTHIX|SFHCP
HEALTHIX,SFHOA,SFHOA,HEALTHIX|SFHOA
HEALTHIX,SFPA,SFPA,HEALTHIX|SFPA
HEALTHIX,SFPD,SFPD,HEALTHIX|SFPD
HEALTHIX,SGAS,SGAS,HEALTHIX|SGAS
HEALTHIX,SGMD,SGMD,HEALTHIX|SGMD
HEALTHIX,SGMO,SGMO,HEALTHIX|SGMO
GRRHIO,SH,SH,GRRHIO|SH
GRRHIO,SH2,SH2,GRRHIO|SH2
HEALTHIX,SHABER,SHABER,HEALTHIX|SHABER
HIXNY,SHADDIC,SHADDIC,HIXNY|SHADDIC
HIXNY,SHADDICHL7,SHADDICHL7,HIXNY|SHADDICHL7
HIXNY,SHALLER,SHALLER,HIXNY|SHALLER
HIXNY,SHAMHS,SHAMHS,HIXNY|SHAMHS
HIXNY,SHAMHSDOC,SHAMHSDOC,HIXNY|SHAMHSDOC
BRONX,SHARAD_SONI_PHYSICIAN,SHARAD SONI PHYSICIAN,BRONX|SHARAD SONI PHYSICIAN
TXD,SHARMA,SHARMA,TXD|SHARMA
HEALTHIX,SHAS,SHAS,HEALTHIX|SHAS
BRONX,SHAUNA_PODIATRY,SHAUNA PODIATRY,BRONX|SHAUNA PODIATRY
HIXNY,SHBARI,SHBARI,HIXNY|SHBARI
HIXNY,SHBARIHL7,SHBARIHL7,HIXNY|SHBARIHL7
HIXNY,SHBC,SHBC,HIXNY|SHBC
HIXNY,SHBCHL7,SHBCHL7,HIXNY|SHBCHL7
HIXNY,SHBH,SHBH,HIXNY|SHBH
HIXNY,SHBHHL7,SHBHHL7,HIXNY|SHBHHL7
HIXNY,SHCARD,SHCARD,HIXNY|SHCARD
HIXNY,SHCARDHL7,SHCARDHL7,HIXNY|SHCARDHL7
HIXNY,SHCPFANTICG,SHCPFANTICG,HIXNY|SHCPFANTICG
HIXNY,SHCPFANTICGDOC,SHCPFANTICGDOC,HIXNY|SHCPFANTICGDOC
HIXNY,SHCPFFMCP,SHCPFFMCP,HIXNY|SHCPFFMCP
HIXNY,SHCPFFMCPDOC,SHCPFFMCPDOC,HIXNY|SHCPFFMCPDOC
HIXNY,SHCPFMIDWCP,SHCPFMIDWCP,HIXNY|SHCPFMIDWCP
HIXNY,SHCPFMIDWCPDOC,SHCPFMIDWCPDOC,HIXNY|SHCPFMIDWCPDOC
HEALTHIX,SHCS,SHCS,HEALTHIX|SHCS
BRONX,SHELDON_B_LIPPMAN,SHELDON B LIPPMAN,BRONX|SHELDON B LIPPMAN
BRONX,SHELDON_MEDICAL_CARE,SHELDON MEDICAL CARE,BRONX|SHELDON MEDICAL CARE
HECDCS,SHELLY-PETERS,SHELLY-PETERS,HECDCS|SHELLY-PETERS
BRONX,SHELLY_SHI,SHELLY SHI,BRONX|SHELLY SHI
HIXNY,SHEMERG,SHEMERG,HIXNY|SHEMERG
HIXNY,SHEMERGHL7,SHEMERGHL7,HIXNY|SHEMERGHL7
HIXNY,SHENDO,SHENDO,HIXNY|SHENDO
HIXNY,SHENDOHL7,SHENDOHL7,HIXNY|SHENDOHL7
HIXNY,SHENT,SHENT,HIXNY|SHENT
HIXNY,SHENTHL7,SHENTHL7,HIXNY|SHENTHL7
TXD,SHERMG,SHERMG,TXD|SHERMG
HIXNY,SHEYE,SHEYE,HIXNY|SHEYE
HIXNY,SHEYEHL7,SHEYEHL7,HIXNY|SHEYEHL7
HEALTHIX,SHF,SHF,HEALTHIX|SHF
HIXNY,SHFGW,SHFGW,HIXNY|SHFGW
HIXNY,SHFGWDOC,SHFGWDOC,HIXNY|SHFGWDOC
HIXNY,SHGERI,SHGERI,HIXNY|SHGERI
HIXNY,SHGERIHL7,SHGERIHL7,HIXNY|SHGERIHL7
HIXNY,SHGESU,SHGESU,HIXNY|SHGESU
HIXNY,SHGESUHL7,SHGESUHL7,HIXNY|SHGESUHL7
TXD,SHHC,SHHC,TXD|SHHC
GRRHIO,SHHEC,SHHEC,GRRHIO|SHHEC
HIXNY,SHID,SHID,HIXNY|SHID
HIXNY,SHIDHL7,SHIDHL7,HIXNY|SHIDHL7
BRONX,SHILOH,SHILOH,BRONX|SHILOH
HEALTHIX,SHININDHEAL,SHININDHEAL,HEALTHIX|SHININDHEAL
HEALTHIX,SHINN,SHINN,HEALTHIX|SHINN
HEALTHIX,SHMC,SHMC,HEALTHIX|SHMC
HEALTHIX,SHMP,SHMP,HEALTHIX|SHMP
HIXNY,SHMSHALC,SHMSHALC,HIXNY|SHMSHALC
HIXNY,SHMSHALCDOC,SHMSHALCDOC,HIXNY|SHMSHALCDOC
HIXNY,SHNEPH,SHNEPH,HIXNY|SHNEPH
HIXNY,SHNEPHHL7,SHNEPHHL7,HIXNY|SHNEPHHL7
HIXNY,SHNEUR,SHNEUR,HIXNY|SHNEUR
HIXNY,SHNEURHL7,SHNEURHL7,HIXNY|SHNEURHL7
HIXNY,SHOBGYN,SHOBGYN,HIXNY|SHOBGYN
HIXNY,SHOBGYNHL7,SHOBGYNHL7,HIXNY|SHOBGYNHL7
HEALTHIX,SHORVNR,SHORVNR,HEALTHIX|SHORVNR
HIXNY,SHPCP,SHPCP,HIXNY|SHPCP
HIXNY,SHPCPHL7,SHPCPHL7,HIXNY|SHPCPHL7
HIXNY,SHPOD,SHPOD,HIXNY|SHPOD
HIXNY,SHPODHL7,SHPODHL7,HIXNY|SHPODHL7
HIXNY,SHPTOT,SHPTOT,HIXNY|SHPTOT
HIXNY,SHPTOTHL7,SHPTOTHL7,HIXNY|SHPTOTHL7
HIXNY,SHPUL,SHPUL,HIXNY|SHPUL
HIXNY,SHPULHL7,SHPULHL7,HIXNY|SHPULHL7
HEALTHIX,SHRA,SHRA,HEALTHIX|SHRA
TXD,SHRPED,SHRPED,TXD|SHRPED
TXD,SHS2PART2,SHS2PART2,TXD|SHS2PART2
HIXNY,SHSLM,SHSLM,HIXNY|SHSLM
HIXNY,SHSLMHL7,SHSLMHL7,HIXNY|SHSLMHL7
HIXNY,SHSMHAMBDET,SHSMHAMBDET,HIXNY|SHSMHAMBDET
HIXNY,SHSMHAMBDETDOC,SHSMHAMBDETDOC,HIXNY|SHSMHAMBDETDOC
HIXNY,SHSMHASINFU,SHSMHASINFU,HIXNY|SHSMHASINFU
HIXNY,SHSMHASINFUDOC,SHSMHASINFUDOC,HIXNY|SHSMHASINFUDOC
HIXNY,SHSMHHEMONC,SHSMHHEMONC,HIXNY|SHSMHHEMONC
HIXNY,SHSMHHEMONCDOC,SHSMHHEMONCDOC,HIXNY|SHSMHHEMONCDOC
HIXNY,SHSMHINFU,SHSMHINFU,HIXNY|SHSMHINFU
HIXNY,SHSMHINFUDOC,SHSMHINFUDOC,HIXNY|SHSMHINFUDOC
HIXNY,SHSMHNUTRN,SHSMHNUTRN,HIXNY|SHSMHNUTRN
HIXNY,SHSMHNUTRNDOC,SHSMHNUTRNDOC,HIXNY|SHSMHNUTRNDOC
HIXNY,SHSMHPEDTRO,SHSMHPEDTRO,HIXNY|SHSMHPEDTRO
HIXNY,SHSMHPEDTRODOC,SHSMHPEDTRODOC,HIXNY|SHSMHPEDTRODOC
HIXNY,SHSMHPUL,SHSMHPUL,HIXNY|SHSMHPUL
HIXNY,SHSMHPULDOC,SHSMHPULDOC,HIXNY|SHSMHPULDOC
HIXNY,SHSMIMAGE,SHSMIMAGE,HIXNY|SHSMIMAGE
HIXNY,SHSMIMAGEDOC,SHSMIMAGEDOC,HIXNY|SHSMIMAGEDOC
HIXNY,SHSPINE,SHSPINE,HIXNY|SHSPINE
HIXNY,SHSPM,SHSPM,HIXNY|SHSPM
HIXNY,SHSPMHL7,SHSPMHL7,HIXNY|SHSPMHL7
HIXNY,SHSURG,SHSURG,HIXNY|SHSURG
HIXNY,SHSURGHL7,SHSURGHL7,HIXNY|SHSURGHL7
HIXNY,SHURG,SHURG,HIXNY|SHURG
HIXNY,SHURGHL7,SHURGHL7,HIXNY|SHURGHL7
HIXNY,SHURO,SHURO,HIXNY|SHURO
HIXNY,SHUROHL7,SHUROHL7,HIXNY|SHUROHL7
HIXNY,SHWOUN,SHWOUN,HIXNY|SHWOUN
HIXNY,SHWOUNHL7,SHWOUNHL7,HIXNY|SHWOUNHL7
HEALTHIX,SICC,SICC,HEALTHIX|SICC
HEALTHIX,SILVERCREST,SILVERCREST,HEALTHIX|SILVERCREST
BRONX,SILVER_LAKE_BEHAVIORAL_HEALTH,SILVER LAKE BEHAVIORAL HEALTH,BRONX|SILVER LAKE BEHAVIORAL HEALTH
HECDCS,SILVESTRI,SILVESTRI,HECDCS|SILVESTRI
GRRHIO,SIM,SIM,GRRHIO|SIM
GRRHIO,SIMA,SIMA,GRRHIO|SIMA
HECDCS,SIMPSON-FAM-WELL,SIMPSON-FAM-WELL,HECDCS|SIMPSON-FAM-WELL
HECDCS,SIMS-ASSOC-POD,SIMS-ASSOC-POD,HECDCS|SIMS-ASSOC-POD
HEALTHIX,SINCERE,SINCERE,HEALTHIX|SINCERE
BRONX,SINCERE_MEDICAL_CARE,SINCERE MEDICAL CARE,BRONX|SINCERE MEDICAL CARE
BRONX,SINDHU_GUPTA,SINDHU GUPTA,BRONX|SINDHU GUPTA
HEALTHIX,SIPA,SIPA,HEALTHIX|SIPA
HEALTHIX,SIPPS,SIPPS,HEALTHIX|SIPPS
HECDCS,SITRIN-HEALTH,SITRIN-HEALTH,HECDCS|SITRIN-HEALTH
HEALTHIX,SIUH,SIUH,HEALTHIX|SIUH
HEALTHIX,SIUHN,SIUHN,HEALTHIX|SIUHN
HEALTHIX,SIUPB,SIUPB,HEALTHIX|SIUPB
HIXNY,SJATR,SJATR,HIXNY|SJATR
TXD,SJCCAR,SJCCAR,TXD|SJCCAR
HEALTHIX,SJEH,SJEH,HEALTHIX|SJEH
HECDCS,SJH-CARDIOLOGY,SJH-CARDIOLOGY,HECDCS|SJH-CARDIOLOGY
GRRHIO,SJHB,SJHB,GRRHIO|SJHB
GRRHIO,SJHC,SJHC,GRRHIO|SJHC
HECDCS,SJHHC,SJHHC,HECDCS|SJHHC
HIXNY,SJHHRSN,SJHHRSN,HIXNY|SJHHRSN
GRRHIO,SJHP,SJHP,GRRHIO|SJHP
HECDCS,SJIA,SJIA,HECDCS|SJIA
HEALTHIX,SJMCRES,SJMCRES,HEALTHIX|SJMCRES
GRRHIO,SJMH,SJMH,GRRHIO|SJMH
HEALTHIX,SJMS,SJMS,HEALTHIX|SJMS
GRRHIO,SJNC,SJNC,GRRHIO|SJNC
GRRHIO,SJPHC,SJPHC,GRRHIO|SJPHC
HEALTHIX,SKAMD,SKAMD,HEALTHIX|SKAMD
HEALTHIX,SKMA,SKMA,HEALTHIX|SKMA
HEALTHIX,SKOPE,SKOPE,HEALTHIX|SKOPE
HEALTHIX,SKPC,SKPC,HEALTHIX|SKPC
HEALTHIX,SKPMD,SKPMD,HEALTHIX|SKPMD
HEALTHIX,SKWH,SKWH,HEALTHIX|SKWH
HECDCS,SKY-VIEW-REHAB,SKY-VIEW-REHAB,HECDCS|SKY-VIEW-REHAB
TXD,SLA,SLA,TXD|SLA
HEALTHIX,SLAIDCCH,SLAIDCCH,HEALTHIX|SLAIDCCH
TXD,SLATER,SLATER,TXD|SLATER
HEALTHIX,SLBH,SLBH,HEALTHIX|SLBH
HEALTHIX,SLBMA,SLBMA,HEALTHIX|SLBMA
BRONX,SLB_MEDICAL_ASSOC,SLB MEDICAL ASSOC,BRONX|SLB MEDICAL ASSOC
HECDCS,SLEEP-DIS-LAB,SLEEP-DIS-LAB,HECDCS|SLEEP-DIS-LAB
HECDCS,SLEEP-INSIGHTS,SLEEP-INSIGHTS,HECDCS|SLEEP-INSIGHTS
HEALTHIX,SLFHN,SLFHN,HEALTHIX|SLFHN
HEALTHIX,SLFM,SLFM,HEALTHIX|SLFM
HEALTHIX,SLMD,SLMD,HEALTHIX|SLMD
TXD,SLPINS,SLPINS,TXD|SLPINS
HEALTHIX,SLSCC,SLSCC,HEALTHIX|SLSCC
HEALTHIX,SLVOP,SLVOP,HEALTHIX|SLVOP
HIXNY,SMA,SMA,HIXNY|SMA
HIXNY,SMADOC,SMADOC,HIXNY|SMADOC
BRONX,SMART_MEDICAL_CARE,SMART MEDICAL CARE,BRONX|SMART MEDICAL CARE
HEALTHIX,SMC,SMC,HEALTHIX|SMC
HEALTHIX,SMCMHC,SMCMHC,HEALTHIX|SMCMHC
HEALTHIX,SMEDC,SMEDC,HEALTHIX|SMEDC
HEALTHIX,SMFPC,SMFPC,HEALTHIX|SMFPC
HEALTHIX,SMGP,SMGP,HEALTHIX|SMGP
GRRHIO,SMH.DUPLICATE,SMH,GRRHIO|SMH
HEALTHIX,SMH.DUPLICATE1,SMH,HEALTHIX|SMH
HIXNY,SMHA,SMHA,HIXNY|SMHA
HIXNY,SMHAACTHC,SMHAACTHC,HIXNY|SMHAACTHC
HIXNY,SMHAADOLMH,SMHAADOLMH,HIXNY|SMHAADOLMH
HIXNY,SMHAADUMH,SMHAADUMH,HIXNY|SMHAADUMH
HIXNY,SMHAALCIPR,SMHAALCIPR,HIXNY|SMHAALCIPR
HIXNY,SMHAAMOBGYN,SMHAAMOBGYN,HIXNY|SMHAAMOBGYN
HIXNY,SMHACANAPCP,SMHACANAPCP,HIXNY|SMHACANAPCP
HIXNY,SMHACANCER,SMHACANCER,HIXNY|SMHACANCER
HIXNY,SMHACDIP,SMHACDIP,HIXNY|SMHACDIP
HIXNY,SMHACDOP,SMHACDOP,HIXNY|SMHACDOP
HIXNY,SMHACHHC,SMHACHHC,HIXNY|SMHACHHC
HIXNY,SMHADOC,SMHADOC,HIXNY|SMHADOC
HIXNY,SMHAENTHC,SMHAENTHC,HIXNY|SMHAENTHC
HIXNY,SMHAFCAADUMH,SMHAFCAADUMH,HIXNY|SMHAFCAADUMH
HIXNY,SMHAFCOPAD,SMHAFCOPAD,HIXNY|SMHAFCOPAD
HIXNY,SMHAGIFHC,SMHAGIFHC,HIXNY|SMHAGIFHC
HIXNY,SMHAGLOVHC,SMHAGLOVHC,HIXNY|SMHAGLOVHC
HIXNY,SMHAGS,SMHAGS,HIXNY|SMHAGS
HIXNY,SMHAHEAD,SMHAHEAD,HIXNY|SMHAHEAD
HIXNY,SMHAHOLL,SMHAHOLL,HIXNY|SMHAHOLL
HIXNY,SMHAIPRE,SMHAIPRE,HIXNY|SMHAIPRE
HIXNY,SMHAJOHNHC,SMHAJOHNHC,HIXNY|SMHAJOHNHC
HIXNY,SMHAJOPEDHC,SMHAJOPEDHC,HIXNY|SMHAJOPEDHC
HIXNY,SMHAMEMPCP,SMHAMEMPCP,HIXNY|SMHAMEMPCP
HIXNY,SMHAMEMPED,SMHAMEMPED,HIXNY|SMHAMEMPED
HIXNY,SMHAMETHTX,SMHAMETHTX,HIXNY|SMHAMETHTX
HIXNY,SMHAMONITOR,SMHAMONITOR,HIXNY|SMHAMONITOR
HIXNY,SMHAMONITORDOC,SMHAMONITORDOC,HIXNY|SMHAMONITORDOC
HIXNY,SMHANORTHHC,SMHANORTHHC,HIXNY|SMHANORTHHC
HIXNY,SMHAOBGYNJO,SMHAOBGYNJO,HIXNY|SMHAOBGYNJO
HIXNY,SMHAPODIATR,SMHAPODIATR,HIXNY|SMHAPODIATR
HIXNY,SMHAPROS,SMHAPROS,HIXNY|SMHAPROS
HIXNY,SMHARAOOP,SMHARAOOP,HIXNY|SMHARAOOP
HIXNY,SMHASLEEP,SMHASLEEP,HIXNY|SMHASLEEP
HIXNY,SMHASTJOHN,SMHASTJOHN,HIXNY|SMHASTJOHN
HIXNY,SMHAURGARAO,SMHAURGARAO,HIXNY|SMHAURGARAO
HIXNY,SMHAURGGLOV,SMHAURGGLOV,HIXNY|SMHAURGGLOV
HIXNY,SMHAURGSTJO,SMHAURGSTJO,HIXNY|SMHAURGSTJO
HIXNY,SMHAUROAMST,SMHAUROAMST,HIXNY|SMHAUROAMST
HIXNY,SMHAUROHCGP,SMHAUROHCGP,HIXNY|SMHAUROHCGP
HIXNY,SMHAWILKRES,SMHAWILKRES,HIXNY|SMHAWILKRES
HEALTHIX,SMHC,SMHC,HEALTHIX|SMHC
HIXNY,SMHH,SMHH,HIXNY|SMHH
HEALTHIX,SMHM,SMHM,HEALTHIX|SMHM
HIXNY,SMHPCXDOC,SMHPCXDOC,HIXNY|SMHPCXDOC
HIXNY,SMILESPR,SMILESPR,HIXNY|SMILESPR
HECDCS,SMITH-ALLERGY,SMITH-ALLERGY,HECDCS|SMITH-ALLERGY
HEALTHIX,SMOC,SMOC,HEALTHIX|SMOC
HEALTHIX,SMPDS,SMPDS,HEALTHIX|SMPDS
HEALTHIX,SMS,SMS,HEALTHIX|SMS
HEALTHIX,SMSMD,SMSMD,HEALTHIX|SMSMD
BRONX,SM_HASNAYEN_MEDICAL_OFFICE,SM HASNAYEN MEDICAL OFFICE,BRONX|SM HASNAYEN MEDICAL OFFICE
HEALTHIX,SNA,SNA,HEALTHIX|SNA
TXD,SNAPCP,SNAPCP,TXD|SNAPCP
HEALTHIX,SNARC,SNARC,HEALTHIX|SNARC
HEALTHIX,SNCH,SNCH,HEALTHIX|SNCH
HEALTHIX,SNCHHC,SNCHHC,HEALTHIX|SNCHHC
HIXNY,SNEVGEDDYSMDOC,SNEVGEDDYSMDOC,HIXNY|SNEVGEDDYSMDOC
HEALTHIX,SNG,SNG,HEALTHIX|SNG
HEALTHIX,SNM,SNM,HEALTHIX|SNM
HIXNY,SNMEDMED,SNMEDMED,HIXNY|SNMEDMED
HIXNY,SNMEDMEDDOC,SNMEDMEDDOC,HIXNY|SNMEDMEDDOC
HIXNY,SNMHC,SNMHC,HIXNY|SNMHC
HIXNY,SNOCPOBGYN,SNOCPOBGYN,HIXNY|SNOCPOBGYN
HIXNY,SNOCPOBGYNDOC,SNOCPOBGYNDOC,HIXNY|SNOCPOBGYNDOC
HEALTHIX,SNRC,SNRC,HEALTHIX|SNRC
HEALTHIX,SNRCPPC,SNRCPPC,HEALTHIX|SNRCPPC
TXD,SNREAL,SNREAL,TXD|SNREAL
HIXNY,SNRSHCLFTON,SNRSHCLFTON,HIXNY|SNRSHCLFTON
HIXNY,SNTABEDDYNR,SNTABEDDYNR,HIXNY|SNTABEDDYNR
HIXNY,SNTABEDDYNRDOC,SNTABEDDYNRDOC,HIXNY|SNTABEDDYNRDOC
HIXNY,SNTPSLABDS,SNTPSLABDS,HIXNY|SNTPSLABDS
HIXNY,SNTPSLABDSDOC,SNTPSLABDSDOC,HIXNY|SNTPSLABDSDOC
HIXNY,SNTR7GERO,SNTR7GERO,HIXNY|SNTR7GERO
HIXNY,SNTR7GERODOC,SNTR7GERODOC,HIXNY|SNTR7GERODOC
HIXNY,SNTRBEHAVI,SNTRBEHAVI,HIXNY|SNTRBEHAVI
HIXNY,SNTRBEHAVIDOC,SNTRBEHAVIDOC,HIXNY|SNTRBEHAVIDOC
HIXNY,SNTRBEHAVO,SNTRBEHAVO,HIXNY|SNTRBEHAVO
HIXNY,SNTRBEHAVODOC,SNTRBEHAVODOC,HIXNY|SNTRBEHAVODOC
HIXNY,SNTRBHHOME,SNTRBHHOME,HIXNY|SNTRBHHOME
HIXNY,SNTRBHHOMEDOC,SNTRBHHOMEDOC,HIXNY|SNTRBHHOMEDOC
HIXNY,SNTRCATHLAB,SNTRCATHLAB,HIXNY|SNTRCATHLAB
HIXNY,SNTRCATHLABDOC,SNTRCATHLABDOC,HIXNY|SNTRCATHLABDOC
HIXNY,SNTRLABSCR,SNTRLABSCR,HIXNY|SNTRLABSCR
HIXNY,SNTRLABSCRDOC,SNTRLABSCRDOC,HIXNY|SNTRLABSCRDOC
HIXNY,SNTRMICAIP,SNTRMICAIP,HIXNY|SNTRMICAIP
HIXNY,SNTRMICAIPDOC,SNTRMICAIPDOC,HIXNY|SNTRMICAIPDOC
HIXNY,SNTRRADONC,SNTRRADONC,HIXNY|SNTRRADONC
HIXNY,SNTRRADONCDOC,SNTRRADONCDOC,HIXNY|SNTRRADONCDOC
HIXNY,SNTRRLABDS,SNTRRLABDS,HIXNY|SNTRRLABDS
HIXNY,SNTRRLABDSDOC,SNTRRLABDSDOC,HIXNY|SNTRRLABDSDOC
HIXNY,SNTSPSPROS,SNTSPSPROS,HIXNY|SNTSPSPROS
HIXNY,SNTSPSPROSDOC,SNTSPSPROSDOC,HIXNY|SNTSPSPROSDOC
HIXNY,SNTWDPED,SNTWDPED,HIXNY|SNTWDPED
HIXNY,SNTWDPEDDOC,SNTWDPEDDOC,HIXNY|SNTWDPEDDOC
HECDCS,SOBHY-ELECTRO,SOBHY-ELECTRO,HECDCS|SOBHY-ELECTRO
GRRHIO,SOC.DUPLICATE,SOC,GRRHIO|SOC
TXD,SOCPS,SOCPS,TXD|SOCPS
GRRHIO,SOGPC,SOGPC,GRRHIO|SOGPC
GRRHIO,SOGPC2,SOGPC2,GRRHIO|SOGPC2
HEALTHIX,SOGR,SOGR,HEALTHIX|SOGR
HIXNY,SOLGA,SOLGA,HIXNY|SOLGA
TXD,SOMMED,SOMMED,TXD|SOMMED
BRONX,SOMOS,SOMOS,BRONX|SOMOS
BRONX,SOMOS_ANTHEM,SOMOS ANTHEM,BRONX|SOMOS ANTHEM
BRONX,SOMOS_EMBLEM,SOMOS EMBLEM,BRONX|SOMOS EMBLEM
BRONX,SOMOS_FIDELIS,SOMOS FIDELIS,BRONX|SOMOS FIDELIS
BRONX,SOMOS_HF,SOMOS HF,BRONX|SOMOS HF
BRONX,SOMOS_MEDICAL,SOMOS MEDICAL,BRONX|SOMOS MEDICAL
HEALTHIX,SOPM,SOPM,HEALTHIX|SOPM
TXD,SORAD,SORAD,TXD|SORAD
HECDCS,SOS,SOS,HECDCS|SOS
HIXNY,SOULPURPOSE,SOULPURPOSE,HIXNY|SOULPURPOSE
BRONX,SOUNDVIEW_MEDICAL,SOUNDVIEW MEDICAL,BRONX|SOUNDVIEW MEDICAL
BRONX,SOUND_HEALTH_MEDICAL,SOUND HEALTH MEDICAL,BRONX|SOUND HEALTH MEDICAL
HECDCS,SOUTH-TIER-CARE,SOUTH-TIER-CARE,HECDCS|SOUTH-TIER-CARE
HECDCS,SOUTH-WEST-NEPH,SOUTH-WEST-NEPH,HECDCS|SOUTH-WEST-NEPH
HEALTHIX,SOUTHAMPTON,SOUTHAMPTON,HEALTHIX|SOUTHAMPTON
HECDCS,SOUTHER-TIER-CON,SOUTHER-TIER-CON,HECDCS|SOUTHER-TIER-CON
HEALTHIX,SOUTHIP,SOUTHIP,HEALTHIX|SOUTHIP
BRONX,SOUTH_BRONX_PEDIATRICS,SOUTH BRONX PEDIATRICS,BRONX|SOUTH BRONX PEDIATRICS
BRONX,SOUTH_SHORE_UNIVERSITY_HOSPITAL,SOUTH SHORE UNIVERSITY HOSPITAL,BRONX|SOUTH SHORE UNIVERSITY HOSPITAL
HIXNY,SPACHPALCP,SPACHPALCP,HIXNY|SPACHPALCP
HIXNY,SPACHPALCPDOC,SPACHPALCPDOC,HIXNY|SPACHPALCPDOC
HIXNY,SPACPEWCCAR,SPACPEWCCAR,HIXNY|SPACPEWCCAR
HIXNY,SPACPEWCCARDOC,SPACPEWCCARDOC,HIXNY|SPACPEWCCARDOC
HIXNY,SPACQCAR,SPACQCAR,HIXNY|SPACQCAR
HIXNY,SPACQCARDOC,SPACQCARDOC,HIXNY|SPACQCARDOC
HIXNY,SPALED,SPALED,HIXNY|SPALED
HIXNY,SPALEDDOC,SPALEDDOC,HIXNY|SPALEDDOC
HIXNY,SPALEEG,SPALEEG,HIXNY|SPALEEG
HIXNY,SPALEEGDOC,SPALEEGDOC,HIXNY|SPALEEGDOC
HIXNY,SPALENDO,SPALENDO,HIXNY|SPALENDO
HIXNY,SPALENDODOC,SPALENDODOC,HIXNY|SPALENDODOC
HIXNY,SPALHOSPICE,SPALHOSPICE,HIXNY|SPALHOSPICE
HIXNY,SPALHOSPICEDOC,SPALHOSPICEDOC,HIXNY|SPALHOSPICEDOC
HIXNY,SPALINTERNAL,SPALINTERNAL,HIXNY|SPALINTERNAL
HIXNY,SPALINTERNALDOC,SPALINTERNALDOC,HIXNY|SPALINTERNALDOC
HIXNY,SPALPHARMO,SPALPHARMO,HIXNY|SPALPHARMO
HIXNY,SPALPHARMODOC,SPALPHARMODOC,HIXNY|SPALPHARMODOC
HIXNY,SPALPULM,SPALPULM,HIXNY|SPALPULM
HIXNY,SPALPULMDOC,SPALPULMDOC,HIXNY|SPALPULMDOC
HEALTHIX,SPAP,SPAP,HEALTHIX|SPAP
HEALTHIX,SPARENT,SPARENT,HEALTHIX|SPARENT
HIXNY,SPBABIND,SPBABIND,HIXNY|SPBABIND
HIXNY,SPBABINDDOC,SPBABINDDOC,HIXNY|SPBABINDDOC
HIXNY,SPBABMIDWIF,SPBABMIDWIF,HIXNY|SPBABMIDWIF
HIXNY,SPBABMIDWIFDOC,SPBABMIDWIFDOC,HIXNY|SPBABMIDWIFDOC
HIXNY,SPBABSUR,SPBABSUR,HIXNY|SPBABSUR
HIXNY,SPBABSURDOC,SPBABSURDOC,HIXNY|SPBABSURDOC
HIXNY,SPBABTESUR,SPBABTESUR,HIXNY|SPBABTESUR
HIXNY,SPBABTESURDOC,SPBABTESURDOC,HIXNY|SPBABTESURDOC
HIXNY,SPBABURO,SPBABURO,HIXNY|SPBABURO
HIXNY,SPBABURODOC,SPBABURODOC,HIXNY|SPBABURODOC
HIXNY,SPBPMBRMED,SPBPMBRMED,HIXNY|SPBPMBRMED
HIXNY,SPBPMBRMEDDOC,SPBPMBRMEDDOC,HIXNY|SPBPMBRMEDDOC
HIXNY,SPCABLABDS,SPCABLABDS,HIXNY|SPCABLABDS
HIXNY,SPCABLABDSDOC,SPCABLABDSDOC,HIXNY|SPCABLABDSDOC
HEALTHIX,SPCARE,SPCARE,HEALTHIX|SPCARE
HIXNY,SPCCTBRUS,SPCCTBRUS,HIXNY|SPCCTBRUS
HIXNY,SPCCTBRUSDOC,SPCCTBRUSDOC,HIXNY|SPCCTBRUSDOC
HIXNY,SPCCTINFUSI,SPCCTINFUSI,HIXNY|SPCCTINFUSI
HIXNY,SPCCTINFUSIDOC,SPCCTINFUSIDOC,HIXNY|SPCCTINFUSIDOC
HIXNY,SPCCTMEDONC,SPCCTMEDONC,HIXNY|SPCCTMEDONC
HIXNY,SPCCTMEDONCDOC,SPCCTMEDONCDOC,HIXNY|SPCCTMEDONCDOC
HIXNY,SPCCTRADONC,SPCCTRADONC,HIXNY|SPCCTRADONC
HIXNY,SPCCTRADONCDOC,SPCCTRADONCDOC,HIXNY|SPCCTRADONCDOC
HIXNY,SPCCTTUMOR,SPCCTTUMOR,HIXNY|SPCCTTUMOR
HIXNY,SPCCTTUMORDOC,SPCCTTUMORDOC,HIXNY|SPCCTTUMORDOC
HIXNY,SPCDICDMED,SPCDICDMED,HIXNY|SPCDICDMED
HIXNY,SPCDICDMEDDOC,SPCDICDMEDDOC,HIXNY|SPCDICDMEDDOC
HEALTHIX,SPCHR,SPCHR,HEALTHIX|SPCHR
HIXNY,SPCPMDIAEND,SPCPMDIAEND,HIXNY|SPCPMDIAEND
HIXNY,SPCPMDIAENDDOC,SPCPMDIAENDDOC,HIXNY|SPCPMDIAENDDOC
HIXNY,SPCPMURO,SPCPMURO,HIXNY|SPCPMURO
HIXNY,SPCPMURODOC,SPCPMURODOC,HIXNY|SPCPMURODOC
HIXNY,SPCRUURO,SPCRUURO,HIXNY|SPCRUURO
HIXNY,SPCRUURODOC,SPCRUURODOC,HIXNY|SPCRUURODOC
HIXNY,SPCSBPRIME,SPCSBPRIME,HIXNY|SPCSBPRIME
HIXNY,SPCSBPRIMEDOC,SPCSBPRIMEDOC,HIXNY|SPCSBPRIMEDOC
HIXNY,SPDCHDENTAL,SPDCHDENTAL,HIXNY|SPDCHDENTAL
HIXNY,SPDCHDENTALDOC,SPDCHDENTALDOC,HIXNY|SPDCHDENTALDOC
HIXNY,SPDCHHC4CDT,SPDCHHC4CDT,HIXNY|SPDCHHC4CDT
HIXNY,SPDCHHC4CDTDOC,SPDCHHC4CDTDOC,HIXNY|SPDCHHC4CDTDOC
HEALTHIX,SPDOMINGO,SPDOMINGO,HEALTHIX|SPDOMINGO
HEALTHIX,SPEC,SPEC,HEALTHIX|SPEC
HECDCS,SPEC-ONE-DAY,SPEC-ONE-DAY,HECDCS|SPEC-ONE-DAY
HIXNY,SPEMDOBGYN,SPEMDOBGYN,HIXNY|SPEMDOBGYN
HIXNY,SPEMDOBGYNDOC,SPEMDOBGYNDOC,HIXNY|SPEMDOBGYNDOC
HIXNY,SPEPBLABDS,SPEPBLABDS,HIXNY|SPEPBLABDS
HIXNY,SPEPBLABDSDOC,SPEPBLABDSDOC,HIXNY|SPEPBLABDSDOC
HIXNY,SPEVNHVPTHM,SPEVNHVPTHM,HIXNY|SPEVNHVPTHM
HIXNY,SPEVNHVPTHMDOC,SPEVNHVPTHMDOC,HIXNY|SPEVNHVPTHMDOC
HIXNY,SPGYNGYN,SPGYNGYN,HIXNY|SPGYNGYN
HIXNY,SPGYNGYNDOC,SPGYNGYNDOC,HIXNY|SPGYNGYNDOC
HIXNY,SPHBBLABDS,SPHBBLABDS,HIXNY|SPHBBLABDS
HIXNY,SPHBBLABDSDOC,SPHBBLABDSDOC,HIXNY|SPHBBLABDSDOC
HIXNY,SPHCS,SPHCS,HIXNY|SPHCS
HIXNY,SPHCSDOC,SPHCSDOC,HIXNY|SPHCSDOC
HEALTHIX,SPHLLC,SPHLLC,HEALTHIX|SPHLLC
HIXNY,SPHMA,SPHMA,HIXNY|SPHMA
HIXNY,SPHPEPIC,SPHPEPIC,HIXNY|SPHPEPIC
HIXNY,SPHPFAMMED,SPHPFAMMED,HIXNY|SPHPFAMMED
HIXNY,SPHPFAMMEDDOC,SPHPFAMMEDDOC,HIXNY|SPHPFAMMEDDOC
HIXNY,SPHPMA2,SPHPMA2,HIXNY|SPHPMA2
HIXNY,SPHPMEXTFLM,SPHPMEXTFLM,HIXNY|SPHPMEXTFLM
HIXNY,SPHPMEXTFLMDOC,SPHPMEXTFLMDOC,HIXNY|SPHPMEXTFLMDOC
HIXNY,SPHPMONITOR,SPHPMONITOR,HIXNY|SPHPMONITOR
HIXNY,SPHPMONITORDOC,SPHPMONITORDOC,HIXNY|SPHPMONITORDOC
HIXNY,SPHPNEUROPSY,SPHPNEUROPSY,HIXNY|SPHPNEUROPSY
HIXNY,SPHPNEUROPSYDOC,SPHPNEUROPSYDOC,HIXNY|SPHPNEUROPSYDOC
HIXNY,SPHPNRC,SPHPNRC,HIXNY|SPHPNRC
HIXNY,SPHPNRCDOC,SPHPNRCDOC,HIXNY|SPHPNRCDOC
HIXNY,SPHPOLMLC,SPHPOLMLC,HIXNY|SPHPOLMLC
HIXNY,SPHPOLMLCDOC,SPHPOLMLCDOC,HIXNY|SPHPOLMLCDOC
HIXNY,SPHPPASNFS,SPHPPASNFS,HIXNY|SPHPPASNFS
HIXNY,SPHPPCP,SPHPPCP,HIXNY|SPHPPCP
HIXNY,SPHPPCPDOC,SPHPPCPDOC,HIXNY|SPHPPCPDOC
HIXNY,SPHPSJH,SPHPSJH,HIXNY|SPHPSJH
HIXNY,SPHPSJHDOC,SPHPSJHDOC,HIXNY|SPHPSJHDOC
HIXNY,SPHPSPARC,SPHPSPARC,HIXNY|SPHPSPARC
HIXNY,SPHPSPARCDOC,SPHPSPARCDOC,HIXNY|SPHPSPARCDOC
HIXNY,SPHPSRRH,SPHPSRRH,HIXNY|SPHPSRRH
HIXNY,SPHPSRRHDOC,SPHPSRRHDOC,HIXNY|SPHPSRRHDOC
HIXNY,SPHPUIDA,SPHPUIDA,HIXNY|SPHPUIDA
HIXNY,SPHPUIDADOC,SPHPUIDADOC,HIXNY|SPHPUIDADOC
HIXNY,SPHRBBARIAT,SPHRBBARIAT,HIXNY|SPHRBBARIAT
HIXNY,SPHRBBARIATDOC,SPHRBBARIATDOC,HIXNY|SPHRBBARIATDOC
HIXNY,SPHRBDIAEND,SPHRBDIAEND,HIXNY|SPHRBDIAEND
HIXNY,SPHRBDIAENDDOC,SPHRBDIAENDDOC,HIXNY|SPHRBDIAENDDOC
HIXNY,SPIMALABDS,SPIMALABDS,HIXNY|SPIMALABDS
HIXNY,SPIMALABDSDOC,SPIMALABDSDOC,HIXNY|SPIMALABDSDOC
HIXNY,SPIMAMED,SPIMAMED,HIXNY|SPIMAMED
HIXNY,SPIMAMEDDOC,SPIMAMEDDOC,HIXNY|SPIMAMEDDOC
HIXNY,SPIMLMED,SPIMLMED,HIXNY|SPIMLMED
HIXNY,SPIMLMEDDOC,SPIMLMEDDOC,HIXNY|SPIMLMEDDOC
HIXNY,SPINAPR,SPINAPR,HIXNY|SPINAPR
HIXNY,SPINMMED,SPINMMED,HIXNY|SPINMMED
HIXNY,SPINMMEDDOC,SPINMMEDDOC,HIXNY|SPINMMEDDOC
HEALTHIX,SPISSAH,SPISSAH,HEALTHIX|SPISSAH
HIXNY,SPLPCPRIME,SPLPCPRIME,HIXNY|SPLPCPRIME
HIXNY,SPLPCPRIMEDOC,SPLPCPRIMEDOC,HIXNY|SPLPCPRIMEDOC
HEALTHIX,SPME,SPME,HEALTHIX|SPME
HIXNY,SPMEAFETAL2,SPMEAFETAL2,HIXNY|SPMEAFETAL2
HIXNY,SPMEAFETAL2DOC,SPMEAFETAL2DOC,HIXNY|SPMEAFETAL2DOC
HIXNY,SPMEALABDS,SPMEALABDS,HIXNY|SPMEALABDS
HIXNY,SPMEALABDSDOC,SPMEALABDSDOC,HIXNY|SPMEALABDSDOC
HIXNY,SPMEAMED,SPMEAMED,HIXNY|SPMEAMED
HIXNY,SPMEAMEDDOC,SPMEAMEDDOC,HIXNY|SPMEAMEDDOC
HIXNY,SPMEAOBGYN,SPMEAOBGYN,HIXNY|SPMEAOBGYN
HIXNY,SPMEAOBGYNDOC,SPMEAOBGYNDOC,HIXNY|SPMEAOBGYNDOC
HIXNY,SPMEAPEDS,SPMEAPEDS,HIXNY|SPMEAPEDS
HIXNY,SPMEAPEDSDOC,SPMEAPEDSDOC,HIXNY|SPMEAPEDSDOC
HIXNY,SPMGPPCMLT,SPMGPPCMLT,HIXNY|SPMGPPCMLT
HIXNY,SPMGPPCMLTDOC,SPMGPPCMLTDOC,HIXNY|SPMGPPCMLTDOC
HIXNY,SPMGPSTPBRS,SPMGPSTPBRS,HIXNY|SPMGPSTPBRS
HIXNY,SPMGPSTPBRSDOC,SPMGPSTPBRSDOC,HIXNY|SPMGPSTPBRSDOC
GRRHIO,SPMH,SPMH,GRRHIO|SPMH
HIXNY,SPMLCMLIFE,SPMLCMLIFE,HIXNY|SPMLCMLIFE
HIXNY,SPMLCMLIFEDOC,SPMLCMLIFEDOC,HIXNY|SPMLCMLIFEDOC
HIXNY,SPMOBBARIAT,SPMOBBARIAT,HIXNY|SPMOBBARIAT
HIXNY,SPMOBBARIATDOC,SPMOBBARIATDOC,HIXNY|SPMOBBARIATDOC
HIXNY,SPMOBCOLREC,SPMOBCOLREC,HIXNY|SPMOBCOLREC
HIXNY,SPMOBCOLRECDOC,SPMOBCOLRECDOC,HIXNY|SPMOBCOLRECDOC
HIXNY,SPMOBHPSUR,SPMOBHPSUR,HIXNY|SPMOBHPSUR
HIXNY,SPMOBHPSURDOC,SPMOBHPSURDOC,HIXNY|SPMOBHPSURDOC
HIXNY,SPMOBTESUR,SPMOBTESUR,HIXNY|SPMOBTESUR
HIXNY,SPMOBTESURDOC,SPMOBTESURDOC,HIXNY|SPMOBTESURDOC
HIXNY,SPNEUNEU,SPNEUNEU,HIXNY|SPNEUNEU
HIXNY,SPNEUNEUDOC,SPNEUNEUDOC,HIXNY|SPNEUNEUDOC
HIXNY,SPNHACAR,SPNHACAR,HIXNY|SPNHACAR
HIXNY,SPNHACARDOC,SPNHACARDOC,HIXNY|SPNHACARDOC
HIXNY,SPNHAVAS,SPNHAVAS,HIXNY|SPNHAVAS
HIXNY,SPNHAVASDOC,SPNHAVASDOC,HIXNY|SPNHAVASDOC
HIXNY,SPNLBLABDS,SPNLBLABDS,HIXNY|SPNLBLABDS
HIXNY,SPNLBLABDSDOC,SPNLBLABDSDOC,HIXNY|SPNLBLABDSDOC
HIXNY,SPNRCREHABN,SPNRCREHABN,HIXNY|SPNRCREHABN
HIXNY,SPNRCREHABNDOC,SPNRCREHABNDOC,HIXNY|SPNRCREHABNDOC
HIXNY,SPOBGYNCP,SPOBGYNCP,HIXNY|SPOBGYNCP
HIXNY,SPOBGYNCPDOC,SPOBGYNCPDOC,HIXNY|SPOBGYNCPDOC
HEALTHIX,SPOP,SPOP,HEALTHIX|SPOP
HEALTHIX,SPOPC,SPOPC,HEALTHIX|SPOPC
HIXNY,SPPDBPULCCS,SPPDBPULCCS,HIXNY|SPPDBPULCCS
HIXNY,SPPDBPULCCSDOC,SPPDBPULCCSDOC,HIXNY|SPPDBPULCCSDOC
HIXNY,SPPHYSREHAB,SPPHYSREHAB,HIXNY|SPPHYSREHAB
HIXNY,SPPHYSREHABDOC,SPPHYSREHABDOC,HIXNY|SPPHYSREHABDOC
HEALTHIX,SPPLZ,SPPLZ,HEALTHIX|SPPLZ
HIXNY,SPRHCHLTHC,SPRHCHLTHC,HIXNY|SPRHCHLTHC
HIXNY,SPRHCHLTHCDOC,SPRHCHLTHCDOC,HIXNY|SPRHCHLTHCDOC
HIXNY,SPRINGBROOK,SPRINGBROOK,HIXNY|SPRINGBROOK
BRONX,SPRINGFIELD_PEDIATRICS,SPRINGFIELD PEDIATRICS,BRONX|SPRINGFIELD PEDIATRICS
HEALTHIX,SPRINGN,SPRINGN,HEALTHIX|SPRINGN
BRONX,SPRING_SEA_PHYSICIAN,SPRING SEA PHYSICIAN,BRONX|SPRING SEA PHYSICIAN
TXD,SPRLHEALTHIX,SPRLHEALTHIX,TXD|SPRLHEALTHIX
TXD,SPRLHIXNY,SPRLHIXNY,TXD|SPRLHIXNY
HEALTHIX,SPRPATEL,SPRPATEL,HEALTHIX|SPRPATEL
TXD,SPRPED,SPRPED,TXD|SPRPED
HIXNY,SPRSBIMVAL,SPRSBIMVAL,HIXNY|SPRSBIMVAL
HIXNY,SPRSBIMVALDOC,SPRSBIMVALDOC,HIXNY|SPRSBIMVALDOC
HIXNY,SPRSBOBGYNV,SPRSBOBGYNV,HIXNY|SPRSBOBGYNV
HIXNY,SPRSBOBGYNVDOC,SPRSBOBGYNVDOC,HIXNY|SPRSBOBGYNVDOC
HIXNY,SPRT9AACCP,SPRT9AACCP,HIXNY|SPRT9AACCP
HIXNY,SPRT9AACCPDOC,SPRT9AACCPDOC,HIXNY|SPRT9AACCPDOC
HIXNY,SPRT9FMRT9,SPRT9FMRT9,HIXNY|SPRT9FMRT9
HIXNY,SPRT9FMRT9DOC,SPRT9FMRT9DOC,HIXNY|SPRT9FMRT9DOC
HEALTHIX,SPS,SPS,HEALTHIX|SPS
HIXNY,SPSCACAR,SPSCACAR,HIXNY|SPSCACAR
HIXNY,SPSCACARDOC,SPSCACARDOC,HIXNY|SPSCACARDOC
HEALTHIX,SPSD,SPSD,HEALTHIX|SPSD
HIXNY,SPSFHFAMMED,SPSFHFAMMED,HIXNY|SPSFHFAMMED
HIXNY,SPSFHFAMMEDDOC,SPSFHFAMMEDDOC,HIXNY|SPSFHFAMMEDDOC
HIXNY,SPSMLAB,SPSMLAB,HIXNY|SPSMLAB
HIXNY,SPSMLABDOC,SPSMLABDOC,HIXNY|SPSMLABDOC
HIXNY,SPSMSLEEP,SPSMSLEEP,HIXNY|SPSMSLEEP
HIXNY,SPSMSLEEPDOC,SPSMSLEEPDOC,HIXNY|SPSMSLEEPDOC
HIXNY,SPSRBMSHAC,SPSRBMSHAC,HIXNY|SPSRBMSHAC
HIXNY,SPSRBMSHACDOC,SPSRBMSHACDOC,HIXNY|SPSRBMSHACDOC
HIXNY,SPSRBNEU,SPSRBNEU,HIXNY|SPSRBNEU
HIXNY,SPSRBNEUDOC,SPSRBNEUDOC,HIXNY|SPSRBNEUDOC
HIXNY,SPSRBURO,SPSRBURO,HIXNY|SPSRBURO
HIXNY,SPSRBURODOC,SPSRBURODOC,HIXNY|SPSRBURODOC
HIXNY,SPSWCWELL,SPSWCWELL,HIXNY|SPSWCWELL
HIXNY,SPSWCWELLDOC,SPSWCWELLDOC,HIXNY|SPSWCWELLDOC
HIXNY,SPTIMTRMED,SPTIMTRMED,HIXNY|SPTIMTRMED
HIXNY,SPTIMTRMEDDOC,SPTIMTRMEDDOC,HIXNY|SPTIMTRMEDDOC
HIXNY,SPTRUURO,SPTRUURO,HIXNY|SPTRUURO
HIXNY,SPTRUURODOC,SPTRUURODOC,HIXNY|SPTRUURODOC
HIXNY,SPTWBHEMONC,SPTWBHEMONC,HIXNY|SPTWBHEMONC
HIXNY,SPTWBHEMONCDOC,SPTWBHEMONCDOC,HIXNY|SPTWBHEMONCDOC
HIXNY,SPTWBLABDS,SPTWBLABDS,HIXNY|SPTWBLABDS
HIXNY,SPTWBLABDSDOC,SPTWBLABDSDOC,HIXNY|SPTWBLABDSDOC
HIXNY,SPVAALB,SPVAALB,HIXNY|SPVAALB
HIXNY,SPVAALBDOC,SPVAALBDOC,HIXNY|SPVAALBDOC
HIXNY,SPVABFAM,SPVABFAM,HIXNY|SPVABFAM
HIXNY,SPVABFAMDOC,SPVABFAMDOC,HIXNY|SPVABFAMDOC
HIXNY,SPVABXR,SPVABXR,HIXNY|SPVABXR
HIXNY,SPVABXRDOC,SPVABXRDOC,HIXNY|SPVABXRDOC
HIXNY,SPVACP,SPVACP,HIXNY|SPVACP
HIXNY,SPVACPDOC,SPVACPDOC,HIXNY|SPVACPDOC
HIXNY,SPVPLMED,SPVPLMED,HIXNY|SPVPLMED
HIXNY,SPVPLMEDDOC,SPVPLMEDDOC,HIXNY|SPVPLMEDDOC
HIXNY,SPVPLORT,SPVPLORT,HIXNY|SPVPLORT
HIXNY,SPVPLORTDOC,SPVPLORTDOC,HIXNY|SPVPLORTDOC
HIXNY,SPVPLORTHLH,SPVPLORTHLH,HIXNY|SPVPLORTHLH
HIXNY,SPVPLORTHLHDOC,SPVPLORTHLHDOC,HIXNY|SPVPLORTHLHDOC
HIXNY,SPVRBFAMNIS,SPVRBFAMNIS,HIXNY|SPVRBFAMNIS
HIXNY,SPVRBFAMNISDOC,SPVRBFAMNISDOC,HIXNY|SPVRBFAMNISDOC
HIXNY,SPWABFAM,SPWABFAM,HIXNY|SPWABFAM
HIXNY,SPWABFAMDOC,SPWABFAMDOC,HIXNY|SPWABFAMDOC
HIXNY,SPWABMED,SPWABMED,HIXNY|SPWABMED
HIXNY,SPWABMEDDOC,SPWABMEDDOC,HIXNY|SPWABMEDDOC
HIXNY,SPWABMEDFAM,SPWABMEDFAM,HIXNY|SPWABMEDFAM
HIXNY,SPWABMEDFAMDOC,SPWABMEDFAMDOC,HIXNY|SPWABMEDFAMDOC
HIXNY,SPWABMEDPED,SPWABMEDPED,HIXNY|SPWABMEDPED
HIXNY,SPWABMEDPEDDOC,SPWABMEDPEDDOC,HIXNY|SPWABMEDPEDDOC
HEALTHIX,SPWESTMED,SPWESTMED,HEALTHIX|SPWESTMED
HIXNY,SPWRBALS,SPWRBALS,HIXNY|SPWRBALS
HIXNY,SPWRBALSDOC,SPWRBALSDOC,HIXNY|SPWRBALSDOC
TXD,SRA,SRA,TXD|SRA
HIXNY,SRAAUAUDIO,SRAAUAUDIO,HIXNY|SRAAUAUDIO
HIXNY,SRAAUAUDIODOC,SRAAUAUDIODOC,HIXNY|SRAAUAUDIODOC
HEALTHIX,SRH,SRH,HEALTHIX|SRH
BRONX,SRINIVASA_MEDICAL,SRINIVASA MEDICAL,BRONX|SRINIVASA MEDICAL
HEALTHIX,SRLMD,SRLMD,HEALTHIX|SRLMD
HEALTHIX,SRNC,SRNC,HEALTHIX|SRNC
HEALTHIX,SRPC,SRPC,HEALTHIX|SRPC
HIXNY,SRPL,SRPL,HIXNY|SRPL
HIXNY,SRPLATHAM,SRPLATHAM,HIXNY|SRPLATHAM
HIXNY,SRPLATHAMDOC,SRPLATHAMDOC,HIXNY|SRPLATHAMDOC
HIXNY,SRPLCARMAN,SRPLCARMAN,HIXNY|SRPLCARMAN
HIXNY,SRPLCARMANDOC,SRPLCARMANDOC,HIXNY|SRPLCARMANDOC
HIXNY,SRPLDOC,SRPLDOC,HIXNY|SRPLDOC
HIXNY,SRPLHUDSON,SRPLHUDSON,HIXNY|SRPLHUDSON
HIXNY,SRPLHUDSONDOC,SRPLHUDSONDOC,HIXNY|SRPLHUDSONDOC
HIXNY,SRPLIMAGE,SRPLIMAGE,HIXNY|SRPLIMAGE
HIXNY,SRPLIMAGEDOC,SRPLIMAGEDOC,HIXNY|SRPLIMAGEDOC
HIXNY,SRPLOPNEURO,SRPLOPNEURO,HIXNY|SRPLOPNEURO
HIXNY,SRPLOPNEURODOC,SRPLOPNEURODOC,HIXNY|SRPLOPNEURODOC
HIXNY,SRPLTHERAPY,SRPLTHERAPY,HIXNY|SRPLTHERAPY
HIXNY,SRPLTHERAPYDOC,SRPLTHERAPYDOC,HIXNY|SRPLTHERAPYDOC
HIXNY,SRPLWEST,SRPLWEST,HIXNY|SRPLWEST
HIXNY,SRPLWESTDOC,SRPLWESTDOC,HIXNY|SRPLWESTDOC
HIXNY,SRSCSVAUDIO,SRSCSVAUDIO,HIXNY|SRSCSVAUDIO
HIXNY,SRSCSVAUDIODOC,SRSCSVAUDIODOC,HIXNY|SRSCSVAUDIODOC
HIXNY,SRTSCAUD,SRTSCAUD,HIXNY|SRTSCAUD
HIXNY,SRTSCAUDDOC,SRTSCAUDDOC,HIXNY|SRTSCAUDDOC
HEALTHIX,SSAS,SSAS,HEALTHIX|SSAS
HEALTHIX,SSCF,SSCF,HEALTHIX|SSCF
HIXNY,SSEMS,SSEMS,HIXNY|SSEMS
HEALTHIX,SSFMA,SSFMA,HEALTHIX|SSFMA
HEALTHIX,SSFMPC,SSFMPC,HEALTHIX|SSFMPC
HIXNY,SSGASTRO,SSGASTRO,HIXNY|SSGASTRO
HIXNY,SSGASTROECON,SSGASTROECON,HIXNY|SSGASTROECON
HEALTHIX,SSH,SSH,HEALTHIX|SSH
HEALTHIX,SSI,SSI,HEALTHIX|SSI
GRRHIO,SSMDP,SSMDP,GRRHIO|SSMDP
HEALTHIX,SSMG,SSMG,HEALTHIX|SSMG
GRRHIO,SSMHCC,SSMHCC,GRRHIO|SSMHCC
HEALTHIX,SSMP,SSMP,HEALTHIX|SSMP
HEALTHIX,SSP,SSP,HEALTHIX|SSP
HEALTHIX,SSPH,SSPH,HEALTHIX|SSPH
HEALTHIX,SSPHYS,SSPHYS,HEALTHIX|SSPHYS
HEALTHIX,SSRNC,SSRNC,HEALTHIX|SSRNC
BRONX,SSS_FM,SSS FM,BRONX|SSS FM
HEALTHIX,SSUAREZ,SSUAREZ,HEALTHIX|SSUAREZ
HEALTHIX,SSUH,SSUH,HEALTHIX|SSUH
HECDCS,ST-CHRISTOPHERS,ST-CHRISTOPHERS,HECDCS|ST-CHRISTOPHERS
HECDCS,ST-IND,ST-IND,HECDCS|ST-IND
HECDCS,ST-JO-MED-PRAC,ST-JO-MED-PRAC,HECDCS|ST-JO-MED-PRAC
HECDCS,ST-JOHNS-MED-GRP,ST-JOHNS-MED-GRP,HECDCS|ST-JOHNS-MED-GRP
HECDCS,ST-JOHNS-RIVER,ST-JOHNS-RIVER,HECDCS|ST-JOHNS-RIVER
HECDCS,ST-JOHNS-RIVER-2,ST-JOHNS-RIVER-2,HECDCS|ST-JOHNS-RIVER-2
HECDCS,ST-JOHNS-RIVER-3,ST-JOHNS-RIVER-3,HECDCS|ST-JOHNS-RIVER-3
HECDCS,ST-JOHNS-RIVER-DQ,ST-JOHNS-RIVER-DQ,HECDCS|ST-JOHNS-RIVER-DQ
HECDCS,ST-JOS-MED,ST-JOS-MED,HECDCS|ST-JOS-MED
HECDCS,ST-JOS-MED-2,ST-JOS-MED-2,HECDCS|ST-JOS-MED-2
HECDCS,ST-JOS-MED-3,ST-JOS-MED-3,HECDCS|ST-JOS-MED-3
HECDCS,ST-JOSEPHS-HOME,ST-JOSEPHS-HOME,HECDCS|ST-JOSEPHS-HOME
HECDCS,ST-LAW-CORRECT,ST-LAW-CORRECT,HECDCS|ST-LAW-CORRECT
HECDCS,ST-LAW-HLTH,ST-LAW-HLTH,HECDCS|ST-LAW-HLTH
HECDCS,ST-LAW-HLTH-DEPT,ST-LAW-HLTH-DEPT,HECDCS|ST-LAW-HLTH-DEPT
HECDCS,ST-LAW-PSYCH,ST-LAW-PSYCH,HECDCS|ST-LAW-PSYCH
HECDCS,ST-LAW-PULM,ST-LAW-PULM,HECDCS|ST-LAW-PULM
HECDCS,ST-LUKE-RES,ST-LUKE-RES,HECDCS|ST-LUKE-RES
HECDCS,ST-LUKE-RES-HLTH,ST-LUKE-RES-HLTH,HECDCS|ST-LUKE-RES-HLTH
HECDCS,ST-LUKES-CORN,ST-LUKES-CORN,HECDCS|ST-LUKES-CORN
HECDCS,ST-MARIANNE-COPE,ST-MARIANNE-COPE,HECDCS|ST-MARIANNE-COPE
HECDCS,ST-VINCENTS-HOSP,ST-VINCENTS-HOSP,HECDCS|ST-VINCENTS-HOSP
BRONX,ST._CATHERINE_OF_SIENA_MEDICAL_CENTER,ST. CATHERINE OF SIENA MEDICAL CENTER,BRONX|ST. CATHERINE OF SIENA MEDICAL CENTER
BRONX,ST._CHARLES_HOSPITAL,ST. CHARLES HOSPITAL,BRONX|ST. CHARLES HOSPITAL
BRONX,ST._JOSEPH_HOSPITAL,ST. JOSEPH HOSPITAL,BRONX|ST. JOSEPH HOSPITAL
HECDCS,STAFKINGS,STAFKINGS,HECDCS|STAFKINGS
HEALTHIX,STAGESPC,STAGESPC,HEALTHIX|STAGESPC
BRONX,STAGES_PEDIATRICS,STAGES PEDIATRICS,BRONX|STAGES PEDIATRICS
TXD,STAHL2PART2,STAHL2PART2,TXD|STAHL2PART2
BRONX,START_TREATMENT_AND_RECOVERY_CENTERS,START TREATMENT AND RECOVERY CENTERS,BRONX|START TREATMENT AND RECOVERY CENTERS
BRONX,STATEN_ISLAND_UNIVERSITY_HOSPITAL,STATEN ISLAND UNIVERSITY HOSPITAL,BRONX|STATEN ISLAND UNIVERSITY HOSPITAL
HECDCS,STATLINE-MED,STATLINE-MED,HECDCS|STATLINE-MED
HEALTHIX,STBCFS,STBCFS,HEALTHIX|STBCFS
HIXNY,STCATHFTHLD,STCATHFTHLD,HIXNY|STCATHFTHLD
HIXNY,STCMSC,STCMSC,HIXNY|STCMSC
TXD,STEL,STEL,TXD|STEL
HIXNY,STELLAR,STELLAR,HIXNY|STELLAR
BRONX,STEPHEN_B_PEREZ,STEPHEN B PEREZ,BRONX|STEPHEN B PEREZ
TXD,STERHC,STERHC,TXD|STERHC
GRRHIO,STEUC.DUPLICATE,STEUC,GRRHIO|STEUC
HEALTHIX,STEUC.DUPLICATE1,STEUC,HEALTHIX|STEUC
TXD,STGAST,STGAST,TXD|STGAST
HEALTHIX,STHC,STHC,HEALTHIX|STHC
HEALTHIX,STHEALTH,STHEALTH,HEALTHIX|STHEALTH
TXD,STHGTE,STHGTE,TXD|STHGTE
TXD,STHTWN,STHTWN,TXD|STHTWN
GRRHIO,STJH,STJH,GRRHIO|STJH
GRRHIO,STJH2,STJH2,GRRHIO|STJH2
HIXNY,STJOHN,STJOHN,HIXNY|STJOHN
HIXNY,STJOHNDOC,STJOHNDOC,HIXNY|STJOHNDOC
HEALTHIX,STJRHC,STJRHC,HEALTHIX|STJRHC
HEALTHIX,STLH,STLH,HEALTHIX|STLH
HIXNY,STMARG,STMARG,HIXNY|STMARG
HIXNY,STMARGDOC,STMARGDOC,HIXNY|STMARGDOC
TXD,STMOTW,STMOTW,TXD|STMOTW
HEALTHIX,STMS,STMS,HEALTHIX|STMS
HIXNY,STMSBLABDS,STMSBLABDS,HIXNY|STMSBLABDS
HIXNY,STMSBLABDSDOC,STMSBLABDSDOC,HIXNY|STMSBLABDSDOC
HEALTHIX,STONYBROOK,STONYBROOK,HEALTHIX|STONYBROOK
BRONX,STONY_BROOK_UNIVERSITY_HOSPITAL,STONY BROOK UNIVERSITY HOSPITAL,BRONX|STONY BROOK UNIVERSITY HOSPITAL
GRRHIO,STP,STP,GRRHIO|STP
TXD,STPED,STPED,TXD|STPED
HEALTHIX,STPH,STPH,HEALTHIX|STPH
HIXNY,STPL,STPL,HIXNY|STPL
HIXNY,STPLCARD,STPLCARD,HIXNY|STPLCARD
HIXNY,STPLCARDDOC,STPLCARDDOC,HIXNY|STPLCARDDOC
HIXNY,STPLCFC,STPLCFC,HIXNY|STPLCFC
HIXNY,STPLCFCDOC,STPLCFCDOC,HIXNY|STPLCFCDOC
HIXNY,STPLDOC,STPLDOC,HIXNY|STPLDOC
HIXNY,STPLED,STPLED,HIXNY|STPLED
HIXNY,STPLEDDOC,STPLEDDOC,HIXNY|STPLEDDOC
HIXNY,STPLIMAGE,STPLIMAGE,HIXNY|STPLIMAGE
HIXNY,STPLIMAGEDOC,STPLIMAGEDOC,HIXNY|STPLIMAGEDOC
HIXNY,STPLMAMMO,STPLMAMMO,HIXNY|STPLMAMMO
HIXNY,STPLMAMMODOC,STPLMAMMODOC,HIXNY|STPLMAMMODOC
HIXNY,STPLMASSRY,STPLMASSRY,HIXNY|STPLMASSRY
HIXNY,STPLMASSRYDOC,STPLMASSRYDOC,HIXNY|STPLMASSRYDOC
HIXNY,STPLOBGYNT,STPLOBGYNT,HIXNY|STPLOBGYNT
HIXNY,STPLOBGYNTDOC,STPLOBGYNTDOC,HIXNY|STPLOBGYNTDOC
HECDCS,STUART-BIRNBAUM,STUART-BIRNBAUM,HECDCS|STUART-BIRNBAUM
BRONX,ST_FRANCIS_HOSPITAL_THE_HEART_CENTER,ST FRANCIS HOSPITAL THE HEART CENTER,BRONX|ST FRANCIS HOSPITAL THE HEART CENTER
BRONX,ST_JOHNS_MEDICAL_SERVICES,ST JOHNS MEDICAL SERVICES,BRONX|ST JOHNS MEDICAL SERVICES
BRONX,ST_MARKS_PLACE_INSTITUTE_FOR_MH,ST MARKS PLACE INSTITUTE FOR MH,BRONX|ST MARKS PLACE INSTITUTE FOR MH
HECDCS,SU-HEALTH,SU-HEALTH,HECDCS|SU-HEALTH
TXD,SUBPED,SUBPED,TXD|SUBPED
HEALTHIX,SUFCRN,SUFCRN,HEALTHIX|SUFCRN
HEALTHIX,SUFFM,SUFFM,HEALTHIX|SUFFM
HEALTHIX,SUFM,SUFM,HEALTHIX|SUFM
HEALTHIX,SUFPED,SUFPED,HEALTHIX|SUFPED
HEALTHIX,SUFPRIMHEAL,SUFPRIMHEAL,HEALTHIX|SUFPRIMHEAL
HECDCS,SULL-COUNTY,SULL-COUNTY,HECDCS|SULL-COUNTY
HECDCS,SULL-DEPT-COMM,SULL-DEPT-COMM,HECDCS|SULL-DEPT-COMM
HEALTHIX,SUMM,SUMM,HEALTHIX|SUMM
HECDCS,SUN-RIVER,SUN-RIVER,HECDCS|SUN-RIVER
HEALTHIX,SUNHM,SUNHM,HEALTHIX|SUNHM
HEALTHIX,SUNMED,SUNMED,HEALTHIX|SUNMED
HEALTHIX,SUNMPC,SUNMPC,HEALTHIX|SUNMPC
HECDCS,SUNNYSIDE,SUNNYSIDE,HECDCS|SUNNYSIDE
TXD,SUNPED,SUNPED,TXD|SUNPED
HEALTHIX,SUNRISELB,SUNRISELB,HEALTHIX|SUNRISELB
HEALTHIX,SUNRISEMANOR,SUNRISEMANOR,HEALTHIX|SUNRISEMANOR
BRONX,SUNRISE_MEDICAL,SUNRISE MEDICAL,BRONX|SUNRISE MEDICAL
HECDCS,SUNSET-NURSING,SUNSET-NURSING,HECDCS|SUNSET-NURSING
HECDCS,SUNSHINE-CHILD,SUNSHINE-CHILD,HECDCS|SUNSHINE-CHILD
HECDCS,SUNY-CANTON,SUNY-CANTON,HECDCS|SUNY-CANTON
HECDCS,SUNY-POTSDAM,SUNY-POTSDAM,HECDCS|SUNY-POTSDAM
HEALTHIX,SUNYOP,SUNYOP,HEALTHIX|SUNYOP
BRONX,SUPREME_MEDICAL_CARE,SUPREME MEDICAL CARE,BRONX|SUPREME MEDICAL CARE
BRONX,SUPREME_MEDICAL_CARE_OLD,SUPREME MEDICAL CARE OLD,BRONX|SUPREME MEDICAL CARE OLD
HEALTHIX,SUREM,SUREM,HEALTHIX|SUREM
HECDCS,SURG-CARE-EAST,SURG-CARE-EAST,HECDCS|SURG-CARE-EAST
HEALTHIX,SURGERN,SURGERN,HEALTHIX|SURGERN
HIXNY,SURJOHN,SURJOHN,HIXNY|SURJOHN
HECDCS,SURV-THRV-PSYCH,SURV-THRV-PSYCH,HECDCS|SURV-THRV-PSYCH
HEALTHIX,SUS,SUS,HEALTHIX|SUS
HEALTHIX,SUSC,SUSC,HEALTHIX|SUSC
HEALTHIX,SUSM,SUSM,HEALTHIX|SUSM
HECDCS,SUSQUEHANNA,SUSQUEHANNA,HECDCS|SUSQUEHANNA
HECDCS,SUTTON-PARK,SUTTON-PARK,HECDCS|SUTTON-PARK
HEALTHIX,SVBO,SVBO,HEALTHIX|SVBO
HEALTHIX,SVCMC,SVCMC,HEALTHIX|SVCMC
HEALTHIX,SVCRN,SVCRN,HEALTHIX|SVCRN
HEALTHIX,SVDP,SVDP,HEALTHIX|SVDP
HIXNY,SVMCC,SVMCC,HIXNY|SVMCC
HIXNY,SVMCLab,SVMCLab,HIXNY|SVMCLab
GRRHIO,SVN,SVN,GRRHIO|SVN
HEALTHIX,SVRN,SVRN,HEALTHIX|SVRN
BRONX,SVTN,SVTN,BRONX|SVTN
HEALTHIX,SWBHH,SWBHH,HEALTHIX|SWBHH
GRRHIO,SWEMS,SWEMS,GRRHIO|SWEMS
TXD,SWETZ,SWETZ,TXD|SWETZ
HEALTHIX,SWMC,SWMC,HEALTHIX|SWMC
HEALTHIX,SWS,SWS,HEALTHIX|SWS
HEALTHIX,SY,SY,HEALTHIX|SY
GRRHIO,SYCDN,SYCDN,GRRHIO|SYCDN
HEALTHIX,SYCHIN,SYCHIN,HEALTHIX|SYCHIN
HEALTHIX,SYDENHAM.DUPLICATE1,SYDENHAM,HEALTHIX|SYDENHAM
HEALTHIX,SYJA,SYJA,HEALTHIX|SYJA
HEALTHIX,SYMS,SYMS,HEALTHIX|SYMS
HECDCS,SYR-COMM-HLTH,SYR-COMM-HLTH,HECDCS|SYR-COMM-HLTH
HECDCS,SYR-COMM-HLTH-2,SYR-COMM-HLTH-2,HECDCS|SYR-COMM-HLTH-2
HECDCS,SYR-ENDOSCOPY,SYR-ENDOSCOPY,HECDCS|SYR-ENDOSCOPY
HECDCS,SYR-ENT-SURG,SYR-ENT-SURG,HECDCS|SYR-ENT-SURG
HECDCS,SYR-GASTRO,SYR-GASTRO,HECDCS|SYR-GASTRO
HECDCS,SYR-GEN-SURG,SYR-GEN-SURG,HECDCS|SYR-GEN-SURG
HECDCS,SYR-HOME-ASSOC,SYR-HOME-ASSOC,HECDCS|SYR-HOME-ASSOC
HECDCS,SYR-OTOL,SYR-OTOL,HECDCS|SYR-OTOL
HECDCS,SYR-PLAS-SURG,SYR-PLAS-SURG,HECDCS|SYR-PLAS-SURG
HECDCS,SYR-REC-SRVCS,SYR-REC-SRVCS,HECDCS|SYR-REC-SRVCS
HECDCS,SYRACUSE-PEDS,SYRACUSE-PEDS,HECDCS|SYRACUSE-PEDS
HEALTHIX,SYTM,SYTM,HEALTHIX|SYTM
TXD,SZYMAN,SZYMAN,TXD|SZYMAN
BRONX,S_HASAN_PHYSICIAN,S HASAN PHYSICIAN,BRONX|S HASAN PHYSICIAN
HEALTHIX,SharedPlatform,SharedPlatform,HEALTHIX|SharedPlatform
HEALTHIX,StateIdentification,StateIdentification,HEALTHIX|StateIdentification
TXD,SumPed,SumPed,TXD|SumPed
HECDCS,TACONIC-BEACON,TACONIC-BEACON,HECDCS|TACONIC-BEACON
HECDCS,TACONIC-HOPEWELL,TACONIC-HOPEWELL,HECDCS|TACONIC-HOPEWELL
HECDCS,TACONIC-ULSTER,TACONIC-ULSTER,HECDCS|TACONIC-ULSTER
HIXNY,TACR,TACR,HIXNY|TACR
HIXNY,TADCI,TADCI,HIXNY|TADCI
HEALTHIX,TAOWU,TAOWU,HEALTHIX|TAOWU
HEALTHIX,TAPPC,TAPPC,HEALTHIX|TAPPC
HEALTHIX,TAUC,TAUC,HEALTHIX|TAUC
HEALTHIX,TBHC,TBHC,HEALTHIX|TBHC
HEALTHIX,TBLI,TBLI,HEALTHIX|TBLI
HEALTHIX,TBMS,TBMS,HEALTHIX|TBMS
HEALTHIX,TCC,TCC,HEALTHIX|TCC
HEALTHIX,TCCA,TCCA,HEALTHIX|TCCA
HEALTHIX,TCCF,TCCF,HEALTHIX|TCCF
HIXNY,TCHOSCR,TCHOSCR,HIXNY|TCHOSCR
HIXNY,TCHOSCRDOC,TCHOSCRDOC,HIXNY|TCHOSCRDOC
HEALTHIX,TCPC,TCPC,HEALTHIX|TCPC
GRRHIO,TCPED,TCPED,GRRHIO|TCPED
GRRHIO,TCPED2,TCPED2,GRRHIO|TCPED2
HEALTHIX,TCPM,TCPM,HEALTHIX|TCPM
HEALTHIX,TCRN,TCRN,HEALTHIX|TCRN
HIXNY,TEAMNY,TEAMNY,HIXNY|TEAMNY
HIXNY,TEMPUSLAB,TEMPUSLAB,HIXNY|TEMPUSLAB
HECDCS,TEN-BROECK-CTR,TEN-BROECK-CTR,HECDCS|TEN-BROECK-CTR
HIXNY,TERESIAN,TERESIAN,HIXNY|TERESIAN
HIXNY,TERESIANDOC,TERESIANDOC,HIXNY|TERESIANDOC
HEALTHIX,TERGO,TERGO,HEALTHIX|TERGO
HECDCS,TERRACE-WOODLAND,TERRACE-WOODLAND,HECDCS|TERRACE-WOODLAND
HECDCS,TESORIERO-CHIRO,TESORIERO-CHIRO,HECDCS|TESORIERO-CHIRO
TXD,TEST,TEST,TXD|TEST
HECDCS,TEST-ORG-1,TEST-ORG-1,HECDCS|TEST-ORG-1
HIXNY,TFCC,TFCC,HIXNY|TFCC
HEALTHIX,TFCE,TFCE,HEALTHIX|TFCE
HEALTHIX,TFCFT,TFCFT,HEALTHIX|TFCFT
HEALTHIX,TFH,TFH,HEALTHIX|TFH
HEALTHIX,TFH2,TFH2,HEALTHIX|TFH2
GRRHIO,TFM,TFM,GRRHIO|TFM
HEALTHIX,TGMD,TGMD,HEALTHIX|TGMD
HECDCS,THE-ARC-JEFF-LAW,THE-ARC-JEFF-LAW,HECDCS|THE-ARC-JEFF-LAW
BRONX,THE_BROOKLYN_HOSPITAL_CENTER,THE BROOKLYN HOSPITAL CENTER,BRONX|THE BROOKLYN HOSPITAL CENTER
BRONX,THE_HEIGHTS_MEDICAL,THE HEIGHTS MEDICAL,BRONX|THE HEIGHTS MEDICAL
BRONX,THE_JEWISH_BOARD,THE JEWISH BOARD,BRONX|THE JEWISH BOARD
HECDCS,THOMAS-SMALLMAN,THOMAS-SMALLMAN,HECDCS|THOMAS-SMALLMAN
BRONX,THOMAS_LYO_MEDICAL,THOMAS LYO MEDICAL,BRONX|THOMAS LYO MEDICAL
HECDCS,THOUS-ISLANDS,THOUS-ISLANDS,HECDCS|THOUS-ISLANDS
BRONX,THRESIAMMA_G_THANJAN,THRESIAMMA G THANJAN,BRONX|THRESIAMMA G THANJAN
HECDCS,THRIVE,THRIVE,HECDCS|THRIVE
BRONX,THROGS_NECK_MEDICAL_SERVICES,THROGS NECK MEDICAL SERVICES,BRONX|THROGS NECK MEDICAL SERVICES
HEALTHIX,TIDO,TIDO,HEALTHIX|TIDO
BRONX,TIEN_CARDIOLOGY_ASSOCIATES,TIEN CARDIOLOGY ASSOCIATES,BRONX|TIEN CARDIOLOGY ASSOCIATES
BRONX,TIGA_PEDIATRICS,TIGA PEDIATRICS,BRONX|TIGA PEDIATRICS
HEALTHIX,TIMA,TIMA,HEALTHIX|TIMA
HECDCS,TIOGA-DEPT-MH,TIOGA-DEPT-MH,HECDCS|TIOGA-DEPT-MH
HECDCS,TIOGA-OPPS-FAM,TIOGA-OPPS-FAM,HECDCS|TIOGA-OPPS-FAM
HEALTHIX,TIPPINGPOINT,TIPPINGPOINT,HEALTHIX|TIPPINGPOINT
HEALTHIX,TMCA,TMCA,HEALTHIX|TMCA
TXD,TMGAUT,TMGAUT,TXD|TMGAUT
TXD,TMGCHA,TMGCHA,TXD|TMGCHA
TXD,TMGGRD,TMGGRD,TXD|TMGGRD
TXD,TMGHRR,TMGHRR,TXD|TMGHRR
TXD,TMGNOR,TMGNOR,TXD|TMGNOR
TXD,TMGSEN,TMGSEN,TXD|TMGSEN
HEALTHIX,TMMD,TMMD,HEALTHIX|TMMD
TXD,TMO,TMO,TXD|TMO
GRRHIO,TNA,TNA,GRRHIO|TNA
GRRHIO,TNA2,TNA2,GRRHIO|TNA2
HIXNY,TNG,TNG,HIXNY|TNG
HEALTHIX,TNRN,TNRN,HEALTHIX|TNRN
HEALTHIX,TNVAC,TNVAC,HEALTHIX|TNVAC
GRRHIO,TOC,TOC,GRRHIO|TOC
HEALTHIX,TOCP,TOCP,HEALTHIX|TOCP
GRRHIO,TOF,TOF,GRRHIO|TOF
HECDCS,TOLSTOY,TOLSTOY,HECDCS|TOLSTOY
HECDCS,TOMPKINS-CTY,TOMPKINS-CTY,HECDCS|TOMPKINS-CTY
TXD,TONMED,TONMED,TXD|TONMED
TXD,TONPED,TONPED,TXD|TONPED
HECDCS,TOOMEY-RESIDNTL,TOOMEY-RESIDNTL,HECDCS|TOOMEY-RESIDNTL
HEALTHIX,TOPOON,TOPOON,HEALTHIX|TOPOON
GRRHIO,TORFM,TORFM,GRRHIO|TORFM
HEALTHIX,TOTALM,TOTALM,HEALTHIX|TOTALM
BRONX,TOTAL_MEDICAL,TOTAL MEDICAL,BRONX|TOTAL MEDICAL
HECDCS,TOUCH,TOUCH,HECDCS|TOUCH
HEALTHIX,TPNR,TPNR,HEALTHIX|TPNR
BRONX,TRACY_TOWERS,TRACY TOWERS,BRONX|TRACY TOWERS
HECDCS,TRANQUIL-WAYS,TRANQUIL-WAYS,HECDCS|TRANQUIL-WAYS
HEALTHIX,TRANSNY,TRANSNY,HEALTHIX|TRANSNY
TXD,TRCCHC,TRCCHC,TXD|TRCCHC
HEALTHIX,TRCI,TRCI,HEALTHIX|TRCI
HECDCS,TRI-CARE,TRI-CARE,HECDCS|TRI-CARE
HECDCS,TRI-STATE-BAR,TRI-STATE-BAR,HECDCS|TRI-STATE-BAR
HEALTHIX,TRIBC,TRIBC,HEALTHIX|TRIBC
BRONX,TRIBORO_PEDIATRICS,TRIBORO PEDIATRICS,BRONX|TRIBORO PEDIATRICS
HIXNY,TRICOUNTY,TRICOUNTY,HIXNY|TRICOUNTY
HEALTHIX,TRICOUNTYCARE,TRICOUNTYCARE,HEALTHIX|TRICOUNTYCARE
GRRHIO,TRILL,TRILL,GRRHIO|TRILL
GRRHIO,TRILL2,TRILL2,GRRHIO|TRILL2
GRRHIO,TRILL3,TRILL3,GRRHIO|TRILL3
HIXNY,TRILLIUM,TRILLIUM,HIXNY|TRILLIUM
HIXNY,TRINITYREACH,TRINITYREACH,HIXNY|TRINITYREACH
BRONX,TRI_CENTER,TRI CENTER,BRONX|TRI CENTER
HIXNY,TRM,TRM,HIXNY|TRM
GRRHIO,TRMCTS,TRMCTS,GRRHIO|TRMCTS
GRRHIO,TRMDBH,TRMDBH,GRRHIO|TRMDBH
GRRHIO,TRMDTS,TRMDTS,GRRHIO|TRMDTS
GRRHIO,TRMGYN,TRMGYN,GRRHIO|TRMGYN
HEALTHIX,TRMH,TRMH,HEALTHIX|TRMH
GRRHIO,TRMMAC,TRMMAC,GRRHIO|TRMMAC
GRRHIO,TRMMBH,TRMMBH,GRRHIO|TRMMBH
GRRHIO,TRMMCT,TRMMCT,GRRHIO|TRMMCT
GRRHIO,TRMMOC,TRMMOC,GRRHIO|TRMMOC
GRRHIO,TRMMPC,TRMMPC,GRRHIO|TRMMPC
GRRHIO,TRMMST,TRMMST,GRRHIO|TRMMST
GRRHIO,TRMPED,TRMPED,GRRHIO|TRMPED
GRRHIO,TRMSBH,TRMSBH,GRRHIO|TRMSBH
GRRHIO,TRMSPC,TRMSPC,GRRHIO|TRMSPC
GRRHIO,TRMUSQ,TRMUSQ,GRRHIO|TRMUSQ
HIXNY,TROYMED,TROYMED,HIXNY|TROYMED
HIXNY,TROYMEDDOC,TROYMEDDOC,HIXNY|TROYMEDDOC
HEALTHIX,TROYRN,TROYRN,HEALTHIX|TROYRN
HECDCS,TRUCARE-CONNECT,TRUCARE-CONNECT,HECDCS|TRUCARE-CONNECT
HECDCS,TRUETOX,TRUETOX,HECDCS|TRUETOX
BRONX,TRUE_CARE_MEDICAL,TRUE CARE MEDICAL,BRONX|TRUE CARE MEDICAL
HECDCS,TRUMANSBURG-FAM,TRUMANSBURG-FAM,HECDCS|TRUMANSBURG-FAM
HECDCS,TRUSTEES-EASTERN,TRUSTEES-EASTERN,HECDCS|TRUSTEES-EASTERN
GRRHIO,TRUT,TRUT,GRRHIO|TRUT
TXD,TSC,TSC,TXD|TSC
TXD,TSISHP,TSISHP,TXD|TSISHP
TXD,TSIWNY,TSIWNY,TXD|TSIWNY
HIXNY,TSMILE,TSMILE,HIXNY|TSMILE
HECDCS,TULLY-HILL,TULLY-HILL,HECDCS|TULLY-HILL
TXD,TUSS,TUSS,TXD|TUSS
BRONX,TUVIDA_MEDICAL_PRACTICE,TUVIDA MEDICAL PRACTICE,BRONX|TUVIDA MEDICAL PRACTICE
BRONX,TUYEN_T_TRINH,TUYEN T TRINH,BRONX|TUYEN T TRINH
TXD,TVPEDS,TVPEDS,TXD|TVPEDS
HEALTHIX,TWORR,TWORR,HEALTHIX|TWORR
TXD,UAHS,UAHS,TXD|UAHS
TXD,UAHSPN,UAHSPN,TXD|UAHSPN
HEALTHIX,UAMP,UAMP,HEALTHIX|UAMP
TXD,UBAMST,UBAMST,TXD|UBAMST
TXD,UBMD,UBMD,TXD|UBMD
HIXNY,UBMD.DUPLICATE,UBMD,HIXNY|UBMD
TXD,UBNEUR,UBNEUR,TXD|UBNEUR
TXD,UBORTH,UBORTH,TXD|UBORTH
BRONX,UCHC,UCHC,BRONX|UCHC
HIXNY,UCM,UCM,HIXNY|UCM
HIXNY,UCMNYSARC,UCMNYSARC,HIXNY|UCMNYSARC
HECDCS,UCP-ASSOC-NORTH,UCP-ASSOC-NORTH,HECDCS|UCP-ASSOC-NORTH
HECDCS,UCP-BH-ART-31,UCP-BH-ART-31,HECDCS|UCP-BH-ART-31
HECDCS,UCP-CHBS-ART-32,UCP-CHBS-ART-32,HECDCS|UCP-CHBS-ART-32
GRRHIO,UCVA,UCVA,GRRHIO|UCVA
HEALTHIX,UESRNC,UESRNC,HEALTHIX|UESRNC
HEALTHIX,UFM,UFM,HEALTHIX|UFM
TXD,UHIN,UHIN,TXD|UHIN
HIXNY,UHM,UHM,HIXNY|UHM
HIXNY,UHMACT,UHMACT,HIXNY|UHMACT
BRONX,UHP,UHP,BRONX|UHP
HIXNY,UHPP,UHPP,HIXNY|UHPP
HIXNY,UHPP1,UHPP1,HIXNY|UHPP1
HECDCS,UHS-SR-LIVING,UHS-SR-LIVING,HECDCS|UHS-SR-LIVING
GRRHIO,UHS.DUPLICATE,UHS,GRRHIO|UHS
HECDCS,UHS.DUPLICATE1,UHS,HECDCS|UHS
TXD,UHS.DUPLICATE2,UHS,TXD|UHS
GRRHIO,UHSMG,UHSMG,GRRHIO|UHSMG
HIXNY,UHSPCO,UHSPCO,HIXNY|UHSPCO
HEALTHIX,UJCES,UJCES,HEALTHIX|UJCES
HECDCS,ULSTER-CO-DH,ULSTER-CO-DH,HECDCS|ULSTER-CO-DH
GRRHIO,UMC,UMC,GRRHIO|UMC
HECDCS,UMH-ELIZABETH,UMH-ELIZABETH,HECDCS|UMH-ELIZABETH
HECDCS,UMH-HILLTOP,UMH-HILLTOP,HECDCS|UMH-HILLTOP
HECDCS,UMH-ST-LOUISE,UMH-ST-LOUISE,HECDCS|UMH-ST-LOUISE
GRRHIO,UMI,UMI,GRRHIO|UMI
GRRHIO,UMI1,UMI1,GRRHIO|UMI1
GRRHIO,UMI2,UMI2,GRRHIO|UMI2
GRRHIO,UMI3,UMI3,GRRHIO|UMI3
GRRHIO,UMI4,UMI4,GRRHIO|UMI4
GRRHIO,UMI5,UMI5,GRRHIO|UMI5
GRRHIO,UMI6,UMI6,GRRHIO|UMI6
GRRHIO,UMMC.DUPLICATE,UMMC,GRRHIO|UMMC
TXD,UMMC.DUPLICATE1,UMMC,TXD|UMMC
GRRHIO,UMMC2,UMMC2,GRRHIO|UMMC2
HEALTHIX,UMMH,UMMH,HEALTHIX|UMMH
HEALTHIX,UMMHC,UMMHC,HEALTHIX|UMMHC
HEALTHIX,UMO,UMO,HEALTHIX|UMO
HEALTHIX,UMPC,UMPC,HEALTHIX|UMPC
HEALTHIX,UMSE,UMSE,HEALTHIX|UMSE
HEALTHIX,UNCP,UNCP,HEALTHIX|UNCP
HEALTHIX,UNH,UNH,HEALTHIX|UNH
TXD,UNI,UNI,TXD|UNI
HEALTHIX,UNIONHEALTH,UNIONHEALTH,HEALTHIX|UNIONHEALTH
BRONX,UNION_CHC,UNION CHC,BRONX|UNION CHC
TXD,UNITED,UNITED,TXD|UNITED
HECDCS,UNITED-HLPRS-CR,UNITED-HLPRS-CR,HECDCS|UNITED-HLPRS-CR
HECDCS,UNITED-HOME-AGED,UNITED-HOME-AGED,HECDCS|UNITED-HOME-AGED
HECDCS,UNITED-METHODIST,UNITED-METHODIST,HECDCS|UNITED-METHODIST
HECDCS,UNITY-HOUSE-CAY,UNITY-HOUSE-CAY,HECDCS|UNITY-HOUSE-CAY
HIXNY,UNITYTROY,UNITYTROY,HIXNY|UNITYTROY
BRONX,UNIVERSITY_MEDICAL,UNIVERSITY MEDICAL,BRONX|UNIVERSITY MEDICAL
BRONX,UNIVERSITY_MEDICAL_OFFICE,UNIVERSITY MEDICAL OFFICE,BRONX|UNIVERSITY MEDICAL OFFICE
HEALTHIX,UNPE,UNPE,HEALTHIX|UNPE
TXD,UNV,UNV,TXD|UNV
HEALTHIX,UOFRH,UOFRH,HEALTHIX|UOFRH
HEALTHIX,UOMC,UOMC,HEALTHIX|UOMC
HECDCS,UP-ORTHO-ASC,UP-ORTHO-ASC,HECDCS|UP-ORTHO-ASC
GRRHIO,UPC.DUPLICATE,UPC,GRRHIO|UPC
TXD,UPC.DUPLICATE1,UPC,TXD|UPC
HEALTHIX,UPG,UPG,HEALTHIX|UPG
HEALTHIX,UPGH,UPGH,HEALTHIX|UPGH
HEALTHIX,UPGM,UPGM,HEALTHIX|UPGM
GRRHIO,UPMC.DUPLICATE,UPMC,GRRHIO|UPMC
TXD,UPMC.DUPLICATE1,UPMC,TXD|UPMC
TXD,UPMCCH,UPMCCH,TXD|UPMCCH
TXD,UPMCEP,UPMCEP,TXD|UPMCEP
TXD,UPMCHA,UPMCHA,TXD|UPMCHA
HEALTHIX,UPMED,UPMED,HEALTHIX|UPMED
HECDCS,UPSTATE,UPSTATE,HECDCS|UPSTATE
HECDCS,UPSTATE-CP,UPSTATE-CP,HECDCS|UPSTATE-CP
HECDCS,UPSTATE-FAM-HLTH,UPSTATE-FAM-HLTH,HECDCS|UPSTATE-FAM-HLTH
HECDCS,UPSTATE-GYN,UPSTATE-GYN,HECDCS|UPSTATE-GYN
BRONX,UPTOWN,UPTOWN,BRONX|UPTOWN
GRRHIO,UR0001,UR0001,GRRHIO|UR0001
GRRHIO,UR0003,UR0003,GRRHIO|UR0003
GRRHIO,UR0004,UR0004,GRRHIO|UR0004
GRRHIO,UR0008,UR0008,GRRHIO|UR0008
GRRHIO,UR0010,UR0010,GRRHIO|UR0010
GRRHIO,UR0013,UR0013,GRRHIO|UR0013
GRRHIO,UR0014,UR0014,GRRHIO|UR0014
GRRHIO,UR0015,UR0015,GRRHIO|UR0015
GRRHIO,UR0016,UR0016,GRRHIO|UR0016
GRRHIO,UR0018,UR0018,GRRHIO|UR0018
GRRHIO,UR0019,UR0019,GRRHIO|UR0019
GRRHIO,UR0020,UR0020,GRRHIO|UR0020
GRRHIO,UR0021,UR0021,GRRHIO|UR0021
GRRHIO,UR0022,UR0022,GRRHIO|UR0022
GRRHIO,UR0023,UR0023,GRRHIO|UR0023
GRRHIO,UR0024,UR0024,GRRHIO|UR0024
GRRHIO,UR0025,UR0025,GRRHIO|UR0025
GRRHIO,UR0026,UR0026,GRRHIO|UR0026
GRRHIO,UR0027,UR0027,GRRHIO|UR0027
GRRHIO,UR0028,UR0028,GRRHIO|UR0028
GRRHIO,UR0029,UR0029,GRRHIO|UR0029
GRRHIO,UR0030,UR0030,GRRHIO|UR0030
GRRHIO,UR0031,UR0031,GRRHIO|UR0031
GRRHIO,UR0032,UR0032,GRRHIO|UR0032
GRRHIO,UR0033,UR0033,GRRHIO|UR0033
GRRHIO,UR0034,UR0034,GRRHIO|UR0034
GRRHIO,UR0035,UR0035,GRRHIO|UR0035
GRRHIO,UR0036,UR0036,GRRHIO|UR0036
GRRHIO,UR0037,UR0037,GRRHIO|UR0037
GRRHIO,UR0038,UR0038,GRRHIO|UR0038
GRRHIO,UR0039,UR0039,GRRHIO|UR0039
GRRHIO,UR0040,UR0040,GRRHIO|UR0040
GRRHIO,UR0041,UR0041,GRRHIO|UR0041
GRRHIO,UR0042,UR0042,GRRHIO|UR0042
GRRHIO,UR0043,UR0043,GRRHIO|UR0043
GRRHIO,UR0044,UR0044,GRRHIO|UR0044
GRRHIO,UR0045,UR0045,GRRHIO|UR0045
GRRHIO,UR0046,UR0046,GRRHIO|UR0046
GRRHIO,UR0047,UR0047,GRRHIO|UR0047
GRRHIO,UR0048,UR0048,GRRHIO|UR0048
GRRHIO,UR0052,UR0052,GRRHIO|UR0052
GRRHIO,UR0054,UR0054,GRRHIO|UR0054
GRRHIO,UR0061,UR0061,GRRHIO|UR0061
GRRHIO,UR0062,UR0062,GRRHIO|UR0062
GRRHIO,UR0063,UR0063,GRRHIO|UR0063
GRRHIO,UR0064,UR0064,GRRHIO|UR0064
GRRHIO,UR0065,UR0065,GRRHIO|UR0065
GRRHIO,UR0067,UR0067,GRRHIO|UR0067
GRRHIO,UR0068,UR0068,GRRHIO|UR0068
GRRHIO,UR0069,UR0069,GRRHIO|UR0069
GRRHIO,UR0070,UR0070,GRRHIO|UR0070
GRRHIO,UR0071,UR0071,GRRHIO|UR0071
GRRHIO,UR0072,UR0072,GRRHIO|UR0072
GRRHIO,UR0073,UR0073,GRRHIO|UR0073
GRRHIO,UR0074,UR0074,GRRHIO|UR0074
GRRHIO,UR0075,UR0075,GRRHIO|UR0075
GRRHIO,UR0076,UR0076,GRRHIO|UR0076
GRRHIO,UR0083,UR0083,GRRHIO|UR0083
GRRHIO,UR0090,UR0090,GRRHIO|UR0090
GRRHIO,UR0091,UR0091,GRRHIO|UR0091
GRRHIO,UR0092,UR0092,GRRHIO|UR0092
GRRHIO,UR0095,UR0095,GRRHIO|UR0095
GRRHIO,UR0096,UR0096,GRRHIO|UR0096
GRRHIO,UR0097,UR0097,GRRHIO|UR0097
GRRHIO,UR0105,UR0105,GRRHIO|UR0105
GRRHIO,UR0107,UR0107,GRRHIO|UR0107
GRRHIO,UR0108,UR0108,GRRHIO|UR0108
GRRHIO,UR0109,UR0109,GRRHIO|UR0109
GRRHIO,UR0110,UR0110,GRRHIO|UR0110
GRRHIO,UR0111,UR0111,GRRHIO|UR0111
GRRHIO,UR0112,UR0112,GRRHIO|UR0112
GRRHIO,UR0113,UR0113,GRRHIO|UR0113
GRRHIO,UR0114,UR0114,GRRHIO|UR0114
GRRHIO,UR0115,UR0115,GRRHIO|UR0115
GRRHIO,UR0116,UR0116,GRRHIO|UR0116
GRRHIO,UR0117,UR0117,GRRHIO|UR0117
GRRHIO,UR0118,UR0118,GRRHIO|UR0118
GRRHIO,UR0119,UR0119,GRRHIO|UR0119
GRRHIO,UR0120,UR0120,GRRHIO|UR0120
GRRHIO,UR0121,UR0121,GRRHIO|UR0121
GRRHIO,UR0122,UR0122,GRRHIO|UR0122
GRRHIO,UR0123,UR0123,GRRHIO|UR0123
GRRHIO,UR0124,UR0124,GRRHIO|UR0124
GRRHIO,UR0125,UR0125,GRRHIO|UR0125
GRRHIO,UR0126,UR0126,GRRHIO|UR0126
GRRHIO,UR0127,UR0127,GRRHIO|UR0127
GRRHIO,UR0128,UR0128,GRRHIO|UR0128
GRRHIO,UR0129,UR0129,GRRHIO|UR0129
GRRHIO,UR0130,UR0130,GRRHIO|UR0130
GRRHIO,UR0131,UR0131,GRRHIO|UR0131
GRRHIO,UR0132,UR0132,GRRHIO|UR0132
GRRHIO,UR0133,UR0133,GRRHIO|UR0133
GRRHIO,UR0134,UR0134,GRRHIO|UR0134
GRRHIO,UR0135,UR0135,GRRHIO|UR0135
GRRHIO,UR0136,UR0136,GRRHIO|UR0136
GRRHIO,UR0137,UR0137,GRRHIO|UR0137
GRRHIO,UR0138,UR0138,GRRHIO|UR0138
GRRHIO,UR0139,UR0139,GRRHIO|UR0139
GRRHIO,UR0140,UR0140,GRRHIO|UR0140
GRRHIO,UR0141,UR0141,GRRHIO|UR0141
GRRHIO,UR0143,UR0143,GRRHIO|UR0143
GRRHIO,UR0144,UR0144,GRRHIO|UR0144
GRRHIO,UR0145,UR0145,GRRHIO|UR0145
GRRHIO,UR0146,UR0146,GRRHIO|UR0146
GRRHIO,UR0147,UR0147,GRRHIO|UR0147
GRRHIO,UR0148,UR0148,GRRHIO|UR0148
GRRHIO,UR0149,UR0149,GRRHIO|UR0149
GRRHIO,UR0150,UR0150,GRRHIO|UR0150
GRRHIO,UR0151,UR0151,GRRHIO|UR0151
GRRHIO,UR0152,UR0152,GRRHIO|UR0152
GRRHIO,UR0153,UR0153,GRRHIO|UR0153
GRRHIO,UR0154,UR0154,GRRHIO|UR0154
GRRHIO,UR0155,UR0155,GRRHIO|UR0155
GRRHIO,UR0156,UR0156,GRRHIO|UR0156
GRRHIO,UR0157,UR0157,GRRHIO|UR0157
GRRHIO,UR0158,UR0158,GRRHIO|UR0158
GRRHIO,UR0159,UR0159,GRRHIO|UR0159
GRRHIO,UR0160,UR0160,GRRHIO|UR0160
GRRHIO,UR0161,UR0161,GRRHIO|UR0161
GRRHIO,UR0162,UR0162,GRRHIO|UR0162
GRRHIO,UR0163,UR0163,GRRHIO|UR0163
GRRHIO,UR0164,UR0164,GRRHIO|UR0164
GRRHIO,UR0165,UR0165,GRRHIO|UR0165
GRRHIO,UR0166,UR0166,GRRHIO|UR0166
GRRHIO,UR0167,UR0167,GRRHIO|UR0167
GRRHIO,UR0168,UR0168,GRRHIO|UR0168
GRRHIO,UR0169,UR0169,GRRHIO|UR0169
GRRHIO,UR0170,UR0170,GRRHIO|UR0170
GRRHIO,UR0171,UR0171,GRRHIO|UR0171
GRRHIO,UR0174,UR0174,GRRHIO|UR0174
GRRHIO,UR0175,UR0175,GRRHIO|UR0175
GRRHIO,UR0176,UR0176,GRRHIO|UR0176
GRRHIO,UR0177,UR0177,GRRHIO|UR0177
GRRHIO,UR0178,UR0178,GRRHIO|UR0178
GRRHIO,UR0179,UR0179,GRRHIO|UR0179
GRRHIO,UR0180,UR0180,GRRHIO|UR0180
GRRHIO,UR0181,UR0181,GRRHIO|UR0181
GRRHIO,UR0182,UR0182,GRRHIO|UR0182
GRRHIO,UR0183,UR0183,GRRHIO|UR0183
GRRHIO,UR0184,UR0184,GRRHIO|UR0184
GRRHIO,UR0186,UR0186,GRRHIO|UR0186
GRRHIO,UR0187,UR0187,GRRHIO|UR0187
GRRHIO,UR0188,UR0188,GRRHIO|UR0188
GRRHIO,UR0189,UR0189,GRRHIO|UR0189
GRRHIO,UR0190,UR0190,GRRHIO|UR0190
GRRHIO,UR0191,UR0191,GRRHIO|UR0191
GRRHIO,UR0192,UR0192,GRRHIO|UR0192
GRRHIO,UR0193,UR0193,GRRHIO|UR0193
GRRHIO,UR0194,UR0194,GRRHIO|UR0194
GRRHIO,UR0195,UR0195,GRRHIO|UR0195
GRRHIO,UR0196,UR0196,GRRHIO|UR0196
GRRHIO,UR0197,UR0197,GRRHIO|UR0197
GRRHIO,UR0198,UR0198,GRRHIO|UR0198
GRRHIO,UR0199,UR0199,GRRHIO|UR0199
GRRHIO,UR0200,UR0200,GRRHIO|UR0200
GRRHIO,UR0201,UR0201,GRRHIO|UR0201
GRRHIO,UR0202,UR0202,GRRHIO|UR0202
GRRHIO,UR0203,UR0203,GRRHIO|UR0203
GRRHIO,UR0204,UR0204,GRRHIO|UR0204
GRRHIO,UR0205,UR0205,GRRHIO|UR0205
GRRHIO,UR0206,UR0206,GRRHIO|UR0206
GRRHIO,UR0207,UR0207,GRRHIO|UR0207
GRRHIO,UR0208,UR0208,GRRHIO|UR0208
GRRHIO,UR0209,UR0209,GRRHIO|UR0209
GRRHIO,UR0210,UR0210,GRRHIO|UR0210
GRRHIO,UR0211,UR0211,GRRHIO|UR0211
GRRHIO,UR0212,UR0212,GRRHIO|UR0212
GRRHIO,UR0213,UR0213,GRRHIO|UR0213
GRRHIO,UR0214,UR0214,GRRHIO|UR0214
GRRHIO,UR0215,UR0215,GRRHIO|UR0215
GRRHIO,UR0216,UR0216,GRRHIO|UR0216
GRRHIO,UR0217,UR0217,GRRHIO|UR0217
GRRHIO,UR0218,UR0218,GRRHIO|UR0218
GRRHIO,UR0219,UR0219,GRRHIO|UR0219
GRRHIO,UR0221,UR0221,GRRHIO|UR0221
GRRHIO,UR0222,UR0222,GRRHIO|UR0222
GRRHIO,UR0223,UR0223,GRRHIO|UR0223
GRRHIO,UR0224,UR0224,GRRHIO|UR0224
GRRHIO,UR0225,UR0225,GRRHIO|UR0225
GRRHIO,UR0226,UR0226,GRRHIO|UR0226
GRRHIO,UR0228,UR0228,GRRHIO|UR0228
GRRHIO,UR0229,UR0229,GRRHIO|UR0229
GRRHIO,UR0230,UR0230,GRRHIO|UR0230
GRRHIO,UR0231,UR0231,GRRHIO|UR0231
GRRHIO,UR0232,UR0232,GRRHIO|UR0232
GRRHIO,UR0234,UR0234,GRRHIO|UR0234
GRRHIO,UR0235,UR0235,GRRHIO|UR0235
GRRHIO,UR0236,UR0236,GRRHIO|UR0236
GRRHIO,UR0237,UR0237,GRRHIO|UR0237
GRRHIO,UR0238,UR0238,GRRHIO|UR0238
GRRHIO,UR0239,UR0239,GRRHIO|UR0239
GRRHIO,UR0241,UR0241,GRRHIO|UR0241
GRRHIO,UR0243,UR0243,GRRHIO|UR0243
GRRHIO,UR0244,UR0244,GRRHIO|UR0244
GRRHIO,UR0245,UR0245,GRRHIO|UR0245
GRRHIO,UR0246,UR0246,GRRHIO|UR0246
GRRHIO,UR0247,UR0247,GRRHIO|UR0247
GRRHIO,UR0248,UR0248,GRRHIO|UR0248
GRRHIO,UR0249,UR0249,GRRHIO|UR0249
GRRHIO,UR0250,UR0250,GRRHIO|UR0250
GRRHIO,UR0251,UR0251,GRRHIO|UR0251
GRRHIO,UR0252,UR0252,GRRHIO|UR0252
GRRHIO,UR0253,UR0253,GRRHIO|UR0253
GRRHIO,UR0254,UR0254,GRRHIO|UR0254
GRRHIO,UR0255,UR0255,GRRHIO|UR0255
GRRHIO,UR0256,UR0256,GRRHIO|UR0256
GRRHIO,UR0257,UR0257,GRRHIO|UR0257
GRRHIO,UR0258,UR0258,GRRHIO|UR0258
GRRHIO,UR0259,UR0259,GRRHIO|UR0259
GRRHIO,UR0260,UR0260,GRRHIO|UR0260
GRRHIO,UR0261,UR0261,GRRHIO|UR0261
GRRHIO,UR0262,UR0262,GRRHIO|UR0262
GRRHIO,UR0263,UR0263,GRRHIO|UR0263
GRRHIO,UR0264,UR0264,GRRHIO|UR0264
GRRHIO,UR0265,UR0265,GRRHIO|UR0265
GRRHIO,UR0268,UR0268,GRRHIO|UR0268
GRRHIO,UR0269,UR0269,GRRHIO|UR0269
GRRHIO,UR0270,UR0270,GRRHIO|UR0270
GRRHIO,UR0271,UR0271,GRRHIO|UR0271
GRRHIO,UR0272,UR0272,GRRHIO|UR0272
GRRHIO,UR0273,UR0273,GRRHIO|UR0273
GRRHIO,UR0274,UR0274,GRRHIO|UR0274
GRRHIO,UR0275,UR0275,GRRHIO|UR0275
GRRHIO,UR0276,UR0276,GRRHIO|UR0276
GRRHIO,UR0277,UR0277,GRRHIO|UR0277
GRRHIO,UR0278,UR0278,GRRHIO|UR0278
GRRHIO,UR0280,UR0280,GRRHIO|UR0280
GRRHIO,UR0281,UR0281,GRRHIO|UR0281
GRRHIO,UR0282,UR0282,GRRHIO|UR0282
GRRHIO,UR0283,UR0283,GRRHIO|UR0283
GRRHIO,UR0284,UR0284,GRRHIO|UR0284
GRRHIO,UR0285,UR0285,GRRHIO|UR0285
GRRHIO,UR0286,UR0286,GRRHIO|UR0286
GRRHIO,UR0288,UR0288,GRRHIO|UR0288
GRRHIO,UR0290,UR0290,GRRHIO|UR0290
GRRHIO,UR0292,UR0292,GRRHIO|UR0292
GRRHIO,UR0293,UR0293,GRRHIO|UR0293
GRRHIO,UR0294,UR0294,GRRHIO|UR0294
GRRHIO,UR0295,UR0295,GRRHIO|UR0295
GRRHIO,UR0296,UR0296,GRRHIO|UR0296
GRRHIO,UR0297,UR0297,GRRHIO|UR0297
GRRHIO,UR0298,UR0298,GRRHIO|UR0298
GRRHIO,UR0299,UR0299,GRRHIO|UR0299
GRRHIO,UR0300,UR0300,GRRHIO|UR0300
GRRHIO,UR0301,UR0301,GRRHIO|UR0301
GRRHIO,UR0302,UR0302,GRRHIO|UR0302
GRRHIO,UR0303,UR0303,GRRHIO|UR0303
GRRHIO,UR0304,UR0304,GRRHIO|UR0304
GRRHIO,UR0305,UR0305,GRRHIO|UR0305
GRRHIO,UR0306,UR0306,GRRHIO|UR0306
GRRHIO,UR0307,UR0307,GRRHIO|UR0307
GRRHIO,UR0308,UR0308,GRRHIO|UR0308
GRRHIO,UR0309,UR0309,GRRHIO|UR0309
GRRHIO,UR0310,UR0310,GRRHIO|UR0310
GRRHIO,UR0311,UR0311,GRRHIO|UR0311
GRRHIO,UR0312,UR0312,GRRHIO|UR0312
GRRHIO,UR0313,UR0313,GRRHIO|UR0313
GRRHIO,UR0314,UR0314,GRRHIO|UR0314
GRRHIO,UR0315,UR0315,GRRHIO|UR0315
GRRHIO,UR0316,UR0316,GRRHIO|UR0316
GRRHIO,UR0317,UR0317,GRRHIO|UR0317
GRRHIO,UR0318,UR0318,GRRHIO|UR0318
GRRHIO,UR0319,UR0319,GRRHIO|UR0319
GRRHIO,UR0320,UR0320,GRRHIO|UR0320
GRRHIO,UR0321,UR0321,GRRHIO|UR0321
GRRHIO,UR0323,UR0323,GRRHIO|UR0323
GRRHIO,UR0324,UR0324,GRRHIO|UR0324
GRRHIO,UR0325,UR0325,GRRHIO|UR0325
GRRHIO,UR0326,UR0326,GRRHIO|UR0326
GRRHIO,UR0327,UR0327,GRRHIO|UR0327
GRRHIO,UR0328,UR0328,GRRHIO|UR0328
GRRHIO,UR0329,UR0329,GRRHIO|UR0329
GRRHIO,UR0330,UR0330,GRRHIO|UR0330
GRRHIO,UR0331,UR0331,GRRHIO|UR0331
GRRHIO,UR0332,UR0332,GRRHIO|UR0332
GRRHIO,UR0333,UR0333,GRRHIO|UR0333
GRRHIO,UR0334,UR0334,GRRHIO|UR0334
GRRHIO,UR0335,UR0335,GRRHIO|UR0335
GRRHIO,UR0336,UR0336,GRRHIO|UR0336
GRRHIO,UR0337,UR0337,GRRHIO|UR0337
GRRHIO,UR0338,UR0338,GRRHIO|UR0338
GRRHIO,UR0339,UR0339,GRRHIO|UR0339
GRRHIO,UR0340,UR0340,GRRHIO|UR0340
GRRHIO,UR0341,UR0341,GRRHIO|UR0341
GRRHIO,UR0342,UR0342,GRRHIO|UR0342
GRRHIO,UR0343,UR0343,GRRHIO|UR0343
GRRHIO,UR0345,UR0345,GRRHIO|UR0345
GRRHIO,UR0346,UR0346,GRRHIO|UR0346
GRRHIO,UR0347,UR0347,GRRHIO|UR0347
GRRHIO,UR0348,UR0348,GRRHIO|UR0348
GRRHIO,UR0349,UR0349,GRRHIO|UR0349
GRRHIO,UR0350,UR0350,GRRHIO|UR0350
GRRHIO,UR0351,UR0351,GRRHIO|UR0351
GRRHIO,UR0352,UR0352,GRRHIO|UR0352
GRRHIO,UR0353,UR0353,GRRHIO|UR0353
GRRHIO,UR0354,UR0354,GRRHIO|UR0354
GRRHIO,UR0355,UR0355,GRRHIO|UR0355
GRRHIO,UR0356,UR0356,GRRHIO|UR0356
GRRHIO,UR0357,UR0357,GRRHIO|UR0357
GRRHIO,UR0359,UR0359,GRRHIO|UR0359
GRRHIO,UR0360,UR0360,GRRHIO|UR0360
GRRHIO,UR0361,UR0361,GRRHIO|UR0361
GRRHIO,UR0362,UR0362,GRRHIO|UR0362
GRRHIO,UR0363,UR0363,GRRHIO|UR0363
GRRHIO,UR0364,UR0364,GRRHIO|UR0364
GRRHIO,UR0365,UR0365,GRRHIO|UR0365
GRRHIO,UR0366,UR0366,GRRHIO|UR0366
GRRHIO,UR0368,UR0368,GRRHIO|UR0368
GRRHIO,UR0369,UR0369,GRRHIO|UR0369
GRRHIO,UR0370,UR0370,GRRHIO|UR0370
GRRHIO,UR0371,UR0371,GRRHIO|UR0371
GRRHIO,UR0372,UR0372,GRRHIO|UR0372
GRRHIO,UR0374,UR0374,GRRHIO|UR0374
GRRHIO,UR0375,UR0375,GRRHIO|UR0375
GRRHIO,UR0376,UR0376,GRRHIO|UR0376
GRRHIO,UR0377,UR0377,GRRHIO|UR0377
GRRHIO,UR0378,UR0378,GRRHIO|UR0378
GRRHIO,UR0379,UR0379,GRRHIO|UR0379
GRRHIO,UR0380,UR0380,GRRHIO|UR0380
GRRHIO,UR0381,UR0381,GRRHIO|UR0381
GRRHIO,UR0383,UR0383,GRRHIO|UR0383
GRRHIO,UR0384,UR0384,GRRHIO|UR0384
GRRHIO,UR0386,UR0386,GRRHIO|UR0386
GRRHIO,UR0387,UR0387,GRRHIO|UR0387
GRRHIO,UR0389,UR0389,GRRHIO|UR0389
GRRHIO,UR0390,UR0390,GRRHIO|UR0390
GRRHIO,UR0391,UR0391,GRRHIO|UR0391
GRRHIO,UR0392,UR0392,GRRHIO|UR0392
GRRHIO,UR0393,UR0393,GRRHIO|UR0393
GRRHIO,UR0394,UR0394,GRRHIO|UR0394
GRRHIO,UR0396,UR0396,GRRHIO|UR0396
GRRHIO,UR0397,UR0397,GRRHIO|UR0397
GRRHIO,UR0398,UR0398,GRRHIO|UR0398
GRRHIO,UR0399,UR0399,GRRHIO|UR0399
GRRHIO,UR0400,UR0400,GRRHIO|UR0400
GRRHIO,UR0401,UR0401,GRRHIO|UR0401
GRRHIO,UR0402,UR0402,GRRHIO|UR0402
GRRHIO,UR0403,UR0403,GRRHIO|UR0403
GRRHIO,UR0404,UR0404,GRRHIO|UR0404
GRRHIO,UR0405,UR0405,GRRHIO|UR0405
GRRHIO,UR0406,UR0406,GRRHIO|UR0406
GRRHIO,UR0407,UR0407,GRRHIO|UR0407
GRRHIO,UR0409,UR0409,GRRHIO|UR0409
GRRHIO,UR0410,UR0410,GRRHIO|UR0410
GRRHIO,UR0411,UR0411,GRRHIO|UR0411
GRRHIO,UR0412,UR0412,GRRHIO|UR0412
GRRHIO,UR0414,UR0414,GRRHIO|UR0414
GRRHIO,UR0415,UR0415,GRRHIO|UR0415
GRRHIO,UR0417,UR0417,GRRHIO|UR0417
GRRHIO,UR0418,UR0418,GRRHIO|UR0418
GRRHIO,UR0419,UR0419,GRRHIO|UR0419
GRRHIO,UR0420,UR0420,GRRHIO|UR0420
GRRHIO,UR0421,UR0421,GRRHIO|UR0421
GRRHIO,UR0423,UR0423,GRRHIO|UR0423
GRRHIO,UR0424,UR0424,GRRHIO|UR0424
GRRHIO,UR0425,UR0425,GRRHIO|UR0425
GRRHIO,UR0426,UR0426,GRRHIO|UR0426
GRRHIO,UR0427,UR0427,GRRHIO|UR0427
GRRHIO,UR0428,UR0428,GRRHIO|UR0428
GRRHIO,UR0429,UR0429,GRRHIO|UR0429
GRRHIO,UR0430,UR0430,GRRHIO|UR0430
GRRHIO,UR0431,UR0431,GRRHIO|UR0431
GRRHIO,UR0432,UR0432,GRRHIO|UR0432
GRRHIO,UR0434,UR0434,GRRHIO|UR0434
GRRHIO,UR0435,UR0435,GRRHIO|UR0435
GRRHIO,UR0436,UR0436,GRRHIO|UR0436
GRRHIO,UR0437,UR0437,GRRHIO|UR0437
GRRHIO,UR0438,UR0438,GRRHIO|UR0438
GRRHIO,UR0439,UR0439,GRRHIO|UR0439
GRRHIO,UR0440,UR0440,GRRHIO|UR0440
GRRHIO,UR0441,UR0441,GRRHIO|UR0441
GRRHIO,UR0442,UR0442,GRRHIO|UR0442
GRRHIO,UR0444,UR0444,GRRHIO|UR0444
GRRHIO,UR0446,UR0446,GRRHIO|UR0446
GRRHIO,UR0448,UR0448,GRRHIO|UR0448
GRRHIO,UR0449,UR0449,GRRHIO|UR0449
GRRHIO,UR0450,UR0450,GRRHIO|UR0450
GRRHIO,UR0451,UR0451,GRRHIO|UR0451
GRRHIO,UR0453,UR0453,GRRHIO|UR0453
GRRHIO,UR0454,UR0454,GRRHIO|UR0454
GRRHIO,UR0455,UR0455,GRRHIO|UR0455
GRRHIO,UR0456,UR0456,GRRHIO|UR0456
GRRHIO,UR0457,UR0457,GRRHIO|UR0457
GRRHIO,UR0458,UR0458,GRRHIO|UR0458
GRRHIO,UR0459,UR0459,GRRHIO|UR0459
GRRHIO,UR0461,UR0461,GRRHIO|UR0461
GRRHIO,UR0462,UR0462,GRRHIO|UR0462
GRRHIO,UR0463,UR0463,GRRHIO|UR0463
GRRHIO,UR0464,UR0464,GRRHIO|UR0464
GRRHIO,UR0465,UR0465,GRRHIO|UR0465
GRRHIO,UR0466,UR0466,GRRHIO|UR0466
GRRHIO,UR0468,UR0468,GRRHIO|UR0468
GRRHIO,UR0469,UR0469,GRRHIO|UR0469
GRRHIO,UR0474,UR0474,GRRHIO|UR0474
GRRHIO,UR0475,UR0475,GRRHIO|UR0475
GRRHIO,UR0476,UR0476,GRRHIO|UR0476
GRRHIO,UR0477,UR0477,GRRHIO|UR0477
GRRHIO,UR0478,UR0478,GRRHIO|UR0478
GRRHIO,UR0479,UR0479,GRRHIO|UR0479
GRRHIO,UR0480,UR0480,GRRHIO|UR0480
GRRHIO,UR0481,UR0481,GRRHIO|UR0481
GRRHIO,UR0483,UR0483,GRRHIO|UR0483
GRRHIO,UR0484,UR0484,GRRHIO|UR0484
GRRHIO,UR0485,UR0485,GRRHIO|UR0485
GRRHIO,UR0486,UR0486,GRRHIO|UR0486
GRRHIO,UR0487,UR0487,GRRHIO|UR0487
GRRHIO,UR0488,UR0488,GRRHIO|UR0488
GRRHIO,UR0490,UR0490,GRRHIO|UR0490
GRRHIO,UR0491,UR0491,GRRHIO|UR0491
GRRHIO,UR0492,UR0492,GRRHIO|UR0492
GRRHIO,UR0493,UR0493,GRRHIO|UR0493
GRRHIO,UR0494,UR0494,GRRHIO|UR0494
GRRHIO,UR0495,UR0495,GRRHIO|UR0495
GRRHIO,UR0496,UR0496,GRRHIO|UR0496
GRRHIO,UR0497,UR0497,GRRHIO|UR0497
GRRHIO,UR0498,UR0498,GRRHIO|UR0498
GRRHIO,UR0499,UR0499,GRRHIO|UR0499
GRRHIO,UR0500,UR0500,GRRHIO|UR0500
GRRHIO,UR0501,UR0501,GRRHIO|UR0501
GRRHIO,UR0503,UR0503,GRRHIO|UR0503
GRRHIO,UR0504,UR0504,GRRHIO|UR0504
GRRHIO,UR0505,UR0505,GRRHIO|UR0505
GRRHIO,UR0506,UR0506,GRRHIO|UR0506
GRRHIO,UR0507,UR0507,GRRHIO|UR0507
GRRHIO,UR0509,UR0509,GRRHIO|UR0509
GRRHIO,UR0510,UR0510,GRRHIO|UR0510
GRRHIO,UR0512,UR0512,GRRHIO|UR0512
GRRHIO,UR0513,UR0513,GRRHIO|UR0513
GRRHIO,UR0514,UR0514,GRRHIO|UR0514
GRRHIO,UR0515,UR0515,GRRHIO|UR0515
GRRHIO,UR0516,UR0516,GRRHIO|UR0516
GRRHIO,UR0517,UR0517,GRRHIO|UR0517
GRRHIO,UR0518,UR0518,GRRHIO|UR0518
GRRHIO,UR0521,UR0521,GRRHIO|UR0521
GRRHIO,UR0523,UR0523,GRRHIO|UR0523
GRRHIO,UR0524,UR0524,GRRHIO|UR0524
GRRHIO,UR0525,UR0525,GRRHIO|UR0525
GRRHIO,UR0526,UR0526,GRRHIO|UR0526
GRRHIO,UR0527,UR0527,GRRHIO|UR0527
GRRHIO,UR0529,UR0529,GRRHIO|UR0529
GRRHIO,UR0531,UR0531,GRRHIO|UR0531
GRRHIO,UR0533,UR0533,GRRHIO|UR0533
GRRHIO,UR0535,UR0535,GRRHIO|UR0535
GRRHIO,UR0537,UR0537,GRRHIO|UR0537
GRRHIO,UR0539,UR0539,GRRHIO|UR0539
GRRHIO,UR0540,UR0540,GRRHIO|UR0540
GRRHIO,UR0542,UR0542,GRRHIO|UR0542
GRRHIO,UR0543,UR0543,GRRHIO|UR0543
GRRHIO,UR0544,UR0544,GRRHIO|UR0544
GRRHIO,UR0546,UR0546,GRRHIO|UR0546
GRRHIO,UR0548,UR0548,GRRHIO|UR0548
GRRHIO,UR0549,UR0549,GRRHIO|UR0549
GRRHIO,UR0550,UR0550,GRRHIO|UR0550
GRRHIO,UR0551,UR0551,GRRHIO|UR0551
GRRHIO,UR0552,UR0552,GRRHIO|UR0552
GRRHIO,UR0553,UR0553,GRRHIO|UR0553
GRRHIO,UR0554,UR0554,GRRHIO|UR0554
GRRHIO,UR0555,UR0555,GRRHIO|UR0555
GRRHIO,UR0556,UR0556,GRRHIO|UR0556
GRRHIO,UR0557,UR0557,GRRHIO|UR0557
GRRHIO,UR0558,UR0558,GRRHIO|UR0558
GRRHIO,UR0559,UR0559,GRRHIO|UR0559
GRRHIO,UR0560,UR0560,GRRHIO|UR0560
GRRHIO,UR0561,UR0561,GRRHIO|UR0561
GRRHIO,UR0563,UR0563,GRRHIO|UR0563
GRRHIO,UR0565,UR0565,GRRHIO|UR0565
GRRHIO,UR0566,UR0566,GRRHIO|UR0566
GRRHIO,UR0567,UR0567,GRRHIO|UR0567
GRRHIO,UR0568,UR0568,GRRHIO|UR0568
GRRHIO,UR0569,UR0569,GRRHIO|UR0569
GRRHIO,UR0570,UR0570,GRRHIO|UR0570
GRRHIO,UR0571,UR0571,GRRHIO|UR0571
GRRHIO,UR0573,UR0573,GRRHIO|UR0573
GRRHIO,UR0574,UR0574,GRRHIO|UR0574
GRRHIO,UR0575,UR0575,GRRHIO|UR0575
GRRHIO,UR0576,UR0576,GRRHIO|UR0576
GRRHIO,UR0578,UR0578,GRRHIO|UR0578
GRRHIO,UR0579,UR0579,GRRHIO|UR0579
GRRHIO,UR0580,UR0580,GRRHIO|UR0580
GRRHIO,UR0581,UR0581,GRRHIO|UR0581
GRRHIO,UR0582,UR0582,GRRHIO|UR0582
GRRHIO,UR0583,UR0583,GRRHIO|UR0583
GRRHIO,UR0584,UR0584,GRRHIO|UR0584
GRRHIO,UR0585,UR0585,GRRHIO|UR0585
GRRHIO,UR0586,UR0586,GRRHIO|UR0586
GRRHIO,UR0587,UR0587,GRRHIO|UR0587
GRRHIO,UR0590,UR0590,GRRHIO|UR0590
GRRHIO,UR0591,UR0591,GRRHIO|UR0591
GRRHIO,UR0593,UR0593,GRRHIO|UR0593
GRRHIO,UR0594,UR0594,GRRHIO|UR0594
GRRHIO,UR0595,UR0595,GRRHIO|UR0595
GRRHIO,UR0596,UR0596,GRRHIO|UR0596
GRRHIO,UR0597,UR0597,GRRHIO|UR0597
GRRHIO,UR0598,UR0598,GRRHIO|UR0598
GRRHIO,UR0599,UR0599,GRRHIO|UR0599
GRRHIO,UR0602,UR0602,GRRHIO|UR0602
GRRHIO,UR0603,UR0603,GRRHIO|UR0603
GRRHIO,UR0604,UR0604,GRRHIO|UR0604
GRRHIO,UR0605,UR0605,GRRHIO|UR0605
GRRHIO,UR0606,UR0606,GRRHIO|UR0606
GRRHIO,UR0607,UR0607,GRRHIO|UR0607
GRRHIO,UR0608,UR0608,GRRHIO|UR0608
GRRHIO,UR0609,UR0609,GRRHIO|UR0609
GRRHIO,UR0610,UR0610,GRRHIO|UR0610
GRRHIO,UR0611,UR0611,GRRHIO|UR0611
GRRHIO,UR0612,UR0612,GRRHIO|UR0612
GRRHIO,UR0613,UR0613,GRRHIO|UR0613
GRRHIO,UR0614,UR0614,GRRHIO|UR0614
GRRHIO,UR0615,UR0615,GRRHIO|UR0615
GRRHIO,UR0617,UR0617,GRRHIO|UR0617
GRRHIO,UR0618,UR0618,GRRHIO|UR0618
GRRHIO,UR0620,UR0620,GRRHIO|UR0620
GRRHIO,UR0621,UR0621,GRRHIO|UR0621
GRRHIO,UR0624,UR0624,GRRHIO|UR0624
GRRHIO,UR0625,UR0625,GRRHIO|UR0625
GRRHIO,UR0626,UR0626,GRRHIO|UR0626
GRRHIO,UR0627,UR0627,GRRHIO|UR0627
GRRHIO,UR0629,UR0629,GRRHIO|UR0629
GRRHIO,UR0630,UR0630,GRRHIO|UR0630
GRRHIO,UR0631,UR0631,GRRHIO|UR0631
GRRHIO,UR0632,UR0632,GRRHIO|UR0632
GRRHIO,UR0633,UR0633,GRRHIO|UR0633
GRRHIO,UR0636,UR0636,GRRHIO|UR0636
GRRHIO,UR0637,UR0637,GRRHIO|UR0637
GRRHIO,UR0639,UR0639,GRRHIO|UR0639
GRRHIO,UR0642,UR0642,GRRHIO|UR0642
GRRHIO,UR0643,UR0643,GRRHIO|UR0643
GRRHIO,UR0644,UR0644,GRRHIO|UR0644
GRRHIO,UR0645,UR0645,GRRHIO|UR0645
GRRHIO,UR0646,UR0646,GRRHIO|UR0646
GRRHIO,UR0647,UR0647,GRRHIO|UR0647
GRRHIO,UR0648,UR0648,GRRHIO|UR0648
GRRHIO,UR0649,UR0649,GRRHIO|UR0649
GRRHIO,UR0650,UR0650,GRRHIO|UR0650
GRRHIO,UR0651,UR0651,GRRHIO|UR0651
GRRHIO,UR0652,UR0652,GRRHIO|UR0652
GRRHIO,UR0653,UR0653,GRRHIO|UR0653
GRRHIO,UR0654,UR0654,GRRHIO|UR0654
GRRHIO,UR0655,UR0655,GRRHIO|UR0655
GRRHIO,UR0656,UR0656,GRRHIO|UR0656
GRRHIO,UR0657,UR0657,GRRHIO|UR0657
GRRHIO,UR0658,UR0658,GRRHIO|UR0658
GRRHIO,UR0659,UR0659,GRRHIO|UR0659
GRRHIO,UR0660,UR0660,GRRHIO|UR0660
GRRHIO,UR0661,UR0661,GRRHIO|UR0661
GRRHIO,UR0662,UR0662,GRRHIO|UR0662
GRRHIO,UR0664,UR0664,GRRHIO|UR0664
GRRHIO,UR0665,UR0665,GRRHIO|UR0665
GRRHIO,UR0666,UR0666,GRRHIO|UR0666
GRRHIO,UR0668,UR0668,GRRHIO|UR0668
GRRHIO,UR0669,UR0669,GRRHIO|UR0669
GRRHIO,UR0670,UR0670,GRRHIO|UR0670
GRRHIO,UR0671,UR0671,GRRHIO|UR0671
GRRHIO,UR0672,UR0672,GRRHIO|UR0672
GRRHIO,UR0673,UR0673,GRRHIO|UR0673
GRRHIO,UR0674,UR0674,GRRHIO|UR0674
GRRHIO,UR0675,UR0675,GRRHIO|UR0675
GRRHIO,UR0676,UR0676,GRRHIO|UR0676
GRRHIO,UR0677,UR0677,GRRHIO|UR0677
GRRHIO,UR0678,UR0678,GRRHIO|UR0678
GRRHIO,UR0679,UR0679,GRRHIO|UR0679
GRRHIO,UR0680,UR0680,GRRHIO|UR0680
GRRHIO,UR0681,UR0681,GRRHIO|UR0681
GRRHIO,UR0682,UR0682,GRRHIO|UR0682
GRRHIO,UR0683,UR0683,GRRHIO|UR0683
GRRHIO,UR0684,UR0684,GRRHIO|UR0684
GRRHIO,UR0685,UR0685,GRRHIO|UR0685
GRRHIO,UR0686,UR0686,GRRHIO|UR0686
GRRHIO,UR0688,UR0688,GRRHIO|UR0688
GRRHIO,UR0689,UR0689,GRRHIO|UR0689
GRRHIO,UR0690,UR0690,GRRHIO|UR0690
GRRHIO,UR0691,UR0691,GRRHIO|UR0691
GRRHIO,UR0692,UR0692,GRRHIO|UR0692
GRRHIO,UR0693,UR0693,GRRHIO|UR0693
GRRHIO,UR0694,UR0694,GRRHIO|UR0694
GRRHIO,UR0695,UR0695,GRRHIO|UR0695
GRRHIO,UR0699,UR0699,GRRHIO|UR0699
GRRHIO,UR0700,UR0700,GRRHIO|UR0700
GRRHIO,UR0701,UR0701,GRRHIO|UR0701
GRRHIO,UR0703,UR0703,GRRHIO|UR0703
GRRHIO,UR0704,UR0704,GRRHIO|UR0704
GRRHIO,UR0706,UR0706,GRRHIO|UR0706
GRRHIO,UR0707,UR0707,GRRHIO|UR0707
GRRHIO,UR0708,UR0708,GRRHIO|UR0708
GRRHIO,UR0709,UR0709,GRRHIO|UR0709
GRRHIO,UR0710,UR0710,GRRHIO|UR0710
GRRHIO,UR0711,UR0711,GRRHIO|UR0711
GRRHIO,UR0712,UR0712,GRRHIO|UR0712
GRRHIO,UR0714,UR0714,GRRHIO|UR0714
GRRHIO,UR0715,UR0715,GRRHIO|UR0715
GRRHIO,UR0716,UR0716,GRRHIO|UR0716
GRRHIO,UR0717,UR0717,GRRHIO|UR0717
GRRHIO,UR0718,UR0718,GRRHIO|UR0718
GRRHIO,UR0719,UR0719,GRRHIO|UR0719
GRRHIO,UR0720,UR0720,GRRHIO|UR0720
GRRHIO,UR0721,UR0721,GRRHIO|UR0721
GRRHIO,UR0722,UR0722,GRRHIO|UR0722
GRRHIO,UR0723,UR0723,GRRHIO|UR0723
GRRHIO,UR0724,UR0724,GRRHIO|UR0724
GRRHIO,UR0725,UR0725,GRRHIO|UR0725
GRRHIO,UR0726,UR0726,GRRHIO|UR0726
GRRHIO,UR0727,UR0727,GRRHIO|UR0727
GRRHIO,UR0728,UR0728,GRRHIO|UR0728
GRRHIO,UR0729,UR0729,GRRHIO|UR0729
GRRHIO,UR0730,UR0730,GRRHIO|UR0730
GRRHIO,UR0732,UR0732,GRRHIO|UR0732
GRRHIO,UR0733,UR0733,GRRHIO|UR0733
GRRHIO,UR0734,UR0734,GRRHIO|UR0734
GRRHIO,UR0736,UR0736,GRRHIO|UR0736
GRRHIO,UR0737,UR0737,GRRHIO|UR0737
GRRHIO,UR0741,UR0741,GRRHIO|UR0741
GRRHIO,UR0742,UR0742,GRRHIO|UR0742
GRRHIO,UR0744,UR0744,GRRHIO|UR0744
GRRHIO,UR0749,UR0749,GRRHIO|UR0749
GRRHIO,UR0750,UR0750,GRRHIO|UR0750
GRRHIO,UR0751,UR0751,GRRHIO|UR0751
GRRHIO,UR0752,UR0752,GRRHIO|UR0752
GRRHIO,UR0753,UR0753,GRRHIO|UR0753
GRRHIO,UR0754,UR0754,GRRHIO|UR0754
GRRHIO,UR0755,UR0755,GRRHIO|UR0755
GRRHIO,UR0757,UR0757,GRRHIO|UR0757
GRRHIO,UR0758,UR0758,GRRHIO|UR0758
GRRHIO,UR0759,UR0759,GRRHIO|UR0759
GRRHIO,UR0760,UR0760,GRRHIO|UR0760
GRRHIO,UR0761,UR0761,GRRHIO|UR0761
GRRHIO,UR0762,UR0762,GRRHIO|UR0762
GRRHIO,UR0763,UR0763,GRRHIO|UR0763
GRRHIO,UR0766,UR0766,GRRHIO|UR0766
GRRHIO,UR0767,UR0767,GRRHIO|UR0767
GRRHIO,UR0768,UR0768,GRRHIO|UR0768
GRRHIO,UR0769,UR0769,GRRHIO|UR0769
GRRHIO,UR0770,UR0770,GRRHIO|UR0770
GRRHIO,UR0771,UR0771,GRRHIO|UR0771
GRRHIO,UR0772,UR0772,GRRHIO|UR0772
GRRHIO,UR0773,UR0773,GRRHIO|UR0773
GRRHIO,UR0774,UR0774,GRRHIO|UR0774
GRRHIO,UR0775,UR0775,GRRHIO|UR0775
GRRHIO,UR0776,UR0776,GRRHIO|UR0776
GRRHIO,UR0777,UR0777,GRRHIO|UR0777
GRRHIO,UR0778,UR0778,GRRHIO|UR0778
GRRHIO,UR0779,UR0779,GRRHIO|UR0779
GRRHIO,UR0780,UR0780,GRRHIO|UR0780
GRRHIO,UR0781,UR0781,GRRHIO|UR0781
GRRHIO,UR0782,UR0782,GRRHIO|UR0782
GRRHIO,UR0783,UR0783,GRRHIO|UR0783
GRRHIO,UR0784,UR0784,GRRHIO|UR0784
GRRHIO,UR0785,UR0785,GRRHIO|UR0785
GRRHIO,UR0786,UR0786,GRRHIO|UR0786
GRRHIO,UR0787,UR0787,GRRHIO|UR0787
GRRHIO,UR0788,UR0788,GRRHIO|UR0788
GRRHIO,UR0789,UR0789,GRRHIO|UR0789
GRRHIO,UR0790,UR0790,GRRHIO|UR0790
GRRHIO,UR0791,UR0791,GRRHIO|UR0791
GRRHIO,UR0792,UR0792,GRRHIO|UR0792
GRRHIO,UR0793,UR0793,GRRHIO|UR0793
GRRHIO,UR0795,UR0795,GRRHIO|UR0795
GRRHIO,UR0796,UR0796,GRRHIO|UR0796
GRRHIO,UR0797,UR0797,GRRHIO|UR0797
GRRHIO,UR0799,UR0799,GRRHIO|UR0799
GRRHIO,UR0801,UR0801,GRRHIO|UR0801
GRRHIO,UR0802,UR0802,GRRHIO|UR0802
GRRHIO,UR0804,UR0804,GRRHIO|UR0804
GRRHIO,UR0805,UR0805,GRRHIO|UR0805
GRRHIO,UR0806,UR0806,GRRHIO|UR0806
GRRHIO,UR0807,UR0807,GRRHIO|UR0807
GRRHIO,UR0810,UR0810,GRRHIO|UR0810
GRRHIO,UR0818,UR0818,GRRHIO|UR0818
GRRHIO,UR0819,UR0819,GRRHIO|UR0819
GRRHIO,UR0820,UR0820,GRRHIO|UR0820
GRRHIO,UR0821,UR0821,GRRHIO|UR0821
GRRHIO,UR0822,UR0822,GRRHIO|UR0822
GRRHIO,UR0823,UR0823,GRRHIO|UR0823
GRRHIO,UR0824,UR0824,GRRHIO|UR0824
GRRHIO,UR0825,UR0825,GRRHIO|UR0825
GRRHIO,UR0826,UR0826,GRRHIO|UR0826
GRRHIO,UR0827,UR0827,GRRHIO|UR0827
GRRHIO,UR0830,UR0830,GRRHIO|UR0830
GRRHIO,UR0831,UR0831,GRRHIO|UR0831
GRRHIO,UR0832,UR0832,GRRHIO|UR0832
GRRHIO,UR0833,UR0833,GRRHIO|UR0833
GRRHIO,UR0834,UR0834,GRRHIO|UR0834
GRRHIO,UR0835,UR0835,GRRHIO|UR0835
GRRHIO,UR0836,UR0836,GRRHIO|UR0836
GRRHIO,UR0837,UR0837,GRRHIO|UR0837
GRRHIO,UR0838,UR0838,GRRHIO|UR0838
GRRHIO,UR0839,UR0839,GRRHIO|UR0839
GRRHIO,UR0840,UR0840,GRRHIO|UR0840
GRRHIO,UR0841,UR0841,GRRHIO|UR0841
GRRHIO,UR0842,UR0842,GRRHIO|UR0842
GRRHIO,UR0843,UR0843,GRRHIO|UR0843
GRRHIO,UR0844,UR0844,GRRHIO|UR0844
GRRHIO,UR0845,UR0845,GRRHIO|UR0845
GRRHIO,UR0846,UR0846,GRRHIO|UR0846
GRRHIO,UR0847,UR0847,GRRHIO|UR0847
GRRHIO,UR0848,UR0848,GRRHIO|UR0848
GRRHIO,UR0850,UR0850,GRRHIO|UR0850
GRRHIO,UR0851,UR0851,GRRHIO|UR0851
GRRHIO,UR0852,UR0852,GRRHIO|UR0852
GRRHIO,UR0853,UR0853,GRRHIO|UR0853
GRRHIO,UR0854,UR0854,GRRHIO|UR0854
GRRHIO,UR0856,UR0856,GRRHIO|UR0856
GRRHIO,UR0857,UR0857,GRRHIO|UR0857
GRRHIO,UR0858,UR0858,GRRHIO|UR0858
GRRHIO,UR0859,UR0859,GRRHIO|UR0859
GRRHIO,UR0860,UR0860,GRRHIO|UR0860
GRRHIO,UR0861,UR0861,GRRHIO|UR0861
GRRHIO,UR0862,UR0862,GRRHIO|UR0862
GRRHIO,UR0863,UR0863,GRRHIO|UR0863
GRRHIO,UR0864,UR0864,GRRHIO|UR0864
GRRHIO,UR0865,UR0865,GRRHIO|UR0865
GRRHIO,UR0866,UR0866,GRRHIO|UR0866
GRRHIO,UR0867,UR0867,GRRHIO|UR0867
GRRHIO,UR0868,UR0868,GRRHIO|UR0868
GRRHIO,UR0869,UR0869,GRRHIO|UR0869
GRRHIO,UR0870,UR0870,GRRHIO|UR0870
GRRHIO,UR0871,UR0871,GRRHIO|UR0871
GRRHIO,UR0872,UR0872,GRRHIO|UR0872
GRRHIO,UR0873,UR0873,GRRHIO|UR0873
GRRHIO,UR0875,UR0875,GRRHIO|UR0875
GRRHIO,UR0876,UR0876,GRRHIO|UR0876
GRRHIO,UR0877,UR0877,GRRHIO|UR0877
GRRHIO,UR0878,UR0878,GRRHIO|UR0878
GRRHIO,UR0879,UR0879,GRRHIO|UR0879
GRRHIO,UR0880,UR0880,GRRHIO|UR0880
GRRHIO,UR0881,UR0881,GRRHIO|UR0881
GRRHIO,UR0883,UR0883,GRRHIO|UR0883
GRRHIO,UR0884,UR0884,GRRHIO|UR0884
GRRHIO,UR0885,UR0885,GRRHIO|UR0885
GRRHIO,UR0886,UR0886,GRRHIO|UR0886
GRRHIO,UR0887,UR0887,GRRHIO|UR0887
GRRHIO,UR0888,UR0888,GRRHIO|UR0888
GRRHIO,UR0889,UR0889,GRRHIO|UR0889
GRRHIO,UR0890,UR0890,GRRHIO|UR0890
GRRHIO,UR0891,UR0891,GRRHIO|UR0891
GRRHIO,UR0892,UR0892,GRRHIO|UR0892
GRRHIO,UR0893,UR0893,GRRHIO|UR0893
GRRHIO,UR0894,UR0894,GRRHIO|UR0894
GRRHIO,UR0895,UR0895,GRRHIO|UR0895
GRRHIO,UR0896,UR0896,GRRHIO|UR0896
GRRHIO,UR0897,UR0897,GRRHIO|UR0897
GRRHIO,UR0898,UR0898,GRRHIO|UR0898
GRRHIO,UR0899,UR0899,GRRHIO|UR0899
GRRHIO,UR0900,UR0900,GRRHIO|UR0900
GRRHIO,UR0901,UR0901,GRRHIO|UR0901
GRRHIO,UR0902,UR0902,GRRHIO|UR0902
GRRHIO,UR0903,UR0903,GRRHIO|UR0903
GRRHIO,UR0904,UR0904,GRRHIO|UR0904
GRRHIO,UR0905,UR0905,GRRHIO|UR0905
GRRHIO,UR0907,UR0907,GRRHIO|UR0907
GRRHIO,UR0908,UR0908,GRRHIO|UR0908
GRRHIO,UR0909,UR0909,GRRHIO|UR0909
GRRHIO,UR0910,UR0910,GRRHIO|UR0910
GRRHIO,UR0911,UR0911,GRRHIO|UR0911
GRRHIO,UR0913,UR0913,GRRHIO|UR0913
GRRHIO,UR0914,UR0914,GRRHIO|UR0914
GRRHIO,UR0915,UR0915,GRRHIO|UR0915
GRRHIO,UR0916,UR0916,GRRHIO|UR0916
GRRHIO,UR0918,UR0918,GRRHIO|UR0918
GRRHIO,UR0919,UR0919,GRRHIO|UR0919
GRRHIO,UR0920,UR0920,GRRHIO|UR0920
GRRHIO,UR0921,UR0921,GRRHIO|UR0921
GRRHIO,UR0923,UR0923,GRRHIO|UR0923
GRRHIO,UR0924,UR0924,GRRHIO|UR0924
GRRHIO,UR0925,UR0925,GRRHIO|UR0925
GRRHIO,UR0926,UR0926,GRRHIO|UR0926
GRRHIO,UR0927,UR0927,GRRHIO|UR0927
GRRHIO,UR0928,UR0928,GRRHIO|UR0928
GRRHIO,UR0929,UR0929,GRRHIO|UR0929
GRRHIO,UR0930,UR0930,GRRHIO|UR0930
GRRHIO,UR0931,UR0931,GRRHIO|UR0931
GRRHIO,UR0932,UR0932,GRRHIO|UR0932
GRRHIO,UR0933,UR0933,GRRHIO|UR0933
GRRHIO,UR0934,UR0934,GRRHIO|UR0934
GRRHIO,UR0935,UR0935,GRRHIO|UR0935
GRRHIO,UR0936,UR0936,GRRHIO|UR0936
GRRHIO,UR0937,UR0937,GRRHIO|UR0937
GRRHIO,UR0938,UR0938,GRRHIO|UR0938
GRRHIO,UR0939,UR0939,GRRHIO|UR0939
GRRHIO,UR0941,UR0941,GRRHIO|UR0941
GRRHIO,UR0942,UR0942,GRRHIO|UR0942
GRRHIO,UR0943,UR0943,GRRHIO|UR0943
GRRHIO,UR0944,UR0944,GRRHIO|UR0944
GRRHIO,UR0947,UR0947,GRRHIO|UR0947
GRRHIO,UR0948,UR0948,GRRHIO|UR0948
GRRHIO,UR0950,UR0950,GRRHIO|UR0950
GRRHIO,UR0951,UR0951,GRRHIO|UR0951
GRRHIO,UR0952,UR0952,GRRHIO|UR0952
GRRHIO,UR0955,UR0955,GRRHIO|UR0955
GRRHIO,UR0956,UR0956,GRRHIO|UR0956
GRRHIO,UR0957,UR0957,GRRHIO|UR0957
GRRHIO,UR0958,UR0958,GRRHIO|UR0958
GRRHIO,UR0959,UR0959,GRRHIO|UR0959
GRRHIO,UR0960,UR0960,GRRHIO|UR0960
GRRHIO,UR0961,UR0961,GRRHIO|UR0961
GRRHIO,UR0962,UR0962,GRRHIO|UR0962
GRRHIO,UR0963,UR0963,GRRHIO|UR0963
GRRHIO,UR0964,UR0964,GRRHIO|UR0964
GRRHIO,UR0965,UR0965,GRRHIO|UR0965
GRRHIO,UR0966,UR0966,GRRHIO|UR0966
GRRHIO,UR0967,UR0967,GRRHIO|UR0967
GRRHIO,UR0968,UR0968,GRRHIO|UR0968
GRRHIO,UR0969,UR0969,GRRHIO|UR0969
GRRHIO,UR0970,UR0970,GRRHIO|UR0970
GRRHIO,UR0971,UR0971,GRRHIO|UR0971
GRRHIO,UR0972,UR0972,GRRHIO|UR0972
GRRHIO,UR0973,UR0973,GRRHIO|UR0973
GRRHIO,UR0974,UR0974,GRRHIO|UR0974
GRRHIO,UR0975,UR0975,GRRHIO|UR0975
GRRHIO,UR0976,UR0976,GRRHIO|UR0976
GRRHIO,UR0977,UR0977,GRRHIO|UR0977
GRRHIO,UR0978,UR0978,GRRHIO|UR0978
GRRHIO,UR0979,UR0979,GRRHIO|UR0979
GRRHIO,UR0980,UR0980,GRRHIO|UR0980
GRRHIO,UR0981,UR0981,GRRHIO|UR0981
GRRHIO,UR0982,UR0982,GRRHIO|UR0982
GRRHIO,UR0983,UR0983,GRRHIO|UR0983
GRRHIO,UR0984,UR0984,GRRHIO|UR0984
GRRHIO,UR0985,UR0985,GRRHIO|UR0985
GRRHIO,UR0986,UR0986,GRRHIO|UR0986
GRRHIO,UR0987,UR0987,GRRHIO|UR0987
GRRHIO,UR0988,UR0988,GRRHIO|UR0988
GRRHIO,UR0989,UR0989,GRRHIO|UR0989
GRRHIO,UR0990,UR0990,GRRHIO|UR0990
GRRHIO,UR0991,UR0991,GRRHIO|UR0991
GRRHIO,UR0992,UR0992,GRRHIO|UR0992
GRRHIO,UR0993,UR0993,GRRHIO|UR0993
GRRHIO,UR0995,UR0995,GRRHIO|UR0995
GRRHIO,UR0996,UR0996,GRRHIO|UR0996
GRRHIO,UR0997,UR0997,GRRHIO|UR0997
GRRHIO,UR0998,UR0998,GRRHIO|UR0998
GRRHIO,UR0999,UR0999,GRRHIO|UR0999
GRRHIO,UR1000,UR1000,GRRHIO|UR1000
GRRHIO,UR1004,UR1004,GRRHIO|UR1004
GRRHIO,UR1005,UR1005,GRRHIO|UR1005
GRRHIO,UR1006,UR1006,GRRHIO|UR1006
GRRHIO,UR1008,UR1008,GRRHIO|UR1008
GRRHIO,UR1009,UR1009,GRRHIO|UR1009
GRRHIO,UR1010,UR1010,GRRHIO|UR1010
GRRHIO,UR1011,UR1011,GRRHIO|UR1011
GRRHIO,UR1012,UR1012,GRRHIO|UR1012
GRRHIO,UR1015,UR1015,GRRHIO|UR1015
GRRHIO,UR1016,UR1016,GRRHIO|UR1016
GRRHIO,UR1017,UR1017,GRRHIO|UR1017
GRRHIO,UR1018,UR1018,GRRHIO|UR1018
GRRHIO,UR1019,UR1019,GRRHIO|UR1019
GRRHIO,UR1021,UR1021,GRRHIO|UR1021
GRRHIO,UR1022,UR1022,GRRHIO|UR1022
GRRHIO,UR1023,UR1023,GRRHIO|UR1023
GRRHIO,UR1025,UR1025,GRRHIO|UR1025
GRRHIO,UR1026,UR1026,GRRHIO|UR1026
GRRHIO,UR1027,UR1027,GRRHIO|UR1027
GRRHIO,UR1028,UR1028,GRRHIO|UR1028
GRRHIO,UR1029,UR1029,GRRHIO|UR1029
GRRHIO,UR1030,UR1030,GRRHIO|UR1030
GRRHIO,UR1031,UR1031,GRRHIO|UR1031
GRRHIO,UR1033,UR1033,GRRHIO|UR1033
GRRHIO,UR1034,UR1034,GRRHIO|UR1034
GRRHIO,UR1036,UR1036,GRRHIO|UR1036
GRRHIO,UR1037,UR1037,GRRHIO|UR1037
GRRHIO,UR1042,UR1042,GRRHIO|UR1042
GRRHIO,UR1043,UR1043,GRRHIO|UR1043
GRRHIO,UR1044,UR1044,GRRHIO|UR1044
GRRHIO,UR1045,UR1045,GRRHIO|UR1045
GRRHIO,UR1046,UR1046,GRRHIO|UR1046
GRRHIO,UR1047,UR1047,GRRHIO|UR1047
GRRHIO,UR1048,UR1048,GRRHIO|UR1048
GRRHIO,UR1049,UR1049,GRRHIO|UR1049
GRRHIO,UR1050,UR1050,GRRHIO|UR1050
GRRHIO,UR1087,UR1087,GRRHIO|UR1087
GRRHIO,UR1088,UR1088,GRRHIO|UR1088
GRRHIO,UR1089,UR1089,GRRHIO|UR1089
GRRHIO,UR1090,UR1090,GRRHIO|UR1090
GRRHIO,UR1091,UR1091,GRRHIO|UR1091
GRRHIO,UR1092,UR1092,GRRHIO|UR1092
GRRHIO,UR1093,UR1093,GRRHIO|UR1093
GRRHIO,UR1094,UR1094,GRRHIO|UR1094
GRRHIO,UR1095,UR1095,GRRHIO|UR1095
GRRHIO,UR1096,UR1096,GRRHIO|UR1096
GRRHIO,UR1097,UR1097,GRRHIO|UR1097
GRRHIO,UR1098,UR1098,GRRHIO|UR1098
GRRHIO,UR1099,UR1099,GRRHIO|UR1099
GRRHIO,UR1100,UR1100,GRRHIO|UR1100
GRRHIO,UR1101,UR1101,GRRHIO|UR1101
GRRHIO,UR1102,UR1102,GRRHIO|UR1102
GRRHIO,UR1103,UR1103,GRRHIO|UR1103
GRRHIO,UR1104,UR1104,GRRHIO|UR1104
GRRHIO,UR1105,UR1105,GRRHIO|UR1105
GRRHIO,UR1106,UR1106,GRRHIO|UR1106
GRRHIO,UR1107,UR1107,GRRHIO|UR1107
GRRHIO,UR1108,UR1108,GRRHIO|UR1108
GRRHIO,UR1109,UR1109,GRRHIO|UR1109
GRRHIO,UR1110,UR1110,GRRHIO|UR1110
GRRHIO,UR1111,UR1111,GRRHIO|UR1111
GRRHIO,UR1112,UR1112,GRRHIO|UR1112
GRRHIO,UR1113,UR1113,GRRHIO|UR1113
GRRHIO,UR1114,UR1114,GRRHIO|UR1114
GRRHIO,UR1116,UR1116,GRRHIO|UR1116
GRRHIO,UR1118,UR1118,GRRHIO|UR1118
GRRHIO,UR1119,UR1119,GRRHIO|UR1119
GRRHIO,UR1120,UR1120,GRRHIO|UR1120
GRRHIO,UR1121,UR1121,GRRHIO|UR1121
GRRHIO,UR1122,UR1122,GRRHIO|UR1122
GRRHIO,UR1123,UR1123,GRRHIO|UR1123
GRRHIO,UR1124,UR1124,GRRHIO|UR1124
GRRHIO,UR1125,UR1125,GRRHIO|UR1125
GRRHIO,UR1126,UR1126,GRRHIO|UR1126
GRRHIO,UR1127,UR1127,GRRHIO|UR1127
GRRHIO,UR1130,UR1130,GRRHIO|UR1130
GRRHIO,UR1131,UR1131,GRRHIO|UR1131
GRRHIO,UR1132,UR1132,GRRHIO|UR1132
GRRHIO,UR1133,UR1133,GRRHIO|UR1133
GRRHIO,UR1134,UR1134,GRRHIO|UR1134
GRRHIO,UR1135,UR1135,GRRHIO|UR1135
GRRHIO,UR1136,UR1136,GRRHIO|UR1136
GRRHIO,UR1137,UR1137,GRRHIO|UR1137
GRRHIO,UR1138,UR1138,GRRHIO|UR1138
GRRHIO,UR1139,UR1139,GRRHIO|UR1139
GRRHIO,UR1140,UR1140,GRRHIO|UR1140
GRRHIO,UR1141,UR1141,GRRHIO|UR1141
GRRHIO,UR1142,UR1142,GRRHIO|UR1142
GRRHIO,UR1143,UR1143,GRRHIO|UR1143
GRRHIO,UR1144,UR1144,GRRHIO|UR1144
GRRHIO,UR1145,UR1145,GRRHIO|UR1145
GRRHIO,UR1146,UR1146,GRRHIO|UR1146
GRRHIO,UR1147,UR1147,GRRHIO|UR1147
GRRHIO,UR1148,UR1148,GRRHIO|UR1148
GRRHIO,UR1149,UR1149,GRRHIO|UR1149
GRRHIO,UR1150,UR1150,GRRHIO|UR1150
GRRHIO,UR1151,UR1151,GRRHIO|UR1151
GRRHIO,UR1152,UR1152,GRRHIO|UR1152
GRRHIO,UR1153,UR1153,GRRHIO|UR1153
GRRHIO,UR1154,UR1154,GRRHIO|UR1154
GRRHIO,UR1155,UR1155,GRRHIO|UR1155
GRRHIO,UR1156,UR1156,GRRHIO|UR1156
GRRHIO,UR1157,UR1157,GRRHIO|UR1157
GRRHIO,UR1158,UR1158,GRRHIO|UR1158
GRRHIO,UR1159,UR1159,GRRHIO|UR1159
GRRHIO,UR1160,UR1160,GRRHIO|UR1160
GRRHIO,UR1161,UR1161,GRRHIO|UR1161
GRRHIO,UR1162,UR1162,GRRHIO|UR1162
GRRHIO,UR1163,UR1163,GRRHIO|UR1163
GRRHIO,UR1164,UR1164,GRRHIO|UR1164
GRRHIO,UR1165,UR1165,GRRHIO|UR1165
GRRHIO,UR1166,UR1166,GRRHIO|UR1166
GRRHIO,UR1167,UR1167,GRRHIO|UR1167
GRRHIO,UR1168,UR1168,GRRHIO|UR1168
GRRHIO,UR1169,UR1169,GRRHIO|UR1169
GRRHIO,UR1170,UR1170,GRRHIO|UR1170
GRRHIO,UR1171,UR1171,GRRHIO|UR1171
GRRHIO,UR1172,UR1172,GRRHIO|UR1172
GRRHIO,UR1173,UR1173,GRRHIO|UR1173
GRRHIO,UR1174,UR1174,GRRHIO|UR1174
GRRHIO,UR1175,UR1175,GRRHIO|UR1175
GRRHIO,UR1176,UR1176,GRRHIO|UR1176
GRRHIO,UR1177,UR1177,GRRHIO|UR1177
GRRHIO,UR1178,UR1178,GRRHIO|UR1178
GRRHIO,UR1179,UR1179,GRRHIO|UR1179
GRRHIO,UR1180,UR1180,GRRHIO|UR1180
GRRHIO,UR1181,UR1181,GRRHIO|UR1181
GRRHIO,UR1182,UR1182,GRRHIO|UR1182
GRRHIO,UR1183,UR1183,GRRHIO|UR1183
GRRHIO,UR1184,UR1184,GRRHIO|UR1184
GRRHIO,UR1185,UR1185,GRRHIO|UR1185
GRRHIO,UR1186,UR1186,GRRHIO|UR1186
GRRHIO,UR1187,UR1187,GRRHIO|UR1187
GRRHIO,UR1188,UR1188,GRRHIO|UR1188
GRRHIO,UR1189,UR1189,GRRHIO|UR1189
GRRHIO,UR1190,UR1190,GRRHIO|UR1190
GRRHIO,UR1191,UR1191,GRRHIO|UR1191
GRRHIO,UR1192,UR1192,GRRHIO|UR1192
GRRHIO,UR1193,UR1193,GRRHIO|UR1193
GRRHIO,UR1194,UR1194,GRRHIO|UR1194
GRRHIO,UR1195,UR1195,GRRHIO|UR1195
GRRHIO,UR1196,UR1196,GRRHIO|UR1196
GRRHIO,UR1197,UR1197,GRRHIO|UR1197
GRRHIO,UR1198,UR1198,GRRHIO|UR1198
GRRHIO,UR1199,UR1199,GRRHIO|UR1199
GRRHIO,UR1200,UR1200,GRRHIO|UR1200
GRRHIO,UR1201,UR1201,GRRHIO|UR1201
GRRHIO,UR1202,UR1202,GRRHIO|UR1202
GRRHIO,UR1203,UR1203,GRRHIO|UR1203
GRRHIO,UR1204,UR1204,GRRHIO|UR1204
GRRHIO,UR1205,UR1205,GRRHIO|UR1205
GRRHIO,UR1206,UR1206,GRRHIO|UR1206
GRRHIO,UR1207,UR1207,GRRHIO|UR1207
GRRHIO,UR1208,UR1208,GRRHIO|UR1208
GRRHIO,UR1209,UR1209,GRRHIO|UR1209
GRRHIO,UR1210,UR1210,GRRHIO|UR1210
GRRHIO,UR1212,UR1212,GRRHIO|UR1212
GRRHIO,UR1216,UR1216,GRRHIO|UR1216
GRRHIO,UR1218,UR1218,GRRHIO|UR1218
GRRHIO,UR1219,UR1219,GRRHIO|UR1219
GRRHIO,UR1220,UR1220,GRRHIO|UR1220
GRRHIO,UR1221,UR1221,GRRHIO|UR1221
GRRHIO,UR1222,UR1222,GRRHIO|UR1222
GRRHIO,UR1223,UR1223,GRRHIO|UR1223
GRRHIO,UR1224,UR1224,GRRHIO|UR1224
GRRHIO,UR1226,UR1226,GRRHIO|UR1226
GRRHIO,UR1227,UR1227,GRRHIO|UR1227
GRRHIO,UR1231,UR1231,GRRHIO|UR1231
GRRHIO,UR1233,UR1233,GRRHIO|UR1233
GRRHIO,UR1240,UR1240,GRRHIO|UR1240
GRRHIO,UR1243,UR1243,GRRHIO|UR1243
GRRHIO,UR1244,UR1244,GRRHIO|UR1244
GRRHIO,UR1248,UR1248,GRRHIO|UR1248
GRRHIO,UR1251,UR1251,GRRHIO|UR1251
GRRHIO,UR1253,UR1253,GRRHIO|UR1253
GRRHIO,UR1254,UR1254,GRRHIO|UR1254
GRRHIO,UR1255,UR1255,GRRHIO|UR1255
GRRHIO,UR1258,UR1258,GRRHIO|UR1258
GRRHIO,UR1263,UR1263,GRRHIO|UR1263
GRRHIO,UR1266,UR1266,GRRHIO|UR1266
GRRHIO,UR1268,UR1268,GRRHIO|UR1268
GRRHIO,UR1270,UR1270,GRRHIO|UR1270
GRRHIO,UR1276,UR1276,GRRHIO|UR1276
GRRHIO,UR1277,UR1277,GRRHIO|UR1277
GRRHIO,UR1283,UR1283,GRRHIO|UR1283
GRRHIO,UR1286,UR1286,GRRHIO|UR1286
GRRHIO,UR1289,UR1289,GRRHIO|UR1289
GRRHIO,UR1293,UR1293,GRRHIO|UR1293
GRRHIO,UR1295,UR1295,GRRHIO|UR1295
GRRHIO,UR1299,UR1299,GRRHIO|UR1299
GRRHIO,UR1304,UR1304,GRRHIO|UR1304
GRRHIO,UR1309,UR1309,GRRHIO|UR1309
GRRHIO,UR1312,UR1312,GRRHIO|UR1312
GRRHIO,UR1314,UR1314,GRRHIO|UR1314
GRRHIO,UR1316,UR1316,GRRHIO|UR1316
GRRHIO,UR1317,UR1317,GRRHIO|UR1317
GRRHIO,UR1320,UR1320,GRRHIO|UR1320
GRRHIO,UR1321,UR1321,GRRHIO|UR1321
GRRHIO,UR1322,UR1322,GRRHIO|UR1322
GRRHIO,UR1324,UR1324,GRRHIO|UR1324
GRRHIO,UR1325,UR1325,GRRHIO|UR1325
GRRHIO,UR1330,UR1330,GRRHIO|UR1330
GRRHIO,UR1332,UR1332,GRRHIO|UR1332
GRRHIO,UR1339,UR1339,GRRHIO|UR1339
GRRHIO,UR1341,UR1341,GRRHIO|UR1341
GRRHIO,UR1342,UR1342,GRRHIO|UR1342
GRRHIO,UR1346,UR1346,GRRHIO|UR1346
GRRHIO,UR1347,UR1347,GRRHIO|UR1347
GRRHIO,UR1348,UR1348,GRRHIO|UR1348
GRRHIO,UR1349,UR1349,GRRHIO|UR1349
GRRHIO,UR1350,UR1350,GRRHIO|UR1350
GRRHIO,UR1351,UR1351,GRRHIO|UR1351
GRRHIO,UR1352,UR1352,GRRHIO|UR1352
GRRHIO,UR1353,UR1353,GRRHIO|UR1353
GRRHIO,UR1354,UR1354,GRRHIO|UR1354
GRRHIO,UR1355,UR1355,GRRHIO|UR1355
GRRHIO,UR1356,UR1356,GRRHIO|UR1356
GRRHIO,UR1361,UR1361,GRRHIO|UR1361
GRRHIO,UR1366,UR1366,GRRHIO|UR1366
GRRHIO,UR1369,UR1369,GRRHIO|UR1369
GRRHIO,UR1372,UR1372,GRRHIO|UR1372
GRRHIO,UR1375,UR1375,GRRHIO|UR1375
GRRHIO,UR1376,UR1376,GRRHIO|UR1376
GRRHIO,UR1380,UR1380,GRRHIO|UR1380
GRRHIO,UR1382,UR1382,GRRHIO|UR1382
GRRHIO,UR1383,UR1383,GRRHIO|UR1383
GRRHIO,UR1384,UR1384,GRRHIO|UR1384
GRRHIO,UR1390,UR1390,GRRHIO|UR1390
GRRHIO,UR1391,UR1391,GRRHIO|UR1391
GRRHIO,UR1394,UR1394,GRRHIO|UR1394
GRRHIO,UR1395,UR1395,GRRHIO|UR1395
GRRHIO,UR1397,UR1397,GRRHIO|UR1397
GRRHIO,UR1400,UR1400,GRRHIO|UR1400
GRRHIO,UR1403,UR1403,GRRHIO|UR1403
GRRHIO,UR1410,UR1410,GRRHIO|UR1410
GRRHIO,UR1413,UR1413,GRRHIO|UR1413
GRRHIO,UR1414,UR1414,GRRHIO|UR1414
GRRHIO,UR1416,UR1416,GRRHIO|UR1416
GRRHIO,UR1417,UR1417,GRRHIO|UR1417
GRRHIO,UR1423,UR1423,GRRHIO|UR1423
GRRHIO,UR1425,UR1425,GRRHIO|UR1425
GRRHIO,UR1427,UR1427,GRRHIO|UR1427
GRRHIO,UR1429,UR1429,GRRHIO|UR1429
GRRHIO,UR1431,UR1431,GRRHIO|UR1431
GRRHIO,UR1434,UR1434,GRRHIO|UR1434
GRRHIO,UR1437,UR1437,GRRHIO|UR1437
GRRHIO,UR1438,UR1438,GRRHIO|UR1438
GRRHIO,UR1439,UR1439,GRRHIO|UR1439
GRRHIO,UR1440,UR1440,GRRHIO|UR1440
GRRHIO,UR1443,UR1443,GRRHIO|UR1443
GRRHIO,UR1446,UR1446,GRRHIO|UR1446
GRRHIO,UR1448,UR1448,GRRHIO|UR1448
GRRHIO,UR1449,UR1449,GRRHIO|UR1449
GRRHIO,UR1452,UR1452,GRRHIO|UR1452
GRRHIO,UR1453,UR1453,GRRHIO|UR1453
GRRHIO,UR1459,UR1459,GRRHIO|UR1459
GRRHIO,UR1461,UR1461,GRRHIO|UR1461
GRRHIO,UR1466,UR1466,GRRHIO|UR1466
GRRHIO,UR1467,UR1467,GRRHIO|UR1467
GRRHIO,UR1468,UR1468,GRRHIO|UR1468
GRRHIO,UR1469,UR1469,GRRHIO|UR1469
GRRHIO,UR1474,UR1474,GRRHIO|UR1474
GRRHIO,UR1475,UR1475,GRRHIO|UR1475
GRRHIO,UR1478,UR1478,GRRHIO|UR1478
GRRHIO,UR1480,UR1480,GRRHIO|UR1480
GRRHIO,UR1482,UR1482,GRRHIO|UR1482
GRRHIO,UR1485,UR1485,GRRHIO|UR1485
GRRHIO,UR1486,UR1486,GRRHIO|UR1486
GRRHIO,UR1487,UR1487,GRRHIO|UR1487
GRRHIO,UR1489,UR1489,GRRHIO|UR1489
GRRHIO,UR1490,UR1490,GRRHIO|UR1490
GRRHIO,UR1491,UR1491,GRRHIO|UR1491
GRRHIO,UR1492,UR1492,GRRHIO|UR1492
GRRHIO,UR1493,UR1493,GRRHIO|UR1493
GRRHIO,UR1494,UR1494,GRRHIO|UR1494
GRRHIO,UR1495,UR1495,GRRHIO|UR1495
GRRHIO,UR1497,UR1497,GRRHIO|UR1497
GRRHIO,UR1498,UR1498,GRRHIO|UR1498
GRRHIO,UR1499,UR1499,GRRHIO|UR1499
GRRHIO,UR1500,UR1500,GRRHIO|UR1500
GRRHIO,UR1501,UR1501,GRRHIO|UR1501
GRRHIO,UR1502,UR1502,GRRHIO|UR1502
GRRHIO,UR1507,UR1507,GRRHIO|UR1507
GRRHIO,UR1512,UR1512,GRRHIO|UR1512
GRRHIO,UR1515,UR1515,GRRHIO|UR1515
GRRHIO,UR1516,UR1516,GRRHIO|UR1516
GRRHIO,UR1518,UR1518,GRRHIO|UR1518
GRRHIO,UR1521,UR1521,GRRHIO|UR1521
GRRHIO,UR1522,UR1522,GRRHIO|UR1522
GRRHIO,UR1523,UR1523,GRRHIO|UR1523
GRRHIO,UR1524,UR1524,GRRHIO|UR1524
GRRHIO,UR1526,UR1526,GRRHIO|UR1526
GRRHIO,UR1527,UR1527,GRRHIO|UR1527
GRRHIO,UR1528,UR1528,GRRHIO|UR1528
GRRHIO,UR1529,UR1529,GRRHIO|UR1529
GRRHIO,UR1530,UR1530,GRRHIO|UR1530
GRRHIO,UR1533,UR1533,GRRHIO|UR1533
GRRHIO,UR1535,UR1535,GRRHIO|UR1535
GRRHIO,UR1536,UR1536,GRRHIO|UR1536
GRRHIO,UR1537,UR1537,GRRHIO|UR1537
GRRHIO,UR1538,UR1538,GRRHIO|UR1538
GRRHIO,UR1539,UR1539,GRRHIO|UR1539
GRRHIO,UR1543,UR1543,GRRHIO|UR1543
GRRHIO,UR1544,UR1544,GRRHIO|UR1544
GRRHIO,UR1546,UR1546,GRRHIO|UR1546
GRRHIO,UR1547,UR1547,GRRHIO|UR1547
GRRHIO,UR1548,UR1548,GRRHIO|UR1548
GRRHIO,UR1549,UR1549,GRRHIO|UR1549
GRRHIO,UR1550,UR1550,GRRHIO|UR1550
GRRHIO,UR1551,UR1551,GRRHIO|UR1551
GRRHIO,UR1552,UR1552,GRRHIO|UR1552
GRRHIO,UR1553,UR1553,GRRHIO|UR1553
GRRHIO,UR1555,UR1555,GRRHIO|UR1555
GRRHIO,UR1560,UR1560,GRRHIO|UR1560
GRRHIO,UR1561,UR1561,GRRHIO|UR1561
GRRHIO,UR1562,UR1562,GRRHIO|UR1562
GRRHIO,UR1564,UR1564,GRRHIO|UR1564
GRRHIO,UR1565,UR1565,GRRHIO|UR1565
GRRHIO,UR1566,UR1566,GRRHIO|UR1566
GRRHIO,UR1567,UR1567,GRRHIO|UR1567
GRRHIO,UR1568,UR1568,GRRHIO|UR1568
GRRHIO,UR1569,UR1569,GRRHIO|UR1569
GRRHIO,UR1570,UR1570,GRRHIO|UR1570
GRRHIO,UR1571,UR1571,GRRHIO|UR1571
GRRHIO,UR1572,UR1572,GRRHIO|UR1572
GRRHIO,UR1573,UR1573,GRRHIO|UR1573
GRRHIO,UR1574,UR1574,GRRHIO|UR1574
GRRHIO,UR1575,UR1575,GRRHIO|UR1575
GRRHIO,UR1576,UR1576,GRRHIO|UR1576
GRRHIO,UR1577,UR1577,GRRHIO|UR1577
GRRHIO,UR1578,UR1578,GRRHIO|UR1578
GRRHIO,UR1580,UR1580,GRRHIO|UR1580
GRRHIO,UR1583,UR1583,GRRHIO|UR1583
GRRHIO,UR1584,UR1584,GRRHIO|UR1584
GRRHIO,UR1586,UR1586,GRRHIO|UR1586
GRRHIO,UR1587,UR1587,GRRHIO|UR1587
GRRHIO,UR1588,UR1588,GRRHIO|UR1588
GRRHIO,UR1589,UR1589,GRRHIO|UR1589
GRRHIO,UR1590,UR1590,GRRHIO|UR1590
GRRHIO,UR1591,UR1591,GRRHIO|UR1591
GRRHIO,UR1593,UR1593,GRRHIO|UR1593
GRRHIO,UR1594,UR1594,GRRHIO|UR1594
GRRHIO,UR1596,UR1596,GRRHIO|UR1596
GRRHIO,UR1600,UR1600,GRRHIO|UR1600
GRRHIO,UR1601,UR1601,GRRHIO|UR1601
GRRHIO,UR1602,UR1602,GRRHIO|UR1602
GRRHIO,UR1603,UR1603,GRRHIO|UR1603
GRRHIO,UR1604,UR1604,GRRHIO|UR1604
GRRHIO,UR1605,UR1605,GRRHIO|UR1605
GRRHIO,UR1606,UR1606,GRRHIO|UR1606
GRRHIO,UR1608,UR1608,GRRHIO|UR1608
GRRHIO,UR1610,UR1610,GRRHIO|UR1610
GRRHIO,UR1611,UR1611,GRRHIO|UR1611
GRRHIO,UR1612,UR1612,GRRHIO|UR1612
GRRHIO,UR1613,UR1613,GRRHIO|UR1613
GRRHIO,UR1614,UR1614,GRRHIO|UR1614
GRRHIO,UR1615,UR1615,GRRHIO|UR1615
GRRHIO,UR1616,UR1616,GRRHIO|UR1616
GRRHIO,UR1617,UR1617,GRRHIO|UR1617
GRRHIO,UR1618,UR1618,GRRHIO|UR1618
GRRHIO,UR1619,UR1619,GRRHIO|UR1619
GRRHIO,UR1620,UR1620,GRRHIO|UR1620
GRRHIO,UR1621,UR1621,GRRHIO|UR1621
GRRHIO,UR1622,UR1622,GRRHIO|UR1622
GRRHIO,UR1623,UR1623,GRRHIO|UR1623
GRRHIO,UR1624,UR1624,GRRHIO|UR1624
GRRHIO,UR1625,UR1625,GRRHIO|UR1625
GRRHIO,UR1627,UR1627,GRRHIO|UR1627
GRRHIO,UR1628,UR1628,GRRHIO|UR1628
GRRHIO,UR1629,UR1629,GRRHIO|UR1629
GRRHIO,UR1630,UR1630,GRRHIO|UR1630
GRRHIO,UR1643,UR1643,GRRHIO|UR1643
GRRHIO,UR1644,UR1644,GRRHIO|UR1644
GRRHIO,UR1645,UR1645,GRRHIO|UR1645
GRRHIO,UR1646,UR1646,GRRHIO|UR1646
GRRHIO,UR1648,UR1648,GRRHIO|UR1648
GRRHIO,UR1649,UR1649,GRRHIO|UR1649
GRRHIO,UR1650,UR1650,GRRHIO|UR1650
GRRHIO,UR1651,UR1651,GRRHIO|UR1651
GRRHIO,UR1652,UR1652,GRRHIO|UR1652
GRRHIO,UR1653,UR1653,GRRHIO|UR1653
GRRHIO,UR1654,UR1654,GRRHIO|UR1654
GRRHIO,UR1655,UR1655,GRRHIO|UR1655
GRRHIO,UR1656,UR1656,GRRHIO|UR1656
GRRHIO,UR1657,UR1657,GRRHIO|UR1657
GRRHIO,UR1659,UR1659,GRRHIO|UR1659
GRRHIO,UR1660,UR1660,GRRHIO|UR1660
GRRHIO,UR1661,UR1661,GRRHIO|UR1661
GRRHIO,UR1662,UR1662,GRRHIO|UR1662
GRRHIO,UR1663,UR1663,GRRHIO|UR1663
GRRHIO,UR1664,UR1664,GRRHIO|UR1664
GRRHIO,UR1665,UR1665,GRRHIO|UR1665
GRRHIO,UR1666,UR1666,GRRHIO|UR1666
GRRHIO,UR1667,UR1667,GRRHIO|UR1667
GRRHIO,UR1668,UR1668,GRRHIO|UR1668
GRRHIO,UR1669,UR1669,GRRHIO|UR1669
GRRHIO,UR1670,UR1670,GRRHIO|UR1670
GRRHIO,UR1671,UR1671,GRRHIO|UR1671
GRRHIO,UR1672,UR1672,GRRHIO|UR1672
GRRHIO,UR1673,UR1673,GRRHIO|UR1673
GRRHIO,UR1674,UR1674,GRRHIO|UR1674
GRRHIO,UR1675,UR1675,GRRHIO|UR1675
GRRHIO,UR1676,UR1676,GRRHIO|UR1676
GRRHIO,UR1677,UR1677,GRRHIO|UR1677
GRRHIO,UR1678,UR1678,GRRHIO|UR1678
GRRHIO,UR1679,UR1679,GRRHIO|UR1679
GRRHIO,UR1680,UR1680,GRRHIO|UR1680
GRRHIO,UR1682,UR1682,GRRHIO|UR1682
GRRHIO,UR1683,UR1683,GRRHIO|UR1683
GRRHIO,UR1684,UR1684,GRRHIO|UR1684
GRRHIO,UR1686,UR1686,GRRHIO|UR1686
GRRHIO,UR1689,UR1689,GRRHIO|UR1689
GRRHIO,UR1690,UR1690,GRRHIO|UR1690
GRRHIO,UR1692,UR1692,GRRHIO|UR1692
GRRHIO,UR1693,UR1693,GRRHIO|UR1693
GRRHIO,UR1696,UR1696,GRRHIO|UR1696
GRRHIO,UR1697,UR1697,GRRHIO|UR1697
GRRHIO,UR1698,UR1698,GRRHIO|UR1698
GRRHIO,UR1699,UR1699,GRRHIO|UR1699
GRRHIO,UR1700,UR1700,GRRHIO|UR1700
GRRHIO,UR1701,UR1701,GRRHIO|UR1701
GRRHIO,UR1702,UR1702,GRRHIO|UR1702
GRRHIO,UR1703,UR1703,GRRHIO|UR1703
GRRHIO,UR1704,UR1704,GRRHIO|UR1704
GRRHIO,UR1705,UR1705,GRRHIO|UR1705
GRRHIO,UR1706,UR1706,GRRHIO|UR1706
GRRHIO,UR1707,UR1707,GRRHIO|UR1707
GRRHIO,UR1708,UR1708,GRRHIO|UR1708
GRRHIO,UR1709,UR1709,GRRHIO|UR1709
GRRHIO,UR1711,UR1711,GRRHIO|UR1711
GRRHIO,UR1712,UR1712,GRRHIO|UR1712
GRRHIO,UR1713,UR1713,GRRHIO|UR1713
GRRHIO,UR1714,UR1714,GRRHIO|UR1714
GRRHIO,UR1715,UR1715,GRRHIO|UR1715
GRRHIO,UR1716,UR1716,GRRHIO|UR1716
GRRHIO,UR1717,UR1717,GRRHIO|UR1717
GRRHIO,UR1718,UR1718,GRRHIO|UR1718
GRRHIO,UR1720,UR1720,GRRHIO|UR1720
GRRHIO,UR1721,UR1721,GRRHIO|UR1721
GRRHIO,UR1722,UR1722,GRRHIO|UR1722
GRRHIO,UR1723,UR1723,GRRHIO|UR1723
GRRHIO,UR1724,UR1724,GRRHIO|UR1724
GRRHIO,UR1725,UR1725,GRRHIO|UR1725
GRRHIO,UR1726,UR1726,GRRHIO|UR1726
GRRHIO,UR1727,UR1727,GRRHIO|UR1727
GRRHIO,UR1728,UR1728,GRRHIO|UR1728
GRRHIO,UR1729,UR1729,GRRHIO|UR1729
GRRHIO,UR1730,UR1730,GRRHIO|UR1730
GRRHIO,UR1731,UR1731,GRRHIO|UR1731
GRRHIO,UR1732,UR1732,GRRHIO|UR1732
GRRHIO,UR1733,UR1733,GRRHIO|UR1733
GRRHIO,UR1734,UR1734,GRRHIO|UR1734
GRRHIO,UR1735,UR1735,GRRHIO|UR1735
GRRHIO,UR1736,UR1736,GRRHIO|UR1736
GRRHIO,UR1737,UR1737,GRRHIO|UR1737
GRRHIO,UR1738,UR1738,GRRHIO|UR1738
GRRHIO,UR1739,UR1739,GRRHIO|UR1739
GRRHIO,UR1740,UR1740,GRRHIO|UR1740
GRRHIO,UR1742,UR1742,GRRHIO|UR1742
GRRHIO,UR1743,UR1743,GRRHIO|UR1743
GRRHIO,UR1744,UR1744,GRRHIO|UR1744
GRRHIO,UR1745,UR1745,GRRHIO|UR1745
GRRHIO,UR1746,UR1746,GRRHIO|UR1746
GRRHIO,UR1747,UR1747,GRRHIO|UR1747
GRRHIO,UR1748,UR1748,GRRHIO|UR1748
GRRHIO,UR1749,UR1749,GRRHIO|UR1749
GRRHIO,UR1750,UR1750,GRRHIO|UR1750
GRRHIO,UR1751,UR1751,GRRHIO|UR1751
GRRHIO,UR1752,UR1752,GRRHIO|UR1752
GRRHIO,UR1754,UR1754,GRRHIO|UR1754
GRRHIO,UR1755,UR1755,GRRHIO|UR1755
GRRHIO,UR1756,UR1756,GRRHIO|UR1756
GRRHIO,UR1757,UR1757,GRRHIO|UR1757
GRRHIO,UR1758,UR1758,GRRHIO|UR1758
GRRHIO,UR1759,UR1759,GRRHIO|UR1759
GRRHIO,UR1760,UR1760,GRRHIO|UR1760
GRRHIO,UR1761,UR1761,GRRHIO|UR1761
GRRHIO,UR1762,UR1762,GRRHIO|UR1762
GRRHIO,UR1763,UR1763,GRRHIO|UR1763
GRRHIO,UR1764,UR1764,GRRHIO|UR1764
GRRHIO,UR1765,UR1765,GRRHIO|UR1765
GRRHIO,UR1766,UR1766,GRRHIO|UR1766
GRRHIO,UR1767,UR1767,GRRHIO|UR1767
GRRHIO,UR1768,UR1768,GRRHIO|UR1768
GRRHIO,UR1769,UR1769,GRRHIO|UR1769
GRRHIO,UR1770,UR1770,GRRHIO|UR1770
GRRHIO,UR1771,UR1771,GRRHIO|UR1771
GRRHIO,UR1772,UR1772,GRRHIO|UR1772
GRRHIO,UR1773,UR1773,GRRHIO|UR1773
GRRHIO,UR1774,UR1774,GRRHIO|UR1774
GRRHIO,UR1775,UR1775,GRRHIO|UR1775
GRRHIO,UR1776,UR1776,GRRHIO|UR1776
GRRHIO,UR1777,UR1777,GRRHIO|UR1777
GRRHIO,UR1778,UR1778,GRRHIO|UR1778
GRRHIO,UR1779,UR1779,GRRHIO|UR1779
GRRHIO,UR1780,UR1780,GRRHIO|UR1780
GRRHIO,UR1782,UR1782,GRRHIO|UR1782
GRRHIO,UR1783,UR1783,GRRHIO|UR1783
GRRHIO,UR1784,UR1784,GRRHIO|UR1784
GRRHIO,UR1785,UR1785,GRRHIO|UR1785
GRRHIO,UR1786,UR1786,GRRHIO|UR1786
GRRHIO,UR1787,UR1787,GRRHIO|UR1787
GRRHIO,UR1788,UR1788,GRRHIO|UR1788
GRRHIO,UR1789,UR1789,GRRHIO|UR1789
GRRHIO,UR1790,UR1790,GRRHIO|UR1790
GRRHIO,UR1791,UR1791,GRRHIO|UR1791
GRRHIO,UR1792,UR1792,GRRHIO|UR1792
GRRHIO,UR1794,UR1794,GRRHIO|UR1794
GRRHIO,UR1795,UR1795,GRRHIO|UR1795
GRRHIO,UR1796,UR1796,GRRHIO|UR1796
GRRHIO,UR1797,UR1797,GRRHIO|UR1797
GRRHIO,UR1798,UR1798,GRRHIO|UR1798
GRRHIO,UR1800,UR1800,GRRHIO|UR1800
GRRHIO,UR1801,UR1801,GRRHIO|UR1801
GRRHIO,UR1802,UR1802,GRRHIO|UR1802
GRRHIO,UR1803,UR1803,GRRHIO|UR1803
GRRHIO,UR1804,UR1804,GRRHIO|UR1804
GRRHIO,UR1805,UR1805,GRRHIO|UR1805
GRRHIO,UR1806,UR1806,GRRHIO|UR1806
GRRHIO,UR1807,UR1807,GRRHIO|UR1807
GRRHIO,UR1811,UR1811,GRRHIO|UR1811
GRRHIO,UR1812,UR1812,GRRHIO|UR1812
GRRHIO,UR1813,UR1813,GRRHIO|UR1813
GRRHIO,UR1815,UR1815,GRRHIO|UR1815
GRRHIO,UR1816,UR1816,GRRHIO|UR1816
GRRHIO,UR1818,UR1818,GRRHIO|UR1818
GRRHIO,UR1820,UR1820,GRRHIO|UR1820
GRRHIO,UR1822,UR1822,GRRHIO|UR1822
GRRHIO,UR1823,UR1823,GRRHIO|UR1823
GRRHIO,UR1824,UR1824,GRRHIO|UR1824
GRRHIO,UR1825,UR1825,GRRHIO|UR1825
GRRHIO,UR1826,UR1826,GRRHIO|UR1826
GRRHIO,UR1830,UR1830,GRRHIO|UR1830
GRRHIO,UR1831,UR1831,GRRHIO|UR1831
GRRHIO,UR1832,UR1832,GRRHIO|UR1832
GRRHIO,UR1833,UR1833,GRRHIO|UR1833
GRRHIO,UR1838,UR1838,GRRHIO|UR1838
GRRHIO,UR1841,UR1841,GRRHIO|UR1841
GRRHIO,UR1845,UR1845,GRRHIO|UR1845
GRRHIO,UR1846,UR1846,GRRHIO|UR1846
GRRHIO,UR1847,UR1847,GRRHIO|UR1847
GRRHIO,UR1848,UR1848,GRRHIO|UR1848
GRRHIO,UR1858,UR1858,GRRHIO|UR1858
GRRHIO,UR1862,UR1862,GRRHIO|UR1862
GRRHIO,UR1864,UR1864,GRRHIO|UR1864
GRRHIO,UR1866,UR1866,GRRHIO|UR1866
GRRHIO,UR1869,UR1869,GRRHIO|UR1869
GRRHIO,UR1871,UR1871,GRRHIO|UR1871
GRRHIO,UR1878,UR1878,GRRHIO|UR1878
GRRHIO,UR1879,UR1879,GRRHIO|UR1879
GRRHIO,UR1883,UR1883,GRRHIO|UR1883
GRRHIO,UR1884,UR1884,GRRHIO|UR1884
GRRHIO,UR1896,UR1896,GRRHIO|UR1896
GRRHIO,UR1899,UR1899,GRRHIO|UR1899
GRRHIO,UR1903,UR1903,GRRHIO|UR1903
GRRHIO,UR1904,UR1904,GRRHIO|UR1904
GRRHIO,UR1912,UR1912,GRRHIO|UR1912
GRRHIO,UR1915,UR1915,GRRHIO|UR1915
GRRHIO,UR1927,UR1927,GRRHIO|UR1927
GRRHIO,UR1930,UR1930,GRRHIO|UR1930
GRRHIO,UR1931,UR1931,GRRHIO|UR1931
GRRHIO,UR1933,UR1933,GRRHIO|UR1933
GRRHIO,UR1934,UR1934,GRRHIO|UR1934
GRRHIO,UR1935,UR1935,GRRHIO|UR1935
GRRHIO,UR1936,UR1936,GRRHIO|UR1936
GRRHIO,UR1937,UR1937,GRRHIO|UR1937
GRRHIO,UR1938,UR1938,GRRHIO|UR1938
GRRHIO,UR1939,UR1939,GRRHIO|UR1939
GRRHIO,UR1940,UR1940,GRRHIO|UR1940
GRRHIO,UR1941,UR1941,GRRHIO|UR1941
GRRHIO,UR1942,UR1942,GRRHIO|UR1942
GRRHIO,UR1943,UR1943,GRRHIO|UR1943
GRRHIO,UR1944,UR1944,GRRHIO|UR1944
GRRHIO,UR1945,UR1945,GRRHIO|UR1945
GRRHIO,UR1946,UR1946,GRRHIO|UR1946
GRRHIO,UR1947,UR1947,GRRHIO|UR1947
GRRHIO,UR1948,UR1948,GRRHIO|UR1948
GRRHIO,UR1949,UR1949,GRRHIO|UR1949
GRRHIO,UR1950,UR1950,GRRHIO|UR1950
GRRHIO,UR1951,UR1951,GRRHIO|UR1951
GRRHIO,UR1952,UR1952,GRRHIO|UR1952
GRRHIO,UR1955,UR1955,GRRHIO|UR1955
GRRHIO,UR1957,UR1957,GRRHIO|UR1957
GRRHIO,UR1958,UR1958,GRRHIO|UR1958
GRRHIO,UR1959,UR1959,GRRHIO|UR1959
GRRHIO,UR1960,UR1960,GRRHIO|UR1960
GRRHIO,UR1961,UR1961,GRRHIO|UR1961
GRRHIO,UR1962,UR1962,GRRHIO|UR1962
GRRHIO,UR1963,UR1963,GRRHIO|UR1963
GRRHIO,UR1964,UR1964,GRRHIO|UR1964
GRRHIO,UR1965,UR1965,GRRHIO|UR1965
GRRHIO,UR1966,UR1966,GRRHIO|UR1966
GRRHIO,UR1967,UR1967,GRRHIO|UR1967
GRRHIO,UR1968,UR1968,GRRHIO|UR1968
GRRHIO,UR1969,UR1969,GRRHIO|UR1969
GRRHIO,UR1970,UR1970,GRRHIO|UR1970
GRRHIO,UR1971,UR1971,GRRHIO|UR1971
GRRHIO,UR1979,UR1979,GRRHIO|UR1979
GRRHIO,UR1980,UR1980,GRRHIO|UR1980
GRRHIO,UR1981,UR1981,GRRHIO|UR1981
GRRHIO,UR1982,UR1982,GRRHIO|UR1982
GRRHIO,UR1983,UR1983,GRRHIO|UR1983
GRRHIO,UR1984,UR1984,GRRHIO|UR1984
GRRHIO,UR1985,UR1985,GRRHIO|UR1985
GRRHIO,UR1986,UR1986,GRRHIO|UR1986
GRRHIO,UR1987,UR1987,GRRHIO|UR1987
GRRHIO,UR1988,UR1988,GRRHIO|UR1988
GRRHIO,UR1989,UR1989,GRRHIO|UR1989
GRRHIO,UR1990,UR1990,GRRHIO|UR1990
GRRHIO,UR1991,UR1991,GRRHIO|UR1991
GRRHIO,UR1992,UR1992,GRRHIO|UR1992
GRRHIO,UR1993,UR1993,GRRHIO|UR1993
GRRHIO,UR1994,UR1994,GRRHIO|UR1994
GRRHIO,UR1995,UR1995,GRRHIO|UR1995
GRRHIO,UR1996,UR1996,GRRHIO|UR1996
GRRHIO,UR1997,UR1997,GRRHIO|UR1997
GRRHIO,UR1998,UR1998,GRRHIO|UR1998
GRRHIO,UR1999,UR1999,GRRHIO|UR1999
GRRHIO,UR2000,UR2000,GRRHIO|UR2000
GRRHIO,UR2001,UR2001,GRRHIO|UR2001
GRRHIO,UR2002,UR2002,GRRHIO|UR2002
GRRHIO,UR2003,UR2003,GRRHIO|UR2003
GRRHIO,UR2004,UR2004,GRRHIO|UR2004
GRRHIO,UR2005,UR2005,GRRHIO|UR2005
GRRHIO,UR2006,UR2006,GRRHIO|UR2006
GRRHIO,UR2008,UR2008,GRRHIO|UR2008
GRRHIO,UR2009,UR2009,GRRHIO|UR2009
GRRHIO,UR2010,UR2010,GRRHIO|UR2010
GRRHIO,UR2011,UR2011,GRRHIO|UR2011
GRRHIO,UR2012,UR2012,GRRHIO|UR2012
GRRHIO,UR2013,UR2013,GRRHIO|UR2013
GRRHIO,UR2014,UR2014,GRRHIO|UR2014
GRRHIO,UR2015,UR2015,GRRHIO|UR2015
GRRHIO,UR2016,UR2016,GRRHIO|UR2016
GRRHIO,UR2017,UR2017,GRRHIO|UR2017
GRRHIO,UR2018,UR2018,GRRHIO|UR2018
GRRHIO,UR2019,UR2019,GRRHIO|UR2019
GRRHIO,UR2020,UR2020,GRRHIO|UR2020
GRRHIO,UR2022,UR2022,GRRHIO|UR2022
GRRHIO,UR2023,UR2023,GRRHIO|UR2023
GRRHIO,UR2024,UR2024,GRRHIO|UR2024
GRRHIO,UR2025,UR2025,GRRHIO|UR2025
GRRHIO,UR2026,UR2026,GRRHIO|UR2026
GRRHIO,UR2027,UR2027,GRRHIO|UR2027
GRRHIO,UR2028,UR2028,GRRHIO|UR2028
GRRHIO,UR2029,UR2029,GRRHIO|UR2029
GRRHIO,UR2031,UR2031,GRRHIO|UR2031
GRRHIO,UR2032,UR2032,GRRHIO|UR2032
GRRHIO,UR2034,UR2034,GRRHIO|UR2034
GRRHIO,UR2036,UR2036,GRRHIO|UR2036
GRRHIO,UR2037,UR2037,GRRHIO|UR2037
GRRHIO,UR2038,UR2038,GRRHIO|UR2038
GRRHIO,UR2039,UR2039,GRRHIO|UR2039
GRRHIO,UR2040,UR2040,GRRHIO|UR2040
GRRHIO,UR2041,UR2041,GRRHIO|UR2041
GRRHIO,UR2042,UR2042,GRRHIO|UR2042
GRRHIO,UR2043,UR2043,GRRHIO|UR2043
GRRHIO,UR2044,UR2044,GRRHIO|UR2044
GRRHIO,UR2045,UR2045,GRRHIO|UR2045
GRRHIO,UR2047,UR2047,GRRHIO|UR2047
GRRHIO,UR2049,UR2049,GRRHIO|UR2049
GRRHIO,UR2050,UR2050,GRRHIO|UR2050
GRRHIO,UR2051,UR2051,GRRHIO|UR2051
GRRHIO,UR2052,UR2052,GRRHIO|UR2052
GRRHIO,UR2053,UR2053,GRRHIO|UR2053
GRRHIO,UR2054,UR2054,GRRHIO|UR2054
GRRHIO,UR2055,UR2055,GRRHIO|UR2055
GRRHIO,UR2056,UR2056,GRRHIO|UR2056
GRRHIO,UR2057,UR2057,GRRHIO|UR2057
GRRHIO,UR2058,UR2058,GRRHIO|UR2058
GRRHIO,UR2059,UR2059,GRRHIO|UR2059
GRRHIO,UR2060,UR2060,GRRHIO|UR2060
GRRHIO,UR2061,UR2061,GRRHIO|UR2061
GRRHIO,UR2062,UR2062,GRRHIO|UR2062
GRRHIO,UR2063,UR2063,GRRHIO|UR2063
GRRHIO,UR2064,UR2064,GRRHIO|UR2064
GRRHIO,UR2065,UR2065,GRRHIO|UR2065
GRRHIO,UR2066,UR2066,GRRHIO|UR2066
GRRHIO,UR2067,UR2067,GRRHIO|UR2067
GRRHIO,UR2068,UR2068,GRRHIO|UR2068
GRRHIO,UR2069,UR2069,GRRHIO|UR2069
GRRHIO,UR2070,UR2070,GRRHIO|UR2070
GRRHIO,UR2071,UR2071,GRRHIO|UR2071
GRRHIO,UR2072,UR2072,GRRHIO|UR2072
GRRHIO,UR2073,UR2073,GRRHIO|UR2073
GRRHIO,UR2074,UR2074,GRRHIO|UR2074
GRRHIO,UR2075,UR2075,GRRHIO|UR2075
GRRHIO,UR2076,UR2076,GRRHIO|UR2076
GRRHIO,UR2077,UR2077,GRRHIO|UR2077
GRRHIO,UR2078,UR2078,GRRHIO|UR2078
GRRHIO,UR2079,UR2079,GRRHIO|UR2079
GRRHIO,UR2080,UR2080,GRRHIO|UR2080
GRRHIO,UR2081,UR2081,GRRHIO|UR2081
GRRHIO,UR2082,UR2082,GRRHIO|UR2082
GRRHIO,UR2083,UR2083,GRRHIO|UR2083
GRRHIO,UR2084,UR2084,GRRHIO|UR2084
GRRHIO,UR2085,UR2085,GRRHIO|UR2085
GRRHIO,UR2086,UR2086,GRRHIO|UR2086
GRRHIO,UR2087,UR2087,GRRHIO|UR2087
GRRHIO,UR2088,UR2088,GRRHIO|UR2088
GRRHIO,UR2089,UR2089,GRRHIO|UR2089
GRRHIO,UR2090,UR2090,GRRHIO|UR2090
GRRHIO,UR2091,UR2091,GRRHIO|UR2091
GRRHIO,UR2092,UR2092,GRRHIO|UR2092
GRRHIO,UR2093,UR2093,GRRHIO|UR2093
GRRHIO,UR2094,UR2094,GRRHIO|UR2094
GRRHIO,UR2095,UR2095,GRRHIO|UR2095
GRRHIO,UR2096,UR2096,GRRHIO|UR2096
GRRHIO,UR2097,UR2097,GRRHIO|UR2097
GRRHIO,UR2098,UR2098,GRRHIO|UR2098
GRRHIO,UR2099,UR2099,GRRHIO|UR2099
GRRHIO,UR2100,UR2100,GRRHIO|UR2100
GRRHIO,UR2101,UR2101,GRRHIO|UR2101
GRRHIO,UR2102,UR2102,GRRHIO|UR2102
GRRHIO,UR2103,UR2103,GRRHIO|UR2103
GRRHIO,UR2104,UR2104,GRRHIO|UR2104
GRRHIO,UR2105,UR2105,GRRHIO|UR2105
GRRHIO,UR2106,UR2106,GRRHIO|UR2106
GRRHIO,UR2107,UR2107,GRRHIO|UR2107
GRRHIO,UR2108,UR2108,GRRHIO|UR2108
GRRHIO,UR2109,UR2109,GRRHIO|UR2109
GRRHIO,UR2110,UR2110,GRRHIO|UR2110
GRRHIO,UR2111,UR2111,GRRHIO|UR2111
GRRHIO,UR2112,UR2112,GRRHIO|UR2112
GRRHIO,UR2113,UR2113,GRRHIO|UR2113
GRRHIO,UR2114,UR2114,GRRHIO|UR2114
GRRHIO,UR2115,UR2115,GRRHIO|UR2115
GRRHIO,UR2116,UR2116,GRRHIO|UR2116
GRRHIO,UR2117,UR2117,GRRHIO|UR2117
GRRHIO,UR2118,UR2118,GRRHIO|UR2118
GRRHIO,UR2119,UR2119,GRRHIO|UR2119
GRRHIO,UR2120,UR2120,GRRHIO|UR2120
GRRHIO,UR2121,UR2121,GRRHIO|UR2121
GRRHIO,UR2122,UR2122,GRRHIO|UR2122
GRRHIO,UR2123,UR2123,GRRHIO|UR2123
GRRHIO,UR2124,UR2124,GRRHIO|UR2124
GRRHIO,UR2125,UR2125,GRRHIO|UR2125
GRRHIO,UR2126,UR2126,GRRHIO|UR2126
GRRHIO,UR2127,UR2127,GRRHIO|UR2127
GRRHIO,UR2130,UR2130,GRRHIO|UR2130
GRRHIO,UR2131,UR2131,GRRHIO|UR2131
GRRHIO,UR2132,UR2132,GRRHIO|UR2132
GRRHIO,UR2133,UR2133,GRRHIO|UR2133
GRRHIO,UR2134,UR2134,GRRHIO|UR2134
GRRHIO,UR2135,UR2135,GRRHIO|UR2135
GRRHIO,UR2136,UR2136,GRRHIO|UR2136
GRRHIO,UR2137,UR2137,GRRHIO|UR2137
GRRHIO,UR2138,UR2138,GRRHIO|UR2138
GRRHIO,UR2139,UR2139,GRRHIO|UR2139
GRRHIO,UR2140,UR2140,GRRHIO|UR2140
GRRHIO,UR2141,UR2141,GRRHIO|UR2141
GRRHIO,UR2142,UR2142,GRRHIO|UR2142
GRRHIO,UR2143,UR2143,GRRHIO|UR2143
GRRHIO,UR2144,UR2144,GRRHIO|UR2144
GRRHIO,UR2145,UR2145,GRRHIO|UR2145
GRRHIO,UR2146,UR2146,GRRHIO|UR2146
GRRHIO,UR2147,UR2147,GRRHIO|UR2147
GRRHIO,UR2148,UR2148,GRRHIO|UR2148
GRRHIO,UR2149,UR2149,GRRHIO|UR2149
GRRHIO,UR2150,UR2150,GRRHIO|UR2150
GRRHIO,UR2151,UR2151,GRRHIO|UR2151
GRRHIO,UR2152,UR2152,GRRHIO|UR2152
GRRHIO,UR2153,UR2153,GRRHIO|UR2153
GRRHIO,UR2154,UR2154,GRRHIO|UR2154
GRRHIO,UR2155,UR2155,GRRHIO|UR2155
GRRHIO,UR2156,UR2156,GRRHIO|UR2156
GRRHIO,UR2157,UR2157,GRRHIO|UR2157
GRRHIO,UR2158,UR2158,GRRHIO|UR2158
GRRHIO,UR2159,UR2159,GRRHIO|UR2159
GRRHIO,UR2160,UR2160,GRRHIO|UR2160
GRRHIO,UR2161,UR2161,GRRHIO|UR2161
GRRHIO,UR2162,UR2162,GRRHIO|UR2162
GRRHIO,UR2163,UR2163,GRRHIO|UR2163
GRRHIO,UR2164,UR2164,GRRHIO|UR2164
GRRHIO,UR2165,UR2165,GRRHIO|UR2165
GRRHIO,UR2166,UR2166,GRRHIO|UR2166
GRRHIO,UR2167,UR2167,GRRHIO|UR2167
GRRHIO,UR2168,UR2168,GRRHIO|UR2168
GRRHIO,UR2169,UR2169,GRRHIO|UR2169
GRRHIO,UR2170,UR2170,GRRHIO|UR2170
GRRHIO,UR2171,UR2171,GRRHIO|UR2171
GRRHIO,UR2172,UR2172,GRRHIO|UR2172
GRRHIO,UR2173,UR2173,GRRHIO|UR2173
GRRHIO,UR2174,UR2174,GRRHIO|UR2174
GRRHIO,UR2175,UR2175,GRRHIO|UR2175
GRRHIO,UR2176,UR2176,GRRHIO|UR2176
GRRHIO,UR2177,UR2177,GRRHIO|UR2177
GRRHIO,UR2178,UR2178,GRRHIO|UR2178
GRRHIO,UR2179,UR2179,GRRHIO|UR2179
GRRHIO,UR2180,UR2180,GRRHIO|UR2180
GRRHIO,UR2181,UR2181,GRRHIO|UR2181
GRRHIO,UR2182,UR2182,GRRHIO|UR2182
GRRHIO,UR2183,UR2183,GRRHIO|UR2183
GRRHIO,UR2184,UR2184,GRRHIO|UR2184
GRRHIO,UR2185,UR2185,GRRHIO|UR2185
GRRHIO,UR2186,UR2186,GRRHIO|UR2186
GRRHIO,UR2187,UR2187,GRRHIO|UR2187
GRRHIO,UR2188,UR2188,GRRHIO|UR2188
GRRHIO,UR2189,UR2189,GRRHIO|UR2189
GRRHIO,UR2190,UR2190,GRRHIO|UR2190
GRRHIO,UR2191,UR2191,GRRHIO|UR2191
GRRHIO,UR2192,UR2192,GRRHIO|UR2192
GRRHIO,UR2193,UR2193,GRRHIO|UR2193
GRRHIO,UR2194,UR2194,GRRHIO|UR2194
GRRHIO,UR2195,UR2195,GRRHIO|UR2195
GRRHIO,UR2196,UR2196,GRRHIO|UR2196
GRRHIO,UR2197,UR2197,GRRHIO|UR2197
GRRHIO,UR2203,UR2203,GRRHIO|UR2203
GRRHIO,UR2204,UR2204,GRRHIO|UR2204
GRRHIO,UR2205,UR2205,GRRHIO|UR2205
GRRHIO,UR2207,UR2207,GRRHIO|UR2207
GRRHIO,UR2208,UR2208,GRRHIO|UR2208
GRRHIO,UR2209,UR2209,GRRHIO|UR2209
GRRHIO,UR2211,UR2211,GRRHIO|UR2211
GRRHIO,UR2212,UR2212,GRRHIO|UR2212
GRRHIO,UR2215,UR2215,GRRHIO|UR2215
GRRHIO,UR2217,UR2217,GRRHIO|UR2217
GRRHIO,UR2218,UR2218,GRRHIO|UR2218
GRRHIO,UR2219,UR2219,GRRHIO|UR2219
GRRHIO,UR2220,UR2220,GRRHIO|UR2220
GRRHIO,UR2221,UR2221,GRRHIO|UR2221
GRRHIO,UR2222,UR2222,GRRHIO|UR2222
GRRHIO,UR2223,UR2223,GRRHIO|UR2223
GRRHIO,UR2224,UR2224,GRRHIO|UR2224
GRRHIO,UR2225,UR2225,GRRHIO|UR2225
GRRHIO,UR2226,UR2226,GRRHIO|UR2226
GRRHIO,UR2227,UR2227,GRRHIO|UR2227
GRRHIO,UR2228,UR2228,GRRHIO|UR2228
GRRHIO,UR2229,UR2229,GRRHIO|UR2229
GRRHIO,UR2230,UR2230,GRRHIO|UR2230
GRRHIO,UR2231,UR2231,GRRHIO|UR2231
GRRHIO,UR2232,UR2232,GRRHIO|UR2232
GRRHIO,UR2233,UR2233,GRRHIO|UR2233
GRRHIO,UR2234,UR2234,GRRHIO|UR2234
GRRHIO,UR2235,UR2235,GRRHIO|UR2235
GRRHIO,UR2236,UR2236,GRRHIO|UR2236
GRRHIO,UR2238,UR2238,GRRHIO|UR2238
GRRHIO,UR2239,UR2239,GRRHIO|UR2239
GRRHIO,UR2240,UR2240,GRRHIO|UR2240
GRRHIO,UR2243,UR2243,GRRHIO|UR2243
GRRHIO,UR2244,UR2244,GRRHIO|UR2244
GRRHIO,UR2245,UR2245,GRRHIO|UR2245
GRRHIO,UR2246,UR2246,GRRHIO|UR2246
GRRHIO,UR2247,UR2247,GRRHIO|UR2247
GRRHIO,UR2249,UR2249,GRRHIO|UR2249
GRRHIO,UR2250,UR2250,GRRHIO|UR2250
GRRHIO,UR2251,UR2251,GRRHIO|UR2251
GRRHIO,UR2252,UR2252,GRRHIO|UR2252
GRRHIO,UR2253,UR2253,GRRHIO|UR2253
GRRHIO,UR2254,UR2254,GRRHIO|UR2254
GRRHIO,UR2255,UR2255,GRRHIO|UR2255
GRRHIO,UR2256,UR2256,GRRHIO|UR2256
GRRHIO,UR2257,UR2257,GRRHIO|UR2257
GRRHIO,UR2258,UR2258,GRRHIO|UR2258
GRRHIO,UR2259,UR2259,GRRHIO|UR2259
GRRHIO,UR2260,UR2260,GRRHIO|UR2260
GRRHIO,UR2261,UR2261,GRRHIO|UR2261
GRRHIO,UR2262,UR2262,GRRHIO|UR2262
GRRHIO,UR2263,UR2263,GRRHIO|UR2263
GRRHIO,UR2264,UR2264,GRRHIO|UR2264
GRRHIO,UR2265,UR2265,GRRHIO|UR2265
GRRHIO,UR2266,UR2266,GRRHIO|UR2266
GRRHIO,UR2267,UR2267,GRRHIO|UR2267
GRRHIO,UR2268,UR2268,GRRHIO|UR2268
GRRHIO,UR2269,UR2269,GRRHIO|UR2269
GRRHIO,UR2270,UR2270,GRRHIO|UR2270
GRRHIO,UR2271,UR2271,GRRHIO|UR2271
GRRHIO,UR2272,UR2272,GRRHIO|UR2272
GRRHIO,UR2273,UR2273,GRRHIO|UR2273
GRRHIO,UR2274,UR2274,GRRHIO|UR2274
GRRHIO,UR2275,UR2275,GRRHIO|UR2275
GRRHIO,UR2277,UR2277,GRRHIO|UR2277
GRRHIO,UR2278,UR2278,GRRHIO|UR2278
GRRHIO,UR2279,UR2279,GRRHIO|UR2279
GRRHIO,UR2280,UR2280,GRRHIO|UR2280
GRRHIO,UR2281,UR2281,GRRHIO|UR2281
GRRHIO,UR2282,UR2282,GRRHIO|UR2282
GRRHIO,UR2283,UR2283,GRRHIO|UR2283
GRRHIO,UR2284,UR2284,GRRHIO|UR2284
GRRHIO,UR2285,UR2285,GRRHIO|UR2285
GRRHIO,UR2286,UR2286,GRRHIO|UR2286
GRRHIO,UR2287,UR2287,GRRHIO|UR2287
GRRHIO,UR2288,UR2288,GRRHIO|UR2288
GRRHIO,UR2289,UR2289,GRRHIO|UR2289
GRRHIO,UR2290,UR2290,GRRHIO|UR2290
GRRHIO,UR2291,UR2291,GRRHIO|UR2291
GRRHIO,UR2292,UR2292,GRRHIO|UR2292
GRRHIO,UR2293,UR2293,GRRHIO|UR2293
GRRHIO,UR2294,UR2294,GRRHIO|UR2294
GRRHIO,UR2295,UR2295,GRRHIO|UR2295
GRRHIO,UR2296,UR2296,GRRHIO|UR2296
GRRHIO,UR2297,UR2297,GRRHIO|UR2297
GRRHIO,UR2298,UR2298,GRRHIO|UR2298
GRRHIO,UR2299,UR2299,GRRHIO|UR2299
GRRHIO,UR2300,UR2300,GRRHIO|UR2300
GRRHIO,UR2301,UR2301,GRRHIO|UR2301
GRRHIO,UR2302,UR2302,GRRHIO|UR2302
GRRHIO,UR2303,UR2303,GRRHIO|UR2303
GRRHIO,UR2304,UR2304,GRRHIO|UR2304
GRRHIO,UR2305,UR2305,GRRHIO|UR2305
GRRHIO,UR2306,UR2306,GRRHIO|UR2306
GRRHIO,UR2307,UR2307,GRRHIO|UR2307
GRRHIO,UR2308,UR2308,GRRHIO|UR2308
GRRHIO,UR2309,UR2309,GRRHIO|UR2309
GRRHIO,UR2310,UR2310,GRRHIO|UR2310
GRRHIO,UR2311,UR2311,GRRHIO|UR2311
GRRHIO,UR2312,UR2312,GRRHIO|UR2312
GRRHIO,UR2313,UR2313,GRRHIO|UR2313
GRRHIO,UR2314,UR2314,GRRHIO|UR2314
GRRHIO,UR2315,UR2315,GRRHIO|UR2315
GRRHIO,UR2316,UR2316,GRRHIO|UR2316
GRRHIO,UR2317,UR2317,GRRHIO|UR2317
GRRHIO,UR2318,UR2318,GRRHIO|UR2318
GRRHIO,UR2319,UR2319,GRRHIO|UR2319
GRRHIO,UR2320,UR2320,GRRHIO|UR2320
GRRHIO,UR2321,UR2321,GRRHIO|UR2321
GRRHIO,UR2322,UR2322,GRRHIO|UR2322
GRRHIO,UR2323,UR2323,GRRHIO|UR2323
GRRHIO,UR2324,UR2324,GRRHIO|UR2324
GRRHIO,UR2325,UR2325,GRRHIO|UR2325
GRRHIO,UR2326,UR2326,GRRHIO|UR2326
GRRHIO,UR2329,UR2329,GRRHIO|UR2329
GRRHIO,UR2330,UR2330,GRRHIO|UR2330
GRRHIO,UR2331,UR2331,GRRHIO|UR2331
GRRHIO,UR2332,UR2332,GRRHIO|UR2332
GRRHIO,UR2333,UR2333,GRRHIO|UR2333
GRRHIO,UR2334,UR2334,GRRHIO|UR2334
GRRHIO,UR2336,UR2336,GRRHIO|UR2336
GRRHIO,UR2337,UR2337,GRRHIO|UR2337
GRRHIO,UR2339,UR2339,GRRHIO|UR2339
GRRHIO,UR2340,UR2340,GRRHIO|UR2340
GRRHIO,UR2341,UR2341,GRRHIO|UR2341
GRRHIO,UR2342,UR2342,GRRHIO|UR2342
GRRHIO,UR2343,UR2343,GRRHIO|UR2343
GRRHIO,UR2344,UR2344,GRRHIO|UR2344
GRRHIO,UR2345,UR2345,GRRHIO|UR2345
GRRHIO,UR2346,UR2346,GRRHIO|UR2346
GRRHIO,UR2347,UR2347,GRRHIO|UR2347
GRRHIO,UR2348,UR2348,GRRHIO|UR2348
GRRHIO,UR2349,UR2349,GRRHIO|UR2349
GRRHIO,UR2350,UR2350,GRRHIO|UR2350
GRRHIO,UR2351,UR2351,GRRHIO|UR2351
GRRHIO,UR2353,UR2353,GRRHIO|UR2353
GRRHIO,UR2354,UR2354,GRRHIO|UR2354
GRRHIO,UR2355,UR2355,GRRHIO|UR2355
GRRHIO,UR2356,UR2356,GRRHIO|UR2356
GRRHIO,UR2357,UR2357,GRRHIO|UR2357
GRRHIO,UR2358,UR2358,GRRHIO|UR2358
GRRHIO,UR2359,UR2359,GRRHIO|UR2359
GRRHIO,UR2360,UR2360,GRRHIO|UR2360
GRRHIO,UR2361,UR2361,GRRHIO|UR2361
GRRHIO,UR2362,UR2362,GRRHIO|UR2362
GRRHIO,UR2363,UR2363,GRRHIO|UR2363
GRRHIO,UR2364,UR2364,GRRHIO|UR2364
GRRHIO,UR2365,UR2365,GRRHIO|UR2365
GRRHIO,UR2366,UR2366,GRRHIO|UR2366
GRRHIO,UR2367,UR2367,GRRHIO|UR2367
GRRHIO,UR2368,UR2368,GRRHIO|UR2368
GRRHIO,UR2369,UR2369,GRRHIO|UR2369
GRRHIO,UR2370,UR2370,GRRHIO|UR2370
GRRHIO,UR2371,UR2371,GRRHIO|UR2371
GRRHIO,UR2372,UR2372,GRRHIO|UR2372
GRRHIO,UR2373,UR2373,GRRHIO|UR2373
GRRHIO,UR2375,UR2375,GRRHIO|UR2375
GRRHIO,UR2376,UR2376,GRRHIO|UR2376
GRRHIO,UR2377,UR2377,GRRHIO|UR2377
GRRHIO,UR2378,UR2378,GRRHIO|UR2378
GRRHIO,UR2380,UR2380,GRRHIO|UR2380
GRRHIO,UR2381,UR2381,GRRHIO|UR2381
GRRHIO,UR2382,UR2382,GRRHIO|UR2382
GRRHIO,UR2383,UR2383,GRRHIO|UR2383
GRRHIO,UR2384,UR2384,GRRHIO|UR2384
GRRHIO,UR2385,UR2385,GRRHIO|UR2385
GRRHIO,UR2386,UR2386,GRRHIO|UR2386
GRRHIO,UR2387,UR2387,GRRHIO|UR2387
GRRHIO,UR2388,UR2388,GRRHIO|UR2388
GRRHIO,UR2391,UR2391,GRRHIO|UR2391
GRRHIO,UR2393,UR2393,GRRHIO|UR2393
GRRHIO,UR2394,UR2394,GRRHIO|UR2394
GRRHIO,UR2395,UR2395,GRRHIO|UR2395
GRRHIO,UR2396,UR2396,GRRHIO|UR2396
GRRHIO,UR2397,UR2397,GRRHIO|UR2397
GRRHIO,UR2398,UR2398,GRRHIO|UR2398
GRRHIO,UR2399,UR2399,GRRHIO|UR2399
GRRHIO,UR2400,UR2400,GRRHIO|UR2400
GRRHIO,UR2401,UR2401,GRRHIO|UR2401
GRRHIO,UR2402,UR2402,GRRHIO|UR2402
GRRHIO,UR2403,UR2403,GRRHIO|UR2403
GRRHIO,UR2404,UR2404,GRRHIO|UR2404
GRRHIO,UR2405,UR2405,GRRHIO|UR2405
GRRHIO,UR2406,UR2406,GRRHIO|UR2406
GRRHIO,UR2407,UR2407,GRRHIO|UR2407
GRRHIO,UR2408,UR2408,GRRHIO|UR2408
GRRHIO,UR2409,UR2409,GRRHIO|UR2409
GRRHIO,UR2410,UR2410,GRRHIO|UR2410
GRRHIO,UR2411,UR2411,GRRHIO|UR2411
GRRHIO,UR2413,UR2413,GRRHIO|UR2413
GRRHIO,UR2414,UR2414,GRRHIO|UR2414
GRRHIO,UR2415,UR2415,GRRHIO|UR2415
GRRHIO,UR2416,UR2416,GRRHIO|UR2416
GRRHIO,UR2422,UR2422,GRRHIO|UR2422
GRRHIO,UR2424,UR2424,GRRHIO|UR2424
GRRHIO,UR2425,UR2425,GRRHIO|UR2425
GRRHIO,UR2426,UR2426,GRRHIO|UR2426
GRRHIO,UR2428,UR2428,GRRHIO|UR2428
GRRHIO,UR2429,UR2429,GRRHIO|UR2429
GRRHIO,UR2430,UR2430,GRRHIO|UR2430
GRRHIO,UR2432,UR2432,GRRHIO|UR2432
GRRHIO,UR2433,UR2433,GRRHIO|UR2433
GRRHIO,UR2434,UR2434,GRRHIO|UR2434
GRRHIO,UR2436,UR2436,GRRHIO|UR2436
GRRHIO,UR2437,UR2437,GRRHIO|UR2437
GRRHIO,UR2438,UR2438,GRRHIO|UR2438
GRRHIO,UR2440,UR2440,GRRHIO|UR2440
GRRHIO,UR2441,UR2441,GRRHIO|UR2441
GRRHIO,UR2446,UR2446,GRRHIO|UR2446
GRRHIO,UR2537,UR2537,GRRHIO|UR2537
BRONX,URBAN_PEDIATRICS,URBAN PEDIATRICS,BRONX|URBAN PEDIATRICS
BRONX,URBAN_PEDIATRICS_PC_&#8211;_DR._JINDAL,URBAN PEDIATRICS PC &#8211; DR. JINDAL,BRONX|URBAN PEDIATRICS PC &#8211; DR. JINDAL
HEALTHIX,URBPATH,URBPATH,HEALTHIX|URBPATH
GRRHIO,URHC,URHC,GRRHIO|URHC
HIXNY,URMC,URMC,HIXNY|URMC
GRRHIO,URMCEPIC,URMCEPIC,GRRHIO|URMCEPIC
TXD,URMED,URMED,TXD|URMED
HECDCS,US-RENAL-CARE,US-RENAL-CARE,HECDCS|US-RENAL-CARE
GRRHIO,USCD,USCD,GRRHIO|USCD
HEALTHIX,USDOOR,USDOOR,HEALTHIX|USDOOR
HEALTHIX,USEC,USEC,HEALTHIX|USEC
HEALTHIX,USGE,USGE,HEALTHIX|USGE
HEALTHIX,USTH,USTH,HEALTHIX|USTH
HIXNY,UVMHNMONITOR,UVMHNMONITOR,HIXNY|UVMHNMONITOR
HIXNY,UVMHNMONITORDOC,UVMHNMONITORDOC,HIXNY|UVMHNMONITORDOC
HEALTHIX,UWMP,UWMP,HEALTHIX|UWMP
HEALTHIX,UWP,UWP,HEALTHIX|UWP
HEALTHIX,UWSMA,UWSMA,HEALTHIX|UWSMA
GRRHIO,Unity,Unity,GRRHIO|Unity
HECDCS,VA-HV,VA-HV,HECDCS|VA-HV
HECDCS,VA-MED,VA-MED,HECDCS|VA-MED
GRRHIO,VACB,VACB,GRRHIO|VACB
HEALTHIX,VAEXCHANGE,VAEXCHANGE,HEALTHIX|VAEXCHANGE
HIXNY,VALATIEEMS,VALATIEEMS,HIXNY|VALATIEEMS
HIXNY,VALERAHLTH,VALERAHLTH,HIXNY|VALERAHLTH
HECDCS,VALLEY-HEALTH,VALLEY-HEALTH,HECDCS|VALLEY-HEALTH
HECDCS,VALLEY-VIEW,VALLEY-VIEW,HECDCS|VALLEY-VIEW
HECDCS,VAN-DUYN,VAN-DUYN,HECDCS|VAN-DUYN
HIXNY,VANDERHEYDEN,VANDERHEYDEN,HIXNY|VANDERHEYDEN
HEALTHIX,VANG,VANG,HEALTHIX|VANG
HEALTHIX,VBRU,VBRU,HEALTHIX|VBRU
HEALTHIX,VDMD,VDMD,HEALTHIX|VDMD
HIXNY,VEDA,VEDA,HIXNY|VEDA
BRONX,VEENA_CHADDA,VEENA CHADDA,BRONX|VEENA CHADDA
TXD,VENFOR,VENFOR,TXD|VENFOR
HEALTHIX,VENTH,VENTH,HEALTHIX|VENTH
BRONX,VERMENTON_PEDIATRICS,VERMENTON PEDIATRICS,BRONX|VERMENTON PEDIATRICS
BRONX,VERSITI,VERSITI,BRONX|VERSITI
HECDCS,VESTAL-PARK,VESTAL-PARK,HECDCS|VESTAL-PARK
HEALTHIX,VEZZA,VEZZA,HEALTHIX|VEZZA
HEALTHIX,VICHWE,VICHWE,HEALTHIX|VICHWE
HEALTHIX,VIEYTEZ,VIEYTEZ,HEALTHIX|VIEYTEZ
HEALTHIX,VILLAGEC,VILLAGEC,HEALTHIX|VILLAGEC
HECDCS,VILMA-JUNIO,VILMA-JUNIO,HECDCS|VILMA-JUNIO
HEALTHIX,VIM,VIM,HEALTHIX|VIM
BRONX,VINAY_J_SHAH,VINAY J SHAH,BRONX|VINAY J SHAH
HEALTHIX,VINUSE,VINUSE,HEALTHIX|VINUSE
HEALTHIX,VIPEDI,VIPEDI,HEALTHIX|VIPEDI
HEALTHIX,VIPH,VIPH,HEALTHIX|VIPH
BRONX,VIP_BH,VIP BH,BRONX|VIP BH
BRONX,VIP_COMMUNITY,VIP COMMUNITY,BRONX|VIP COMMUNITY
HECDCS,VISITING-DOCS,VISITING-DOCS,HECDCS|VISITING-DOCS
TXD,VJNDLA,VJNDLA,TXD|VJNDLA
HEALTHIX,VLZO,VLZO,HEALTHIX|VLZO
GRRHIO,VMFD,VMFD,GRRHIO|VMFD
GRRHIO,VMG,VMG,GRRHIO|VMG
GRRHIO,VMG2,VMG2,GRRHIO|VMG2
HIXNY,VNA,VNA,HIXNY|VNA
HECDCS,VNA-UTICA-ONEIDA,VNA-UTICA-ONEIDA,HECDCS|VNA-UTICA-ONEIDA
TXD,VNA.DUPLICATE1,VNA,TXD|VNA
HEALTHIX,VNASI,VNASI,HEALTHIX|VNASI
HEALTHIX,VNR,VNR,HEALTHIX|VNR
HECDCS,VNS-ITHACA-TOMP,VNS-ITHACA-TOMP,HECDCS|VNS-ITHACA-TOMP
BRONX,VNSNY.DUPLICATE,VNSNY,BRONX|VNSNY
HEALTHIX,VNSNYHC,VNSNYHC,HEALTHIX|VNSNYHC
HIXNY,VNSWEPR,VNSWEPR,HIXNY|VNSWEPR
BRONX,VNS_HEALTH_CMHS,VNS HEALTH CMHS,BRONX|VNS HEALTH CMHS
BRONX,VNS_HEALTH_HEALTH_PLANS,VNS HEALTH HEALTH PLANS,BRONX|VNS HEALTH HEALTH PLANS
GRRHIO,VOH,VOH,GRRHIO|VOH
HEALTHIX,VRLM,VRLM,HEALTHIX|VRLM
HEALTHIX,VSHAH,VSHAH,HEALTHIX|VSHAH
BRONX,VSVL_MEDICAL_SERVICES,VSVL MEDICAL SERVICES,BRONX|VSVL MEDICAL SERVICES
BRONX,VSVL_RETIRED,VSVL RETIRED,BRONX|VSVL RETIRED
GRRHIO,VVFP,VVFP,GRRHIO|VVFP
GRRHIO,VVFP2,VVFP2,GRRHIO|VVFP2
HEALTHIX,VVIM,VVIM,HEALTHIX|VVIM
HEALTHIX,VXLM,VXLM,HEALTHIX|VXLM
HEALTHIX,VXMAX,VXMAX,HEALTHIX|VXMAX
HEALTHIX,VZELE,VZELE,HEALTHIX|VZELE
BRONX,WADSWORTH_MEDICAL_GROUP,WADSWORTH MEDICAL GROUP,BRONX|WADSWORTH MEDICAL GROUP
HEALTHIX,WAGGIR,WAGGIR,HEALTHIX|WAGGIR
BRONX,WAKEFIELD_PEDIATRICS,WAKEFIELD PEDIATRICS,BRONX|WAKEFIELD PEDIATRICS
HEALTHIX,WANGM,WANGM,HEALTHIX|WANGM
HECDCS,WARNER-PT,WARNER-PT,HECDCS|WARNER-PT
HEALTHIX,WARRC,WARRC,HEALTHIX|WARRC
HIXNY,WARRENCHMCRE,WARRENCHMCRE,HIXNY|WARRENCHMCRE
HIXNY,WARRENCPUBHE,WARRENCPUBHE,HIXNY|WARRENCPUBHE
HECDCS,WARTBURG-HOME,WARTBURG-HOME,HECDCS|WARTBURG-HOME
HIXNY,WARWASALBARC,WARWASALBARC,HIXNY|WARWASALBARC
HEALTHIX,WASH,WASH,HEALTHIX|WASH
HECDCS,WASH-PHARM,WASH-PHARM,HECDCS|WASH-PHARM
HEALTHIX,WASHC,WASHC,HEALTHIX|WASHC
BRONX,WASHINGTON_HEIGHTS_PEDIATRICS,WASHINGTON HEIGHTS PEDIATRICS,BRONX|WASHINGTON HEIGHTS PEDIATRICS
HEALTHIX,WASSA,WASSA,HEALTHIX|WASSA
HIXNY,WATEREMS,WATEREMS,HIXNY|WATEREMS
HECDCS,WATERTOWN-INTERN,WATERTOWN-INTERN,HECDCS|WATERTOWN-INTERN
HECDCS,WATERTOWN-PEDS,WATERTOWN-PEDS,HECDCS|WATERTOWN-PEDS
HECDCS,WATERTOWN-UC,WATERTOWN-UC,HECDCS|WATERTOWN-UC
HECDCS,WATERVIEW-HILLS,WATERVIEW-HILLS,HECDCS|WATERVIEW-HILLS
HECDCS,WATERVILLE-REHAB,WATERVILLE-REHAB,HECDCS|WATERVILLE-REHAB
GRRHIO,WAYARC,WAYARC,GRRHIO|WAYARC
BRONX,WAYNE_CENTER_FOR_NURSING_AND_REHAB,WAYNE CENTER FOR NURSING AND REHAB,BRONX|WAYNE CENTER FOR NURSING AND REHAB
HEALTHIX,WBXMPC,WBXMPC,HEALTHIX|WBXMPC
TXD,WCA,WCA,TXD|WCA
GRRHIO,WCCHS.DUPLICATE,WCCHS,GRRHIO|WCCHS
TXD,WCCHS.DUPLICATE1,WCCHS,TXD|WCCHS
GRRHIO,WCCHS2,WCCHS2,GRRHIO|WCCHS2
GRRHIO,WCCHS3,WCCHS3,GRRHIO|WCCHS3
GRRHIO,WCCHSS,WCCHSS,GRRHIO|WCCHSS
TXD,WCCL,WCCL,TXD|WCCL
GRRHIO,WCCW,WCCW,GRRHIO|WCCW
GRRHIO,WCCW2,WCCW2,GRRHIO|WCCW2
GRRHIO,WCDN,WCDN,GRRHIO|WCDN
GRRHIO,WCFM,WCFM,GRRHIO|WCFM
TXD,WCFMED,WCFMED,TXD|WCFMED
HEALTHIX,WCMC,WCMC,HEALTHIX|WCMC
HEALTHIX,WCMCC,WCMCC,HEALTHIX|WCMCC
GRRHIO,WCNH,WCNH,GRRHIO|WCNH
BRONX,WEBSTER_FM,WEBSTER FM,BRONX|WEBSTER FM
HECDCS,WEE-CARE-PEDS,WEE-CARE-PEDS,HECDCS|WEE-CARE-PEDS
HEALTHIX,WEIBOMS,WEIBOMS,HEALTHIX|WEIBOMS
BRONX,WEI_GUO_A_LIN_CLINIC,WEI GUO A LIN CLINIC,BRONX|WEI GUO A LIN CLINIC
HECDCS,WELL-BEING-PEDS,WELL-BEING-PEDS,HECDCS|WELL-BEING-PEDS
HECDCS,WELL-CARE-NEURO,WELL-CARE-NEURO,HECDCS|WELL-CARE-NEURO
TXD,WELLBE,WELLBE,TXD|WELLBE
HECDCS,WELLBE-SR,WELLBE-SR,HECDCS|WELLBE-SR
BRONX,WELLCARE-SES,WELLCARE-SES,BRONX|WELLCARE-SES
BRONX,WELLLIFE,WELLLIFE,BRONX|WELLLIFE
HECDCS,WELLNOW,WELLNOW,HECDCS|WELLNOW
HECDCS,WELLNOW-EXPERITY,WELLNOW-EXPERITY,HECDCS|WELLNOW-EXPERITY
HIXNY,WELLS,WELLS,HIXNY|WELLS
HIXNY,WELLSDOC,WELLSDOC,HIXNY|WELLSDOC
HIXNY,WELLSOFTEDIS,WELLSOFTEDIS,HIXNY|WELLSOFTEDIS
GRRHIO,WELNOW,WELNOW,GRRHIO|WELNOW
TXD,WELNOW.DUPLICATE2,WELNOW,TXD|WELNOW
HEALTHIX,WEMA,WEMA,HEALTHIX|WEMA
GRRHIO,WEMS,WEMS,GRRHIO|WEMS
BRONX,WENDY_W_CHUNG,WENDY W CHUNG,BRONX|WENDY W CHUNG
BRONX,WENJING_ZHOU,WENJING ZHOU,BRONX|WENJING ZHOU
HEALTHIX,WEPE,WEPE,HEALTHIX|WEPE
HEALTHIX,WEPJ,WEPJ,HEALTHIX|WEPJ
HIXNY,WES,WES,HIXNY|WES
HIXNY,WESLEY,WESLEY,HIXNY|WESLEY
HECDCS,WEST-APS,WEST-APS,HECDCS|WEST-APS
HECDCS,WEST-COMM-HEALTH,WEST-COMM-HEALTH,HECDCS|WEST-COMM-HEALTH
HECDCS,WEST-CTR-REHAB,WEST-CTR-REHAB,HECDCS|WEST-CTR-REHAB
HECDCS,WEST-DEPT-HEALTH,WEST-DEPT-HEALTH,HECDCS|WEST-DEPT-HEALTH
HECDCS,WEST-HEALTH-CARE,WEST-HEALTH-CARE,HECDCS|WEST-HEALTH-CARE
HECDCS,WEST-HLTH-OUT,WEST-HLTH-OUT,HECDCS|WEST-HLTH-OUT
HECDCS,WEST-HLTH-OUT-2,WEST-HLTH-OUT-2,HECDCS|WEST-HLTH-OUT-2
HECDCS,WEST-HLTH-OUT-3,WEST-HLTH-OUT-3,HECDCS|WEST-HLTH-OUT-3
HECDCS,WEST-JEWISH,WEST-JEWISH,HECDCS|WEST-JEWISH
HECDCS,WEST-MARIAFARERI,WEST-MARIAFARERI,HECDCS|WEST-MARIAFARERI
HECDCS,WEST-MED-CTR,WEST-MED-CTR,HECDCS|WEST-MED-CTR
HECDCS,WEST-MED-CTR-2,WEST-MED-CTR-2,HECDCS|WEST-MED-CTR-2
HECDCS,WEST-MED-CTR-3,WEST-MED-CTR-3,HECDCS|WEST-MED-CTR-3
HECDCS,WEST-MIDHUDSON,WEST-MIDHUDSON,HECDCS|WEST-MIDHUDSON
HECDCS,WEST-MIDHUDSON-2,WEST-MIDHUDSON-2,HECDCS|WEST-MIDHUDSON-2
HECDCS,WEST-MIDHUDSON-3,WEST-MIDHUDSON-3,HECDCS|WEST-MIDHUDSON-3
HECDCS,WEST-WOMENS-MED,WEST-WOMENS-MED,HECDCS|WEST-WOMENS-MED
HEALTHIX,WESTC,WESTC,HEALTHIX|WESTC
HECDCS,WESTCHESTER-PULM,WESTCHESTER-PULM,HECDCS|WESTCHESTER-PULM
BRONX,WESTCHESTER_AVE_FM,WESTCHESTER AVE FM,BRONX|WESTCHESTER AVE FM
BRONX,WESTCHESTER_MEDICAL_HEALTHCARE,WESTCHESTER MEDICAL HEALTHCARE,BRONX|WESTCHESTER MEDICAL HEALTHCARE
HEALTHIX,WESTHAMPTNCC,WESTHAMPTNCC,HEALTHIX|WESTHAMPTNCC
HECDCS,WESTMED-MED-GRP,WESTMED-MED-GRP,HECDCS|WESTMED-MED-GRP
HECDCS,WESTMORELAND-ASC,WESTMORELAND-ASC,HECDCS|WESTMORELAND-ASC
HEALTHIX,WESTPRIME,WESTPRIME,HEALTHIX|WESTPRIME
HECDCS,WESTSIDE-POD,WESTSIDE-POD,HECDCS|WESTSIDE-POD
HEALTHIX,WEZH,WEZH,HEALTHIX|WEZH
GRRHIO,WFC,WFC,GRRHIO|WFC
GRRHIO,WFC2,WFC2,GRRHIO|WFC2
HEALTHIX,WFHC,WFHC,HEALTHIX|WFHC
HEALTHIX,WFRCHA,WFRCHA,HEALTHIX|WFRCHA
HEALTHIX,WFRCHC,WFRCHC,HEALTHIX|WFRCHC
GRRHIO,WGC,WGC,GRRHIO|WGC
GRRHIO,WGCA,WGCA,GRRHIO|WGCA
GRRHIO,WGCA2,WGCA2,GRRHIO|WGCA2
HEALTHIX,WGJMD,WGJMD,HEALTHIX|WGJMD
HEALTHIX,WHBVFD,WHBVFD,HEALTHIX|WHBVFD
HECDCS,WHITE-PLAINS-CTR,WHITE-PLAINS-CTR,HECDCS|WHITE-PLAINS-CTR
HIXNY,WHMC,WHMC,HIXNY|WHMC
HEALTHIX,WHMC.DUPLICATE1,WHMC,HEALTHIX|WHMC
HEALTHIX,WHMC2,WHMC2,HEALTHIX|WHMC2
HEALTHIX,WHMCIPA,WHMCIPA,HEALTHIX|WHMCIPA
HEALTHIX,WHMG,WHMG,HEALTHIX|WHMG
HEALTHIX,WHOLEVIEW,WHOLEVIEW,HEALTHIX|WHOLEVIEW
HEALTHIX,WHPC,WHPC,HEALTHIX|WHPC
TXD,WHTPED,WHTPED,TXD|WHTPED
GRRHIO,WI,WI,GRRHIO|WI
HIXNY,WIHD,WIHD,HIXNY|WIHD
HECDCS,WIHD.DUPLICATE1,WIHD,HECDCS|WIHD
HEALTHIX,WIHE,WIHE,HEALTHIX|WIHE
HIXNY,WILDWOODPGRM,WILDWOODPGRM,HIXNY|WILDWOODPGRM
HECDCS,WILLCARE-NEW,WILLCARE-NEW,HECDCS|WILLCARE-NEW
HECDCS,WILLIAM-GEORGE,WILLIAM-GEORGE,HECDCS|WILLIAM-GEORGE
BRONX,WILLIAMSBURG_INTERNAL_MEDICINE,WILLIAMSBURG INTERNAL MEDICINE,BRONX|WILLIAMSBURG INTERNAL MEDICINE
BRONX,WILLIAM_E_KALAFATIC,WILLIAM E KALAFATIC,BRONX|WILLIAM E KALAFATIC
BRONX,WILLIAM_G_JOHNSON,WILLIAM G JOHNSON,BRONX|WILLIAM G JOHNSON
BRONX,WILLIAM_H_KALAFATIC,WILLIAM H KALAFATIC,BRONX|WILLIAM H KALAFATIC
HECDCS,WILLOW-POINT,WILLOW-POINT,HECDCS|WILLOW-POINT
HIXNY,WILLPED,WILLPED,HIXNY|WILLPED
HIXNY,WILTONEMS,WILTONEMS,HIXNY|WILTONEMS
GRRHIO,WIM,WIM,GRRHIO|WIM
HEALTHIX,WIMD,WIMD,HEALTHIX|WIMD
HECDCS,WINDSOR-PT,WINDSOR-PT,HECDCS|WINDSOR-PT
BRONX,WINGSPAN_PSYCHIATRIC,WINGSPAN PSYCHIATRIC,BRONX|WINGSPAN PSYCHIATRIC
HEALTHIX,WIPC,WIPC,HEALTHIX|WIPC
HEALTHIX,WIPED,WIPED,HEALTHIX|WIPED
HEALTHIX,WITA,WITA,HEALTHIX|WITA
HEALTHIX,WLAWCC,WLAWCC,HEALTHIX|WLAWCC
TXD,WLLSUB,WLLSUB,TXD|WLLSUB
TXD,WLMPED,WLMPED,TXD|WLMPED
TXD,WLSBP,WLSBP,TXD|WLSBP
TXD,WLSIMP,WLSIMP,TXD|WLSIMP
TXD,WLSINT,WLSINT,TXD|WLSINT
TXD,WLSPC,WLSPC,TXD|WLSPC
TXD,WLSPH,WLSPH,TXD|WLSPH
TXD,WLSPOD,WLSPOD,TXD|WLSPOD
TXD,WLSPUL,WLSPUL,TXD|WLSPUL
HEALTHIX,WMANIE,WMANIE,HEALTHIX|WMANIE
HIXNY,WMC,WMC,HIXNY|WMC
HIXNY,WMCACT,WMCACT,HIXNY|WMCACT
HIXNY,WMCANTCOVID,WMCANTCOVID,HIXNY|WMCANTCOVID
HIXNY,WMCANTCOVIDDOC,WMCANTCOVIDDOC,HIXNY|WMCANTCOVIDDOC
HIXNY,WMCAPS,WMCAPS,HIXNY|WMCAPS
HIXNY,WMCAPSAESSH,WMCAPSAESSH,HIXNY|WMCAPSAESSH
HIXNY,WMCAPSAESSHDOC,WMCAPSAESSHDOC,HIXNY|WMCAPSAESSHDOC
HIXNY,WMCAPSBSHA,WMCAPSBSHA,HIXNY|WMCAPSBSHA
HIXNY,WMCAPSBSHADOC,WMCAPSBSHADOC,HIXNY|WMCAPSBSHADOC
HIXNY,WMCAPSBSUPO,WMCAPSBSUPO,HIXNY|WMCAPSBSUPO
HIXNY,WMCAPSBSUPODOC,WMCAPSBSUPODOC,HIXNY|WMCAPSBSUPODOC
HIXNY,WMCAPSBSVA,WMCAPSBSVA,HIXNY|WMCAPSBSVA
HIXNY,WMCAPSBSVADOC,WMCAPSBSVADOC,HIXNY|WMCAPSBSVADOC
HIXNY,WMCAPSCOSPO,WMCAPSCOSPO,HIXNY|WMCAPSCOSPO
HIXNY,WMCAPSCOSPODOC,WMCAPSCOSPODOC,HIXNY|WMCAPSCOSPODOC
HIXNY,WMCAPSCSLI,WMCAPSCSLI,HIXNY|WMCAPSCSLI
HIXNY,WMCAPSCSLIDOC,WMCAPSCSLIDOC,HIXNY|WMCAPSCSLIDOC
HIXNY,WMCAPSCSVA,WMCAPSCSVA,HIXNY|WMCAPSCSVA
HIXNY,WMCAPSCSVADOC,WMCAPSCSVADOC,HIXNY|WMCAPSCSVADOC
HIXNY,WMCAPSCTSKI,WMCAPSCTSKI,HIXNY|WMCAPSCTSKI
HIXNY,WMCAPSCTSKIDOC,WMCAPSCTSKIDOC,HIXNY|WMCAPSCTSKIDOC
HIXNY,WMCAPSCTSPO,WMCAPSCTSPO,HIXNY|WMCAPSCTSPO
HIXNY,WMCAPSCTSPODOC,WMCAPSCTSPODOC,HIXNY|WMCAPSCTSPODOC
HIXNY,WMCAPSCTSVA,WMCAPSCTSVA,HIXNY|WMCAPSCTSVA
HIXNY,WMCAPSCTSVADOC,WMCAPSCTSVADOC,HIXNY|WMCAPSCTSVADOC
HIXNY,WMCAPSENDHA,WMCAPSENDHA,HIXNY|WMCAPSENDHA
HIXNY,WMCAPSENDHADOC,WMCAPSENDHADOC,HIXNY|WMCAPSENDHADOC
HIXNY,WMCAPSENDKI,WMCAPSENDKI,HIXNY|WMCAPSENDKI
HIXNY,WMCAPSENDKIDOC,WMCAPSENDKIDOC,HIXNY|WMCAPSENDKIDOC
HIXNY,WMCAPSENTAR,WMCAPSENTAR,HIXNY|WMCAPSENTAR
HIXNY,WMCAPSENTARDOC,WMCAPSENTARDOC,HIXNY|WMCAPSENTARDOC
HIXNY,WMCAPSENTHA,WMCAPSENTHA,HIXNY|WMCAPSENTHA
HIXNY,WMCAPSENTHADOC,WMCAPSENTHADOC,HIXNY|WMCAPSENTHADOC
HIXNY,WMCAPSENTHJ,WMCAPSENTHJ,HIXNY|WMCAPSENTHJ
HIXNY,WMCAPSENTHJDOC,WMCAPSENTHJDOC,HIXNY|WMCAPSENTHJDOC
HIXNY,WMCAPSENTNW,WMCAPSENTNW,HIXNY|WMCAPSENTNW
HIXNY,WMCAPSENTNWDOC,WMCAPSENTNWDOC,HIXNY|WMCAPSENTNWDOC
HIXNY,WMCAPSENTP,WMCAPSENTP,HIXNY|WMCAPSENTP
HIXNY,WMCAPSENTPDOC,WMCAPSENTPDOC,HIXNY|WMCAPSENTPDOC
HIXNY,WMCAPSENTPO,WMCAPSENTPO,HIXNY|WMCAPSENTPO
HIXNY,WMCAPSENTPODOC,WMCAPSENTPODOC,HIXNY|WMCAPSENTPODOC
HIXNY,WMCAPSENTRB,WMCAPSENTRB,HIXNY|WMCAPSENTRB
HIXNY,WMCAPSENTRBDOC,WMCAPSENTRBDOC,HIXNY|WMCAPSENTRBDOC
HIXNY,WMCAPSESSHA,WMCAPSESSHA,HIXNY|WMCAPSESSHA
HIXNY,WMCAPSESSHADOC,WMCAPSESSHADOC,HIXNY|WMCAPSESSHADOC
HIXNY,WMCAPSFAMKI,WMCAPSFAMKI,HIXNY|WMCAPSFAMKI
HIXNY,WMCAPSFAMKIDOC,WMCAPSFAMKIDOC,HIXNY|WMCAPSFAMKIDOC
HIXNY,WMCAPSFAMMA,WMCAPSFAMMA,HIXNY|WMCAPSFAMMA
HIXNY,WMCAPSFAMMADOC,WMCAPSFAMMADOC,HIXNY|WMCAPSFAMMADOC
HIXNY,WMCAPSFAMNW,WMCAPSFAMNW,HIXNY|WMCAPSFAMNW
HIXNY,WMCAPSFAMNWDOC,WMCAPSFAMNWDOC,HIXNY|WMCAPSFAMNWDOC
HIXNY,WMCAPSFAMPO,WMCAPSFAMPO,HIXNY|WMCAPSFAMPO
HIXNY,WMCAPSFAMPODOC,WMCAPSFAMPODOC,HIXNY|WMCAPSFAMPODOC
HIXNY,WMCAPSFLUV,WMCAPSFLUV,HIXNY|WMCAPSFLUV
HIXNY,WMCAPSFLUVDOC,WMCAPSFLUVDOC,HIXNY|WMCAPSFLUVDOC
HIXNY,WMCAPSGASKI,WMCAPSGASKI,HIXNY|WMCAPSGASKI
HIXNY,WMCAPSGASKIDOC,WMCAPSGASKIDOC,HIXNY|WMCAPSGASKIDOC
HIXNY,WMCAPSGESKI,WMCAPSGESKI,HIXNY|WMCAPSGESKI
HIXNY,WMCAPSGESKIDOC,WMCAPSGESKIDOC,HIXNY|WMCAPSGESKIDOC
HIXNY,WMCAPSGMISH,WMCAPSGMISH,HIXNY|WMCAPSGMISH
HIXNY,WMCAPSGMISHDOC,WMCAPSGMISHDOC,HIXNY|WMCAPSGMISHDOC
HIXNY,WMCAPSGMISM,WMCAPSGMISM,HIXNY|WMCAPSGMISM
HIXNY,WMCAPSGMISMDOC,WMCAPSGMISMDOC,HIXNY|WMCAPSGMISMDOC
HIXNY,WMCAPSGORSG,WMCAPSGORSG,HIXNY|WMCAPSGORSG
HIXNY,WMCAPSGORSGDOC,WMCAPSGORSGDOC,HIXNY|WMCAPSGORSGDOC
HIXNY,WMCAPSGORSH,WMCAPSGORSH,HIXNY|WMCAPSGORSH
HIXNY,WMCAPSGORSHDOC,WMCAPSGORSHDOC,HIXNY|WMCAPSGORSHDOC
HIXNY,WMCAPSGORSS,WMCAPSGORSS,HIXNY|WMCAPSGORSS
HIXNY,WMCAPSGORSSDOC,WMCAPSGORSSDOC,HIXNY|WMCAPSGORSSDOC
HIXNY,WMCAPSGSPO,WMCAPSGSPO,HIXNY|WMCAPSGSPO
HIXNY,WMCAPSGSPODOC,WMCAPSGSPODOC,HIXNY|WMCAPSGSPODOC
HIXNY,WMCAPSGVA,WMCAPSGVA,HIXNY|WMCAPSGVA
HIXNY,WMCAPSGVADOC,WMCAPSGVADOC,HIXNY|WMCAPSGVADOC
HIXNY,WMCAPSHARNP,WMCAPSHARNP,HIXNY|WMCAPSHARNP
HIXNY,WMCAPSHARNPDOC,WMCAPSHARNPDOC,HIXNY|WMCAPSHARNPDOC
HIXNY,WMCAPSHCMLI,WMCAPSHCMLI,HIXNY|WMCAPSHCMLI
HIXNY,WMCAPSHCMLIDOC,WMCAPSHCMLIDOC,HIXNY|WMCAPSHCMLIDOC
HIXNY,WMCAPSHCMVA,WMCAPSHCMVA,HIXNY|WMCAPSHCMVA
HIXNY,WMCAPSHCMVADOC,WMCAPSHCMVADOC,HIXNY|WMCAPSHCMVADOC
HIXNY,WMCAPSHEOPO,WMCAPSHEOPO,HIXNY|WMCAPSHEOPO
HIXNY,WMCAPSHEOPODOC,WMCAPSHEOPODOC,HIXNY|WMCAPSHEOPODOC
HIXNY,WMCAPSHIVA,WMCAPSHIVA,HIXNY|WMCAPSHIVA
HIXNY,WMCAPSHIVADOC,WMCAPSHIVADOC,HIXNY|WMCAPSHIVADOC
HIXNY,WMCAPSHMOSS,WMCAPSHMOSS,HIXNY|WMCAPSHMOSS
HIXNY,WMCAPSHMOSSDOC,WMCAPSHMOSSDOC,HIXNY|WMCAPSHMOSSDOC
HIXNY,WMCAPSHOHA,WMCAPSHOHA,HIXNY|WMCAPSHOHA
HIXNY,WMCAPSHOHADOC,WMCAPSHOHADOC,HIXNY|WMCAPSHOHADOC
HIXNY,WMCAPSHOKI,WMCAPSHOKI,HIXNY|WMCAPSHOKI
HIXNY,WMCAPSHOKIDOC,WMCAPSHOKIDOC,HIXNY|WMCAPSHOKIDOC
HIXNY,WMCAPSHYPHA,WMCAPSHYPHA,HIXNY|WMCAPSHYPHA
HIXNY,WMCAPSHYPHADOC,WMCAPSHYPHADOC,HIXNY|WMCAPSHYPHADOC
HIXNY,WMCAPSIDHAW,WMCAPSIDHAW,HIXNY|WMCAPSIDHAW
HIXNY,WMCAPSIDHAWDOC,WMCAPSIDHAWDOC,HIXNY|WMCAPSIDHAWDOC
HIXNY,WMCAPSIMHA,WMCAPSIMHA,HIXNY|WMCAPSIMHA
HIXNY,WMCAPSIMHADOC,WMCAPSIMHADOC,HIXNY|WMCAPSIMHADOC
HIXNY,WMCAPSIPACP,WMCAPSIPACP,HIXNY|WMCAPSIPACP
HIXNY,WMCAPSIPHA,WMCAPSIPHA,HIXNY|WMCAPSIPHA
HIXNY,WMCAPSIPHADOC,WMCAPSIPHADOC,HIXNY|WMCAPSIPHADOC
HIXNY,WMCAPSIPPO,WMCAPSIPPO,HIXNY|WMCAPSIPPO
HIXNY,WMCAPSIPPODOC,WMCAPSIPPODOC,HIXNY|WMCAPSIPPODOC
HIXNY,WMCAPSIPUKI,WMCAPSIPUKI,HIXNY|WMCAPSIPUKI
HIXNY,WMCAPSIPUKIDOC,WMCAPSIPUKIDOC,HIXNY|WMCAPSIPUKIDOC
HIXNY,WMCAPSIPVA,WMCAPSIPVA,HIXNY|WMCAPSIPVA
HIXNY,WMCAPSIPVADOC,WMCAPSIPVADOC,HIXNY|WMCAPSIPVADOC
HIXNY,WMCAPSLCAHA,WMCAPSLCAHA,HIXNY|WMCAPSLCAHA
HIXNY,WMCAPSLCAHADOC,WMCAPSLCAHADOC,HIXNY|WMCAPSLCAHADOC
HIXNY,WMCAPSMECHA,WMCAPSMECHA,HIXNY|WMCAPSMECHA
HIXNY,WMCAPSMECHADOC,WMCAPSMECHADOC,HIXNY|WMCAPSMECHADOC
HIXNY,WMCAPSMFMHA,WMCAPSMFMHA,HIXNY|WMCAPSMFMHA
HIXNY,WMCAPSMFMHADOC,WMCAPSMFMHADOC,HIXNY|WMCAPSMFMHADOC
HIXNY,WMCAPSMFMMA,WMCAPSMFMMA,HIXNY|WMCAPSMFMMA
HIXNY,WMCAPSMFMMADOC,WMCAPSMFMMADOC,HIXNY|WMCAPSMFMMADOC
HIXNY,WMCAPSMFMSU,WMCAPSMFMSU,HIXNY|WMCAPSMFMSU
HIXNY,WMCAPSMFMSUDOC,WMCAPSMFMSUDOC,HIXNY|WMCAPSMFMSUDOC
HIXNY,WMCAPSMONHA,WMCAPSMONHA,HIXNY|WMCAPSMONHA
HIXNY,WMCAPSMONHADOC,WMCAPSMONHADOC,HIXNY|WMCAPSMONHADOC
HIXNY,WMCAPSNEPHA,WMCAPSNEPHA,HIXNY|WMCAPSNEPHA
HIXNY,WMCAPSNEPHADOC,WMCAPSNEPHADOC,HIXNY|WMCAPSNEPHADOC
HIXNY,WMCAPSNEPO,WMCAPSNEPO,HIXNY|WMCAPSNEPO
HIXNY,WMCAPSNEPODOC,WMCAPSNEPODOC,HIXNY|WMCAPSNEPODOC
HIXNY,WMCAPSNEUHA,WMCAPSNEUHA,HIXNY|WMCAPSNEUHA
HIXNY,WMCAPSNEUHADOC,WMCAPSNEUHADOC,HIXNY|WMCAPSNEUHADOC
HIXNY,WMCAPSNEUNP,WMCAPSNEUNP,HIXNY|WMCAPSNEUNP
HIXNY,WMCAPSNEUNPDOC,WMCAPSNEUNPDOC,HIXNY|WMCAPSNEUNPDOC
HIXNY,WMCAPSNEUPO,WMCAPSNEUPO,HIXNY|WMCAPSNEUPO
HIXNY,WMCAPSNEUPODOC,WMCAPSNEUPODOC,HIXNY|WMCAPSNEUPODOC
HIXNY,WMCAPSNSHA,WMCAPSNSHA,HIXNY|WMCAPSNSHA
HIXNY,WMCAPSNSHADOC,WMCAPSNSHADOC,HIXNY|WMCAPSNSHADOC
HIXNY,WMCAPSOBHA,WMCAPSOBHA,HIXNY|WMCAPSOBHA
HIXNY,WMCAPSOBHADOC,WMCAPSOBHADOC,HIXNY|WMCAPSOBHADOC
HIXNY,WMCAPSOBKI,WMCAPSOBKI,HIXNY|WMCAPSOBKI
HIXNY,WMCAPSOBKIDOC,WMCAPSOBKIDOC,HIXNY|WMCAPSOBKIDOC
HIXNY,WMCAPSOBMA,WMCAPSOBMA,HIXNY|WMCAPSOBMA
HIXNY,WMCAPSOBMADOC,WMCAPSOBMADOC,HIXNY|WMCAPSOBMADOC
HIXNY,WMCAPSOBMO,WMCAPSOBMO,HIXNY|WMCAPSOBMO
HIXNY,WMCAPSOBMODOC,WMCAPSOBMODOC,HIXNY|WMCAPSOBMODOC
HIXNY,WMCAPSOBPO,WMCAPSOBPO,HIXNY|WMCAPSOBPO
HIXNY,WMCAPSOBPODOC,WMCAPSOBPODOC,HIXNY|WMCAPSOBPODOC
HIXNY,WMCAPSOBSU,WMCAPSOBSU,HIXNY|WMCAPSOBSU
HIXNY,WMCAPSOBSUDOC,WMCAPSOBSUDOC,HIXNY|WMCAPSOBSUDOC
HIXNY,WMCAPSOPHHA,WMCAPSOPHHA,HIXNY|WMCAPSOPHHA
HIXNY,WMCAPSOPHHADOC,WMCAPSOPHHADOC,HIXNY|WMCAPSOPHHADOC
HIXNY,WMCAPSOPHKI,WMCAPSOPHKI,HIXNY|WMCAPSOPHKI
HIXNY,WMCAPSOPHKIDOC,WMCAPSOPHKIDOC,HIXNY|WMCAPSOPHKIDOC
HIXNY,WMCAPSOPHVA,WMCAPSOPHVA,HIXNY|WMCAPSOPHVA
HIXNY,WMCAPSOPHVADOC,WMCAPSOPHVADOC,HIXNY|WMCAPSOPHVADOC
HIXNY,WMCAPSORTFI,WMCAPSORTFI,HIXNY|WMCAPSORTFI
HIXNY,WMCAPSORTFIDOC,WMCAPSORTFIDOC,HIXNY|WMCAPSORTFIDOC
HIXNY,WMCAPSORTHA,WMCAPSORTHA,HIXNY|WMCAPSORTHA
HIXNY,WMCAPSORTHADOC,WMCAPSORTHADOC,HIXNY|WMCAPSORTHADOC
HIXNY,WMCAPSORTMI,WMCAPSORTMI,HIXNY|WMCAPSORTMI
HIXNY,WMCAPSORTMIDOC,WMCAPSORTMIDOC,HIXNY|WMCAPSORTMIDOC
HIXNY,WMCAPSORTPO,WMCAPSORTPO,HIXNY|WMCAPSORTPO
HIXNY,WMCAPSORTPODOC,WMCAPSORTPODOC,HIXNY|WMCAPSORTPODOC
HIXNY,WMCAPSORTST,WMCAPSORTST,HIXNY|WMCAPSORTST
HIXNY,WMCAPSORTSTDOC,WMCAPSORTSTDOC,HIXNY|WMCAPSORTSTDOC
HIXNY,WMCAPSOVA,WMCAPSOVA,HIXNY|WMCAPSOVA
HIXNY,WMCAPSOVADOC,WMCAPSOVADOC,HIXNY|WMCAPSOVADOC
HIXNY,WMCAPSPCTSV,WMCAPSPCTSV,HIXNY|WMCAPSPCTSV
HIXNY,WMCAPSPCTSVDOC,WMCAPSPCTSVDOC,HIXNY|WMCAPSPCTSVDOC
HIXNY,WMCAPSPESMI,WMCAPSPESMI,HIXNY|WMCAPSPESMI
HIXNY,WMCAPSPESMIDOC,WMCAPSPESMIDOC,HIXNY|WMCAPSPESMIDOC
HIXNY,WMCAPSPHPO,WMCAPSPHPO,HIXNY|WMCAPSPHPO
HIXNY,WMCAPSPHPODOC,WMCAPSPHPODOC,HIXNY|WMCAPSPHPODOC
HIXNY,WMCAPSPMHA,WMCAPSPMHA,HIXNY|WMCAPSPMHA
HIXNY,WMCAPSPMHADOC,WMCAPSPMHADOC,HIXNY|WMCAPSPMHADOC
HIXNY,WMCAPSPMMA,WMCAPSPMMA,HIXNY|WMCAPSPMMA
HIXNY,WMCAPSPMMADOC,WMCAPSPMMADOC,HIXNY|WMCAPSPMMADOC
HIXNY,WMCAPSPRCSG,WMCAPSPRCSG,HIXNY|WMCAPSPRCSG
HIXNY,WMCAPSPRCSGDOC,WMCAPSPRCSGDOC,HIXNY|WMCAPSPRCSGDOC
HIXNY,WMCAPSPRCSV,WMCAPSPRCSV,HIXNY|WMCAPSPRCSV
HIXNY,WMCAPSPRCSVDOC,WMCAPSPRCSVDOC,HIXNY|WMCAPSPRCSVDOC
HIXNY,WMCAPSPSHA,WMCAPSPSHA,HIXNY|WMCAPSPSHA
HIXNY,WMCAPSPSHADOC,WMCAPSPSHADOC,HIXNY|WMCAPSPSHADOC
HIXNY,WMCAPSPSKI,WMCAPSPSKI,HIXNY|WMCAPSPSKI
HIXNY,WMCAPSPSUSU,WMCAPSPSUSU,HIXNY|WMCAPSPSUSU
HIXNY,WMCAPSPSUSUDOC,WMCAPSPSUSUDOC,HIXNY|WMCAPSPSUSUDOC
HIXNY,WMCAPSPSYKI,WMCAPSPSYKI,HIXNY|WMCAPSPSYKI
HIXNY,WMCAPSPSYKIDOC,WMCAPSPSYKIDOC,HIXNY|WMCAPSPSYKIDOC
HIXNY,WMCAPSPSYVA,WMCAPSPSYVA,HIXNY|WMCAPSPSYVA
HIXNY,WMCAPSPUACP,WMCAPSPUACP,HIXNY|WMCAPSPUACP
HIXNY,WMCAPSPUACPDOC,WMCAPSPUACPDOC,HIXNY|WMCAPSPUACPDOC
HIXNY,WMCAPSPULKI,WMCAPSPULKI,HIXNY|WMCAPSPULKI
HIXNY,WMCAPSPULKIDOC,WMCAPSPULKIDOC,HIXNY|WMCAPSPULKIDOC
HIXNY,WMCAPSPULVA,WMCAPSPULVA,HIXNY|WMCAPSPULVA
HIXNY,WMCAPSPULVADOC,WMCAPSPULVADOC,HIXNY|WMCAPSPULVADOC
HIXNY,WMCAPSREMHA,WMCAPSREMHA,HIXNY|WMCAPSREMHA
HIXNY,WMCAPSREMHADOC,WMCAPSREMHADOC,HIXNY|WMCAPSREMHADOC
HIXNY,WMCAPSRHEHA,WMCAPSRHEHA,HIXNY|WMCAPSRHEHA
HIXNY,WMCAPSRHEHADOC,WMCAPSRHEHADOC,HIXNY|WMCAPSRHEHADOC
HIXNY,WMCAPSRHEVA,WMCAPSRHEVA,HIXNY|WMCAPSRHEVA
HIXNY,WMCAPSRHEVADOC,WMCAPSRHEVADOC,HIXNY|WMCAPSRHEVADOC
HIXNY,WMCAPSSONMA,WMCAPSSONMA,HIXNY|WMCAPSSONMA
HIXNY,WMCAPSSONMADOC,WMCAPSSONMADOC,HIXNY|WMCAPSSONMADOC
HIXNY,WMCAPSTAVNW,WMCAPSTAVNW,HIXNY|WMCAPSTAVNW
HIXNY,WMCAPSTAVNWDOC,WMCAPSTAVNWDOC,HIXNY|WMCAPSTAVNWDOC
HIXNY,WMCAPSTAVSU,WMCAPSTAVSU,HIXNY|WMCAPSTAVSU
HIXNY,WMCAPSTRAVA,WMCAPSTRAVA,HIXNY|WMCAPSTRAVA
HIXNY,WMCAPSTRAVADOC,WMCAPSTRAVADOC,HIXNY|WMCAPSTRAVADOC
HIXNY,WMCAPSTRPOU,WMCAPSTRPOU,HIXNY|WMCAPSTRPOU
HIXNY,WMCAPSTRPOUDOC,WMCAPSTRPOUDOC,HIXNY|WMCAPSTRPOUDOC
HIXNY,WMCAPSTRPVA,WMCAPSTRPVA,HIXNY|WMCAPSTRPVA
HIXNY,WMCAPSTRPVADOC,WMCAPSTRPVADOC,HIXNY|WMCAPSTRPVADOC
HIXNY,WMCAPSURLHA,WMCAPSURLHA,HIXNY|WMCAPSURLHA
HIXNY,WMCAPSURLHADOC,WMCAPSURLHADOC,HIXNY|WMCAPSURLHADOC
HIXNY,WMCAPSURMA,WMCAPSURMA,HIXNY|WMCAPSURMA
HIXNY,WMCAPSURMADOC,WMCAPSURMADOC,HIXNY|WMCAPSURMADOC
HIXNY,WMCAPSUROHA,WMCAPSUROHA,HIXNY|WMCAPSUROHA
HIXNY,WMCAPSUROHADOC,WMCAPSUROHADOC,HIXNY|WMCAPSUROHADOC
HIXNY,WMCAPSUROMA,WMCAPSUROMA,HIXNY|WMCAPSUROMA
HIXNY,WMCAPSUROMADOC,WMCAPSUROMADOC,HIXNY|WMCAPSUROMADOC
HIXNY,WMCAPSUROSU,WMCAPSUROSU,HIXNY|WMCAPSUROSU
HIXNY,WMCAPSUROSUDOC,WMCAPSUROSUDOC,HIXNY|WMCAPSUROSUDOC
HIXNY,WMCAPSVAPOU,WMCAPSVAPOU,HIXNY|WMCAPSVAPOU
HIXNY,WMCAPSVAPOUDOC,WMCAPSVAPOUDOC,HIXNY|WMCAPSVAPOUDOC
HIXNY,WMCAPSVASBR,WMCAPSVASBR,HIXNY|WMCAPSVASBR
HIXNY,WMCAPSVASBRDOC,WMCAPSVASBRDOC,HIXNY|WMCAPSVASBRDOC
HIXNY,WMCAPSVASCA,WMCAPSVASCA,HIXNY|WMCAPSVASCA
HIXNY,WMCAPSVASCADOC,WMCAPSVASCADOC,HIXNY|WMCAPSVASCADOC
HIXNY,WMCAPSVASKI,WMCAPSVASKI,HIXNY|WMCAPSVASKI
HIXNY,WMCAPSVASKIDOC,WMCAPSVASKIDOC,HIXNY|WMCAPSVASKIDOC
HIXNY,WMCAPSVASMA,WMCAPSVASMA,HIXNY|WMCAPSVASMA
HIXNY,WMCAPSVASMADOC,WMCAPSVASMADOC,HIXNY|WMCAPSVASMADOC
HIXNY,WMCAPSVASMK,WMCAPSVASMK,HIXNY|WMCAPSVASMK
HIXNY,WMCAPSVASMKDOC,WMCAPSVASMKDOC,HIXNY|WMCAPSVASMKDOC
HIXNY,WMCAPSVASNW,WMCAPSVASNW,HIXNY|WMCAPSVASNW
HIXNY,WMCAPSVASNWDOC,WMCAPSVASNWDOC,HIXNY|WMCAPSVASNWDOC
HIXNY,WMCAPSVASVA,WMCAPSVASVA,HIXNY|WMCAPSVASVA
HIXNY,WMCAPSVASVADOC,WMCAPSVASVADOC,HIXNY|WMCAPSVASVADOC
HIXNY,WMCAPSWHKI,WMCAPSWHKI,HIXNY|WMCAPSWHKI
HIXNY,WMCAPSWHKIDOC,WMCAPSWHKIDOC,HIXNY|WMCAPSWHKIDOC
HIXNY,WMCAPSWHMA,WMCAPSWHMA,HIXNY|WMCAPSWHMA
HIXNY,WMCAPSWHMADOC,WMCAPSWHMADOC,HIXNY|WMCAPSWHMADOC
HIXNY,WMCAPSWHNWI,WMCAPSWHNWI,HIXNY|WMCAPSWHNWI
HIXNY,WMCAPSWHNWIDOC,WMCAPSWHNWIDOC,HIXNY|WMCAPSWHNWIDOC
HIXNY,WMCAPSWHPO,WMCAPSWHPO,HIXNY|WMCAPSWHPO
HIXNY,WMCAPSWHPODOC,WMCAPSWHPODOC,HIXNY|WMCAPSWHPODOC
HIXNY,WMCAPSWHVA,WMCAPSWHVA,HIXNY|WMCAPSWHVA
HIXNY,WMCAPSWHVADOC,WMCAPSWHVADOC,HIXNY|WMCAPSWHVADOC
HIXNY,WMCBFRAWLEY,WMCBFRAWLEY,HIXNY|WMCBFRAWLEY
HIXNY,WMCBSCH,WMCBSCH,HIXNY|WMCBSCH
HIXNY,WMCBSCHDOC,WMCBSCHDOC,HIXNY|WMCBSCHDOC
HIXNY,WMCBSGSHSAT,WMCBSGSHSAT,HIXNY|WMCBSGSHSAT
HIXNY,WMCBSMGCARD,WMCBSMGCARD,HIXNY|WMCBSMGCARD
HIXNY,WMCBSMGELEC,WMCBSMGELEC,HIXNY|WMCBSMGELEC
HIXNY,WMCBSMGGAST,WMCBSMGGAST,HIXNY|WMCBSMGGAST
HIXNY,WMCBSMGGSH,WMCBSMGGSH,HIXNY|WMCBSMGGSH
HIXNY,WMCBSMGGSHDOC,WMCBSMGGSHDOC,HIXNY|WMCBSMGGSHDOC
HIXNY,WMCBSMGGYN,WMCBSMGGYN,HIXNY|WMCBSMGGYN
HIXNY,WMCBSMGHEAR,WMCBSMGHEAR,HIXNY|WMCBSMGHEAR
HIXNY,WMCBSMGHFP,WMCBSMGHFP,HIXNY|WMCBSMGHFP
HIXNY,WMCBSMGINCA,WMCBSMGINCA,HIXNY|WMCBSMGINCA
HIXNY,WMCBSMGMCAR,WMCBSMGMCAR,HIXNY|WMCBSMGMCAR
HIXNY,WMCBSMGNEPH,WMCBSMGNEPH,HIXNY|WMCBSMGNEPH
HIXNY,WMCBSMGNEUR,WMCBSMGNEUR,HIXNY|WMCBSMGNEUR
HIXNY,WMCBSMGONC,WMCBSMGONC,HIXNY|WMCBSMGONC
HIXNY,WMCBSMGORTH,WMCBSMGORTH,HIXNY|WMCBSMGORTH
HIXNY,WMCBSMGPCP,WMCBSMGPCP,HIXNY|WMCBSMGPCP
HIXNY,WMCBSMGPM,WMCBSMGPM,HIXNY|WMCBSMGPM
HIXNY,WMCBSMGPULM,WMCBSMGPULM,HIXNY|WMCBSMGPULM
HIXNY,WMCBSMGSPOR,WMCBSMGSPOR,HIXNY|WMCBSMGSPOR
HIXNY,WMCBSMGSURG,WMCBSMGSURG,HIXNY|WMCBSMGSURG
HIXNY,WMCBSMGURO,WMCBSMGURO,HIXNY|WMCBSMGURO
HIXNY,WMCBSSACH,WMCBSSACH,HIXNY|WMCBSSACH
HIXNY,WMCBSSACHDOC,WMCBSSACHDOC,HIXNY|WMCBSSACHDOC
HIXNY,WMCCOVID,WMCCOVID,HIXNY|WMCCOVID
HIXNY,WMCCOVIDDOC,WMCCOVIDDOC,HIXNY|WMCCOVIDDOC
HIXNY,WMCDOC,WMCDOC,HIXNY|WMCDOC
HIXNY,WMCHAHBC19V,WMCHAHBC19V,HIXNY|WMCHAHBC19V
HIXNY,WMCHAHBC19VDOC,WMCHAHBC19VDOC,HIXNY|WMCHAHBC19VDOC
HIXNY,WMCHAHMC19V,WMCHAHMC19V,HIXNY|WMCHAHMC19V
HIXNY,WMCHAHMC19VDOC,WMCHAHMC19VDOC,HIXNY|WMCHAHMC19VDOC
HIXNY,WMCIPBH,WMCIPBH,HIXNY|WMCIPBH
HIXNY,WMCKANTC19,WMCKANTC19,HIXNY|WMCKANTC19
HIXNY,WMCKANTC19DOC,WMCKANTC19DOC,HIXNY|WMCKANTC19DOC
HIXNY,WMCKC19,WMCKC19,HIXNY|WMCKC19
HIXNY,WMCKC19DOC,WMCKC19DOC,HIXNY|WMCKC19DOC
HIXNY,WMCMANTC19,WMCMANTC19,HIXNY|WMCMANTC19
HIXNY,WMCMFKIDHOS,WMCMFKIDHOS,HIXNY|WMCMFKIDHOS
HIXNY,WMCMFKIDHOSDOC,WMCMFKIDHOSDOC,HIXNY|WMCMFKIDHOSDOC
HIXNY,WMCMHRH,WMCMHRH,HIXNY|WMCMHRH
HIXNY,WMCMHRHACOV,WMCMHRHACOV,HIXNY|WMCMHRHACOV
HIXNY,WMCMHRHACOVDOC,WMCMHRHACOVDOC,HIXNY|WMCMHRHACOVDOC
HIXNY,WMCMHRHCOV,WMCMHRHCOV,HIXNY|WMCMHRHCOV
HIXNY,WMCMHRHCOVDOC,WMCMHRHCOVDOC,HIXNY|WMCMHRHCOVDOC
HIXNY,WMCMHRHDOC,WMCMHRHDOC,HIXNY|WMCMHRHDOC
HIXNY,WMCMHRHIPBH,WMCMHRHIPBH,HIXNY|WMCMHRHIPBH
HIXNY,WMCMHRHIPR,WMCMHRHIPR,HIXNY|WMCMHRHIPR
HIXNY,WMCMHRHIPRDOC,WMCMHRHIPRDOC,HIXNY|WMCMHRHIPRDOC
HIXNY,WMCMHRHOHC,WMCMHRHOHC,HIXNY|WMCMHRHOHC
HIXNY,WMCMHRHOPBH,WMCMHRHOPBH,HIXNY|WMCMHRHOPBH
HIXNY,WMCMHRHTOCD,WMCMHRHTOCD,HIXNY|WMCMHRHTOCD
HIXNY,WMCMONITOR,WMCMONITOR,HIXNY|WMCMONITOR
HIXNY,WMCMONITORDOC,WMCMONITORDOC,HIXNY|WMCMONITORDOC
HIXNY,WMCNW,WMCNW,HIXNY|WMCNW
HIXNY,WMCNWDOC,WMCNWDOC,HIXNY|WMCNWDOC
HIXNY,WMCOCCHC,WMCOCCHC,HIXNY|WMCOCCHC
HIXNY,WMCOPBH,WMCOPBH,HIXNY|WMCOPBH
HIXNY,WMCOPDADOLE,WMCOPDADOLE,HIXNY|WMCOPDADOLE
HIXNY,WMCOPDADOLEDOC,WMCOPDADOLEDOC,HIXNY|WMCOPDADOLEDOC
HIXNY,WMCOPDALLY,WMCOPDALLY,HIXNY|WMCOPDALLY
HIXNY,WMCOPDALLYDOC,WMCOPDALLYDOC,HIXNY|WMCOPDALLYDOC
HIXNY,WMCOPDBREAS,WMCOPDBREAS,HIXNY|WMCOPDBREAS
HIXNY,WMCOPDBREASDOC,WMCOPDBREASDOC,HIXNY|WMCOPDBREASDOC
HIXNY,WMCOPDCARD,WMCOPDCARD,HIXNY|WMCOPDCARD
HIXNY,WMCOPDCARDDOC,WMCOPDCARDDOC,HIXNY|WMCOPDCARDDOC
HIXNY,WMCOPDCOLSU,WMCOPDCOLSU,HIXNY|WMCOPDCOLSU
HIXNY,WMCOPDCOLSUDOC,WMCOPDCOLSUDOC,HIXNY|WMCOPDCOLSUDOC
HIXNY,WMCOPDCORR,WMCOPDCORR,HIXNY|WMCOPDCORR
HIXNY,WMCOPDDENTA,WMCOPDDENTA,HIXNY|WMCOPDDENTA
HIXNY,WMCOPDDENTADOC,WMCOPDDENTADOC,HIXNY|WMCOPDDENTADOC
HIXNY,WMCOPDDIABE,WMCOPDDIABE,HIXNY|WMCOPDDIABE
HIXNY,WMCOPDDIABEDOC,WMCOPDDIABEDOC,HIXNY|WMCOPDDIABEDOC
HIXNY,WMCOPDDIAOB,WMCOPDDIAOB,HIXNY|WMCOPDDIAOB
HIXNY,WMCOPDDIAOBDOC,WMCOPDDIAOBDOC,HIXNY|WMCOPDDIAOBDOC
HIXNY,WMCOPDENDO,WMCOPDENDO,HIXNY|WMCOPDENDO
HIXNY,WMCOPDENDODOC,WMCOPDENDODOC,HIXNY|WMCOPDENDODOC
HIXNY,WMCOPDEPILE,WMCOPDEPILE,HIXNY|WMCOPDEPILE
HIXNY,WMCOPDEPILEDOC,WMCOPDEPILEDOC,HIXNY|WMCOPDEPILEDOC
HIXNY,WMCOPDFAMPL,WMCOPDFAMPL,HIXNY|WMCOPDFAMPL
HIXNY,WMCOPDFAMPLDOC,WMCOPDFAMPLDOC,HIXNY|WMCOPDFAMPLDOC
HIXNY,WMCOPDGENOR,WMCOPDGENOR,HIXNY|WMCOPDGENOR
HIXNY,WMCOPDGENORDOC,WMCOPDGENORDOC,HIXNY|WMCOPDGENORDOC
HIXNY,WMCOPDGENPE,WMCOPDGENPE,HIXNY|WMCOPDGENPE
HIXNY,WMCOPDGENPEDOC,WMCOPDGENPEDOC,HIXNY|WMCOPDGENPEDOC
HIXNY,WMCOPDGENSU,WMCOPDGENSU,HIXNY|WMCOPDGENSU
HIXNY,WMCOPDGENSUDOC,WMCOPDGENSUDOC,HIXNY|WMCOPDGENSUDOC
HIXNY,WMCOPDGI,WMCOPDGI,HIXNY|WMCOPDGI
HIXNY,WMCOPDGIDOC,WMCOPDGIDOC,HIXNY|WMCOPDGIDOC
HIXNY,WMCOPDGYNEC,WMCOPDGYNEC,HIXNY|WMCOPDGYNEC
HIXNY,WMCOPDGYNECDOC,WMCOPDGYNECDOC,HIXNY|WMCOPDGYNECDOC
HIXNY,WMCOPDHEMO,WMCOPDHEMO,HIXNY|WMCOPDHEMO
HIXNY,WMCOPDHEMODOC,WMCOPDHEMODOC,HIXNY|WMCOPDHEMODOC
HIXNY,WMCOPDHROB,WMCOPDHROB,HIXNY|WMCOPDHROB
HIXNY,WMCOPDHROBDOC,WMCOPDHROBDOC,HIXNY|WMCOPDHROBDOC
HIXNY,WMCOPDID,WMCOPDID,HIXNY|WMCOPDID
HIXNY,WMCOPDIDDOC,WMCOPDIDDOC,HIXNY|WMCOPDIDDOC
HIXNY,WMCOPDMEBLU,WMCOPDMEBLU,HIXNY|WMCOPDMEBLU
HIXNY,WMCOPDMEBLUDOC,WMCOPDMEBLUDOC,HIXNY|WMCOPDMEBLUDOC
HIXNY,WMCOPDMEDG,WMCOPDMEDG,HIXNY|WMCOPDMEDG
HIXNY,WMCOPDMEDGDOC,WMCOPDMEDGDOC,HIXNY|WMCOPDMEDGDOC
HIXNY,WMCOPDMEDS,WMCOPDMEDS,HIXNY|WMCOPDMEDS
HIXNY,WMCOPDMEDSDOC,WMCOPDMEDSDOC,HIXNY|WMCOPDMEDSDOC
HIXNY,WMCOPDMEDY,WMCOPDMEDY,HIXNY|WMCOPDMEDY
HIXNY,WMCOPDMEDYDOC,WMCOPDMEDYDOC,HIXNY|WMCOPDMEDYDOC
HIXNY,WMCOPDMERED,WMCOPDMERED,HIXNY|WMCOPDMERED
HIXNY,WMCOPDMEREDDOC,WMCOPDMEREDDOC,HIXNY|WMCOPDMEREDDOC
HIXNY,WMCOPDMS,WMCOPDMS,HIXNY|WMCOPDMS
HIXNY,WMCOPDMSDOC,WMCOPDMSDOC,HIXNY|WMCOPDMSDOC
HIXNY,WMCOPDN1700,WMCOPDN1700,HIXNY|WMCOPDN1700
HIXNY,WMCOPDN1700DOC,WMCOPDN1700DOC,HIXNY|WMCOPDN1700DOC
HIXNY,WMCOPDN550,WMCOPDN550,HIXNY|WMCOPDN550
HIXNY,WMCOPDN550DOC,WMCOPDN550DOC,HIXNY|WMCOPDN550DOC
HIXNY,WMCOPDNEURM,WMCOPDNEURM,HIXNY|WMCOPDNEURM
HIXNY,WMCOPDNEURMDOC,WMCOPDNEURMDOC,HIXNY|WMCOPDNEURMDOC
HIXNY,WMCOPDNEURO,WMCOPDNEURO,HIXNY|WMCOPDNEURO
HIXNY,WMCOPDNEURODOC,WMCOPDNEURODOC,HIXNY|WMCOPDNEURODOC
HIXNY,WMCOPDNEURS,WMCOPDNEURS,HIXNY|WMCOPDNEURS
HIXNY,WMCOPDNEURSDOC,WMCOPDNEURSDOC,HIXNY|WMCOPDNEURSDOC
HIXNY,WMCOPDNSTOB,WMCOPDNSTOB,HIXNY|WMCOPDNSTOB
HIXNY,WMCOPDNSTOBDOC,WMCOPDNSTOBDOC,HIXNY|WMCOPDNSTOBDOC
HIXNY,WMCOPDNVOB,WMCOPDNVOB,HIXNY|WMCOPDNVOB
HIXNY,WMCOPDNVOBDOC,WMCOPDNVOBDOC,HIXNY|WMCOPDNVOBDOC
HIXNY,WMCOPDOPH,WMCOPDOPH,HIXNY|WMCOPDOPH
HIXNY,WMCOPDOPHDOC,WMCOPDOPHDOC,HIXNY|WMCOPDOPHDOC
HIXNY,WMCOPDORASU,WMCOPDORASU,HIXNY|WMCOPDORASU
HIXNY,WMCOPDORASUDOC,WMCOPDORASUDOC,HIXNY|WMCOPDORASUDOC
HIXNY,WMCOPDORTHA,WMCOPDORTHA,HIXNY|WMCOPDORTHA
HIXNY,WMCOPDORTHADOC,WMCOPDORTHADOC,HIXNY|WMCOPDORTHADOC
HIXNY,WMCOPDORTJO,WMCOPDORTJO,HIXNY|WMCOPDORTJO
HIXNY,WMCOPDORTJODOC,WMCOPDORTJODOC,HIXNY|WMCOPDORTJODOC
HIXNY,WMCOPDORTTR,WMCOPDORTTR,HIXNY|WMCOPDORTTR
HIXNY,WMCOPDORTTRDOC,WMCOPDORTTRDOC,HIXNY|WMCOPDORTTRDOC
HIXNY,WMCOPDPEDCA,WMCOPDPEDCA,HIXNY|WMCOPDPEDCA
HIXNY,WMCOPDPEDCADOC,WMCOPDPEDCADOC,HIXNY|WMCOPDPEDCADOC
HIXNY,WMCOPDPEDNU,WMCOPDPEDNU,HIXNY|WMCOPDPEDNU
HIXNY,WMCOPDPEDNUDOC,WMCOPDPEDNUDOC,HIXNY|WMCOPDPEDNUDOC
HIXNY,WMCOPDPEDOR,WMCOPDPEDOR,HIXNY|WMCOPDPEDOR
HIXNY,WMCOPDPEDORDOC,WMCOPDPEDORDOC,HIXNY|WMCOPDPEDORDOC
HIXNY,WMCOPDPEDPU,WMCOPDPEDPU,HIXNY|WMCOPDPEDPU
HIXNY,WMCOPDPEDPUDOC,WMCOPDPEDPUDOC,HIXNY|WMCOPDPEDPUDOC
HIXNY,WMCOPDPEDUR,WMCOPDPEDUR,HIXNY|WMCOPDPEDUR
HIXNY,WMCOPDPEDURDOC,WMCOPDPEDURDOC,HIXNY|WMCOPDPEDURDOC
HIXNY,WMCOPDPLSUR,WMCOPDPLSUR,HIXNY|WMCOPDPLSUR
HIXNY,WMCOPDPLSURDOC,WMCOPDPLSURDOC,HIXNY|WMCOPDPLSURDOC
HIXNY,WMCOPDPULM,WMCOPDPULM,HIXNY|WMCOPDPULM
HIXNY,WMCOPDPULMDOC,WMCOPDPULMDOC,HIXNY|WMCOPDPULMDOC
HIXNY,WMCOPDRENAL,WMCOPDRENAL,HIXNY|WMCOPDRENAL
HIXNY,WMCOPDRENALDOC,WMCOPDRENALDOC,HIXNY|WMCOPDRENALDOC
HIXNY,WMCOPDRHEUM,WMCOPDRHEUM,HIXNY|WMCOPDRHEUM
HIXNY,WMCOPDRHEUMDOC,WMCOPDRHEUMDOC,HIXNY|WMCOPDRHEUMDOC
HIXNY,WMCOPDSPINE,WMCOPDSPINE,HIXNY|WMCOPDSPINE
HIXNY,WMCOPDSPINEDOC,WMCOPDSPINEDOC,HIXNY|WMCOPDSPINEDOC
HIXNY,WMCOPDSTRO,WMCOPDSTRO,HIXNY|WMCOPDSTRO
HIXNY,WMCOPDSTRODOC,WMCOPDSTRODOC,HIXNY|WMCOPDSTRODOC
HIXNY,WMCOPDTHYR,WMCOPDTHYR,HIXNY|WMCOPDTHYR
HIXNY,WMCOPDTHYRDOC,WMCOPDTHYRDOC,HIXNY|WMCOPDTHYRDOC
HIXNY,WMCOPDURO,WMCOPDURO,HIXNY|WMCOPDURO
HIXNY,WMCOPDURODOC,WMCOPDURODOC,HIXNY|WMCOPDURODOC
HEALTHIX,WMCPC,WMCPC,HEALTHIX|WMCPC
HIXNY,WMCWRHIPR,WMCWRHIPR,HIXNY|WMCWRHIPR
HIXNY,WMCWRHIPRDOC,WMCWRHIPRDOC,HIXNY|WMCWRHIPRDOC
GRRHIO,WMG,WMG,GRRHIO|WMG
HEALTHIX,WMINH,WMINH,HEALTHIX|WMINH
HEALTHIX,WMMG,WMMG,HEALTHIX|WMMG
HEALTHIX,WMP,WMP,HEALTHIX|WMP
HEALTHIX,WMPPC,WMPPC,HEALTHIX|WMPPC
HEALTHIX,WMUI,WMUI,HEALTHIX|WMUI
HEALTHIX,WMWHITE,WMWHITE,HEALTHIX|WMWHITE
TXD,WNDSNG,WNDSNG,TXD|WNDSNG
GRRHIO,WNPG,WNPG,GRRHIO|WNPG
GRRHIO,WNR,WNR,GRRHIO|WNR
TXD,WNSTDG,WNSTDG,TXD|WNSTDG
HECDCS,WNY-CHILD-PSYCH,WNY-CHILD-PSYCH,HECDCS|WNY-CHILD-PSYCH
TXD,WNYBH,WNYBH,TXD|WNYBH
TXD,WNYCMC,WNYCMC,TXD|WNYCMC
TXD,WNYCPC,WNYCPC,TXD|WNYCPC
TXD,WNYICC,WNYICC,TXD|WNYICC
GRRHIO,WNYIL.DUPLICATE,WNYIL,GRRHIO|WNYIL
TXD,WNYIL.DUPLICATE1,WNYIL,TXD|WNYIL
GRRHIO,WNYIMG.DUPLICATE,WNYIMG,GRRHIO|WNYIMG
TXD,WNYIMG.DUPLICATE1,WNYIMG,TXD|WNYIMG
TXD,WNYIMM,WNYIMM,TXD|WNYIMM
GRRHIO,WNYJFM,WNYJFM,GRRHIO|WNYJFM
TXD,WNYMED,WNYMED,TXD|WNYMED
TXD,WNYPA,WNYPA,TXD|WNYPA
GRRHIO,WNYPC,WNYPC,GRRHIO|WNYPC
TXD,WNYPCA,WNYPCA,TXD|WNYPCA
TXD,WNYPE,WNYPE,TXD|WNYPE
TXD,WNYUro,WNYUro,TXD|WNYUro
HECDCS,WOM-WELL-PLACE,WOM-WELL-PLACE,HECDCS|WOM-WELL-PLACE
HEALTHIX,WOMBA,WOMBA,HEALTHIX|WOMBA
HECDCS,WOMEN2WOMEN,WOMEN2WOMEN,HECDCS|WOMEN2WOMEN
BRONX,WOMENS_HEALTH_PRAC,WOMENS HEALTH PRAC,BRONX|WOMENS HEALTH PRAC
HECDCS,WOOD-PALTZ,WOOD-PALTZ,HECDCS|WOOD-PALTZ
HECDCS,WOOD-PALTZ-ALF,WOOD-PALTZ-ALF,HECDCS|WOOD-PALTZ-ALF
HEALTHIX,WOODC,WOODC,HEALTHIX|WOODC
HEALTHIX,WOODHM,WOODHM,HEALTHIX|WOODHM
HEALTHIX,WOODHULL,WOODHULL,HEALTHIX|WOODHULL
BRONX,WOODSIDE_MEDICAL_PRAC,WOODSIDE MEDICAL PRAC,BRONX|WOODSIDE MEDICAL PRAC
HEALTHIX,WORNC,WORNC,HEALTHIX|WORNC
HEALTHIX,WPEDA,WPEDA,HEALTHIX|WPEDA
GRRHIO,WPEDS,WPEDS,GRRHIO|WPEDS
GRRHIO,WPEDS2,WPEDS2,GRRHIO|WPEDS2
GRRHIO,WPG,WPG,GRRHIO|WPG
GRRHIO,WPG2,WPG2,GRRHIO|WPG2
GRRHIO,WREC,WREC,GRRHIO|WREC
GRRHIO,WRG,WRG,GRRHIO|WRG
GRRHIO,WRG2,WRG2,GRRHIO|WRG2
HEALTHIX,WRHCC,WRHCC,HEALTHIX|WRHCC
HEALTHIX,WRRNC,WRRNC,HEALTHIX|WRRNC
HEALTHIX,WSMG,WSMG,HEALTHIX|WSMG
HEALTHIX,WSPP,WSPP,HEALTHIX|WSPP
TXD,WSTFLD,WSTFLD,TXD|WSTFLD
TXD,WSTFLDCE,WSTFLDCE,TXD|WSTFLDCE
TXD,WSTFP,WSTFP,TXD|WSTFP
HEALTHIX,WTAOMC,WTAOMC,HEALTHIX|WTAOMC
BRONX,WUHUA_JING,WUHUA JING,BRONX|WUHUA JING
HEALTHIX,WUXM,WUXM,HEALTHIX|WUXM
HIXNY,WWAMH,WWAMH,HIXNY|WWAMH
HIXNY,WWAMHCER,WWAMHCER,HIXNY|WWAMHCER
HEALTHIX,WWCH,WWCH,HEALTHIX|WWCH
GRRHIO,WWNR,WWNR,GRRHIO|WWNR
BRONX,WYCKOFF_HEIGHTS_MEDICAL_CENTER,WYCKOFF HEIGHTS MEDICAL CENTER,BRONX|WYCKOFF HEIGHTS MEDICAL CENTER
TXD,WYCSNF,WYCSNF,TXD|WYCSNF
TXD,WYDOH,WYDOH,TXD|WYDOH
HEALTHIX,WYEMS,WYEMS,HEALTHIX|WYEMS
HIXNY,WYMETHACLIN,WYMETHACLIN,HIXNY|WYMETHACLIN
HIXNY,WYMNY,WYMNY,HIXNY|WYMNY
GRRHIO,WYNNL,WYNNL,GRRHIO|WYNNL
GRRHIO,Welnow,Welnow,GRRHIO|Welnow
TXD,X-CELL,X-CELL,TXD|X-CELL
HECDCS,XAVIER-MED,XAVIER-MED,HECDCS|XAVIER-MED
GRRHIO,XCELL,XCELL,GRRHIO|XCELL
HEALTHIX,XHHS,XHHS,HEALTHIX|XHHS
BRONX,XIANG_SHENG_MEDICINE,XIANG SHENG MEDICINE,BRONX|XIANG SHENG MEDICINE
BRONX,XIAO_QIN_SARAH_YIN_MEDICAL,XIAO QIN SARAH YIN MEDICAL,BRONX|XIAO QIN SARAH YIN MEDICAL
HEALTHIX,XIXU,XIXU,HEALTHIX|XIXU
HEALTHIX,XIZH,XIZH,HEALTHIX|XIZH
HEALTHIX,XQIAN,XQIAN,HEALTHIX|XQIAN
HEALTHIX,XQMD,XQMD,HEALTHIX|XQMD
HEALTHIX,XUZH,XUZH,HEALTHIX|XUZH
HEALTHIX,XYMO,XYMO,HEALTHIX|XYMO
HEALTHIX,YAIM,YAIM,HEALTHIX|YAIM
HEALTHIX,YANLI,YANLI,HEALTHIX|YANLI
HEALTHIX,YANWM,YANWM,HEALTHIX|YANWM
BRONX,YAN_FENG_CHEN,YAN FENG CHEN,BRONX|YAN FENG CHEN
HEALTHIX,YAPH,YAPH,HEALTHIX|YAPH
HEALTHIX,YAQI,YAQI,HEALTHIX|YAQI
TXD,YASPER,YASPER,TXD|YASPER
GRRHIO,YCDN,YCDN,GRRHIO|YCDN
GRRHIO,YCPH,YCPH,GRRHIO|YCPH
HEALTHIX,YESI,YESI,HEALTHIX|YESI
HEALTHIX,YFCPP,YFCPP,HEALTHIX|YFCPP
HEALTHIX,YHOOI,YHOOI,HEALTHIX|YHOOI
TXD,YJH,YJH,TXD|YJH
HEALTHIX,YKMPC,YKMPC,HEALTHIX|YKMPC
HEALTHIX,YLCM,YLCM,HEALTHIX|YLCM
HEALTHIX,YLMP,YLMP,HEALTHIX|YLMP
HEALTHIX,YMP,YMP,HEALTHIX|YMP
HEALTHIX,YMYU,YMYU,HEALTHIX|YMYU
HEALTHIX,YOC,YOC,HEALTHIX|YOC
HEALTHIX,YOME,YOME,HEALTHIX|YOME
BRONX,YONG_KANG_MEDICAL,YONG KANG MEDICAL,BRONX|YONG KANG MEDICAL
BRONX,YONKERS_GENERAL_MEDICAL,YONKERS GENERAL MEDICAL,BRONX|YONKERS GENERAL MEDICAL
HIXNY,YOUNG,YOUNG,HIXNY|YOUNG
BRONX,YOUSSEF_ALRAEI,YOUSSEF ALRAEI,BRONX|YOUSSEF ALRAEI
HEALTHIX,YPERVEZ,YPERVEZ,HEALTHIX|YPERVEZ
HEALTHIX,YPPNMM,YPPNMM,HEALTHIX|YPPNMM
BRONX,YPP_NEW_MODERN_MEDICINE,YPP NEW MODERN MEDICINE,BRONX|YPP NEW MODERN MEDICINE
HEALTHIX,YSLS,YSLS,HEALTHIX|YSLS
BRONX,YUAN_CONG_WANG,YUAN CONG WANG,BRONX|YUAN CONG WANG
HEALTHIX,YUFP,YUFP,HEALTHIX|YUFP
BRONX,YUSUFS_GETWELL_PEDIATRICS_OF_NY,YUSUFS GETWELL PEDIATRICS OF NY,BRONX|YUSUFS GETWELL PEDIATRICS OF NY
HEALTHIX,YUVOHEALTH,YUVOHEALTH,HEALTHIX|YUVOHEALTH
HECDCS,YVES-J-LAFOND,YVES-J-LAFOND,HECDCS|YVES-J-LAFOND
HEALTHIX,YVMPC,YVMPC,HEALTHIX|YVMPC
HEALTHIX,YWANG,YWANG,HEALTHIX|YWANG
HEALTHIX,YXMP,YXMP,HEALTHIX|YXMP
HEALTHIX,YXMPC,YXMPC,HEALTHIX|YXMPC
HEALTHIX,ZAKH,ZAKH,HEALTHIX|ZAKH
HECDCS,ZAKI-BADAWY,ZAKI-BADAWY,HECDCS|ZAKI-BADAWY
HECDCS,ZARINA-SMITH,ZARINA-SMITH,HECDCS|ZARINA-SMITH
HEALTHIX,ZCMPC,ZCMPC,HEALTHIX|ZCMPC
HEALTHIX,ZHH,ZHH,HEALTHIX|ZHH
HEALTHIX,ZLMO,ZLMO,HEALTHIX|ZLMO
TXD,ZMMRMN,ZMMRMN,TXD|ZMMRMN
GRRHIO,ZOLCORAS,ZOLCORAS,GRRHIO|ZOLCORAS
GRRHIO,ZOLMONAS,ZOLMONAS,GRRHIO|ZOLMONAS
GRRHIO,ZOLRURMT,ZOLRURMT,GRRHIO|ZOLRURMT
GRRHIO,ZOLWYCES,ZOLWYCES,GRRHIO|ZOLWYCES
BRONX,ZOVA_Z_LIU,ZOVA Z LIU,BRONX|ZOVA Z LIU
HEALTHIX,ZPRAD,ZPRAD,HEALTHIX|ZPRAD
HEALTHIX,ZPZHOU,ZPZHOU,HEALTHIX|ZPZHOU
HEALTHIX,ZWHM,ZWHM,HEALTHIX|ZWHM
HEALTHIX,ZZMPC,ZZMPC,HEALTHIX|ZZMPC
TXD,eMOLST.DUPLICATE3,eMOLST,TXD|eMOLST
