"qe","assigning_authority_PDR","ccd_count","trn_count","total_docs","most_recent_submission"
"bronx","MMC","1761441","3582885","5344326","2026-09-01 23:59:49"
"bronx","MHHC","610039","0","610039","2026-09-01 22:19:43"
"bronx","ESSEN MEDICAL","474440","0","474440","2026-09-01 16:25:41"
"bronx","IFH","470644","148548","619192","2026-09-01 23:59:50"
"bronx","UHP","304117","0","304117","2026-09-01 05:37:23"
"bronx","WAYNE CENTER FOR NURSING AND REHAB","160257","0","160257","2026-09-01 23:59:12"
"bronx","OUTREACH DEVELOPMENT","138232","0","138232","2026-09-01 23:19:07"
"bronx","BRONX TREATMENT CENTER","80205","0","80205","2026-09-01 16:25:42"
"bronx","YONG KANG MEDICAL","57256","0","57256","2026-09-01 20:12:07"
"bronx","BAINBRIDGE NURSING AND REHAB","52559","0","52559","2026-09-01 23:59:53"
"bronx","AMSTERDAM MEDICAL PRACTICE","46533","0","46533","2026-09-01 22:56:45"
"bronx","PSCH HEALTHIX","46307","0","46307","2026-09-01 22:48:01"
"bronx","PERRY AVE FM","44200","0","44200","2026-09-01 03:14:22"
"bronx","VIP COMMUNITY","42481","0","42481","2026-09-01 19:42:51"
"bronx","EAST HAVEN NURSING AND REHAB","41737","0","41737","2026-09-01 23:59:12"
"bronx","FAMILY SERVICE LEAGUE","41694","0","41694","2026-09-01 12:38:50"
"bronx","XIAO QIN SARAH YIN MEDICAL","38131","0","38131","2026-09-01 15:56:23"
"bronx","HARLEM MEDICAL GROUP","37827","0","37827","2026-09-01 16:27:12"
"bronx","THOMAS LYO MEDICAL","19593","0","19593","2026-08-02 02:00:00"
"bronx","CENTER FOR COMPREHENSIVE HEALTH PRAC","16896","0","16896","2026-09-01 08:55:13"
"bronx","MOSHOLU PARKWAY NURSING AND REHAB","16869","0","16869","2026-09-01 23:58:50"
"bronx","CITY MEDICAL HEALTHCARE ASSOCIATES","12959","0","12959","2026-08-30 04:40:00"
"bronx","SINCERE MEDICAL CARE","12251","0","12251","2026-09-01 10:02:20"
"bronx","TRI CENTER","9070","0","9070","2026-09-01 16:21:13"
"bronx","WEI GUO A LIN CLINIC","8519","0","8519","2026-09-01 14:30:07"
"bronx","XIANG SHENG MEDICINE","8516","0","8516","2026-09-01 14:44:30"
"bronx","START TREATMENT AND RECOVERY CENTERS","7642","0","7642","2026-09-01 16:06:39"
"bronx","VERMENTON PEDIATRICS","5884","0","5884","2026-09-01 16:22:26"
"bronx","AYLIN KIYICI","4740","0","4740","2026-09-01 10:11:27"
"bronx","SALUD MEDICAL","4709","0","4709","2026-09-01 07:46:19"
"bronx","HISPANIC COUNSELING CENTER","4203","0","4203","2026-09-01 12:39:03"
"bronx","COUNSELING SERVICES OF EDNY","3980","0","3980","2026-08-31 22:15:34"
"bronx","TRACY TOWERS","3975","0","3975","2026-09-01 03:35:37"
"bronx","COZ PEDIATRICS","3480","0","3480","2026-09-01 03:38:04"
"bronx","SMART MEDICAL CARE","3225","0","3225","2026-09-01 08:10:06"
"bronx","HOWARD J HOCHSTER","3150","0","3150","2026-09-01 11:41:21"
"bronx","SOUNDVIEW MEDICAL","3142","0","3142","2026-08-26 07:07:54"
"bronx","OPTIMUM FM","2845","0","2845","2026-09-01 10:11:25"
"bronx","WINGSPAN PSYCHIATRIC","2617","0","2617","2026-09-01 09:00:08"
"bronx","SHELLY SHI","2556","0","2556","2026-09-01 22:07:41"
"bronx","CHILDRENS VILLAGE","2175","0","2175","2026-09-01 02:22:38"
"bronx","TIGA PEDIATRICS","2059","0","2059","2026-09-01 03:26:18"
"bronx","WAKEFIELD PEDIATRICS","1861","0","1861","2026-08-31 21:01:42"
"bronx","LUIS GUERRERO","1822","0","1822","2026-09-01 08:31:44"
"bronx","MITCHELL SHEAR","1536","0","1536","2026-09-01 19:41:31"
"bronx","COMPREHENSIVE PRIMARY FAM MED CARE OF NY","1445","0","1445","2026-09-01 22:06:06"
"bronx","MS ALAM MEDICAL CARE","1422","0","1422","2026-09-01 03:27:59"
"bronx","VSVL MEDICAL SERVICES","1247","0","1247","2026-09-01 03:28:24"
"bronx","KAM PRIMARY CARE","1145","0","1145","2026-09-01 03:28:02"
"bronx","DD MEDICINE","1061","0","1061","2026-08-31 23:29:38"
"bronx","SHELDON MEDICAL CARE","882","0","882","2026-09-01 03:26:17"
"bronx","LNW MEDICAL OFFICE","815","0","815","2026-08-26 03:21:26"
"bronx","MARCIA MORGAN","623","0","623","2026-09-01 02:49:25"
"bronx","QUALITY MEDICAL PROVIDERS","487","0","487","2026-09-01 03:28:22"
"bronx","ST MARKS PLACE INSTITUTE FOR MH","451","0","451","2026-09-01 16:07:33"
"bronx","EVERGREEN MEDICAL CLINIC","431","0","431","2026-09-01 03:26:09"
"bronx","NYC COMMUNITY MEDICAL CARE","352","0","352","2026-08-24 06:21:56"
"bronx","WADSWORTH MEDICAL GROUP","341","0","341","2026-09-01 03:28:08"
"bronx","AKASH MEDICAL CARE","314","0","314","2026-09-01 03:26:34"
"bronx","BAOEN JIANG MEDICINE","268","0","268","2026-08-30 03:01:17"
"bronx","YUAN CONG WANG","266","0","266","2026-09-01 03:28:04"
"bronx","MEDEXPLUS MEDICAL","256","0","256","2026-08-28 03:08:39"
"bronx","PREFERRED MEDICAL CARE","221","0","221","2026-08-30 03:00:59"
"bronx","QUEENS MEDICAL CARE","213","0","213","2026-09-01 03:26:37"
"bronx","NIKI PATEL","207","0","207","2026-08-31 03:08:59"
"bronx","HEIGHTS PHYSICIAN GROUP","192","0","192","2026-09-01 03:28:26"
"bronx","ROOSEVELT MEDICAL SERVICES","187","0","187","2026-09-01 03:28:05"
"bronx","ALL TIME CARE MEDICAL","186","0","186","2026-09-01 03:28:13"
"bronx","J AND J STAR MEDICAL","175","0","175","2026-09-01 03:27:59"
"bronx","KS MEDICAL","169","0","169","2026-08-28 03:08:39"
"bronx","BABU PATEL","141","0","141","2026-08-29 03:00:24"
"bronx","ANIL GUPTA","134","0","134","2026-08-28 03:57:42"
"bronx","QUEENS INTERNAL MED AND GERIATRIC","123","0","123","2026-09-01 03:28:11"
"bronx","R AND R MEDICAL CARE","120","0","120","2026-08-30 03:01:19"
"bronx","BELLEROSE MEDICAL CARE","111","0","111","2026-09-01 03:26:32"
"bronx","HARBIN MEDICAL CARE","108","0","108","2026-08-26 03:16:29"
"bronx","ANDRES URENA","85","0","85","2026-09-01 03:28:14"
"bronx","PRESTIGE PEDIATRIC CARE","82","0","82","2026-09-01 03:26:36"
"bronx","SAFE MEDICAL CARE","69","0","69","2026-08-28 03:07:49"
"bronx","COMMUNITY PEDIATRICS","68","0","68","2026-08-26 03:02:36"
"bronx","JUDE ARTHUR","65","0","65","2026-09-01 03:28:21"
"bronx","SUPREME MEDICAL CARE","62","0","62","2026-08-28 03:08:07"
"bronx","PRIME MEDICAL CARE","48","0","48","2026-08-30 03:00:58"
"bronx","CONCOURSE PEDIATRICS","41","0","41","2026-08-04 03:00:17"
"bronx","FIRST CHOICE PHYSICIANS","33","0","33","2026-08-30 03:01:02"
"bronx","KEVIN J GUO MEDICAL","33","0","33","2026-08-28 03:06:57"
"bronx","GANESH AND KARIM PHYSICIANS","32","0","32","2026-08-29 03:02:06"
"bronx","MODERN EAST WEST MEDICAL","29","0","29","2026-09-01 03:28:15"
"bronx","ASSOC FOR MENTAL HEALTH AND WELLNESS","26","0","26","2026-07-09 16:18:47"
"bronx","RAFIQUE BHUIYAN MEDICAL","25","0","25","2026-08-27 05:18:05"
"bronx","AUSTIN LU MEDICAL","18","0","18","2026-08-30 03:00:56"
"bronx","PARK SLOPE MENTAL HEALTH","16","0","16","2026-05-13 14:54:03"
"bronx","THE JEWISH BOARD","3","0","3","2026-09-01 16:06:36"
"bronx","${NORMALIZED_FACILITY}","2","0","2","2026-08-04 15:08:13"
"bronx","MEDCAREPLUS","1","0","1","2026-05-28 18:41:43"
"bronx","HEBREW HOME","1","0","1","2026-06-08 16:22:22"
"bronx","ZOVA Z LIU","1","0","1","2026-05-08 03:01:16"
"bronx","UPTOWN","0","10490","10490","2026-09-01 21:48:15"
"bronx","${ORGANIZATION}","0","2","2","2026-06-19 20:24:23"
"bronx","SBH","0","1293403","1293403","2026-09-01 23:59:34"
"bronx","BXLEB","0","1365154","1365154","2026-09-01 23:59:40"
"bronx","UNION CHC","0","76017","76017","2026-09-01 23:00:36"
"bronx","BAHN","0","8905","8905","2026-09-01 04:45:02"
"healtheconnections","GUTHRIE","3300746","2975870","6276616","2026-09-01 23:59:47"
"healtheconnections","RRH-RRH","2118429","297731","2416160","2026-09-01 23:59:52"
"healtheconnections","UHS","1330635","958549","2289184","2026-09-01 23:59:18"
"healtheconnections","WELLNOW-EXPERITY","1038865","0","1038865","2026-09-01 23:59:33"
"healtheconnections","MONTE-WP","963870","1116542","2080412","2026-09-01 23:59:56"
"healtheconnections","ENT-ALLERGY","943216","0","943216","2026-09-01 23:58:19"
"healtheconnections","CENTRALUS-3","614412","555724","1170136","2026-09-01 23:59:51"
"healtheconnections","SJHHC","493460","960747","1454207","2026-09-01 23:59:25"
"healtheconnections","UPSTATE","458535","761207","1219742","2026-09-01 23:59:27"
"healtheconnections","AMP","451267","0","451267","2026-09-01 23:59:37"
"healtheconnections","IFH","423034","118685","541719","2026-09-01 23:59:46"
"healtheconnections","SUN-RIVER","390206","0","390206","2026-09-01 06:30:24"
"healtheconnections","ACCESS-SUPPORTS","346808","0","346808","2026-08-26 18:53:05"
"healtheconnections","WEST-APS","295658","46650","342308","2026-09-01 23:37:20"
"healtheconnections","MVHS","266509","1406157","1672666","2026-09-01 23:59:54"
"healtheconnections","BIKUR-CHOLIM","241871","0","241871","2026-08-01 16:18:16"
"healtheconnections","AUBURN-MEM-MED","233365","0","233365","2026-09-01 22:03:16"
"healtheconnections","CROUSE","228572","229173","457745","2026-09-01 23:57:31"
"healtheconnections","FAMILYCARE-MED","213519","0","213519","2026-09-01 23:49:26"
"healtheconnections","BS-MED-GROUP","205680","34023","239703","2026-09-01 22:31:58"
"healtheconnections","GARNET-HEALTH-3","200888","1293326","1494214","2026-09-01 23:59:54"
"healtheconnections","NUV-HQMP","179737","10178","189915","2026-09-01 22:57:44"
"healtheconnections","ROME-HLTH-CLIN","174435","0","174435","2026-09-01 23:58:52"
"healtheconnections","CAH-CLINICS","165784","0","165784","2026-09-01 23:19:25"
"healtheconnections","WESTMED-MED-GRP","155570","0","155570","2026-09-01 23:59:55"
"healtheconnections","FAM-SRVCS","146694","0","146694","2026-08-27 15:26:11"
"healtheconnections","WEST-JEWISH","143285","0","143285","2026-08-27 15:26:12"
"healtheconnections","NUV-VBMC","140042","379987","520029","2026-09-01 23:59:23"
"healtheconnections","GUIDANCE-CTR","139400","0","139400","2026-09-01 13:27:49"
"healtheconnections","HV-HOSPICE","131443","0","131443","2026-09-01 23:59:22"
"healtheconnections","CHILD-HOME-WY","130141","0","130141","2026-08-27 15:26:11"
"healtheconnections","HHUNY","119746","0","119746","2026-09-01 23:41:03"
"healtheconnections","CNY-FAM-CARE","114353","0","114353","2026-09-01 23:56:01"
"healtheconnections","PREMIER-MED-GRP","105386","0","105386","2026-09-01 23:58:30"
"healtheconnections","ST-VINCENTS-HOSP","105193","0","105193","2026-09-01 23:16:41"
"healtheconnections","MONTE-NYACK","101228","206336","307564","2026-09-01 23:59:23"
"healtheconnections","CNY-BRAIN-SPINE","100023","0","100023","2026-09-01 23:59:46"
"healtheconnections","SMITH-ALLERGY","99583","0","99583","2026-09-01 23:59:36"
"healtheconnections","BURKE-REHAB-HOSP","89179","150918","240097","2026-09-01 23:58:53"
"healtheconnections","NUV-HEART","88958","28995","117953","2026-09-01 23:01:08"
"healtheconnections","WEST-MED-CTR-3","88355","442272","530627","2026-09-01 23:59:56"
"healtheconnections","AUBURN-COMMUNITY","87240","86326","173566","2026-09-01 23:54:20"
"healtheconnections","COMM-MEM-CLINIC","85340","0","85340","2026-09-01 23:43:17"
"healtheconnections","MONTE-MEACC","82068","53076","135144","2026-09-01 23:58:59"
"healtheconnections","CNY-CARDIO","81367","0","81367","2026-09-01 20:44:38"
"healtheconnections","SAM-FAM-HLTH-CTR","76375","0","76375","2026-09-01 04:43:56"
"healtheconnections","ST-LUKES-CORN","76198","204736","280934","2026-09-01 23:54:10"
"healtheconnections","ONEIDA-HLTH-MED","72252","0","72252","2026-09-01 23:47:27"
"healtheconnections","HOA","71540","29335","100875","2026-09-01 23:50:07"
"healtheconnections","N-CTRY-FAM-CCD","67933","0","67933","2026-09-01 23:23:36"
"healtheconnections","OAK-ORCHARD-ECW","65286","0","65286","2026-09-01 09:40:05"
"healtheconnections","OSW-HEALTH","64124","45221","109345","2026-09-01 23:59:55"
"healtheconnections","CORNERSTONE-FAM","63712","0","63712","2026-09-01 07:32:46"
"healtheconnections","CROUSE-MED-PRAC","63320","0","63320","2026-06-10 15:27:36"
"healtheconnections","THRIVE","58863","0","58863","2026-08-26 15:56:51"
"healtheconnections","MHS-ROCH-EPIC","57103","149415","206518","2026-09-01 23:59:59"
"healtheconnections","OSW-HLTH-PHY","52620","0","52620","2026-09-01 23:59:28"
"healtheconnections","NUV-NORTH-DUTCH","51680","109696","161376","2026-09-01 23:54:34"
"healtheconnections","EAST-HILL-FAM","51101","0","51101","2026-09-01 23:13:09"
"healtheconnections","ENDWELL-FAM-PHYS","50981","0","50981","2026-09-01 23:48:22"
"healtheconnections","HAHV-KINGSTON-3","49791","12349","62140","2026-09-01 23:59:04"
"healtheconnections","COMP-FAM-MED","48280","0","48280","2026-09-01 23:56:40"
"healtheconnections","MED-ASSOC-HV","44263","0","44263","2026-09-01 22:57:50"
"healtheconnections","ORANGE-DEPT-MH","43977","0","43977","2026-09-01 23:15:14"
"healtheconnections","MOSAIC-HEALTH","43898","0","43898","2026-09-01 12:47:18"
"healtheconnections","SYR-COMM-HLTH","43345","0","43345","2026-09-01 23:57:01"
"healtheconnections","WEST-COMM-HEALTH","43137","0","43137","2026-09-01 23:52:46"
"healtheconnections","CHP-ASTHMA-ALL","42620","0","42620","2026-09-01 22:02:36"
"healtheconnections","PEDIATRIC-ASSOC","41908","0","41908","2026-09-01 20:43:05"
"healtheconnections","BS-GOOD-SAM-3","39987","224736","264723","2026-09-01 23:58:41"
"healtheconnections","NORTH-MED-GROUP","39758","0","39758","2026-09-01 13:03:21"
"healtheconnections","LEWIS-HOSPICE","39409","0","39409","2026-09-01 05:31:42"
"healtheconnections","SAM-MED-PRAC","38279","0","38279","2026-09-01 23:23:52"
"healtheconnections","BETHEL-NURSING","37990","0","37990","2026-09-01 23:46:51"
"healtheconnections","CONNEXTCARE","37959","0","37959","2026-09-01 23:56:59"
"healtheconnections","CAY-COUNSEL","37899","0","37899","2026-08-27 15:26:11"
"healtheconnections","INT-MED-AUBURN","36798","0","36798","2026-09-01 20:52:25"
"healtheconnections","WATERTOWN-INTERN","36139","0","36139","2026-09-01 23:06:31"
"healtheconnections","NUV-PUTNAM","36077","73225","109302","2026-09-01 23:59:27"
"healtheconnections","ONEIDA-HLTH","34410","37103","71513","2026-09-01 23:32:40"
"healtheconnections","FINGER-LAKES","34235","0","34235","2026-09-01 10:12:28"
"healtheconnections","LEWIS","33707","45176","78883","2026-09-01 23:37:19"
"healtheconnections","BUFFALO-BEACON","33159","0","33159","2026-09-01 23:29:44"
"healtheconnections","CHILD-HLTH-CARE","32572","0","32572","2026-09-01 22:01:53"
"healtheconnections","NORTH-AREA-PEDS","32433","0","32433","2026-09-01 22:10:18"
"healtheconnections","DRAKOS-PEDS","31452","0","31452","2026-08-23 16:43:22"
"healtheconnections","ST-JOHNS-RIVER-3","30332","380760","411092","2026-09-01 23:58:59"
"healtheconnections","VNS-ITHACA-TOMP","30052","0","30052","2026-09-01 05:59:57"
"healtheconnections","CASA-TRINITY","28732","0","28732","2026-09-01 21:42:09"
"healtheconnections","ONEIDA-HLTH-TRI","28242","0","28242","2026-09-01 23:23:28"
"healtheconnections","GENESEE-ORTHO","27797","0","27797","2026-09-01 23:31:03"
"healtheconnections","EYE-CONSULT-SYR","27240","0","27240","2026-09-01 20:03:35"
"healtheconnections","HOR-FAM-MED-GRP","27239","0","27239","2026-06-07 22:24:58"
"healtheconnections","ST-JOHNS-MED-GRP","25002","0","25002","2026-09-01 23:56:04"
"healtheconnections","1336","24009","0","24009","2026-09-01 17:51:01"
"healtheconnections","CHP-N-EAST-PEDS","23641","0","23641","2026-09-01 20:48:35"
"healtheconnections","WESTSIDE-POD","23621","0","23621","2026-09-01 20:35:59"
"healtheconnections","WEST-MIDHUDSON-3","23409","103372","126781","2026-09-01 23:57:57"
"healtheconnections","PREMIER-MED-HV","22721","0","22721","2026-06-07 20:41:27"
"healtheconnections","MHS-VERNON-EPIC","22522","57476","79998","2026-09-01 23:59:10"
"healtheconnections","RIVER-HOSPITAL","22283","18654","40937","2026-09-01 23:56:52"
"healtheconnections","NORTH-CNT-NEURO","21976","0","21976","2026-09-01 21:03:09"
"healtheconnections","1025","20972","34391","55363","2026-09-01 14:59:57"
"healtheconnections","CMH","20664","6962","27626","2026-09-01 23:45:03"
"healtheconnections","HAMILTON-ORTHO","20594","0","20594","2026-09-01 20:39:55"
"healtheconnections","WEST-HLTH-OUT-3","19326","3208","22534","2026-09-01 22:51:20"
"healtheconnections","PADMA-RAM","19125","0","19125","2026-09-01 21:16:50"
"healtheconnections","FAM-HLTH-CNY","19044","0","19044","2026-09-01 23:49:11"
"healtheconnections","1264","18952","0","18952","2026-09-01 15:51:37"
"healtheconnections","ONEIDA-HLTH-CLIN","18877","0","18877","2026-09-01 21:07:04"
"healtheconnections","PED-CARDIOLOGY","17136","0","17136","2026-09-01 22:18:18"
"healtheconnections","HURLEY-AVE-FAM","16979","0","16979","2026-09-01 21:11:16"
"healtheconnections","SYR-ENT-SURG","16321","0","16321","2026-09-01 21:03:17"
"healtheconnections","HV-FAM-PHYS","16067","0","16067","2026-09-01 21:06:14"
"healtheconnections","WIHD","15806","0","15806","2026-09-01 22:39:02"
"healtheconnections","NORTHWAY-MED","15714","0","15714","2026-09-01 20:54:03"
"healtheconnections","OSW-HEALTH-HOME","15502","0","15502","2026-09-01 05:25:29"
"healtheconnections","OBGYN-ASSOC-ITH","15233","0","15233","2026-09-01 20:47:31"
"healtheconnections","CATHY-J-BERRY","15082","0","15082","2026-09-01 21:30:26"
"healtheconnections","SLEEP-INSIGHTS","14787","0","14787","2026-09-01 22:39:54"
"healtheconnections","PED-ASSOC-WATER","14711","0","14711","2026-09-01 21:14:20"
"healtheconnections","BUCKLEY-RD-PEDS","14370","0","14370","2026-09-01 21:20:56"
"healtheconnections","BS-HOSP-3","14306","55664","69970","2026-09-01 23:39:49"
"healtheconnections","ONEIDA-INDIAN","14238","0","14238","2026-09-01 20:02:04"
"healtheconnections","BS-ST-ANTHONYS","14066","45679","59745","2026-09-01 23:59:18"
"healtheconnections","TOMPKINS-CTY","14061","0","14061","2026-09-01 20:54:05"
"healtheconnections","FAM-FOOT-GROUP","13720","0","13720","2026-09-01 14:38:35"
"healtheconnections","WATERTOWN-UC","13568","0","13568","2026-09-01 23:50:00"
"healtheconnections","SAM-HOME-HEALTH","13233","0","13233","2026-09-01 05:19:33"
"healtheconnections","FAM-MED-NORTH-NY","12830","0","12830","2026-09-01 21:04:13"
"healtheconnections","KUDOS","12674","0","12674","2026-09-01 21:19:14"
"healtheconnections","CNY-EYE-CARE","12579","0","12579","2026-09-01 20:56:43"
"healtheconnections","DRUGER-EYE-CARE","12523","0","12523","2026-09-01 22:12:10"
"healtheconnections","ROME-HLTH-T-SYS","12459","0","12459","2026-09-01 23:33:01"
"healtheconnections","CHILD-MED-GROUP","12413","0","12413","2026-09-01 09:57:02"
"healtheconnections","ONEIDA-WOM-HLTH","12397","0","12397","2026-09-01 20:40:20"
"healtheconnections","FIRSTCARE-WALK","12197","0","12197","2026-07-25 23:26:52"
"healtheconnections","ST-JO-MED-PRAC","12173","0","12173","2026-09-01 05:42:23"
"healtheconnections","PREVENTIVE-MED","12167","0","12167","2026-09-01 10:37:26"
"healtheconnections","GASTRO-HEP","11753","18914","30667","2026-09-01 20:30:10"
"healtheconnections","LIBERTY-RES-NET","11220","0","11220","2026-09-01 14:19:32"
"healtheconnections","COMP-WOM-HEALTH","11158","0","11158","2026-08-08 03:44:17"
"healtheconnections","COLON-RECTAL-CNY","11144","0","11144","2026-09-01 20:23:03"
"healtheconnections","COMM-MED-DENT","10993","0","10993","2026-09-01 23:51:31"
"healtheconnections","ARC-ROCKLAND","10761","0","10761","2026-09-01 21:39:00"
"healtheconnections","CROUSE-HOSP-3","10371","18336","28707","2026-08-09 22:33:01"
"healtheconnections","ADV-ASTHMA","10283","0","10283","2026-09-01 20:09:25"
"healtheconnections","PORT-CITY-FAMILY","9889","0","9889","2026-09-01 22:55:29"
"healtheconnections","CAY-FAM-MED","9772","0","9772","2026-09-01 23:20:35"
"healtheconnections","MAIN-STREET-PEDS","9757","0","9757","2026-09-01 04:05:31"
"healtheconnections","BAMBINI-PEDS","9748","0","9748","2026-08-04 15:47:14"
"healtheconnections","HV-PRIMARY-CARE","9711","0","9711","2026-09-01 11:47:08"
"healtheconnections","CNY-MED-PROF","8887","0","8887","2026-09-01 23:41:47"
"healtheconnections","CNY-FACIAL-SURG","8645","0","8645","2026-09-01 21:48:39"
"healtheconnections","KAREN-A-WILLIAMS","8632","0","8632","2026-09-01 19:49:28"
"healtheconnections","UPSTATE-FAM-HLTH","8626","0","8626","2026-09-01 07:17:12"
"healtheconnections","ARTHRITIS-HEALTH","8384","0","8384","2026-09-01 23:59:09"
"healtheconnections","ASTOR-SRVCS","8369","0","8369","2026-06-05 23:32:45"
"healtheconnections","N-CTRY-ORTHO","8010","0","8010","2026-09-01 14:53:27"
"healtheconnections","FAM-PRAC-PC","7941","0","7941","2026-09-01 20:51:32"
"healtheconnections","ST-LAW-HLTH-DEPT","7917","0","7917","2026-09-01 06:33:42"
"healtheconnections","IA-HEALTH","7882","0","7882","2026-09-01 23:11:38"
"healtheconnections","1313","7764","0","7764","2026-09-01 16:30:36"
"healtheconnections","MV-WOM","7741","0","7741","2026-09-01 21:17:47"
"healtheconnections","HAHV-MARGARET","7721","58","7779","2026-09-01 21:19:15"
"healtheconnections","TRUMANSBURG-FAM","7685","0","7685","2026-09-01 19:38:08"
"healtheconnections","WILLIAM-GEORGE","7517","0","7517","2026-09-01 03:06:01"
"healtheconnections","ONONDAGA-HD","7385","0","7385","2026-09-01 20:15:22"
"healtheconnections","MVMP","7307","0","7307","2026-09-01 16:15:22"
"healtheconnections","GROTON-FAM-PRAC","7282","0","7282","2026-09-01 22:56:35"
"healtheconnections","KAREN-LINDNER","7051","0","7051","2026-09-01 19:58:44"
"healtheconnections","NUV-SHARON","6984","41359","48343","2026-09-01 23:58:06"
"healtheconnections","HELEN-HAYES","6982","0","6982","2026-09-01 20:22:29"
"healtheconnections","CORTLAND-MH-DEPT","6957","0","6957","2026-09-01 19:26:36"
"healtheconnections","SYR-GASTRO","6875","0","6875","2026-08-30 06:30:14"
"healtheconnections","DJAFARI-PEDS","6769","0","6769","2026-09-01 20:28:10"
"healtheconnections","BUTTERMILK-FALLS","6756","0","6756","2026-09-01 21:29:17"
"healtheconnections","FAM-SRVCS-WEST","6550","0","6550","2026-06-08 22:37:23"
"healtheconnections","CHRISTIAN-HEALTH","6533","0","6533","2026-09-01 20:27:33"
"healtheconnections","SULL-COUNTY","6476","0","6476","2026-09-01 13:10:40"
"healtheconnections","MARCELLUS-FAM","6266","0","6266","2026-09-01 21:10:45"
"healtheconnections","HV-HEALTH-GROUP","6215","0","6215","2026-09-01 21:17:26"
"healtheconnections","WOM-WELL-PLACE","6199","0","6199","2026-09-01 22:24:16"
"healtheconnections","WELL-BEING-PEDS","6190","0","6190","2026-09-01 20:50:16"
"healtheconnections","VISITING-DOCS","6093","0","6093","2026-09-01 13:11:36"
"healtheconnections","ADVANCED-OBGYN","5870","0","5870","2026-09-01 21:00:44"
"healtheconnections","MED-PAIN-CON","5818","0","5818","2026-09-01 20:02:07"
"healtheconnections","NORTHERN-NP","5440","0","5440","2026-07-25 21:36:16"
"healtheconnections","FORME-MED","5424","0","5424","2026-09-01 08:05:32"
"healtheconnections","MED-WALL-ST","5357","0","5357","2026-09-01 23:53:54"
"healtheconnections","CHP-PETER-SCHWTZ","5340","0","5340","2026-09-01 19:15:25"
"healtheconnections","MICHAEL-CILIP","5325","0","5325","2026-09-01 21:12:38"
"healtheconnections","CARDIAC-ELECTRO","5278","0","5278","2026-09-01 22:00:43"
"healtheconnections","MADISON-IRVING","5159","0","5159","2026-09-01 20:41:26"
"healtheconnections","AJAY-GOEL","5003","0","5003","2026-09-01 19:17:24"
"healtheconnections","MAJAK-PODIATRY","5003","0","5003","2026-09-01 19:24:59"
"healtheconnections","MATTHEW-SANCHEZ","4973","0","4973","2026-07-25 23:07:05"
"healtheconnections","ON-CARE-FAM","4886","0","4886","2026-09-01 21:10:41"
"healtheconnections","BLOOMING-PED","4793","0","4793","2026-09-01 20:59:38"
"healtheconnections","ERIVER","4724","0","4724","2026-09-01 02:37:13"
"healtheconnections","NAJI-EL-KHOURY","4690","0","4690","2026-09-01 20:34:47"
"healtheconnections","HV-REGIONAL-COMM","4574","0","4574","2026-09-01 14:13:31"
"healtheconnections","SURG-CARE-EAST","4538","0","4538","2026-09-01 19:42:49"
"healtheconnections","WEST-MARIAFARERI","4477","82245","86722","2026-09-01 23:51:55"
"healtheconnections","CHP-PINE-POINT","4451","0","4451","2026-09-01 19:49:10"
"healtheconnections","1419","4282","0","4282","2026-09-01 19:55:42"
"healtheconnections","ARTHRITIS-SPEC","4273","0","4273","2026-09-01 18:19:04"
"healtheconnections","ENGEL-LINDGREN","4224","0","4224","2026-09-01 20:53:00"
"healtheconnections","CHP-CAYUGA-ENT","4215","0","4215","2026-09-01 20:59:39"
"healtheconnections","FOOTDOC-UTICA","4145","0","4145","2026-09-01 14:38:18"
"healtheconnections","SAM-MED","4070","56125","60195","2026-09-01 23:36:30"
"healtheconnections","HELIO-HEALTH","3972","0","3972","2026-09-01 14:36:43"
"healtheconnections","AMMIR-RABADI","3925","0","3925","2026-07-25 23:23:05"
"healtheconnections","1000","3838","2825","6663","2026-08-31 21:48:16"
"healtheconnections","1307","3832","0","3832","2026-09-01 16:10:21"
"healtheconnections","FAIRMOUNT-FAM","3826","0","3826","2026-09-01 19:39:59"
"healtheconnections","LITTLE-ONES-PEDS","3324","0","3324","2026-09-01 02:55:26"
"healtheconnections","WATERTOWN-PEDS","3279","0","3279","2026-06-10 20:51:37"
"healtheconnections","FAM-PLAN-SOUTH","3233","0","3233","2026-09-01 20:40:58"
"healtheconnections","CHILD-HEALTH","3213","0","3213","2026-09-01 17:13:52"
"healtheconnections","CNY-ASTH-ALLERGY","3078","0","3078","2026-07-25 22:27:23"
"healtheconnections","TRI-STATE-BAR","3068","0","3068","2026-08-05 08:06:38"
"healtheconnections","NASC-COMM-CARE","3065","0","3065","2026-09-01 19:14:24"
"healtheconnections","HANA-ROHAN","3046","0","3046","2026-09-01 20:10:34"
"healtheconnections","ENDOCRINE-ASSOC","2969","0","2969","2026-08-31 21:09:58"
"healtheconnections","N-CTRY-ADULT","2949","0","2949","2026-09-01 02:52:34"
"healtheconnections","GER-PALL","2743","0","2743","2026-09-01 22:11:40"
"healtheconnections","HERKIMER-FAM-NP","2701","0","2701","2026-09-01 18:32:25"
"healtheconnections","DIALYSIS-CLINIC","2689","0","2689","2026-08-25 22:45:42"
"healtheconnections","GOMATHI-PEDS","2648","0","2648","2026-09-01 20:16:08"
"healtheconnections","CLIFTON-FINE","2592","6853","9445","2026-09-01 21:15:59"
"healtheconnections","1017","2576","2518","5094","2026-09-01 12:09:59"
"healtheconnections","ARC-GREATER-HV","2489","0","2489","2026-09-01 10:42:17"
"healtheconnections","PARK-AVE-HEALTH","2485","0","2485","2026-07-17 08:22:20"
"healtheconnections","SYR-COMM-HLTH-2","2465","0","2465","2026-09-01 16:55:05"
"healtheconnections","WEST-WOMENS-MED","2407","0","2407","2026-09-01 19:06:49"
"healtheconnections","LEOPOLDO-ABIS","2299","0","2299","2026-07-25 23:39:38"
"healtheconnections","BHUPINDER-SINGH","2263","0","2263","2026-09-01 21:09:51"
"healtheconnections","MIDHUD-PRIMARY","2135","0","2135","2026-09-01 23:20:33"
"healtheconnections","1321","2072","0","2072","2026-09-01 16:36:48"
"healtheconnections","COMP-CARE","2041","0","2041","2026-09-01 23:08:30"
"healtheconnections","MB-PEDS","2036","0","2036","2026-09-01 03:40:02"
"healtheconnections","PED-MED-WORLD","2027","0","2027","2026-09-01 12:55:44"
"healtheconnections","ALL-STAR-PEDS","2027","0","2027","2026-09-01 07:15:24"
"healtheconnections","AUBURN-PEDS","1998","0","1998","2026-09-01 20:22:14"
"healtheconnections","SAMUEL-K-GOOLDY","1979","0","1979","2026-09-01 15:34:13"
"healtheconnections","SOUTH-WEST-NEPH","1896","0","1896","2026-09-01 17:20:06"
"healtheconnections","ST-LAW-PULM","1873","0","1873","2026-07-25 22:57:13"
"healtheconnections","LOEB-HOUSE","1767","0","1767","2026-09-01 23:57:03"
"healtheconnections","SEARCH-CHANGE","1632","0","1632","2026-09-01 23:52:58"
"healtheconnections","HV-OBGYN","1614","0","1614","2026-09-01 15:11:07"
"healtheconnections","FALLSBURG-PEDS","1591","0","1591","2026-09-01 11:58:08"
"healtheconnections","SYRACUSE-PEDS","1558","0","1558","2026-09-01 17:20:30"
"healtheconnections","INT-MED-ITHACA","1556","0","1556","2026-09-01 20:35:33"
"healtheconnections","ABILITY-BEYOND","1532","0","1532","2026-08-26 15:38:51"
"healtheconnections","PSY-ORANGE-SULL","1525","0","1525","2026-09-01 22:55:41"
"healtheconnections","1421","1517","0","1517","2026-09-01 20:05:00"
"healtheconnections","FAM-SRVCS-CHEM","1489","0","1489","2026-09-01 22:48:08"
"healtheconnections","ROCK-HEALTH-MH","1470","0","1470","2026-09-01 08:05:33"
"healtheconnections","ERROL-MCKENZIE","1382","0","1382","2026-09-01 22:13:57"
"healtheconnections","FERRER-MONAGHAN","1374","0","1374","2026-09-01 19:38:32"
"healtheconnections","IA-TANGOREN","1326","0","1326","2026-05-29 23:50:37"
"healtheconnections","FAM-MED-CARTHAGE","1314","0","1314","2026-09-01 21:15:12"
"healtheconnections","H-L-ROJAS","1255","0","1255","2026-07-01 10:25:52"
"healtheconnections","1426","1197","0","1197","2026-09-01 20:09:30"
"healtheconnections","ROBERT-J-WEISS","1187","0","1187","2026-08-31 21:45:26"
"healtheconnections","ONEIDA-COUNTY","1186","0","1186","2026-09-01 21:40:04"
"healtheconnections","ST-CHRISTOPHERS","1153","0","1153","2026-09-01 15:37:54"
"healtheconnections","1263","1094","1651","2745","2026-09-01 15:08:53"
"healtheconnections","1288","1067","0","1067","2026-09-01 15:54:56"
"healtheconnections","OSW-OPPS","1057","0","1057","2026-09-01 05:52:57"
"healtheconnections","HV-ENDOCRINOLOGY","1033","0","1033","2026-06-29 18:59:54"
"healtheconnections","MD-VIP","920","0","920","2026-09-01 18:50:47"
"healtheconnections","1431","850","0","850","2026-09-01 20:11:33"
"healtheconnections","ADVANCED-PEDS","829","0","829","2026-09-01 02:11:22"
"healtheconnections","BROOME-ONCOLOGY","817","0","817","2026-07-25 20:46:58"
"healtheconnections","JAMAICA-MARIAE","812","0","812","2026-09-01 22:25:55"
"healtheconnections","CHPPRIMITH-AZ","776","0","776","2026-09-01 23:01:00"
"healtheconnections","GUPTA-GUPTA","771","0","771","2026-09-01 04:47:49"
"healtheconnections","BHISHAMGARG-AZ","748","0","748","2026-09-01 23:00:59"
"healtheconnections","TIOGA-DEPT-MH","696","0","696","2026-09-01 22:53:21"
"healtheconnections","XAVIER-MED","692","0","692","2026-09-01 19:33:13"
"healtheconnections","KEEVER-FAMILY","676","0","676","2026-09-01 22:09:14"
"healtheconnections","METROPOLITAN-NY","656","0","656","2026-09-01 19:12:28"
"healtheconnections","CENTER-DISCOVERY","641","0","641","2026-09-01 08:25:04"
"healtheconnections","A-S-GILL","620","0","620","2026-06-29 22:02:59"
"healtheconnections","CHP-PHYSIATRY","595","0","595","2026-09-01 21:45:20"
"healtheconnections","MAD-CTY-HEALTH","588","0","588","2026-09-01 16:03:21"
"healtheconnections","LOR-HEALTH-REHAB","577","0","577","2026-09-01 19:27:04"
"healtheconnections","1420","573","0","573","2026-09-01 20:01:14"
"healtheconnections","CARTHAGE-HOSP","550","62180","62730","2026-09-01 23:16:15"
"healtheconnections","1436","532","0","532","2026-09-01 20:12:07"
"healtheconnections","BLYTHEDALE-CHILD","530","0","530","2026-09-01 19:48:19"
"healtheconnections","ORANGE-DOH","510","0","510","2026-09-01 21:40:10"
"healtheconnections","UPSTATE-CP","480","0","480","2026-09-01 15:40:00"
"healtheconnections","CENTERS-ST-CAM","477","0","477","2026-09-01 20:24:28"
"healtheconnections","LOR-MCAULIFFE","474","0","474","2026-09-01 20:30:43"
"healtheconnections","1283","458","0","458","2026-09-01 15:52:43"
"healtheconnections","ELDER-LIVERPOOL","452","0","452","2026-09-01 17:46:09"
"healtheconnections","GOLD-HILL","451","0","451","2026-09-01 17:11:46"
"healtheconnections","NANCY-A-GIRARD","446","0","446","2026-08-31 20:05:42"
"healtheconnections","BISHOP-REHAB","439","0","439","2026-08-31 19:01:44"
"healtheconnections","DENISE-WOLKEN","438","0","438","2026-08-29 00:00:02"
"healtheconnections","MIDDLETOWN-PARK","435","0","435","2026-09-01 20:54:29"
"healtheconnections","1417","422","0","422","2026-09-01 17:57:52"
"healtheconnections","DESTA-ANTHONY","418","0","418","2026-09-01 22:06:23"
"healtheconnections","OSWEGO-CTY","404","0","404","2026-09-01 21:40:03"
"healtheconnections","HBL-SNF","385","0","385","2026-09-01 21:32:25"
"healtheconnections","GOOD-SHEP-FAIR","383","0","383","2026-09-01 18:06:45"
"healtheconnections","MARCELLUS-MED","376","0","376","2026-09-01 17:03:33"
"healtheconnections","ZARINA-SMITH","363","0","363","2026-08-29 15:15:12"
"healtheconnections","1422","360","0","360","2026-09-01 20:06:51"
"healtheconnections","AIZER-HEALTH","357","0","357","2026-09-01 04:47:28"
"healtheconnections","MVHS-REHAB","354","0","354","2026-09-01 20:52:28"
"healtheconnections","PINES-POUGH","353","0","353","2026-09-01 14:51:52"
"healtheconnections","IROQUOIS-NURSING","351","0","351","2026-09-01 21:11:59"
"healtheconnections","LUTHERAN-CTR","349","0","349","2026-09-01 19:06:52"
"healtheconnections","LOR-ST-ANTHONY","332","0","332","2026-09-01 15:43:37"
"healtheconnections","1392","331","329","660","2026-09-01 17:56:18"
"healtheconnections","SKY-VIEW-REHAB","330","0","330","2026-09-01 19:41:38"
"healtheconnections","O-ROSE-ONYEMA","326","0","326","2026-09-01 19:46:28"
"healtheconnections","PUTNAM-CTY","323","0","323","2026-08-31 15:40:04"
"healtheconnections","OSBORN","303","0","303","2026-09-01 14:58:40"
"healtheconnections","BRIDGEWATER-CTR","297","0","297","2026-08-31 22:50:02"
"healtheconnections","OGDENSBURG-FAM","289","0","289","2026-09-01 15:44:47"
"healtheconnections","ACHIEVE-REHAB","288","0","288","2026-09-01 17:18:24"
"healtheconnections","ONEIDA-HLTH-EXT","288","0","288","2026-09-01 16:43:34"
"healtheconnections","REHAB-SUPP-SRVCS","287","0","287","2026-09-01 20:50:08"
"healtheconnections","KING-STREET","284","0","284","2026-08-31 19:39:07"
"healtheconnections","COTTAGES-GARDEN","279","0","279","2026-09-01 14:03:40"
"healtheconnections","NYACK-RIDGE","278","0","278","2026-09-01 00:40:18"
"healtheconnections","ELDER-WAVERLY","278","0","278","2026-09-01 11:17:17"
"healtheconnections","HOSP-PALL-CARE","274","0","274","2026-09-01 20:10:02"
"healtheconnections","CC-LIVINGSTON","270","0","270","2026-09-01 03:08:23"
"healtheconnections","GLEN-ISLAND-CTR","267","0","267","2026-09-01 17:58:22"
"healtheconnections","CINDY-V-PADRE","256","0","256","2026-06-27 11:17:51"
"healtheconnections","MHA-SOUTH-TIER","253","0","253","2026-07-25 06:07:57"
"healtheconnections","TACONIC-HOPEWELL","253","0","253","2026-09-01 18:02:19"
"healtheconnections","TACONIC-BEACON","250","0","250","2026-09-01 19:57:29"
"healtheconnections","JEWISH-HOME-CNY","248","0","248","2026-09-01 13:46:17"
"healtheconnections","WILLOW-POINT","248","0","248","2026-08-31 12:48:11"
"healtheconnections","2374","239","4154","4393","2026-06-02 14:31:21"
"healtheconnections","WATERVIEW-HILLS","238","0","238","2026-09-01 18:32:56"
"healtheconnections","SITRIN-HEALTH","233","0","233","2026-09-01 16:46:30"
"healtheconnections","UHS-SR-LIVING","232","0","232","2026-09-01 14:43:51"
"healtheconnections","BETSY-ROSS-HOME","227","0","227","2026-09-01 18:42:03"
"healtheconnections","WARTBURG-HOME","223","0","223","2026-09-01 18:03:58"
"healtheconnections","HV-REHAB","217","0","217","2026-09-01 11:51:00"
"healtheconnections","TACONIC-ULSTER","210","0","210","2026-09-01 19:09:21"
"healtheconnections","SUSQUEHANNA","206","0","206","2026-09-01 23:01:03"
"healtheconnections","MONTE-SCHAFFER","205","0","205","2026-08-31 19:13:53"
"healtheconnections","NORTH-WEST-REST","205","0","205","2026-09-01 13:12:20"
"healtheconnections","KATHERINE-LUTHER","204","0","204","2026-08-31 15:26:41"
"healtheconnections","ST-LUKE-RES","201","0","201","2026-09-01 20:22:29"
"healtheconnections","CAMPBELL-HALL","197","0","197","2026-09-01 22:55:20"
"healtheconnections","UP-ORTHO-ASC","194","1408","1602","2026-08-27 16:09:31"
"healtheconnections","EVERGREEN","193","0","193","2026-09-01 17:20:02"
"healtheconnections","PINES-UTICA","190","0","190","2026-09-01 16:11:11"
"healtheconnections","RENAISSANCE","190","0","190","2026-09-01 12:26:09"
"healtheconnections","NORTHEAST-REHAB","186","0","186","2026-09-01 19:10:03"
"healtheconnections","PINES-CATSKILL","186","0","186","2026-09-01 18:00:32"
"healtheconnections","WEST-CTR-REHAB","185","0","185","2026-09-01 16:39:24"
"healtheconnections","TEN-BROECK-CTR","184","0","184","2026-09-01 23:27:41"
"healtheconnections","BS-SCHERVIER","180","0","180","2026-09-01 16:36:47"
"healtheconnections","SAM-MED-KEEP","178","0","178","2026-09-01 14:49:57"
"healtheconnections","NEWHARTCHIRO-AZ","178","0","178","2026-09-01 23:00:45"
"healtheconnections","MONTGOMERY","173","0","173","2026-09-01 10:20:31"
"healtheconnections","CEDAR-MANOR","169","0","169","2026-09-01 22:17:17"
"healtheconnections","UMH-ELIZABETH","165","0","165","2026-08-31 19:09:05"
"healtheconnections","COMMUNITY-BROOK","162","0","162","2026-09-01 22:29:40"
"healtheconnections","FINGER-LAKES-CTR","161","0","161","2026-09-01 14:48:47"
"healtheconnections","PINE-VALLEY","158","0","158","2026-09-01 01:40:02"
"healtheconnections","ELEANOR-NURSING","150","0","150","2026-09-01 22:26:11"
"healtheconnections","VALLEY-VIEW","146","0","146","2026-09-01 17:42:17"
"healtheconnections","LOR-SEDGWICK","145","0","145","2026-08-28 16:39:19"
"healtheconnections","CENTRAL-PARK","145","0","145","2026-09-01 11:10:03"
"healtheconnections","VAN-DUYN","142","0","142","2026-08-31 16:10:03"
"healtheconnections","SAM-MED-SR","141","0","141","2026-08-31 10:34:24"
"healtheconnections","SUTTON-PARK","138","0","138","2026-09-01 18:30:32"
"healtheconnections","CAY-REH","138","0","138","2026-09-01 11:18:28"
"healtheconnections","SUNSET-NURSING","135","0","135","2026-08-26 20:06:58"
"healtheconnections","WHITE-PLAINS-CTR","134","0","134","2026-09-01 17:53:53"
"healtheconnections","PUTNAM-NURSING","133","0","133","2026-09-01 22:34:39"
"healtheconnections","FOLTSBROOK-CTR","132","0","132","2026-09-01 18:54:18"
"healtheconnections","VALLEY-HEALTH","128","0","128","2026-09-01 17:44:19"
"healtheconnections","SYR-HOME-ASSOC","124","0","124","2026-09-01 17:37:30"
"healtheconnections","MORNINGSTAR-RES","123","0","123","2026-09-01 16:22:18"
"healtheconnections","CROWN-PARK-REHAB","123","0","123","2026-09-01 15:50:02"
"healtheconnections","LOR-BERNADINE","110","0","110","2026-09-01 19:59:43"
"healtheconnections","BS-ST-JO-PLACE","110","0","110","2026-09-01 10:05:56"
"healtheconnections","GROTON-COMMUNITY","108","0","108","2026-08-31 14:30:22"
"healtheconnections","RABIA-RIZWANA","107","0","107","2026-09-01 16:03:24"
"healtheconnections","SUNSHINE-CHILD","107","0","107","2026-08-30 22:19:08"
"healtheconnections","TRUSTEES-EASTERN","107","0","107","2026-08-29 03:26:55"
"healtheconnections","CAPSTONE-CTR","104","0","104","2026-08-28 12:30:02"
"healtheconnections","ROSCOE-REGIONAL","102","0","102","2026-08-30 12:02:11"
"healtheconnections","CRSE-COMM-PCC","101","0","101","2026-08-28 17:50:19"
"healtheconnections","GUTHRIE-EXTENDED","99","0","99","2026-09-01 15:14:36"
"healtheconnections","LOR-BUCKLEY","95","0","95","2026-09-01 17:23:43"
"healtheconnections","ROCK-HOSP-GUILD","93","0","93","2026-05-26 08:30:29"
"healtheconnections","SAM-MED-SUMMIT","89","0","89","2026-09-01 19:25:38"
"healtheconnections","BAYBERRY-NURSING","88","0","88","2026-09-01 16:38:08"
"healtheconnections","CHP-SENECA-VIEW","86","0","86","2026-08-31 19:03:55"
"healtheconnections","PONTIAC-NURSING","83","0","83","2026-08-31 15:26:50"
"healtheconnections","PALATINE-NURSING","83","0","83","2026-08-31 15:17:27"
"healtheconnections","CROUSE-HOSP-2","79","0","79","2026-06-03 07:46:38"
"healtheconnections","WATERVILLE-REHAB","75","0","75","2026-09-01 17:50:49"
"healtheconnections","PER-TOUCH-MATRIX","74","0","74","2026-08-20 22:00:06"
"healtheconnections","ROME-HLTH-RHCF","71","0","71","2026-09-01 10:49:37"
"healtheconnections","WESTCHESTER-PULM","66","0","66","2026-09-01 04:47:14"
"healtheconnections","TOLSTOY","63","0","63","2026-09-01 15:58:12"
"healtheconnections","JAMES-P-LENTINI","63","0","63","2026-08-12 22:26:42"
"healtheconnections","SALEM-HILLS","59","0","59","2026-09-01 02:30:09"
"healtheconnections","RIVERSIDE-CTR","59","0","59","2026-09-01 23:00:02"
"healtheconnections","CC-CORTLAND","57","0","57","2026-08-31 19:17:19"
"healtheconnections","BETHANY-GARDENS","55","0","55","2026-08-31 21:20:04"
"healtheconnections","ELDER-VESTAL","54","0","54","2026-09-01 21:52:09"
"healtheconnections","CEDAR-VILL","52","0","52","2026-08-27 06:34:54"
"healtheconnections","LOR-CHURCHILL","50","0","50","2026-08-26 03:53:04"
"healtheconnections","LOR-NOTT-RETIRE","50","0","50","2026-08-26 20:37:40"
"healtheconnections","RIVER-VIEW-PEDS","49","0","49","2026-05-08 10:34:17"
"healtheconnections","UMH-HILLTOP","49","0","49","2026-09-01 16:43:07"
"healtheconnections","N-CTRY-NURSING","49","0","49","2026-09-01 21:33:19"
"healtheconnections","SUNNYSIDE","48","0","48","2026-09-01 21:14:41"
"healtheconnections","UMH-ST-LOUISE","47","0","47","2026-08-28 23:27:41"
"healtheconnections","WOOD-PALTZ","37","0","37","2026-08-29 17:14:05"
"healtheconnections","DIG-DIS-MED-CNY","32","0","32","2026-05-12 11:14:25"
"healtheconnections","MOTH-BABIES-PERI","30","0","30","2026-05-26 08:48:30"
"healtheconnections","WOOD-PALTZ-ALF","28","0","28","2026-08-31 07:42:58"
"healtheconnections","RIVERVIEW-REHAB","27","0","27","2026-08-27 21:56:05"
"healtheconnections","LOR-NOTT","25","0","25","2026-08-12 05:56:36"
"healtheconnections","CHRIS-ADUBOR","22","0","22","2026-06-26 14:07:17"
"healtheconnections","FARNHAM-FAM","20","0","20","2026-08-31 22:12:27"
"healtheconnections","NORTHWOODS","20","0","20","2026-08-26 02:28:27"
"healtheconnections","ST-JOSEPHS-HOME","17","0","17","2026-08-31 12:52:59"
"healtheconnections","ELITE-HEALTHCARE","11","0","11","2026-07-20 08:05:25"
"healtheconnections","CNY-SPINE-PAIN","11","0","11","2026-08-15 22:15:41"
"healtheconnections","GATEWAY-HV","11","0","11","2026-09-01 20:12:59"
"healtheconnections","CC-ONONDAGA","10","0","10","2026-09-01 15:26:21"
"healtheconnections","LOR-COMM-RES","7","0","7","2026-07-23 21:29:14"
"healtheconnections","IND-LIVING","5","0","5","2026-08-26 03:32:23"
"healtheconnections","KENDAL-ON-HUDSON","3","0","3","2026-07-23 21:16:27"
"healtheconnections","VILMA-JUNIO","2","0","2","2026-06-19 21:00:12"
"healtheconnections","HEC","1","0","1","2026-06-20 00:45:26"
"healtheconnections","KENDAL-ITHACA","1","0","1","2026-08-08 12:31:37"
"healtheconnections","ICAN","1","0","1","2026-08-31 13:21:41"
"healtheconnections","1018","0","652","652","2026-09-01 12:14:39"
"healtheconnections","SOS","0","80522","80522","2026-09-01 23:58:22"
"healtheconnections","OSW-PHY-CARE","0","28339","28339","2026-09-01 21:52:59"
"healtheconnections","ROME-HLTH","0","28895","28895","2026-09-01 23:32:29"
"healtheconnections","1019","0","1189","1189","2026-09-01 12:19:31"
"healtheconnections","CENTRALUS-2","0","7328","7328","2026-09-01 23:37:24"
"healtheconnections","1024","0","2187","2187","2026-09-01 12:29:34"
"healtheconnections","1013","0","341","341","2026-08-31 22:43:43"
"healtheconnections","1722","0","86","86","2026-09-01 17:55:22"
"healtheconnections","21-READE-PLACE","0","9634","9634","2026-09-01 20:19:34"
"healtheconnections","WEST-HLTH-OUT-2","0","815","815","2026-09-01 22:09:14"
"healtheconnections","OPTUM-CRH","0","445372","445372","2026-09-01 23:58:30"
"healtheconnections","1001","0","1886","1886","2026-08-31 22:13:06"
"healtheconnections","BS-HOSP-2","0","13976","13976","2026-09-01 22:13:10"
"healtheconnections","NY-SPINE-WELL","0","25485","25485","2026-09-01 20:01:35"
"healtheconnections","1011","0","1134","1134","2026-08-31 22:29:40"
"healtheconnections","GARNET-HEALTH-2","0","3997","3997","2026-09-01 18:49:27"
"healtheconnections","CLAX-HEP-CPSI","0","23993","23993","2026-09-01 23:57:54"
"healtheconnections","ST-JOHNS-RIVER-2","0","78912","78912","2026-09-01 23:36:44"
"healtheconnections","BS-GOOD-SAM-2","0","6761","6761","2026-09-01 23:47:03"
"healthix","NYUMC","8156684","5339969","13496653","2026-09-01 23:59:59"
"healthix","NYPRES","4983267","0","4983267","2026-09-01 23:59:58"
"healthix","NYCHH","2735447","0","2735447","2026-09-01 23:59:45"
"healthix","MSMCEPIC","1743491","0","1743491","2026-09-01 23:59:51"
"healthix","ACPNYEPIC","1101108","0","1101108","2026-09-01 23:59:37"
"healthix","HEALTHIX","1088571","0","1088571","2026-09-01 10:14:20"
"healthix","NYF","526142","0","526142","2026-09-01 23:57:40"
"healthix","MSKCC","503456","0","503456","2026-09-01 23:58:46"
"healthix","CHSLI","457128","0","457128","2026-09-01 23:59:45"
"healthix","STBCFS","364087","0","364087","2026-09-01 14:27:59"
"healthix","MVPMP","321134","0","321134","2026-09-01 23:59:34"
"healthix","IFH_2","295626","0","295626","2026-09-01 23:56:54"
"healthix","OBHS_2","260147","0","260147","2026-09-01 23:59:48"
"healthix","TBHCEPIC","245455","0","245455","2026-09-01 23:59:33"
"healthix","MEDISYSEPIC","239553","0","239553","2026-09-01 23:58:08"
"healthix","FLUENDC","205123","0","205123","2026-09-01 20:21:47"
"healthix","CBW","198358","0","198358","2026-09-01 23:58:42"
"healthix","VINUSE","178240","0","178240","2026-09-01 23:58:22"
"healthix","CHS","170607","0","170607","2026-09-01 23:58:23"
"healthix","APGP","155481","0","155481","2026-09-01 23:59:46"
"healthix","TBHC","155061","0","155061","2026-09-01 23:56:10"
"healthix","STONYBROOK","138552","0","138552","2026-09-01 08:39:51"
"healthix","CACNS","131276","0","131276","2026-09-01 23:58:35"
"healthix","WHMC","118771","48400","167171","2026-09-01 23:58:58"
"healthix","RUMC","116628","0","116628","2026-09-01 23:56:11"
"healthix","ECWWFRCHC","96975","0","96975","2026-09-01 04:07:50"
"healthix","SJEH","85772","0","85772","2026-09-01 23:46:07"
"healthix","MMC_2","82440","0","82440","2026-09-01 23:58:43"
"healthix","ECWLIFQHC","76694","0","76694","2026-09-01 09:58:27"
"healthix","SCMG","74246","0","74246","2026-09-01 23:58:10"
"healthix","PCMH1","73586","0","73586","2026-09-01 23:57:45"
"healthix","RUMCOC","69523","0","69523","2026-09-01 23:56:57"
"healthix","CHN","68479","0","68479","2026-09-01 09:42:02"
"healthix","CLCHC","67760","0","67760","2026-09-01 23:59:38"
"healthix","STB-COMMACKMEDICINE_STONYBROOK.INTERNISTSCLINICIANS","61626","0","61626","2026-08-27 01:17:49"
"healthix","NUMC","59170","0","59170","2026-09-01 23:08:58"
"healthix","ECWODA","56881","0","56881","2026-08-31 08:13:08"
"healthix","MHLMP","56715","0","56715","2026-09-01 08:05:04"
"healthix","ECLI","55112","0","55112","2026-09-01 20:10:51"
"healthix","STB-SETAUKETORTHOPEDICS(15)_STONYBROOK.ORTHOPAEDICCLINICIANS","54354","0","54354","2026-08-27 01:19:43"
"healthix","STB-SUNYSBPUTNAMHPSYC_STONYBROOK.PSYCHIATRICCLINICIANS","49066","0","49066","2026-08-27 01:26:34"
"healthix","STB-STBROADDERMATOLOGY_STONYBROOK.DERMATOLOGYCLINICIANS","47434","0","47434","2026-08-27 01:09:23"
"healthix","SAMV","46927","0","46927","2026-09-01 23:19:46"
"healthix","NAC","46413","0","46413","2026-09-01 23:57:18"
"healthix","LHCI","43267","0","43267","2026-09-01 10:11:20"
"healthix","ECWJAFHC","41995","0","41995","2026-09-01 10:38:27"
"healthix","NHCC","37500","0","37500","2026-05-18 14:36:48"
"healthix","SPHLLC","37479","0","37479","2026-09-01 13:10:41"
"healthix","STB-SETAUKETPEDS4TD_STONYBROOK.CHILDRENSSERVICESCLINICIANS","37186","0","37186","2026-08-27 01:02:26"
"healthix","SOUTHAMPTON","36346","0","36346","2026-09-01 08:35:10"
"healthix","STB-SETAUKETNEURO_STONYBROOK.NEUROLOGYASSOCIATESCLINICIANS","34965","0","34965","2026-08-27 01:19:16"
"healthix","ECWBHH","33212","0","33212","2026-09-01 07:44:44"
"healthix","PSCH","32886","0","32886","2026-09-01 23:28:04"
"healthix","SUMM","26179","0","26179","2026-05-18 18:38:33"
"healthix","HASC","26002","0","26002","2026-09-01 11:24:34"
"healthix","STB-SETAUKETFAMILYMED_STONYBROOK.FAMPREVMEDICINECLINICIANS","24777","0","24777","2026-08-27 21:53:04"
"healthix","VRLM","24644","0","24644","2026-09-01 09:09:31"
"healthix","NAOMED","23379","0","23379","2026-09-01 04:30:05"
"healthix","ECWDFCC","22969","0","22969","2026-09-01 09:51:18"
"healthix","PRHC","22526","0","22526","2026-09-01 04:42:41"
"healthix","ECWHWORKS","21264","0","21264","2026-09-01 08:12:24"
"healthix","STB-SMITHTOWNPEDSGROUP_STONYBROOK.CHILDRENSSERVICESCLINICIANS","20753","0","20753","2026-08-28 06:26:36"
"healthix","STB-ACPPAINCLINIC_STONYBROOK.ANAESTHESIOLOGYCLINICIANS","20632","0","20632","2026-08-27 01:25:15"
"healthix","RMHC","19661","0","19661","2026-05-18 09:03:50"
"healthix","LISH","19599","0","19599","2026-09-01 07:43:40"
"healthix","STB-OPEYOPHTHAL_STONYBROOK.OPTHALMOLOGYCLINICIANS","18970","0","18970","2026-08-31 07:26:53"
"healthix","FSHA","18882","0","18882","2026-05-18 08:08:40"
"healthix","STB-SETAUKETGENMED_STONYBROOK.INTERNISTSCLINICIANS","18803","0","18803","2026-08-27 01:23:46"
"healthix","BRC","18412","0","18412","2026-09-01 22:40:58"
"healthix","MEDCARELLC","17942","0","17942","2026-09-01 05:20:12"
"healthix","BMSFHC","17934","0","17934","2026-09-01 23:27:58"
"healthix","ECWPROR","17634","0","17634","2026-09-01 02:25:43"
"healthix","ECWCFTH","17623","0","17623","2026-09-01 05:44:25"
"healthix","STB-COMMACKPEDIATRICS_STONYBROOK.CHILDRENSSERVICESCLINICIANS","17599","0","17599","2026-08-26 23:37:38"
"healthix","STB-BOHEMIA-OBGYN_STONYBROOK.OBGYNCLINICIANS","17571","0","17571","2026-08-27 00:55:54"
"healthix","TFH2","17306","0","17306","2026-09-01 23:59:48"
"healthix","USEC","17228","0","17228","2026-09-01 22:32:11"
"healthix","AZSETTHEA","16641","0","16641","2026-09-01 22:30:54"
"healthix","LESC","15636","0","15636","2026-09-01 22:10:28"
"healthix","DHH","15161","0","15161","2026-09-01 19:51:12"
"healthix","CPHC","14440","0","14440","2026-05-18 08:01:37"
"healthix","TRCI","14021","0","14021","2026-05-18 19:57:10"
"healthix","ECWLICD","13941","0","13941","2026-08-27 11:31:20"
"healthix","STB-MORICHESPEDS_STONYBROOK.CHILDRENSSERVICESCLINICIANS","13583","0","13583","2026-09-01 07:37:25"
"healthix","SPOPC","13578","0","13578","2026-09-01 22:24:19"
"healthix","STB-COMMACKDERM_STONYBROOK.DERMATOLOGYCLINICIANS","13404","0","13404","2026-08-27 01:12:47"
"healthix","ACFM","13118","0","13118","2026-09-01 05:12:28"
"healthix","STB-COMMACKOPTHAL_STONYBROOK.OPTHALMOLOGYCLINICIANS","12932","0","12932","2026-08-31 07:26:51"
"healthix","BSHC","12422","0","12422","2026-09-01 04:59:33"
"healthix","ACMH","12365","0","12365","2026-09-01 20:10:28"
"healthix","STB-STONY BROOK PSYCHIATRIC ASSOC UFPC","12202","0","12202","2026-08-27 00:56:16"
"healthix","ECWCEVANS","11564","0","11564","2026-09-01 10:13:30"
"healthix","NYCH","11468","0","11468","2026-09-01 21:15:11"
"healthix","AVON","11268","0","11268","2026-05-17 23:44:12"
"healthix","ECWHDPH","10860","0","10860","2026-09-01 03:01:38"
"healthix","NYPROTC","10756","0","10756","2026-09-01 23:56:08"
"healthix","STB-SETAUKETCARD_STONYBROOK.INTERNISTSCLINICIANS","10587","0","10587","2026-08-27 00:51:26"
"healthix","FSL","10557","0","10557","2026-05-18 14:35:17"
"healthix","GWMC","10554","0","10554","2026-09-01 08:22:27"
"healthix","SJMS","10537","0","10537","2026-09-01 23:38:18"
"healthix","MMHC","10525","0","10525","2026-09-01 23:31:23"
"healthix","STB-SETAUKETNEURO181B_STONYBROOK.NEUROLOGYASSOCIATESCLINICIANS","10483","0","10483","2026-08-27 01:16:31"
"healthix","DCCA","10290","0","10290","2026-09-01 21:22:27"
"healthix","AHSL","10198","0","10198","2026-05-17 23:43:52"
"healthix","STB-COMMACKORTHO_STONYBROOK.ORTHOPAEDICCLINICIANS","10102","0","10102","2026-08-27 00:58:52"
"healthix","STB-COMMACKOBGYN_STONYBROOK.OBGYNCLINICIANS","9959","0","9959","2026-08-27 01:02:38"
"healthix","STB-WTCCOMMACK_STONYBROOK.INTERNISTSCLINICIANS","9958","0","9958","2026-08-26 15:41:36"
"healthix","STB-NEUROLOGY ASSOCIATES OF STONY BROOK UFPC","9928","0","9928","2026-08-27 01:16:02"
"healthix","ECWBMCP","9822","0","9822","2026-09-01 03:00:03"
"healthix","WMCPC","9683","0","9683","2026-08-27 00:30:26"
"healthix","ICOMML","9573","0","9573","2026-09-01 23:58:58"
"healthix","STB-PATCHOGUEPEDS_STONYBROOK.CHILDRENSSERVICESCLINICIANS","9547","0","9547","2026-09-01 07:20:49"
"healthix","ECWAPICHA","9473","0","9473","2026-09-01 02:21:06"
"healthix","STB-MORICHESINTERNALMED_STONYBROOK.INTERNISTSCLINICIANS","9454","0","9454","2026-08-27 01:13:38"
"healthix","ECWBPAA","9169","0","9169","2026-09-01 05:34:31"
"healthix","STB-ISLIPPEDS_STONYBROOK.CHILDRENSSERVICESCLINICIANS","9126","0","9126","2026-08-31 07:26:38"
"healthix","STB-CNTEACHSURGY_STONYBROOK.SURGICALCLINICIANS","9069","0","9069","2026-08-27 00:56:39"
"healthix","STB-WTCMINEOLA_STONYBROOK.INTERNISTSCLINICIANS","8952","0","8952","2026-08-26 03:36:22"
"healthix","CTCM","8566","0","8566","2026-09-01 11:13:06"
"healthix","FMCBS","8208","0","8208","2026-09-01 22:26:35"
"healthix","STB-SETAUKETUROLOGYWPHC_STONYBROOK.UROLOGYCLINICIANS","7881","0","7881","2026-08-27 00:58:47"
"healthix","STB-SETAUKETOBGYNWPHC_STONYBROOK.OBGYNCLINICIANS","7748","0","7748","2026-08-27 01:21:17"
"healthix","NWPE","7725","0","7725","2026-09-01 12:22:53"
"healthix","GMHC","7717","0","7717","2026-09-01 16:45:43"
"healthix","BRIDGE","7707","0","7707","2026-09-01 21:45:58"
"healthix","ECWRMCP","7668","0","7668","2026-09-01 05:57:18"
"healthix","ECWBRKHC","7609","0","7609","2026-09-01 02:32:25"
"healthix","STB-COMMACKUROLOGY_STONYBROOK.UROLOGYCLINICIANS","7496","0","7496","2026-08-27 00:55:18"
"healthix","WHPC","7401","0","7401","2026-08-27 01:31:32"
"healthix","FIME","7377","0","7377","2026-09-01 09:30:23"
"healthix","ECWBPMC","7366","0","7366","2026-09-01 02:34:08"
"healthix","ABCI","7281","0","7281","2026-09-01 16:08:30"
"healthix","ECWLCME","7122","0","7122","2026-09-01 03:01:33"
"healthix","ECWBRKGA","6920","0","6920","2026-09-01 10:49:20"
"healthix","STB-PATCHOGUEFAMILYMED_STONYBROOK.FAMPREVMEDICINECLINICIANS","6915","0","6915","2026-08-27 01:28:47"
"healthix","LMDP","6899","0","6899","2026-09-01 23:50:07"
"healthix","SOPM","6897","0","6897","2026-09-01 02:16:31"
"healthix","STB-CNTEACHBARIATRICSU_STONYBROOK.SURGICALCLINICIANS","6774","0","6774","2026-08-27 01:00:11"
"healthix","ECWCWMC","6488","0","6488","2026-09-01 10:36:46"
"healthix","NYIT","6338","0","6338","2026-09-01 03:16:31"
"healthix","ECWBMC","6207","0","6207","2026-09-01 05:07:19"
"healthix","STB-CANCERCENTER_STONYBROOK.UNIVERSITYHOSPITALCLINICIANS","6166","0","6166","2026-09-01 08:33:54"
"healthix","BTC","6052","0","6052","2026-09-01 21:50:50"
"healthix","STB-SETAUKETOBGYNBLD6_STONYBROOK.OBGYNCLINICIANS","6003","0","6003","2026-08-27 09:18:51"
"healthix","MJGHC","5967","0","5967","2026-09-01 23:06:03"
"healthix","MATH","5711","0","5711","2026-09-01 22:52:24"
"healthix","NYFP","5674","0","5674","2026-09-01 02:27:41"
"healthix","JZDP","5635","0","5635","2026-09-01 11:30:54"
"healthix","SSMG","5589","0","5589","2026-09-01 09:16:57"
"healthix","STB-SETAUKETNEPHROLOGY_STONYBROOK.INTERNISTSCLINICIANS","5489","0","5489","2026-08-28 06:26:30"
"healthix","KAMS","5335","0","5335","2026-09-01 02:51:47"
"healthix","QMOPC","5323","0","5323","2026-05-16 00:08:39"
"healthix","BCHC","5318","0","5318","2026-09-01 23:15:57"
"healthix","GHCI","5278","0","5278","2026-05-18 07:28:46"
"healthix","CABSHOME","5071","0","5071","2026-05-17 22:11:13"
"healthix","NRHFM","5041","0","5041","2026-09-01 02:44:04"
"healthix","BOROPEDS","5030","0","5030","2026-09-01 04:00:37"
"healthix","SHAS","5022","0","5022","2026-09-01 09:35:44"
"healthix","STB-SETAUKETUROLOGYTRA_STONYBROOK.UROLOGYCLINICIANS","4954","0","4954","2026-08-27 01:03:41"
"healthix","STB-SOUTHAMPTONCARD_STONYBROOK.INTERNISTSCLINICIANS","4855","0","4855","2026-08-27 00:43:06"
"healthix","STBCFS-GEMMS","4815","0","4815","2026-05-30 11:08:03"
"healthix","CCNGM","4691","0","4691","2026-09-01 03:22:19"
"healthix","ECWACDTC","4633","0","4633","2026-09-01 08:21:35"
"healthix","GPGPC","4630","0","4630","2026-09-01 20:41:05"
"healthix","STB-COMMACKSURGERY_STONYBROOK.SURGICALCLINICIANS","4596","0","4596","2026-08-27 01:00:10"
"healthix","QVPC","4594","0","4594","2026-09-01 20:11:34"
"healthix","TRANSNY","4590","0","4590","2026-09-01 23:45:59"
"healthix","BCEMG","4559","0","4559","2026-09-01 08:09:52"
"healthix","ECWTCPM","4481","0","4481","2026-09-01 06:49:33"
"healthix","MGASP","4447","0","4447","2026-09-01 22:59:30"
"healthix","ECWAWM","4434","0","4434","2026-09-01 08:14:33"
"healthix","DIMHEAL","4420","0","4420","2026-09-01 23:59:37"
"healthix","ECWNU93","4383","0","4383","2026-09-01 03:34:26"
"healthix","UNIONHEALTH","4343","0","4343","2026-05-13 15:45:54"
"healthix","NPPC","4318","0","4318","2026-09-01 10:18:22"
"healthix","STB-STONY BROOK CHILDRENÂS SERVICE UFPC-PWR","4282","0","4282","2026-08-26 23:07:52"
"healthix","CENY","4107","0","4107","2026-09-01 18:04:55"
"healthix","MHPWQ","4106","0","4106","2026-05-18 14:35:23"
"healthix","STB-RIVERHEADUROLOGY_STONYBROOK.UROLOGYCLINICIANS","4090","0","4090","2026-08-27 00:43:00"
"healthix","ECWCMGQ","4088","0","4088","2026-09-01 08:31:32"
"healthix","ECWMRMD","4074","0","4074","2026-09-01 05:26:26"
"healthix","ECWCHCR","4060","0","4060","2026-09-01 08:13:26"
"healthix","MPBS","3953","0","3953","2026-09-01 23:24:50"
"healthix","DMC","3923","0","3923","2026-09-01 21:15:56"
"healthix","ECWPEDAMED","3912","0","3912","2026-09-01 04:13:10"
"healthix","TMMD","3840","0","3840","2026-09-01 21:06:26"
"healthix","ECWMCHC","3741","0","3741","2026-09-01 03:00:50"
"healthix","QNCARD","3701","0","3701","2026-09-01 08:58:12"
"healthix","MEMC","3672","0","3672","2026-09-01 09:45:11"
"healthix","ECWHHHFQHC","3661","0","3661","2026-09-01 05:09:22"
"healthix","JGMP","3647","0","3647","2026-09-01 02:28:40"
"healthix","JCLLC","3623","0","3623","2026-05-18 07:50:00"
"healthix","EMU","3611","0","3611","2026-09-01 02:25:18"
"healthix","ECWFPMC","3603","0","3603","2026-09-01 09:58:40"
"healthix","SYDENHAM","3526","0","3526","2026-09-01 23:46:10"
"healthix","GVPC","3509","0","3509","2026-09-01 22:38:29"
"healthix","ECWKNICK","3491","0","3491","2026-09-01 05:27:28"
"healthix","RBKP","3485","0","3485","2026-08-31 03:09:52"
"healthix","ARTOM","3464","0","3464","2026-09-01 09:13:22"
"healthix","ECWDBMD","3452","0","3452","2026-09-01 03:07:06"
"healthix","STB-SMITHTOWNSLEEPCNTP_STONYBROOK.INTERNISTSCLINICIANS","3388","0","3388","2026-08-27 00:56:54"
"healthix","MIDNASPEDS","3327","0","3327","2026-08-31 07:31:57"
"healthix","APMPC","3311","0","3311","2026-09-01 03:26:32"
"healthix","ECWSSFMA","3309","0","3309","2026-08-31 04:31:13"
"healthix","VDMD","3296","0","3296","2026-09-01 03:00:22"
"healthix","ECWUMSE","3277","0","3277","2026-09-01 06:12:29"
"healthix","STB-SETAUKETORTHOPEDICS(11)_STONYBROOK.ORTHOPAEDICCLINICIANS","3237","0","3237","2026-08-26 23:05:18"
"healthix","ECWNPMD","3180","0","3180","2026-09-01 09:10:34"
"healthix","ECWMMAJEED","3147","0","3147","2026-08-29 10:33:29"
"healthix","DGNFM","3069","0","3069","2026-09-01 20:10:57"
"healthix","ECWHPMEDI","2967","0","2967","2026-09-01 10:05:22"
"healthix","STB-HAMPTONBAYSOBGYN_STONYBROOK.OBGYNCLINICIANS","2926","0","2926","2026-08-27 01:04:06"
"healthix","GFMEP","2904","0","2904","2026-09-01 17:48:04"
"healthix","EEPEDS","2899","0","2899","2026-08-29 03:00:44"
"healthix","OFCL","2872","0","2872","2026-09-01 23:42:02"
"healthix","BEWU","2855","0","2855","2026-09-01 09:52:46"
"healthix","USDOOR","2822","0","2822","2026-09-01 03:00:25"
"healthix","EWHC","2820","0","2820","2026-08-26 23:08:47"
"healthix","ORMD","2741","0","2741","2026-09-01 04:23:50"
"healthix","ECWPED2000","2710","0","2710","2026-09-01 08:20:20"
"healthix","TIMA","2704","0","2704","2026-09-01 08:18:03"
"healthix","ECWQCAMC","2699","0","2699","2026-09-01 02:52:25"
"healthix","ECWAMG","2691","0","2691","2026-09-01 02:11:34"
"healthix","ECWAHCA","2579","0","2579","2026-09-01 05:20:11"
"healthix","JMOE","2575","0","2575","2026-09-01 05:27:29"
"healthix","PIPC","2513","0","2513","2026-09-01 05:31:52"
"healthix","ECWBMD","2506","0","2506","2026-09-01 08:23:36"
"healthix","STB-RIVERHEADNEUROSURG_STONYBROOK.NYSPINEANDBRAINCLINICIANS","2497","0","2497","2026-08-27 01:02:21"
"healthix","EXSCIL","2487","0","2487","2026-05-07 05:40:02"
"healthix","PAEN","2477","0","2477","2026-09-01 03:30:10"
"healthix","CCMED","2460","0","2460","2026-09-01 03:14:46"
"healthix","STB-SURGICALASSOCIATES_STONYBROOK.LICHSURGERY","2443","0","2443","2026-08-26 18:49:15"
"healthix","ECWHUCAC","2441","0","2441","2026-09-01 05:58:39"
"healthix","ECWBPED","2425","0","2425","2026-09-01 07:28:17"
"healthix","AMCI","2425","0","2425","2026-05-17 17:10:28"
"healthix","RIPC","2417","0","2417","2026-09-01 12:34:32"
"healthix","UOMC","2369","0","2369","2026-09-01 03:02:27"
"healthix","ECWDMA","2348","0","2348","2026-09-01 02:40:04"
"healthix","ADPPC","2317","0","2317","2026-09-01 02:37:35"
"healthix","PCCHN","2297","0","2297","2026-09-01 10:25:12"
"healthix","RPMDPC","2292","0","2292","2026-09-01 11:54:34"
"healthix","ECWICLHCC","2280","0","2280","2026-09-01 07:58:16"
"healthix","ECWJGBRC","2279","0","2279","2026-09-01 08:30:41"
"healthix","ECWWITA","2266","0","2266","2026-08-31 03:47:13"
"healthix","URBPATH","2251","0","2251","2026-09-01 21:23:53"
"healthix","WEIBOMS","2226","0","2226","2026-08-29 02:38:31"
"healthix","STB-OPHTHALHOSP_STONYBROOK.OPTHALMOLOGYCLINICIANS","2210","0","2210","2026-08-31 07:26:46"
"healthix","SKAMD","2190","0","2190","2026-09-01 07:58:25"
"healthix","LIMG","2142","0","2142","2026-09-01 05:14:51"
"healthix","ECWAPPC","2122","0","2122","2026-09-01 08:34:31"
"healthix","ASTPC","2091","0","2091","2026-09-01 05:16:05"
"healthix","BALTS","2061","0","2061","2026-09-01 16:49:33"
"healthix","KPPFT","1979","0","1979","2026-05-18 19:54:41"
"healthix","ECWMMCPC","1969","0","1969","2026-09-01 02:39:56"
"healthix","NSCFGC","1951","0","1951","2026-05-18 14:35:19"
"healthix","LFMA","1927","0","1927","2026-09-01 10:14:04"
"healthix","ECWSUFPED","1905","0","1905","2026-09-01 10:14:13"
"healthix","HCC","1876","0","1876","2026-05-18 14:35:27"
"healthix","SAIL","1850","0","1850","2026-09-01 21:22:52"
"healthix","STB-MORICHESPEDSENDO_STONYBROOK.CHILDRENSSERVICESCLINICIANS","1845","0","1845","2026-08-29 07:25:05"
"healthix","ECWXIZH","1829","0","1829","2026-09-01 10:50:22"
"healthix","JEPIPC","1823","0","1823","2026-08-31 03:10:03"
"healthix","HECA","1812","0","1812","2026-09-01 21:02:23"
"healthix","CMMP","1810","0","1810","2026-09-01 05:26:08"
"healthix","FLAPED","1784","0","1784","2026-09-01 20:40:44"
"healthix","ECWMSFMHC","1753","0","1753","2026-09-01 10:37:14"
"healthix","ECWBRMD","1741","0","1741","2026-08-25 03:47:18"
"healthix","STB-SBUHNEUROSURG_STONYBROOK.NYSPINEANDBRAINCLINICIANS","1740","0","1740","2026-08-27 00:32:00"
"healthix","ECWWSMG","1730","0","1730","2026-09-01 07:40:16"
"healthix","RFAFAL","1718","0","1718","2026-09-01 22:12:02"
"healthix","RAMA","1690","0","1690","2026-08-31 03:10:09"
"healthix","GPMP","1655","0","1655","2026-08-26 03:01:53"
"healthix","GRGY","1646","0","1646","2026-09-01 10:36:20"
"healthix","STB-PSYCHADULTCLINIC(181BM)_STONYBROOK.PSYCHIATRICCLINICIANS","1645","0","1645","2026-08-26 03:50:04"
"healthix","MSCM","1624","0","1624","2026-09-01 07:50:40"
"healthix","ECWARJUNMG","1601","0","1601","2026-09-01 05:16:34"
"healthix","ECWHOJM","1553","0","1553","2026-09-01 10:49:43"
"healthix","STB-SETAUKETPEDSDEVELO_STONYBROOK.CHILDRENSSERVICESCLINICIANS","1535","0","1535","2026-08-31 07:21:24"
"healthix","ZPZHOU","1529","0","1529","2026-09-01 05:14:42"
"healthix","CAMELOT","1528","0","1528","2026-09-01 21:23:34"
"healthix","ATME","1524","0","1524","2026-09-01 04:52:40"
"healthix","STB-SETAUKETINFDIS_STONYBROOK.INTERNISTSCLINICIANS","1517","0","1517","2026-09-01 07:37:28"
"healthix","ECWSPME","1509","0","1509","2026-09-01 07:07:07"
"healthix","STB-SMITHTOWNPEDIATRIC_STONYBROOK.CHILDRENSSERVICESCLINICIANS","1498","0","1498","2026-08-31 07:26:37"
"healthix","ECWAFMP","1483","0","1483","2026-09-01 10:06:40"
"healthix","CAI","1454","0","1454","2026-09-01 22:41:06"
"healthix","ECWRPCS","1446","0","1446","2026-09-01 10:51:06"
"healthix","STB-SMITHTOWNANES_STONYBROOK.ANAESTHESIOLOGYCLINICIANS","1443","0","1443","2026-08-27 01:26:36"
"healthix","SCCA","1422","0","1422","2026-05-18 09:09:43"
"healthix","ECWBMFHC","1414","0","1414","2026-09-01 05:16:50"
"healthix","NYDEC","1370","0","1370","2026-09-01 21:26:40"
"healthix","ECWPLMD","1364","0","1364","2026-09-01 07:12:27"
"healthix","OZPQ","1343","0","1343","2026-09-01 02:43:33"
"healthix","ECWNUIMA","1333","0","1333","2026-09-01 03:01:27"
"healthix","STB-HOLBROOKUROLOGY_STONYBROOK.UROLOGYCLINICIANS","1309","0","1309","2026-08-26 22:30:36"
"healthix","IFCL","1287","0","1287","2026-05-18 14:23:41"
"healthix","MKRM","1272","0","1272","2026-09-01 11:34:08"
"healthix","STB-OBGYNSCAN_STONYBROOK.OBGYNCLINICIANS","1266","0","1266","2026-08-31 06:18:56"
"healthix","ECWLIPBPC","1265","0","1265","2026-09-01 09:58:49"
"healthix","ECWLESFM","1238","0","1238","2026-08-29 02:25:08"
"healthix","ECWASHEENA","1237","0","1237","2026-09-01 02:33:10"
"healthix","GNFPG","1235","0","1235","2026-09-01 07:10:14"
"healthix","RIPE","1235","0","1235","2026-09-01 09:00:03"
"healthix","STB-SETAUKETUROLOGY_STONYBROOK.UROLOGYCLINICIANS","1227","0","1227","2026-08-22 15:57:03"
"healthix","STB-SETAUKETALLERGY_STONYBROOK.INTERNISTSCLINICIANS","1203","0","1203","2026-08-27 01:16:25"
"healthix","AAMDP","1202","0","1202","2026-09-01 04:42:39"
"healthix","STB-SMITHTOWNSLEEPCNTN_STONYBROOK.NEUROLOGYASSOCIATESCLINICIANS","1201","0","1201","2026-08-27 00:29:22"
"healthix","ECWMCPLLC","1200","0","1200","2026-09-01 05:35:27"
"healthix","RKDP","1190","0","1190","2026-05-17 00:28:56"
"healthix","JCRESP","1187","0","1187","2026-09-01 20:06:20"
"healthix","LMPC","1183","0","1183","2026-05-18 03:04:43"
"healthix","DONPMC","1134","0","1134","2026-09-01 09:50:14"
"healthix","EAPE","1124","0","1124","2026-09-01 03:02:23"
"healthix","JCPC","1118","0","1118","2026-08-29 02:08:26"
"healthix","SPCARE","1103","0","1103","2026-05-18 03:01:16"
"healthix","YANLI","1093","0","1093","2026-09-01 20:54:29"
"healthix","DEVALV","1093","0","1093","2026-05-18 19:52:04"
"healthix","ECWNYTM","1075","0","1075","2026-09-01 10:58:10"
"healthix","BOGMPC","1062","0","1062","2026-05-18 03:02:58"
"healthix","TGMD","1061","0","1061","2026-09-01 12:22:49"
"healthix","ADTC","1060","0","1060","2026-09-01 05:32:10"
"healthix","STB-SETAUKETPSYCH(205BM)_STONYBROOK.PSYCHIATRICCLINICIANS","1059","0","1059","2026-08-27 00:38:22"
"healthix","COMLIFE","1055","0","1055","2026-07-07 05:23:46"
"healthix","ECWICAP","1042","0","1042","2026-09-01 07:13:06"
"healthix","STB-ISLIPPEDSADOLESCEN_STONYBROOK.CHILDRENSSERVICESCLINICIANS","1031","0","1031","2026-08-30 07:25:58"
"healthix","ECWSSP","1030","0","1030","2026-09-01 02:41:08"
"healthix","BEBR","1022","0","1022","2026-09-01 03:25:27"
"healthix","CFMDPC1","1022","0","1022","2026-09-01 19:33:11"
"healthix","ECWOHPP","1022","0","1022","2026-09-01 05:10:06"
"healthix","MFUCHS","1020","0","1020","2026-09-01 22:23:24"
"healthix","KAMPC","1009","0","1009","2026-09-01 11:04:25"
"healthix","STB-CENTEREACHPSYCHIATRY_STONYBROOK.PSYCHIATRICCLINICIANS","1008","0","1008","2026-08-27 01:19:16"
"healthix","STB-COMMACKNEURO_STONYBROOK.NYSPINEANDBRAINCLINICIANS","1007","0","1007","2026-08-22 07:13:43"
"healthix","NYPHC","1006","0","1006","2026-09-01 03:33:13"
"healthix","KHORNE","1003","0","1003","2026-05-18 19:18:00"
"healthix","STB-SHCANCERCENTER_STONYBROOK.UNIVERSITYHOSPITALCLINICIANS","1000","0","1000","2026-09-01 07:59:35"
"healthix","ECWTCPC","996","0","996","2026-09-01 07:46:23"
"healthix","ECWRHILLS","970","0","970","2026-09-01 08:23:26"
"healthix","PRHOSP","970","0","970","2026-09-01 13:44:19"
"healthix","ECWCHGE","965","0","965","2026-08-30 03:28:30"
"healthix","SYJA","933","0","933","2026-09-01 05:12:26"
"healthix","IRMS","929","0","929","2026-09-01 23:40:02"
"healthix","ECWVVIM","928","0","928","2026-09-01 03:25:04"
"healthix","ECWLFME","927","0","927","2026-09-01 10:38:15"
"healthix","ECWBRIPED","915","0","915","2026-08-29 07:24:38"
"healthix","GEOMC","912","0","912","2026-05-18 03:04:41"
"healthix","UESRNCX","909","0","909","2026-09-01 17:52:38"
"healthix","ECWCRPP","898","0","898","2026-09-01 10:36:50"
"healthix","MEPC","898","0","898","2026-09-01 05:20:01"
"healthix","KMSP","896","0","896","2026-09-01 08:13:09"
"healthix","SPOP","887","0","887","2026-09-01 15:26:37"
"healthix","STB-SETAUKETPT","883","0","883","2026-09-01 06:26:33"
"healthix","FHOUSE","867","0","867","2026-09-01 22:14:57"
"healthix","ECWRRGMP","860","0","860","2026-09-01 07:19:03"
"healthix","STB-STONYBROOKROADURO_STONYBROOK.UROLOGYCLINICIANS","850","0","850","2026-08-26 23:02:17"
"healthix","SCWE","847","0","847","2026-08-31 22:09:33"
"healthix","NYMOBG","845","0","845","2026-08-26 03:00:35"
"healthix","ECWHSMD","839","0","839","2026-09-01 09:59:31"
"healthix","CTMP","837","0","837","2026-09-01 10:16:21"
"healthix","ECWDALM","825","0","825","2026-09-01 10:37:22"
"healthix","LKOZER","821","0","821","2026-09-01 21:47:31"
"healthix","ECWBRIM","818","0","818","2026-09-01 10:41:24"
"healthix","MSMD","816","0","816","2026-09-01 03:37:25"
"healthix","ECWRDELM","814","0","814","2026-08-18 11:37:13"
"healthix","ALAAELDIN","808","0","808","2026-09-01 02:59:17"
"healthix","CHMOPC","805","0","805","2026-08-30 07:16:10"
"healthix","SMHM","797","0","797","2026-08-26 00:28:11"
"healthix","STB-HAMPTONBAYSNEURO_STONYBROOK.NEUROLOGYASSOCIATESCLINICIANS","759","0","759","2026-08-26 03:45:31"
"healthix","STB-SETAUKETPSYCHIATRY_STONYBROOK.PSYCHIATRICCLINICIANS","754","0","754","2026-08-27 01:08:24"
"healthix","ECWJKMD","753","0","753","2026-09-01 03:10:20"
"healthix","SHINN","739","0","739","2026-08-26 16:13:25"
"healthix","ESMAS","736","0","736","2026-08-27 22:49:27"
"healthix","FSOC","735","0","735","2026-05-18 14:13:18"
"healthix","ECWHIHS","728","0","728","2026-09-01 08:23:16"
"healthix","BFMD","728","0","728","2026-09-01 10:20:21"
"healthix","YXMPC","725","0","725","2026-09-01 05:19:26"
"healthix","JPOM","724","0","724","2026-09-01 16:48:21"
"healthix","MICP","722","0","722","2026-09-01 08:06:02"
"healthix","IAHD","710","0","710","2026-09-01 02:54:21"
"healthix","CARTER","709","0","709","2026-09-01 22:50:12"
"healthix","GSMP","691","0","691","2026-09-01 12:29:55"
"healthix","RZPPLLC","684","0","684","2026-09-01 02:28:35"
"healthix","CVSMICL","681","0","681","2026-05-07 05:36:35"
"healthix","STB-STONYBROOKROADGYN_STONYBROOK.OBGYNCLINICIANS","656","0","656","2026-08-26 23:04:22"
"healthix","JMPC","652","0","652","2026-09-01 11:56:42"
"healthix","ECWGMS","652","0","652","2026-09-01 07:25:19"
"healthix","MORNNRX","652","0","652","2026-09-01 20:57:14"
"healthix","BABPED","651","0","651","2026-08-30 03:34:51"
"healthix","MMPC","650","0","650","2026-09-01 03:17:01"
"healthix","PRMSPC","649","0","649","2026-09-01 05:34:54"
"healthix","LYPE","639","0","639","2026-09-01 03:02:19"
"healthix","SFCAPE","637","0","637","2026-05-18 14:35:18"
"healthix","NIAZMS","616","0","616","2026-09-01 03:28:57"
"healthix","ECWEAMO","613","0","613","2026-08-30 03:03:10"
"healthix","SUSC","609","0","609","2026-05-18 14:45:29"
"healthix","ECWGIMS","608","0","608","2026-09-01 06:12:41"
"healthix","CMPC","602","0","602","2026-09-01 09:10:23"
"healthix","PMEC","591","0","591","2026-09-01 10:52:03"
"healthix","STB-NEUROSURGSCAN_STONYBROOK.NYSPINEANDBRAINCLINICIANS","589","0","589","2026-08-31 06:19:01"
"healthix","NYHM","589","0","589","2026-09-01 02:12:56"
"healthix","ECWOEFMD","583","0","583","2026-09-01 08:20:04"
"healthix","WTAOMC","582","0","582","2026-09-01 02:10:06"
"healthix","UMO","582","0","582","2026-09-01 12:28:38"
"healthix","WCMCCX","578","0","578","2026-09-01 19:10:23"
"healthix","ECWCATUCCI","574","0","574","2026-09-01 03:07:46"
"healthix","NHGPC","570","0","570","2026-09-01 03:24:29"
"healthix","ANHX","565","0","565","2026-09-01 21:20:23"
"healthix","ECWHNMD","562","0","562","2026-08-29 07:12:02"
"healthix","GJNRCX","561","0","561","2026-09-01 18:02:34"
"healthix","ECWCCM","556","0","556","2026-09-01 05:44:31"
"healthix","BPCRHX","543","0","543","2026-09-01 23:54:19"
"healthix","ECWMAND","542","0","542","2026-09-01 03:52:04"
"healthix","RIVPRHCX","539","0","539","2026-09-01 22:02:04"
"healthix","ECWELSC","535","0","535","2026-08-31 03:40:14"
"healthix","ECWBENSMC","535","0","535","2026-09-01 06:11:02"
"healthix","ECWFPMPC","534","0","534","2026-09-01 05:34:41"
"healthix","JEPE","534","0","534","2026-09-01 03:27:09"
"healthix","NYMA","533","0","533","2026-05-18 19:05:44"
"healthix","STB-STBUROLOGY_STONYBROOK.UROLOGYCLINICIANS","527","0","527","2026-08-26 03:30:36"
"healthix","HHCHRX","521","0","521","2026-09-01 21:07:48"
"healthix","STB-HAMPTONBAYSUROLOGY_STONYBROOK.UROLOGYCLINICIANS","512","0","512","2026-08-26 03:32:17"
"healthix","ECWSLBMA","511","0","511","2026-08-16 04:01:02"
"healthix","KIPE","510","0","510","2026-08-10 03:15:57"
"healthix","REDOX","505","0","505","2026-08-02 18:32:50"
"healthix","ECWSNM","502","0","502","2026-09-01 07:14:04"
"healthix","CNRCX","501","0","501","2026-09-01 19:16:25"
"healthix","MANPEDA","496","0","496","2026-08-11 17:52:42"
"healthix","STB-STBNEUROLOGYASSOC_STONYBROOK.NEUROLOGYASSOCIATESCLINICIANS","488","0","488","2026-08-26 03:18:34"
"healthix","STB-NEWHYDEPARKMEDICA_STONYBROOK.INTERNISTSCLINICIANS","484","0","484","2026-08-26 22:18:49"
"healthix","ECWHARLGP","479","0","479","2026-09-01 07:11:02"
"healthix","STB-RIVERHEADSURGY54C_STONYBROOK.SURGICALCLINICIANS","479","0","479","2026-08-26 22:23:00"
"healthix","STB-NEUROSCAN_STONYBROOK.NEUROLOGYASSOCIATESCLINICIANS","478","0","478","2026-08-31 06:18:59"
"healthix","ECWRMHM","477","0","477","2026-09-01 07:31:49"
"healthix","HENRYSSBH","471","0","471","2026-09-01 12:37:33"
"healthix","SUNMPC","465","0","465","2026-09-01 02:58:22"
"healthix","ECWDTREAT","461","0","461","2026-08-31 02:13:29"
"healthix","ADTMD","461","0","461","2026-09-01 20:30:21"
"healthix","ENNRCX","460","0","460","2026-09-01 22:29:50"
"healthix","BACRNX","458","0","458","2026-09-01 20:25:28"
"healthix","ECWRICHTERMD","458","0","458","2026-09-01 05:19:11"
"healthix","VENTH","452","0","452","2026-09-01 19:31:50"
"healthix","GPPC","446","0","446","2026-08-26 11:26:49"
"healthix","ECWJCO","441","0","441","2026-09-01 02:18:04"
"healthix","MIMO","439","0","439","2026-09-01 05:34:15"
"healthix","STB-ISLIPPEDSGASTROENT_STONYBROOK.CHILDRENSSERVICESCLINICIANS","431","0","431","2026-08-31 07:21:17"
"healthix","BOHH","423","0","423","2026-09-01 21:45:49"
"healthix","STB-MORICHESPEDSADOLES_STONYBROOK.CHILDRENSSERVICESCLINICIANS","420","0","420","2026-08-28 07:34:24"
"healthix","ECWSSMP","408","0","408","2026-09-01 07:45:07"
"healthix","OURNM","408","0","408","2026-05-18 03:42:54"
"healthix","USTH","406","0","406","2026-09-01 23:03:02"
"healthix","STB-PATCHOGUEPEDSGASTR_STONYBROOK.CHILDRENSSERVICESCLINICIANS","403","0","403","2026-08-31 07:21:23"
"healthix","ECWALK","402","0","402","2026-08-28 07:16:03"
"healthix","ECWMMDPC","401","0","401","2026-09-01 02:32:30"
"healthix","RICRSHX","395","0","395","2026-09-01 20:45:06"
"healthix","STB-TELEHEALTHOFFICE_STONYBROOK","390","0","390","2026-08-26 23:35:59"
"healthix","TAPPC","388","0","388","2026-05-16 00:11:32"
"healthix","SCFRNX","386","0","386","2026-09-01 16:15:55"
"healthix","ECWIMPED","380","0","380","2026-09-01 08:23:41"
"healthix","NESCNRX","379","0","379","2026-09-01 16:55:23"
"healthix","ECWUWSMA","378","0","378","2026-09-01 07:11:04"
"healthix","MHPM","374","0","374","2026-09-01 02:46:01"
"healthix","ECWATWA","373","0","373","2026-09-01 08:32:07"
"healthix","STB-PATCHOGUEPEDSPULMO_STONYBROOK.CHILDRENSSERVICESCLINICIANS","368","0","368","2026-08-22 04:41:57"
"healthix","BHCFX","367","0","367","2026-09-01 19:14:20"
"healthix","HOLCCX","363","0","363","2026-09-01 19:50:23"
"healthix","PASOX","361","0","361","2026-08-31 20:04:38"
"healthix","STB-BOHEMIAUROLOGY_STONYBROOK.UROLOGYCLINICIANS","360","0","360","2026-08-26 03:21:31"
"healthix","ELMP","358","0","358","2026-09-01 03:26:24"
"healthix","ECWDEBHC","358","0","358","2026-09-01 09:59:51"
"healthix","PCMH","354","0","354","2026-09-01 19:53:22"
"healthix","PAGO","350","0","350","2026-09-01 02:30:23"
"healthix","OZHALLX","348","0","348","2026-09-01 18:58:34"
"healthix","CENNRX","345","0","345","2026-09-01 21:56:36"
"healthix","DPRHX","343","0","343","2026-09-01 14:07:53"
"healthix","PHORNCCX","342","0","342","2026-09-01 15:43:39"
"healthix","DYPE","342","0","342","2026-08-17 03:07:29"
"healthix","SCRESTRCX","339","0","339","2026-09-01 23:38:35"
"healthix","SHMP","337","0","337","2026-09-01 12:06:51"
"healthix","STB-MORICHESPEDSGASTRO_STONYBROOK.CHILDRENSSERVICESCLINICIANS","337","0","337","2026-08-28 07:34:35"
"healthix","LMPNRCX","335","0","335","2026-09-01 18:04:15"
"healthix","CMCPLLC","335","0","335","2026-09-01 03:16:02"
"healthix","MTNRCX","333","0","333","2026-09-01 17:31:52"
"healthix","HHGOUX","330","0","330","2026-09-01 19:08:02"
"healthix","SHORVNRX","330","0","330","2026-09-01 23:58:22"
"healthix","CBNRCX","327","0","327","2026-09-01 21:44:01"
"healthix","ECWYVMPC","327","0","327","2026-09-01 05:19:08"
"healthix","ABLEY","326","0","326","2026-09-01 13:33:17"
"healthix","ECWWEZH","325","0","325","2026-08-31 02:41:23"
"healthix","AMMS","320","0","320","2026-09-01 11:35:50"
"healthix","FMUC","316","0","316","2026-09-01 10:21:06"
"healthix","STB-PATCHOGUEUROLOGY_STONYBROOK.UROLOGYCLINICIANS","314","0","314","2026-08-26 15:54:24"
"healthix","STB-ISLIPPEDSPULMONOLO_STONYBROOK.CHILDRENSSERVICESCLINICIANS","311","0","311","2026-08-30 07:20:57"
"healthix","SNRCPPCX","311","0","311","2026-09-01 20:13:42"
"healthix","BIRENCX","307","0","307","2026-08-31 19:01:44"
"healthix","BCCSX","307","0","307","2026-09-01 17:30:36"
"healthix","ABBOTTH","306","0","306","2026-05-18 18:20:00"
"healthix","STB-SETAUKETSURGORTHO_STONYBROOK.SURGICALCLINICIANS","306","0","306","2026-08-26 23:05:47"
"healthix","GPRRCX","301","0","301","2026-09-01 19:03:15"
"healthix","STB-PUTNAMHALLPEDS_STONYBROOK.CHILDRENSSERVICESCLINICIANS","301","0","301","2026-08-26 03:20:34"
"healthix","BRORRHCX","299","0","299","2026-09-01 18:11:32"
"healthix","NMAGCX","297","0","297","2026-09-01 22:05:00"
"healthix","STB-MORICHESPEDSPULMON_STONYBROOK.CHILDRENSSERVICESCLINICIANS","294","0","294","2026-07-02 04:51:08"
"healthix","GLHCX","293","0","293","2026-09-01 20:48:41"
"healthix","HHSEAX","293","0","293","2026-09-01 21:12:53"
"healthix","ASTORIA","290","0","290","2026-09-01 03:16:22"
"healthix","JHLCMX","288","0","288","2026-09-01 20:21:13"
"healthix","ECWEMCG","281","0","281","2026-09-01 08:31:40"
"healthix","CWPP","280","0","280","2026-08-29 02:05:24"
"healthix","ECWAGMDP","280","0","280","2026-09-01 07:58:28"
"healthix","EPORTCX","277","0","277","2026-09-01 11:47:47"
"healthix","HHMCKX","277","0","277","2026-09-01 19:38:55"
"healthix","HIGHCCX","275","0","275","2026-09-01 23:30:23"
"healthix","MANHQP","271","0","271","2026-08-30 03:06:11"
"healthix","MMUSSO","270","0","270","2026-09-01 10:16:51"
"healthix","ECWRPHC","267","0","267","2026-08-31 03:11:22"
"healthix","HPNRHIX","266","0","266","2026-09-01 17:17:04"
"healthix","STB-SURGYSCAN_STONYBROOK.SURGICALCLINICIANS","257","0","257","2026-08-31 06:18:54"
"healthix","WGJMD","257","0","257","2026-09-01 04:38:40"
"healthix","ECWCCMC","252","0","252","2026-09-01 05:09:33"
"healthix","STJRHCX","250","0","250","2026-09-01 17:22:06"
"healthix","MJSK","249","0","249","2026-05-17 00:34:47"
"healthix","INPP","246","0","246","2026-08-30 07:28:38"
"healthix","FAMD","246","0","246","2026-09-01 03:25:39"
"healthix","JEGMD","245","0","245","2026-09-01 09:56:25"
"healthix","FORDNRCX","245","0","245","2026-09-01 21:45:31"
"healthix","KDCNRHIX","245","0","245","2026-09-01 20:17:25"
"healthix","GFRNX","242","0","242","2026-09-01 18:58:58"
"healthix","BRCRHX","236","0","236","2026-09-01 18:23:59"
"healthix","TRIBCX","236","0","236","2026-09-01 20:04:53"
"healthix","ECWGLUM","235","0","235","2026-08-29 07:25:26"
"healthix","ECWJROMAN","235","0","235","2026-09-01 10:37:20"
"healthix","GOODWILL","229","0","229","2026-09-01 19:22:16"
"healthix","GRNGX","227","0","227","2026-09-01 18:15:54"
"healthix","BAMS","220","0","220","2026-09-01 09:27:55"
"healthix","KFP","220","0","220","2026-09-01 05:32:37"
"healthix","WRRNCX","220","0","220","2026-09-01 19:31:06"
"healthix","ECWZLMO","219","0","219","2026-08-31 04:31:15"
"healthix","ECWMHFHC","219","0","219","2026-08-12 09:45:10"
"healthix","GRSPX","212","0","212","2026-09-01 02:40:35"
"healthix","ECWPPPP","208","0","208","2026-09-01 05:44:27"
"healthix","STB-PATCHOGUEPEDSADOLE_STONYBROOK.CHILDRENSSERVICESCLINICIANS","208","0","208","2026-08-26 03:27:12"
"healthix","GVRNCX","208","0","208","2026-09-01 17:23:23"
"healthix","INRCX","207","0","207","2026-08-31 14:52:16"
"healthix","NCHC","207","0","207","2026-05-18 06:57:04"
"healthix","ECWNUMJ","203","0","203","2026-09-01 02:34:16"
"healthix","JLBM","201","0","201","2026-05-15 20:14:43"
"healthix","ROXU","199","0","199","2026-08-26 01:39:42"
"healthix","ECWSTAGESPC","197","0","197","2026-09-01 07:31:25"
"healthix","HHCOLX","195","0","195","2026-08-31 17:39:04"
"healthix","ECWQUENTM","194","0","194","2026-08-30 09:42:23"
"healthix","NYCMQ","192","0","192","2026-08-29 09:56:55"
"healthix","ECWCYMD","191","0","191","2026-08-31 08:34:18"
"healthix","OCRNX","188","0","188","2026-09-01 19:28:44"
"healthix","BUFNRCX","186","0","186","2026-09-01 01:07:32"
"healthix","ECWTOCP","185","0","185","2026-09-01 10:50:25"
"healthix","CBPNHX","185","0","185","2026-09-01 18:46:44"
"healthix","STB-STONY BROOK ORTHOPAEDIC ASSOCIATES","185","0","185","2026-08-27 01:18:38"
"healthix","COAR","183","0","183","2026-08-28 03:19:13"
"healthix","STB-SBUHSURGY-HEARTC_STONYBROOK.SURGICALCLINICIANS","182","0","182","2026-08-31 07:21:48"
"healthix","ECRNX","180","0","180","2026-09-01 17:21:26"
"healthix","CCFRNX","178","0","178","2026-09-01 16:31:23"
"healthix","SSRNCX","178","0","178","2026-09-01 23:12:47"
"healthix","STPHX","177","0","177","2026-08-31 12:36:33"
"healthix","MACEX","175","0","175","2026-09-01 20:58:25"
"healthix","CHCNRHIX","175","0","175","2026-09-01 21:04:52"
"healthix","NPRNX","173","0","173","2026-09-01 23:58:41"
"healthix","786M","173","0","173","2026-05-17 00:26:00"
"healthix","RWCS","171","0","171","2026-05-15 20:37:54"
"healthix","WOODHM","171","0","171","2026-05-17 00:40:28"
"healthix","MHLWI","171","0","171","2026-08-26 03:30:32"
"healthix","ECWTBMS","170","0","170","2026-09-01 03:01:28"
"healthix","LCNRHIX","169","0","169","2026-09-01 18:17:46"
"healthix","HAHP","169","0","169","2026-08-28 03:35:19"
"healthix","BCNRHIX","168","0","168","2026-09-01 21:32:17"
"healthix","MHANYC","167","0","167","2026-08-31 15:58:18"
"healthix","NCSNFX","167","0","167","2026-08-29 19:25:55"
"healthix","GORCC","166","0","166","2026-09-01 23:13:14"
"healthix","GCRNX","166","0","166","2026-09-01 16:31:13"
"healthix","FCRX","165","0","165","2026-09-01 22:22:43"
"healthix","CTCRNX","163","0","163","2026-09-01 17:56:45"
"healthix","ECWMAFR","162","0","162","2026-09-01 06:11:03"
"healthix","STB-SETAUKETGASTROENTER_STONYBROOK.INTERNISTSCLINICIANS","162","0","162","2026-08-30 06:17:28"
"healthix","ECWRPUR","161","0","161","2026-09-01 06:12:31"
"healthix","NRHCCX","161","0","161","2026-08-30 10:09:40"
"healthix","ECWWIHE","159","0","159","2026-09-01 10:49:23"
"healthix","TROYRNX","158","0","158","2026-09-01 16:46:35"
"healthix","WASHCX","157","0","157","2026-08-28 18:38:35"
"healthix","GONE","154","0","154","2026-05-18 03:01:16"
"healthix","CURCX","153","0","153","2026-09-01 15:59:57"
"healthix","CORNCX","152","0","152","2026-09-01 13:30:26"
"healthix","STB-SOUTHAMPTONVASCULAR_STONYBROOK.SURGICALCLINICIANS","145","0","145","2026-08-27 00:37:51"
"healthix","WEPJX","144","0","144","2026-08-31 19:56:24"
"healthix","STB-GREENPORTPSYCHIATRY_STONYBROOK.PSYCHIATRICCLINICIANS","143","0","143","2026-08-18 14:28:41"
"healthix","STB-MEDICINESCAN_STONYBROOK.INTERNISTSCLINICIANS","139","0","139","2026-08-31 06:18:46"
"healthix","NMRHCFX","138","0","138","2026-08-28 18:58:44"
"healthix","HCNRHIX","137","0","137","2026-09-01 21:00:51"
"healthix","VANG","136","0","136","2026-09-01 20:26:18"
"healthix","ECWGOME","133","0","133","2026-09-01 03:55:16"
"healthix","HHCARX","133","0","133","2026-09-01 00:47:01"
"healthix","CORTHX","131","0","131","2026-09-01 23:28:47"
"healthix","BUSRHCX","130","0","130","2026-09-01 23:37:24"
"healthix","STB-SBUHCARD_STONYBROOK.INTERNISTSCLINICIANS","129","0","129","2026-08-26 18:45:49"
"healthix","OCFRNX","128","0","128","2026-09-01 20:25:13"
"healthix","DHBM","126","0","126","2026-09-01 20:37:53"
"healthix","CKCH","126","0","126","2026-09-01 06:49:34"
"healthix","MAEH","122","0","122","2026-05-15 23:22:06"
"healthix","STB-UFPC_STONY BROOK INTERNISTS","121","0","121","2026-08-07 16:40:26"
"healthix","MTARIQ","120","0","120","2026-05-17 00:40:35"
"healthix","RSNRX","113","0","113","2026-09-01 19:32:46"
"healthix","ECWOLA","112","0","112","2026-09-01 08:20:06"
"healthix","ONTACX","111","0","111","2026-09-01 23:40:05"
"healthix","AAPM","108","0","108","2026-08-19 11:16:52"
"healthix","STB-HAMPTONBAYSSURGY_STONYBROOK.SURGICALCLINICIANS","108","0","108","2026-08-26 03:33:21"
"healthix","CNRHX","107","0","107","2026-08-30 17:18:36"
"healthix","WARRCX","107","0","107","2026-09-01 16:05:14"
"healthix","HISP","104","0","104","2026-09-01 04:02:09"
"healthix","SADO","100","0","100","2026-05-15 21:32:17"
"healthix","HOPECX","99","0","99","2026-09-01 21:19:12"
"healthix","STEUCX","99","0","99","2026-09-01 20:58:30"
"healthix","NASMED","98","0","98","2026-05-17 00:38:43"
"healthix","HPRNPCCX","98","0","98","2026-09-01 00:04:00"
"healthix","SVRNX","95","0","95","2026-08-31 14:38:50"
"healthix","RYMDPC","94","0","94","2026-05-18 19:57:06"
"healthix","ESSECX","88","0","88","2026-08-28 01:12:11"
"healthix","DBAEZ","88","0","88","2026-09-01 08:23:20"
"healthix","STB-TELEHEALTHSTROKEUNIT_STONYBROOK.UNIVERSITYHOSPITALCLINICIANS","88","0","88","2026-09-01 08:22:16"
"healthix","TERGO","87","0","87","2026-08-30 04:02:10"
"healthix","ECWJLTE","86","0","86","2026-09-01 02:49:02"
"healthix","ARAC","86","0","86","2026-05-17 00:29:38"
"healthix","STB-FAMILYMEDICINESCAN_STONYBROOK.FAMPREVMEDICINECLINICIANS","86","0","86","2026-08-30 06:17:31"
"healthix","WMINHX","85","0","85","2026-08-31 19:53:18"
"healthix","EMMD","83","0","83","2026-05-18 19:46:38"
"healthix","ARSM","83","0","83","2026-09-01 03:37:32"
"healthix","SIPA","82","0","82","2026-08-07 03:21:49"
"healthix","EPEEKRNX","74","0","74","2026-08-31 21:34:40"
"healthix","FRANHX","71","0","71","2026-09-01 12:41:55"
"healthix","JOTH","68","0","68","2026-05-16 00:14:34"
"healthix","ECWSARO","61","0","61","2026-08-27 14:05:16"
"healthix","ECWLSSNY","58","0","58","2026-09-01 10:13:32"
"healthix","HEIPED","57","0","57","2026-08-28 03:23:47"
"healthix","STB-STONY BROOK PSYCHIATRIC ASSOCIATES UFPC","57","0","57","2026-08-22 06:58:57"
"healthix","IPANY","53","0","53","2026-08-28 03:26:55"
"healthix","MYLT","52","0","52","2026-08-30 09:09:09"
"healthix","UNHX","51","0","51","2026-08-28 13:14:32"
"healthix","IRISH","48","0","48","2026-08-31 18:10:33"
"healthix","ECWDRSKM","47","0","47","2026-09-01 07:10:07"
"healthix","AHPHYS","45","0","45","2026-08-27 05:03:19"
"healthix","DOVEPS","43","0","43","2026-08-27 04:37:53"
"healthix","ECWQMPS","42","0","42","2026-09-01 07:44:49"
"healthix","STB-HSCPSYCHIATRY_STONYBROOK.PSYCHIATRICCLINICIANS","42","0","42","2026-08-22 06:42:18"
"healthix","STB-PEDSSCAN_STONYBROOK.CHILDRENSSERVICESCLINICIANS","42","0","42","2026-08-31 06:18:59"
"healthix","BBCS","41","0","41","2026-09-01 16:29:11"
"healthix","STB-SETAUKETSURGERYWPHC(140BM)_STONYBROOK.SURGICALCLINICIANS","41","0","41","2026-08-26 16:11:17"
"healthix","GPCE","40","0","40","2026-08-27 13:53:40"
"healthix","ECWDRTPEDS","36","0","36","2026-09-01 03:07:47"
"healthix","ECWEGGP","36","0","36","2026-08-27 11:07:32"
"healthix","ECWKEPE","36","0","36","2026-09-01 10:37:21"
"healthix","STB-STONYBROOKSURGYPA_STONYBROOK.SURGICALCLINICIANS","33","0","33","2026-08-26 09:19:31"
"healthix","STB-NEUROLOGY ASSOCIATES OF STONY BROOK UFPC_SBUH","31","0","31","2026-08-10 12:25:28"
"healthix","ECWFRBA","29","0","29","2026-08-26 06:22:07"
"healthix","LLZENG","29","0","29","2026-09-01 03:42:40"
"healthix","ECWHLMC","28","0","28","2026-08-28 02:57:36"
"healthix","NCALPX","25","0","25","2026-09-01 15:22:23"
"healthix","RPMP","25","0","25","2026-09-01 03:25:51"
"healthix","BADCX","25","0","25","2026-09-01 13:26:26"
"healthix","STB-SOUTHAMPTONSURGY_STONYBROOK.SURGICALCLINICIANS","24","0","24","2026-08-18 12:36:28"
"healthix","STB-WTCCOMMACKSCAN_STONYBROOK.INTERNISTSCLINICIANS","23","0","23","2026-07-21 05:53:43"
"healthix","STB-PREVENTIVEMEDICINE_STONYBROOK.FAMPREVMEDICINECLINICIANS","22","0","22","2026-07-21 06:04:13"
"healthix","DSINGH","20","0","20","2026-08-28 07:51:37"
"healthix","UAMP","19","0","19","2026-09-01 03:26:01"
"healthix","ECWHMC","18","0","18","2026-08-26 01:50:10"
"healthix","ECWCOVENANT","18","0","18","2026-09-01 03:01:27"
"healthix","ECWSPDOMINGO","16","0","16","2026-08-30 02:49:07"
"healthix","UNPE","15","0","15","2026-08-16 03:07:21"
"healthix","MADCX","15","0","15","2026-08-22 08:34:28"
"healthix","ANLPC","15","0","15","2026-08-26 01:43:34"
"healthix","STB-SETAUKETCARD-HALI_STONYBROOK.INTERNISTSCLINICIANS","14","0","14","2026-08-18 12:25:38"
"healthix","HAMPEDS","14","0","14","2026-08-29 23:03:27"
"healthix","CNHI","12","0","12","2026-05-18 06:24:01"
"healthix","MRSC","11","0","11","2026-05-14 15:40:55"
"healthix","SAPPCR","11","0","11","2026-05-17 05:37:06"
"healthix","ECWJHPMD","10","0","10","2026-08-08 04:41:24"
"healthix","AWALFI","10","0","10","2026-08-26 19:40:20"
"healthix","ECWHBELLUTTA","10","0","10","2026-08-27 07:51:47"
"healthix","MYTAB","9","0","9","2026-07-22 03:11:57"
"healthix","DHNH","9","0","9","2026-05-15 17:47:26"
"healthix","DALMDP","9","0","9","2026-08-28 08:11:27"
"healthix","FVC","8","0","8","2026-05-18 14:12:43"
"healthix","STB-UROLOGYSCAN_STONYBROOK.UROLOGYCLINICIANS","8","0","8","2026-08-01 07:47:01"
"healthix","LNH","8","0","8","2026-05-16 04:40:05"
"healthix","SYTM","8","0","8","2026-08-30 08:28:29"
"healthix","STB-RADIATIONONCSCAN_STONYBROOK.RADIATIONONCOLOGYCLINICIANS","8","0","8","2026-08-26 03:06:00"
"healthix","ECWJGYM","7","0","7","2026-08-28 03:55:05"
"healthix","STB-STONYBROOKIMAGING_STONYBROOK.RADIATIONONCOLOGYCLINICIANS","7","0","7","2026-08-09 00:29:23"
"healthix","ECWLIMCS","6","0","6","2026-08-25 23:10:05"
"healthix","COMMACC","6","0","6","2026-07-21 20:56:07"
"healthix","ECWJEQM","5","0","5","2026-06-29 13:30:49"
"healthix","ECWNYMHPC","5","0","5","2026-08-27 08:57:22"
"healthix","LOMD","3","0","3","2026-08-10 02:50:05"
"healthix","CBPFM","3","0","3","2026-08-20 03:20:48"
"healthix","SAPPMH","3","0","3","2026-05-13 23:47:14"
"healthix","ECWCHMPC","3","0","3","2026-08-31 03:18:02"
"healthix","STB-ORTHOPEDICSSCAN_STONYBROOK.ORTHOPAEDICCLINICIANS","3","0","3","2026-07-30 06:25:35"
"healthix","NAMD","3","0","3","2026-08-27 11:09:59"
"healthix","STB-SETAUKETENDO_STONYBROOK.INTERNISTSCLINICIANS","3","0","3","2026-08-04 06:34:59"
"healthix","AXPC","2","0","2","2026-08-12 05:10:35"
"healthix","STB-WTCMINEOLASCAN_STONYBROOK.INTERNISTSCLINICIANS","2","0","2","2026-07-15 06:25:45"
"healthix","STB-DERMSCAN_STONYBROOK.DERMATOLOGYCLINICIANS","2","0","2","2026-05-04 06:20:59"
"healthix","RGMG","2","0","2","2026-08-26 05:32:21"
"healthix","STB-SETAUKETSURG(37RW)_STONYBROOK.SURGICALCLINICIANS","2","0","2","2026-07-09 14:12:54"
"healthix","WIPED","2","0","2","2026-08-27 05:13:25"
"healthix","JYADEG","2","0","2","2026-07-01 02:46:36"
"healthix","ECWHSHUKLA","1","0","1","2026-08-26 10:56:04"
"healthix","ECWMBEITY","1","0","1","2026-06-27 05:37:47"
"healthix","STB-STONYBROOKROADRADIOLOGY_STONYBROOK.RADIATIONONCOLOGYCLINICIANS","1","0","1","2026-08-14 02:22:29"
"healthix","SCREN","1","0","1","2026-08-06 03:00:16"
"healthix","SY","0","25872","25872","2026-09-01 23:34:14"
"healthix","ME","0","614640","614640","2026-09-01 23:58:33"
"healthix","SFPA","0","7828","7828","2026-09-01 20:54:08"
"healthix","G","0","126012","126012","2026-09-01 23:59:44"
"healthix","QU","0","925764","925764","2026-09-01 23:59:16"
"healthix","CU","0","81498","81498","2026-09-01 23:41:38"
"healthix","CHSVP","0","2","2","2026-06-26 13:49:31"
"healthix","PG","0","1","1","2026-06-29 08:46:12"
"healthix","YSLS","0","157","157","2026-09-01 00:09:38"
"healthix","FPG","0","82","82","2026-08-14 11:41:12"
"healthix","GMLP","0","21","21","2026-08-26 01:41:25"
"healthix","OBHS","0","1534415","1534415","2026-09-01 23:59:59"
"healthix","CHSVL","0","1424","1424","2026-09-01 23:27:06"
"healthix","SB","0","876044","876044","2026-09-01 23:59:16"
"healthix","MO","0","53522","53522","2026-09-01 23:22:09"
"healthix","APATEL","0","4286","4286","2026-09-01 21:15:05"
"healthix","LI","0","1138663","1138663","2026-09-01 23:59:52"
"healthix","SCM","0","12028","12028","2026-09-01 23:31:26"
"healthix","JA","0","1317504","1317504","2026-09-01 23:59:52"
"healthix","SCSML","0","3","3","2026-07-05 18:45:43"
"healthix","SLFM","0","1065","1065","2026-08-31 19:41:37"
"healthix","C","0","162516","162516","2026-09-01 17:57:16"
"healthix","EMR_8B7E2521-3335-4B5B-ADEF-AEAC60905142","0","4843","4843","2026-09-01 18:23:44"
"healthix","SPS","0","43769","43769","2026-09-01 21:53:47"
"healthix","KC","0","1347268","1347268","2026-09-01 23:59:11"
"healthix","SFHOA","0","39788","39788","2026-09-01 23:49:46"
"healthix","M","0","82263","82263","2026-09-01 23:55:05"
"healthix","HC","0","125219","125219","2026-09-01 23:55:31"
"healthix","CHHA","0","68","68","2026-08-31 15:18:32"
"healthix","HA","0","668891","668891","2026-09-01 23:59:05"
"healthix","ARM","0","1366","1366","2026-09-01 21:05:30"
"healthix","BBALO","0","5288","5288","2026-09-01 21:39:18"
"healthix","NO","0","313","313","2026-07-12 16:59:42"
"healthix","J","0","18702","18702","2026-09-01 23:42:21"
"healthix","S","0","19212","19212","2026-09-01 23:16:58"
"healthix","R","0","74290","74290","2026-09-01 23:56:21"
"healthix","BV","0","30440","30440","2026-09-01 21:52:21"
"healthix","WO","0","835067","835067","2026-09-01 23:59:58"
"healthix","SFCAR","0","838","838","2026-09-01 03:07:42"
"healthix","BE","0","1687676","1687676","2026-09-01 23:59:56"
"healthix","IPMC","0","20968","20968","2026-09-01 22:34:24"
"healthix","EL","0","1464777","1464777","2026-09-01 23:59:31"
"healthix","GSPC","0","692","692","2026-09-01 19:34:54"
"healthix","SFHCP","0","927","927","2026-09-01 19:20:52"
"healthix","GSHPH","0","1018","1018","2026-09-01 21:54:47"
"healthix","SAHMA","0","2959","2959","2026-09-01 21:21:15"
"healthix","EY","0","72428","72428","2026-09-01 23:55:52"
"healthix","SFCP","0","1155447","1155447","2026-09-01 23:59:26"
"healthix","DEL","0","22253","22253","2026-07-16 13:56:37"
"healthix","CHCHC","0","14","14","2026-08-28 23:01:52"
"healthix","F","0","235489","235489","2026-09-01 23:50:24"
"healthix","SWS","0","167539","167539","2026-09-01 23:48:00"
"healthix","PHYC","0","4","4","2026-07-03 00:43:30"
"healthix","GV","0","106399","106399","2026-09-01 23:47:06"
"hixny","CCPDOC","925361","0","925361","2026-09-01 23:58:25"
"hixny","RRHRHSOUT","506314","0","506314","2026-09-01 23:59:39"
"hixny","1336193838","472338","0","472338","2026-09-01 23:59:59"
"hixny","SPHPSJHDOC","446489","0","446489","2026-09-01 23:59:47"
"hixny","MIBDOC","416634","0","416634","2026-09-01 23:57:04"
"hixny","SPHPMONITORDOC","401605","0","401605","2026-09-01 23:58:50"
"hixny","CITIADVOC","352544","0","352544","2026-09-01 23:46:47"
"hixny","RRHMONITORDOC","337369","0","337369","2026-09-01 23:59:21"
"hixny","4965","308249","0","308249","2026-09-01 07:34:37"
"hixny","BHSN","287056","0","287056","2026-09-01 23:59:47"
"hixny","ALBANYENT","245991","0","245991","2026-09-01 23:57:10"
"hixny","RRHRHSDOC","242769","0","242769","2026-09-01 23:59:10"
"hixny","HHHN","229542","0","229542","2026-09-01 23:58:28"
"hixny","28317","186790","0","186790","2026-09-01 23:35:21"
"hixny","ORTHONY","171957","0","171957","2026-09-01 23:51:25"
"hixny","7343","166988","0","166988","2026-09-01 08:18:04"
"hixny","1851326326","164761","0","164761","2026-09-01 23:55:38"
"hixny","RRHUHSOUT","163036","0","163036","2026-09-01 23:53:46"
"hixny","2904","162954","0","162954","2026-09-01 19:06:52"
"hixny","ALLIED","125412","0","125412","2026-09-01 23:57:50"
"hixny","11488","116476","0","116476","2026-09-01 18:01:53"
"hixny","1316055940","111955","0","111955","2026-09-01 23:59:32"
"hixny","NRFS","101979","0","101979","2026-09-01 23:58:19"
"hixny","WMCDOC","94535","0","94535","2026-09-01 10:27:04"
"hixny","WMCBSMGPCP","88812","0","88812","2026-09-01 10:27:03"
"hixny","TCHOSCRDOC","88587","0","88587","2026-09-01 23:55:33"
"hixny","ESCRDPCLDOC","88199","0","88199","2026-09-01 23:54:59"
"hixny","EVNRAHCTDOC","87821","0","87821","2026-09-01 23:56:01"
"hixny","PAPLMEDPEDDOC","87619","0","87619","2026-09-01 23:58:44"
"hixny","AMHSAMCHDOC","87317","0","87317","2026-09-01 23:54:18"
"hixny","CVPHEDDOC","79372","0","79372","2026-09-01 23:52:14"
"hixny","GFHAMHSDOC","78548","0","78548","2026-09-01 23:48:42"
"hixny","RRHCPHDOC","69943","0","69943","2026-09-01 23:53:00"
"hixny","SHAMHSDOC","67498","0","67498","2026-09-01 23:57:50"
"hixny","ELLSDOC","67487","0","67487","2026-09-01 07:58:46"
"hixny","CAPCARD1","66714","0","66714","2026-09-01 06:40:02"
"hixny","1154428431","55743","0","55743","2026-09-01 19:22:04"
"hixny","1427002419","55350","0","55350","2026-08-07 12:39:48"
"hixny","STPLDOC","53245","0","53245","2026-09-01 23:55:04"
"hixny","3162","51248","0","51248","2026-09-01 12:40:18"
"hixny","SHEMERG","50672","0","50672","2026-09-01 23:54:00"
"hixny","PAPLDIABENDDOC","50124","0","50124","2026-09-01 23:59:23"
"hixny","PAPLALBCARDDOC","47129","0","47129","2026-09-01 23:39:43"
"hixny","SPSCACARDOC","44708","0","44708","2026-09-01 23:53:51"
"hixny","WMCBSMGGSHDOC","44679","0","44679","2026-09-01 10:27:05"
"hixny","4965OMH","44515","0","44515","2026-09-01 07:34:39"
"hixny","PAPLDOC","44338","0","44338","2026-09-01 23:59:29"
"hixny","SRPLDOC","43594","0","43594","2026-09-01 23:59:04"
"hixny","1184634297","41970","0","41970","2026-09-01 22:20:42"
"hixny","WMCAPSWHVADOC","41162","0","41162","2026-09-01 10:25:08"
"hixny","CRFHCDOC","41147","0","41147","2026-09-01 23:54:45"
"hixny","AMHSMONITORDOC","41049","0","41049","2026-09-01 23:55:49"
"hixny","SHPCP","40994","0","40994","2026-09-01 23:43:24"
"hixny","SPHPSPARCDOC","40384","0","40384","2026-09-01 23:50:38"
"hixny","RRHUHSDOC","39995","0","39995","2026-09-01 23:59:52"
"hixny","1598720369","37976","0","37976","2026-09-01 23:01:06"
"hixny","1518107069","37282","0","37282","2026-09-01 23:13:59"
"hixny","SJATR","37028","0","37028","2026-09-01 23:57:20"
"hixny","CMHAMHSDOC","36716","0","36716","2026-09-01 23:58:28"
"hixny","CMHFM","36332","0","36332","2026-09-01 23:51:05"
"hixny","RRHUMMCDOC","36310","0","36310","2026-09-01 23:58:17"
"hixny","CPFAMPRACDOC","36115","0","36115","2026-09-01 23:52:47"
"hixny","AMHSAEMURG","35542","0","35542","2026-09-01 23:55:56"
"hixny","AMHSSCCDOC","34905","0","34905","2026-09-01 23:13:49"
"hixny","SPIMAMEDDOC","33802","0","33802","2026-09-01 23:58:31"
"hixny","SMHADOC","33393","0","33393","2026-09-01 23:57:26"
"hixny","WMCAPSENTARDOC","32689","0","32689","2026-09-01 10:24:17"
"hixny","SPALINTERNALDOC","32091","0","32091","2026-09-01 23:52:41"
"hixny","1255360046","31248","0","31248","2026-09-01 23:46:50"
"hixny","1750307039","30752","0","30752","2026-09-01 23:34:22"
"hixny","NLIDOC","30147","0","30147","2026-09-01 23:58:45"
"hixny","GFHHAO","30024","0","30024","2026-09-01 23:59:03"
"hixny","RRHMHDOC","29674","0","29674","2026-09-01 23:49:17"
"hixny","9344","29017","0","29017","2026-09-01 19:11:03"
"hixny","RRHNWHDOC","28696","0","28696","2026-09-01 23:51:57"
"hixny","STPLMASSRYDOC","28194","0","28194","2026-09-01 23:44:33"
"hixny","WMCAPSIMHADOC","27895","0","27895","2026-09-01 10:24:22"
"hixny","1245309434","27844","0","27844","2026-09-01 21:02:26"
"hixny","SARATOGFAMDOC","27437","0","27437","2026-09-01 23:56:00"
"hixny","1851341580","27430","0","27430","2026-09-01 22:44:03"
"hixny","RRHCSHDOC","27411","0","27411","2026-09-01 23:48:36"
"hixny","CAPURODOC","27317","0","27317","2026-09-01 23:26:30"
"hixny","PAPLSPINEDOC","26741","0","26741","2026-09-01 23:51:56"
"hixny","SPWABMEDFAMDOC","26374","0","26374","2026-09-01 23:55:25"
"hixny","SPRSBIMVALDOC","26320","0","26320","2026-09-01 23:59:10"
"hixny","1073796967","25877","0","25877","2026-09-01 23:55:28"
"hixny","1285667634","25141","0","25141","2026-09-01 23:40:09"
"hixny","WMCAPSOBSUDOC","24862","0","24862","2026-09-01 10:23:52"
"hixny","WMCMHRHDOC","24825","0","24825","2026-09-01 10:26:54"
"hixny","SPPDBPULCCSDOC","24522","0","24522","2026-09-01 23:55:59"
"hixny","AHMCEDDOC","24410","0","24410","2026-09-01 23:57:45"
"hixny","WMCAPSORTHADOC","24232","0","24232","2026-09-01 10:23:59"
"hixny","RRHUMMCOUT","23977","0","23977","2026-09-01 23:34:52"
"hixny","HECUMU","23797","0","23797","2026-08-27 13:00:54"
"hixny","ESCLTPCLDOC","23574","0","23574","2026-09-01 23:58:26"
"hixny","SPSWCWELLDOC","22870","0","22870","2026-09-01 23:26:24"
"hixny","SETONREHABCPDOC","22780","0","22780","2026-09-01 23:51:12"
"hixny","WMCMONITORDOC","22762","0","22762","2026-09-01 10:25:20"
"hixny","1396856530","22494","0","22494","2026-09-01 23:43:46"
"hixny","ELLENVILLEDOC","21663","0","21663","2026-09-01 23:52:01"
"hixny","SPTWBLABDSDOC","21630","0","21630","2026-09-01 23:46:39"
"hixny","CRHC","21574","0","21574","2026-09-01 23:33:41"
"hixny","GFHFM","21525","0","21525","2026-09-01 23:59:18"
"hixny","AMALDOC","21443","0","21443","2026-09-01 23:59:01"
"hixny","1487600326","21118","0","21118","2026-09-01 22:24:35"
"hixny","1558192211","21097","0","21097","2026-09-01 23:27:32"
"hixny","PAPLSLEEPDOC","20870","0","20870","2026-09-01 23:58:50"
"hixny","WYMNY","20858","0","20858","2026-09-01 23:35:08"
"hixny","HECG","20694","0","20694","2026-08-25 04:28:30"
"hixny","TROYMEDDOC","20491","0","20491","2026-09-01 23:54:52"
"hixny","WMCAPSFAMKIDOC","20437","0","20437","2026-09-01 10:23:21"
"hixny","1659865962","20036","0","20036","2026-09-01 20:37:51"
"hixny","SPBPMBRMEDDOC","19922","0","19922","2026-09-01 23:52:32"
"hixny","1518136001","19662","0","19662","2026-09-01 23:03:35"
"hixny","1487662227","19493","0","19493","2026-09-01 23:35:04"
"hixny","RENSCO","19339","0","19339","2026-09-01 23:59:55"
"hixny","SPCCTMEDONCDOC","18321","0","18321","2026-09-01 23:52:42"
"hixny","1801983788","18311","0","18311","2026-09-01 22:30:11"
"hixny","SPWABMEDPEDDOC","18259","0","18259","2026-09-01 22:32:17"
"hixny","SPSRBMSHACDOC","18173","0","18173","2026-09-01 23:43:28"
"hixny","SPHPFAMMEDDOC","17825","0","17825","2026-08-31 23:40:23"
"hixny","PAPLFHCDOC","17795","0","17795","2026-09-01 22:39:55"
"hixny","SPIMALABDSDOC","17697","0","17697","2026-09-01 23:46:17"
"hixny","WMCBSMGMCAR","17692","0","17692","2026-09-01 10:23:47"
"hixny","SPCSBPRIMEDOC","17657","0","17657","2026-09-01 23:24:19"
"hixny","AMHSAEND","17632","0","17632","2026-09-01 23:41:22"
"hixny","NLIMONITOR","17602","0","17602","2026-09-01 22:14:50"
"hixny","SPBABURODOC","17594","0","17594","2026-09-01 23:55:30"
"hixny","PAPLLABDOC","17567","0","17567","2026-09-01 23:48:35"
"hixny","SPCPMDIAENDDOC","17371","0","17371","2026-09-01 23:57:30"
"hixny","1982703070","17150","0","17150","2026-09-01 22:49:16"
"hixny","SNTRRLABDSDOC","17147","0","17147","2026-09-01 23:46:30"
"hixny","1528070232","17136","0","17136","2026-09-01 23:39:51"
"hixny","HECUHS","17121","0","17121","2026-08-26 04:00:17"
"hixny","1932293651","16931","0","16931","2026-09-01 22:28:38"
"hixny","1336156223","16669","0","16669","2026-09-01 22:03:32"
"hixny","SPTIMTRMEDDOC","16456","0","16456","2026-09-01 23:34:45"
"hixny","SPCRUURODOC","16292","0","16292","2026-09-01 22:54:06"
"hixny","1902816473","16168","0","16168","2026-09-01 23:51:03"
"hixny","RRHNWHOUT","16083","0","16083","2026-09-01 23:53:15"
"hixny","RRHCSHOUT","15986","0","15986","2026-09-01 22:54:47"
"hixny","1205934148","15954","0","15954","2026-09-01 22:42:48"
"hixny","SPMOBCOLRECDOC","15926","0","15926","2026-09-01 20:46:30"
"hixny","CPMGURGENT","15855","0","15855","2026-09-01 23:50:38"
"hixny","1457395279","15801","0","15801","2026-09-01 22:09:08"
"hixny","DCI","15724","0","15724","2026-09-01 05:03:54"
"hixny","ELLSMCCP","15709","0","15709","2026-09-01 07:57:27"
"hixny","AMHSABH","15687","0","15687","2026-09-01 23:40:46"
"hixny","1578577417","15675","0","15675","2026-09-01 22:43:09"
"hixny","AHIHH","15512","0","15512","2026-09-01 23:55:50"
"hixny","SPBABMIDWIFDOC","15500","0","15500","2026-09-01 23:46:48"
"hixny","SPEPBLABDSDOC","15401","0","15401","2026-09-01 23:46:44"
"hixny","WMCBSSACHDOC","14853","0","14853","2026-09-01 10:26:58"
"hixny","SHURG","14528","0","14528","2026-09-01 23:42:13"
"hixny","AMHSAOTO","14525","0","14525","2026-09-01 22:20:00"
"hixny","1801969043","14505","0","14505","2026-09-01 21:40:04"
"hixny","PAPLURGTOGADOC","14042","0","14042","2026-09-01 23:30:07"
"hixny","SRPLCARMANDOC","13867","0","13867","2026-09-01 23:43:36"
"hixny","WMCBSCHDOC","13848","0","13848","2026-09-01 10:26:19"
"hixny","SNTSPSPROSDOC","13838","0","13838","2026-09-01 20:34:27"
"hixny","1932279049","13722","0","13722","2026-09-01 23:57:54"
"hixny","AMALWNDCRODOC","13599","0","13599","2026-09-01 21:37:03"
"hixny","PAPLPCCSDOC","13592","0","13592","2026-09-01 22:47:01"
"hixny","WMCAPSGVADOC","13451","0","13451","2026-09-01 10:22:58"
"hixny","1942218268","13311","0","13311","2026-09-01 23:48:59"
"hixny","RRHUHSMH","13275","0","13275","2026-09-01 22:55:07"
"hixny","ELLSSSMHC","13242","0","13242","2026-09-01 07:50:49"
"hixny","1407898745","13172","0","13172","2026-09-01 22:04:55"
"hixny","SPVABFAMDOC","12955","0","12955","2026-09-01 23:54:32"
"hixny","1043861974","12843","0","12843","2026-09-01 21:40:08"
"hixny","1407937485","12667","0","12667","2026-09-01 22:55:24"
"hixny","EGBREHABDOC","12561","0","12561","2026-09-01 23:46:44"
"hixny","RRHGHDOC","12446","0","12446","2026-09-01 23:45:38"
"hixny","1477589901","12366","0","12366","2026-09-01 21:04:57"
"hixny","WMCBSMGURO","12206","0","12206","2026-09-01 10:24:08"
"hixny","AMHSAOBONC","12177","0","12177","2026-09-01 23:17:21"
"hixny","STPLCFCDOC","12137","0","12137","2026-09-01 23:52:57"
"hixny","SPSMLABDOC","12101","0","12101","2026-09-01 23:43:45"
"hixny","HECEAA","11998","0","11998","2026-08-25 04:57:54"
"hixny","WMCBSMGCARD","11941","0","11941","2026-09-01 10:26:33"
"hixny","1982674917","11919","0","11919","2026-09-01 23:01:37"
"hixny","1821164096","11905","0","11905","2026-09-01 22:00:06"
"hixny","SPNEUNEUDOC","11699","0","11699","2026-09-01 22:26:45"
"hixny","AMHSANEU","11510","0","11510","2026-09-01 23:49:41"
"hixny","1235183294","11491","0","11491","2026-09-01 21:31:58"
"hixny","HEL","11254","0","11254","2026-05-28 12:35:43"
"hixny","SPWABMEDDOC","11107","0","11107","2026-09-01 22:58:06"
"hixny","ELLSFHC","11059","0","11059","2026-09-01 07:50:38"
"hixny","SPMGPPCMLTDOC","11003","0","11003","2026-09-01 23:54:25"
"hixny","SHPUL","10953","0","10953","2026-09-01 21:34:52"
"hixny","CPMGORTSPT","10884","0","10884","2026-09-01 23:06:25"
"hixny","1013042084","10720","0","10720","2026-09-01 22:22:13"
"hixny","SNMEDMEDDOC","10631","0","10631","2026-09-01 03:35:08"
"hixny","HECMVHS","10512","0","10512","2026-08-25 04:00:27"
"hixny","5355","10495","0","10495","2026-09-01 08:18:05"
"hixny","1689713067","10475","0","10475","2026-09-01 21:56:01"
"hixny","HECCFHKFP","10381","0","10381","2026-08-25 06:56:17"
"hixny","SPWABFAMDOC","10355","0","10355","2026-09-01 23:54:46"
"hixny","ELLSBWC","10319","0","10319","2026-09-01 07:57:31"
"hixny","WMCAPSNEUHADOC","10288","0","10288","2026-09-01 10:24:04"
"hixny","1003861782","10196","0","10196","2026-09-01 23:08:12"
"hixny","AMHSANSR","10110","0","10110","2026-09-01 22:52:23"
"hixny","CMHRAPID","9928","0","9928","2026-09-01 23:47:02"
"hixny","SPEVNHVPTHMDOC","9916","0","9916","2026-09-01 23:29:52"
"hixny","AMALANTICGDOC","9779","0","9779","2026-09-01 23:45:39"
"hixny","1730122359","9694","0","9694","2026-09-01 20:47:13"
"hixny","ELLSPEDC","9667","0","9667","2026-09-01 07:50:36"
"hixny","SHCPFFMCPDOC","9578","0","9578","2026-09-01 22:09:29"
"hixny","WMCAPSPULKIDOC","9518","0","9518","2026-09-01 10:25:48"
"hixny","SCMHC","9508","0","9508","2026-09-01 22:38:30"
"hixny","RIV","9494","0","9494","2026-09-01 22:20:27"
"hixny","ECHOPEDDOC","9481","0","9481","2026-09-01 23:17:56"
"hixny","SPINMMEDDOC","9435","0","9435","2026-08-31 00:07:10"
"hixny","STPLCARDDOC","9305","0","9305","2026-09-01 19:58:37"
"hixny","WMCAPSTRPVADOC","9068","0","9068","2026-09-01 10:17:01"
"hixny","HECAMP","9061","0","9061","2026-08-25 07:33:17"
"hixny","1386730752","9052","0","9052","2026-09-01 23:08:12"
"hixny","AMALLABDOC","9013","0","9013","2026-09-01 23:45:29"
"hixny","1396959110","8894","0","8894","2026-09-01 21:59:24"
"hixny","SPVAALBDOC","8865","0","8865","2026-09-01 23:51:59"
"hixny","AMHSAVAS","8610","0","8610","2026-09-01 23:58:55"
"hixny","ADIRMEDDOC","8577","0","8577","2026-09-01 23:48:06"
"hixny","SPNHAVASDOC","8566","0","8566","2026-09-01 21:54:32"
"hixny","SPHRBBARIATDOC","8561","0","8561","2026-09-01 22:20:51"
"hixny","SNOCPOBGYNDOC","8485","0","8485","2026-09-01 03:38:51"
"hixny","SPMOBHPSURDOC","8427","0","8427","2026-09-01 21:50:19"
"hixny","AMHSAPED","8335","0","8335","2026-09-01 23:47:49"
"hixny","AMALCARREHDOC","8166","0","8166","2026-09-01 20:01:48"
"hixny","SPPHYSREHABDOC","8159","0","8159","2026-09-01 22:46:54"
"hixny","1821257320","8158","0","8158","2026-09-01 23:20:34"
"hixny","CMHBONE","8087","0","8087","2026-09-01 22:36:45"
"hixny","1912981002","8084","0","8084","2026-09-01 20:35:55"
"hixny","1306032545","8073","0","8073","2026-09-01 17:59:45"
"hixny","WMCAPSHOHADOC","8071","0","8071","2026-09-01 10:23:35"
"hixny","STPLOBGYNTDOC","8056","0","8056","2026-09-01 13:48:27"
"hixny","WMCAPSENDHADOC","8036","0","8036","2026-09-01 10:27:07"
"hixny","WMCBSMGNEUR","7930","0","7930","2026-09-01 10:26:49"
"hixny","SPRHCHLTHCDOC","7887","0","7887","2026-09-01 23:58:13"
"hixny","SPMOBBARIATDOC","7865","0","7865","2026-09-01 22:20:36"
"hixny","ACCA","7862","0","7862","2026-09-01 20:23:12"
"hixny","SHENDO","7734","0","7734","2026-09-01 22:27:23"
"hixny","1770922130","7704","0","7704","2026-09-01 22:52:35"
"hixny","PAPLWFHCDOC","7667","0","7667","2026-08-31 20:45:46"
"hixny","WMCAPSOPHHADOC","7599","0","7599","2026-09-01 10:25:03"
"hixny","AMHSACAR","7595","0","7595","2026-09-01 22:18:00"
"hixny","WMCAPSVASVADOC","7543","0","7543","2026-09-01 10:14:14"
"hixny","GFHCARD","7453","0","7453","2026-09-01 23:49:19"
"hixny","ECHTIOPEDDOC","7403","0","7403","2026-09-01 23:05:26"
"hixny","CVPHFAMMEDDOC","7392","0","7392","2026-09-01 22:38:11"
"hixny","CPMGPCP","7299","0","7299","2026-09-01 23:31:01"
"hixny","CCDHS","7266","0","7266","2026-09-01 20:31:53"
"hixny","CMHPED","7260","0","7260","2026-09-01 21:01:35"
"hixny","INSYNC50866","7180","0","7180","2026-09-01 23:35:11"
"hixny","1851353882","7125","0","7125","2026-09-01 23:44:09"
"hixny","SRPLTHERAPYDOC","7121","0","7121","2026-09-01 23:46:53"
"hixny","AMHSAINT","7098","0","7098","2026-09-01 23:45:30"
"hixny","1710931837","7079","0","7079","2026-09-01 23:07:03"
"hixny","SPHPPCPDOC","7056","0","7056","2026-09-01 23:58:03"
"hixny","ELLSPCCP","6999","0","6999","2026-09-01 07:50:38"
"hixny","CPMGORTHO","6991","0","6991","2026-09-01 23:13:30"
"hixny","UCM","6958","0","6958","2026-09-01 06:32:24"
"hixny","1447211552","6943","0","6943","2026-09-01 22:36:53"
"hixny","SNTRBEHAVODOC","6851","0","6851","2026-09-01 23:20:29"
"hixny","CVPHSPORTDOC","6763","0","6763","2026-09-01 23:01:16"
"hixny","GFHENT","6740","0","6740","2026-09-01 21:47:27"
"hixny","SHSMHHEMONCDOC","6736","0","6736","2026-09-01 22:06:50"
"hixny","SHURO","6702","0","6702","2026-09-01 23:41:58"
"hixny","1528283132","6631","0","6631","2026-09-01 20:37:46"
"hixny","WMCAPSURLHADOC","6591","0","6591","2026-09-01 10:26:46"
"hixny","WMCBSMGHEAR","6580","0","6580","2026-09-01 10:22:37"
"hixny","SRPLHUDSONDOC","6523","0","6523","2026-09-01 22:10:06"
"hixny","ELLSMUCMH","6467","0","6467","2026-09-01 07:56:19"
"hixny","SMHARAOOP","6452","0","6452","2026-09-01 12:14:22"
"hixny","MHAFM","6376","0","6376","2026-09-01 21:06:48"
"hixny","SPVACPDOC","6319","0","6319","2026-09-01 21:58:21"
"hixny","AMGPCC","6250","0","6250","2026-09-01 22:18:16"
"hixny","WMCAPSNSHADOC","6165","0","6165","2026-09-01 10:18:59"
"hixny","SPSMSLEEPDOC","6142","0","6142","2026-09-01 22:28:47"
"hixny","SHPOD","6141","0","6141","2026-09-01 23:50:32"
"hixny","SPLPCPRIMEDOC","6120","0","6120","2026-09-01 03:25:54"
"hixny","6714","6106","0","6106","2026-09-01 08:20:02"
"hixny","ELLSADOLTC","6090","0","6090","2026-09-01 07:50:52"
"hixny","HECWI","6078","0","6078","2026-08-26 19:46:45"
"hixny","SPRT9AACCPDOC","6077","0","6077","2026-09-01 23:54:54"
"hixny","AMHSAMEDPED","6030","0","6030","2026-09-01 23:20:40"
"hixny","SMHAMEMPED","6025","0","6025","2026-09-01 21:41:18"
"hixny","COLONIEEMS","5979","0","5979","2026-09-01 23:48:58"
"hixny","SPMOBTESURDOC","5914","0","5914","2026-09-01 21:58:49"
"hixny","2469","5898","0","5898","2026-09-01 23:14:34"
"hixny","AMALHNDRHBDOC","5892","0","5892","2026-09-01 22:19:20"
"hixny","SRPLATHAMDOC","5809","0","5809","2026-09-01 23:48:47"
"hixny","CPMCFAMP","5654","0","5654","2026-09-01 22:48:23"
"hixny","HECTSJHHC","5639","0","5639","2026-08-25 03:46:24"
"hixny","CPMGEYE","5581","0","5581","2026-09-01 22:53:58"
"hixny","1518135979","5555","0","5555","2026-09-01 23:41:54"
"hixny","HECMAHV","5496","0","5496","2026-08-25 03:59:53"
"hixny","CVPHCARDIODOC","5485","0","5485","2026-09-01 22:14:41"
"hixny","WMCAPSNEPHADOC","5441","0","5441","2026-09-01 10:26:09"
"hixny","SSGASTRO","5416","0","5416","2026-08-23 02:19:33"
"hixny","AMGPCCPED","5384","0","5384","2026-09-01 21:29:02"
"hixny","CVPHPULMDOC","5345","0","5345","2026-09-01 21:26:09"
"hixny","SPMGPSTPBRSDOC","5328","0","5328","2026-09-01 20:09:19"
"hixny","SRPLWESTDOC","5292","0","5292","2026-09-01 23:51:07"
"hixny","WMCBSMGPULM","5246","0","5246","2026-09-01 10:26:51"
"hixny","SHSURG","5227","0","5227","2026-09-01 19:38:26"
"hixny","AMHSAGENSUR","5191","0","5191","2026-09-01 21:42:58"
"hixny","AHMNSTMDGRP","5061","0","5061","2026-09-01 23:44:27"
"hixny","ELLSPCG","5054","0","5054","2026-09-01 07:50:40"
"hixny","SHCARD","4932","0","4932","2026-09-01 20:46:05"
"hixny","SHSMHPEDTRODOC","4914","0","4914","2026-09-01 02:53:47"
"hixny","CVPHOBGYNDOC","4877","0","4877","2026-09-01 20:34:29"
"hixny","WMCBSMGSURG","4870","0","4870","2026-09-01 10:18:20"
"hixny","BXRHIODAV","4831","0","4831","2026-08-25 10:07:24"
"hixny","1720405863","4809","0","4809","2026-09-01 23:06:26"
"hixny","WMCMFKIDHOSDOC","4766","0","4766","2026-09-01 09:27:33"
"hixny","HECBCHP","4726","0","4726","2026-08-14 17:41:50"
"hixny","249","4725","0","4725","2026-09-01 08:00:35"
"hixny","SNTWDPEDDOC","4659","0","4659","2026-09-01 04:04:05"
"hixny","CHHUNY","4578","0","4578","2026-09-01 23:15:44"
"hixny","ELLSMPCMH","4559","0","4559","2026-09-01 07:50:10"
"hixny","MOUNTAINLAKE","4545","0","4545","2026-09-01 20:28:17"
"hixny","PAPL315DOC","4536","0","4536","2026-09-01 23:15:05"
"hixny","AMHSAGAS","4461","0","4461","2026-09-01 22:27:20"
"hixny","CPMGDERM","4442","0","4442","2026-09-01 22:56:57"
"hixny","AMHSAOTOPE","4397","0","4397","2026-09-01 23:04:19"
"hixny","CDPCANY","4337","0","4337","2026-09-01 19:46:54"
"hixny","WMCAPSGMISHDOC","4323","0","4323","2026-09-01 10:13:45"
"hixny","AMHSAURO","4194","0","4194","2026-09-01 22:10:39"
"hixny","GFHURO","4182","0","4182","2026-09-01 21:48:30"
"hixny","AMHSAPLA","4160","0","4160","2026-09-01 22:57:38"
"hixny","1215003579","4122","0","4122","2026-09-01 20:36:56"
"hixny","AMALHRTINFSDOC","4081","0","4081","2026-09-01 16:59:00"
"hixny","1477503142","4076","0","4076","2026-09-01 20:51:35"
"hixny","CMHWOMEN","4070","0","4070","2026-09-01 22:08:01"
"hixny","GANNY","4066","0","4066","2026-09-01 21:58:51"
"hixny","1861585549","4018","0","4018","2026-09-01 21:43:36"
"hixny","HECCAHC","4003","0","4003","2026-08-25 07:02:58"
"hixny","1083256564","4000","0","4000","2026-09-01 17:56:04"
"hixny","SHBARI","3989","0","3989","2026-09-01 23:12:51"
"hixny","WMCOPDDENTADOC","3969","0","3969","2026-09-01 10:03:51"
"hixny","SHGESU","3967","0","3967","2026-09-01 21:56:33"
"hixny","SRSCSVAUDIODOC","3956","0","3956","2026-09-01 23:16:08"
"hixny","SPBABSURDOC","3954","0","3954","2026-09-01 20:34:33"
"hixny","HEALTHIXDAV","3903","0","3903","2026-09-01 23:50:56"
"hixny","ECHECPC","3850","0","3850","2026-09-01 20:28:24"
"hixny","AMPCC46","3847","0","3847","2026-09-01 22:01:38"
"hixny","CMHCARD","3817","0","3817","2026-09-01 23:13:41"
"hixny","PAPLBIRTHDOC","3797","0","3797","2026-09-01 23:52:45"
"hixny","HECWPC","3793","0","3793","2026-08-26 19:06:03"
"hixny","SPHPUIDADOC","3754","0","3754","2026-09-01 23:02:49"
"hixny","227180","3753","0","3753","2026-08-31 15:52:20"
"hixny","SPSRBNEUDOC","3752","0","3752","2026-09-01 21:48:35"
"hixny","WMCBSMGORTH","3717","0","3717","2026-09-01 10:10:56"
"hixny","SHCPFANTICGDOC","3709","0","3709","2026-09-01 19:34:57"
"hixny","1265446124","3706","0","3706","2026-09-01 21:01:17"
"hixny","1962527630","3684","0","3684","2026-09-01 21:26:23"
"hixny","DFMASP","3640","0","3640","2026-08-05 04:53:36"
"hixny","CPMGPOBGYN","3608","0","3608","2026-09-01 22:53:54"
"hixny","AMPPCC","3591","0","3591","2026-09-01 21:42:10"
"hixny","HECTCMG","3583","0","3583","2026-08-25 03:23:46"
"hixny","SNTRRADONCDOC","3519","0","3519","2026-09-01 16:05:19"
"hixny","SMHAJOHNHC","3515","0","3515","2026-09-01 22:27:07"
"hixny","HECCMMKMG","3405","0","3405","2026-07-29 06:55:33"
"hixny","WMCAPSMFMHADOC","3312","0","3312","2026-09-01 10:16:48"
"hixny","SHNEPH","3279","0","3279","2026-09-01 23:59:37"
"hixny","SMHAAMOBGYN","3273","0","3273","2026-09-01 21:52:53"
"hixny","HECFCMG","3261","0","3261","2026-08-25 04:37:12"
"hixny","SHOBGYN","3253","0","3253","2026-09-01 23:15:33"
"hixny","CPMGCARDIO","3231","0","3231","2026-09-01 23:33:13"
"hixny","1932281706","3223","0","3223","2026-09-01 21:33:31"
"hixny","AMALPELVDOC","3147","0","3147","2026-09-01 21:54:07"
"hixny","AMHSAGASPE","3136","0","3136","2026-09-01 20:54:26"
"hixny","AMGPCCWH","3120","0","3120","2026-09-01 22:46:44"
"hixny","CPMGPOTPED","3082","0","3082","2026-09-01 22:37:07"
"hixny","WMCOPDMEBLUDOC","3059","0","3059","2026-09-01 09:41:40"
"hixny","AMJPCC","3059","0","3059","2026-09-01 21:38:24"
"hixny","IMAACDMH","3041","0","3041","2026-08-28 16:36:54"
"hixny","CPMGPOTSDM","3032","0","3032","2026-09-01 22:15:28"
"hixny","ELLSFPA","2972","0","2972","2026-09-01 07:50:41"
"hixny","SHWOUN","2962","0","2962","2026-09-01 22:38:41"
"hixny","1992350961","2946","0","2946","2026-09-01 20:34:53"
"hixny","CMHUROL","2946","0","2946","2026-09-01 22:27:17"
"hixny","AMHSARHEU","2924","0","2924","2026-09-01 23:31:19"
"hixny","MMGMEDGRP","2924","0","2924","2026-09-01 21:26:01"
"hixny","SHSPINE","2904","0","2904","2026-09-01 21:30:58"
"hixny","ARCCLINTON","2874","0","2874","2026-09-01 23:10:44"
"hixny","CPMCPEDS","2866","0","2866","2026-09-01 22:33:21"
"hixny","4965PART2","2847","0","2847","2026-08-31 22:41:09"
"hixny","WMCBSMGHFP","2841","0","2841","2026-09-01 10:14:10"
"hixny","HECNMG","2826","0","2826","2026-08-25 03:49:09"
"hixny","SMHAURGARAO","2822","0","2822","2026-09-01 23:49:36"
"hixny","WMCAPSESSHADOC","2804","0","2804","2026-09-01 10:15:18"
"hixny","WMCAPSGESKIDOC","2801","0","2801","2026-09-01 10:07:19"
"hixny","HECWBP","2717","0","2717","2026-08-26 13:08:31"
"hixny","CPMGENDO","2702","0","2702","2026-09-01 22:09:34"
"hixny","WMCBSMGSPOR","2697","0","2697","2026-09-01 10:17:33"
"hixny","CVPHDERMDOC","2676","0","2676","2026-09-01 22:54:28"
"hixny","400082","2671","0","2671","2026-09-01 20:23:22"
"hixny","WMCAPSRHEHADOC","2669","0","2669","2026-09-01 10:25:16"
"hixny","1407289077","2668","0","2668","2026-09-01 20:06:21"
"hixny","AMHSAENDPE","2644","0","2644","2026-09-01 21:04:20"
"hixny","AMHSAHEMON","2643","0","2643","2026-09-01 06:24:25"
"hixny","AMAPCC","2643","0","2643","2026-09-01 22:06:56"
"hixny","SMHACANAPCP","2615","0","2615","2026-09-01 21:35:31"
"hixny","HECCNYC","2602","0","2602","2026-08-25 05:51:36"
"hixny","CMHGAS","2556","0","2556","2026-09-01 23:48:23"
"hixny","WMCAPSPMHADOC","2556","0","2556","2026-09-01 10:24:03"
"hixny","SPALENDODOC","2554","0","2554","2026-09-01 07:37:23"
"hixny","1144315367","2545","0","2545","2026-09-01 19:35:48"
"hixny","AHMCCHEMO","2514","0","2514","2026-09-01 23:45:21"
"hixny","WMCOPDOPHDOC","2512","0","2512","2026-09-01 09:05:11"
"hixny","SPSFHFAMMEDDOC","2510","0","2510","2026-08-30 00:06:16"
"hixny","SPWRBALSDOC","2497","0","2497","2026-09-01 22:18:47"
"hixny","WMCAPSGORSHDOC","2489","0","2489","2026-09-01 10:22:48"
"hixny","GUILDEMS","2463","0","2463","2026-09-01 23:33:20"
"hixny","AMKPCCGI","2463","0","2463","2026-09-01 22:01:42"
"hixny","4965MONITOR","2456","0","2456","2026-09-01 06:26:51"
"hixny","STCATHFTHLD","2444","0","2444","2026-09-01 17:31:45"
"hixny","HECCNYFC","2438","0","2438","2026-08-25 05:43:58"
"hixny","GFHIT","2423","0","2423","2026-09-01 06:22:33"
"hixny","WMCBSMGONC","2420","0","2420","2026-09-01 10:24:20"
"hixny","GFHIM","2407","0","2407","2026-09-01 23:55:36"
"hixny","CPMGRHMCL","2401","0","2401","2026-09-01 22:44:14"
"hixny","SHNEUR","2388","0","2388","2026-09-01 21:43:09"
"hixny","ECHWESTPC","2385","0","2385","2026-09-01 21:24:04"
"hixny","CPMCOBGYN","2384","0","2384","2026-09-01 23:51:47"
"hixny","SHBC","2381","0","2381","2026-09-01 21:41:09"
"hixny","AHMCMP3","2380","0","2380","2026-09-01 22:16:30"
"hixny","LETTRICKMED","2349","0","2349","2026-09-01 21:50:00"
"hixny","HECCNYBSN","2316","0","2316","2026-08-25 05:52:13"
"hixny","CVPHURODOC","2260","0","2260","2026-09-01 20:50:01"
"hixny","SMHAGLOVHC","2250","0","2250","2026-09-01 21:25:27"
"hixny","CVPHENTDOC","2241","0","2241","2026-09-01 21:45:46"
"hixny","AMHSAALG","2240","0","2240","2026-09-01 21:54:09"
"hixny","AMHSAHIV","2238","0","2238","2026-09-01 21:39:41"
"hixny","GFHGS","2237","0","2237","2026-09-01 23:58:54"
"hixny","STMSBLABDSDOC","2203","0","2203","2026-09-01 23:46:38"
"hixny","SHENT","2188","0","2188","2026-09-01 20:52:14"
"hixny","CMHPULM","2159","0","2159","2026-09-01 23:25:32"
"hixny","CPMGPAINMG","2147","0","2147","2026-09-01 21:33:18"
"hixny","WMCAPSCTSVADOC","2142","0","2142","2026-09-01 10:21:57"
"hixny","AMHSACTH","2137","0","2137","2026-09-01 17:26:14"
"hixny","1821080664","2132","0","2132","2026-09-01 20:00:08"
"hixny","AMHSANEUPE","2115","0","2115","2026-09-01 20:48:15"
"hixny","HECBP","2092","0","2092","2026-08-12 05:43:27"
"hixny","WMCAPSPRCSVDOC","2080","0","2080","2026-09-01 09:48:15"
"hixny","MALTAEMS","2039","0","2039","2026-09-01 23:17:22"
"hixny","CVPHENDOCRNDOC","2038","0","2038","2026-09-01 20:36:01"
"hixny","HECHVFP","2006","0","2006","2026-08-25 04:13:48"
"hixny","SPVPLMEDDOC","1989","0","1989","2026-08-30 23:36:22"
"hixny","HECOMP","1975","0","1975","2026-08-25 04:00:19"
"hixny","CPMGALLIMM","1975","0","1975","2026-09-01 23:56:10"
"hixny","WMCBSMGPM","1974","0","1974","2026-09-01 10:18:27"
"hixny","AMGPCCQNS","1959","0","1959","2026-09-01 22:13:46"
"hixny","AMHSABAR","1945","0","1945","2026-09-01 21:36:03"
"hixny","ECHWILLSPC","1939","0","1939","2026-09-01 20:28:34"
"hixny","SHSPM","1939","0","1939","2026-09-01 22:19:07"
"hixny","WMCOPDALLYDOC","1931","0","1931","2026-09-01 10:17:17"
"hixny","3747","1871","0","1871","2026-09-01 14:43:56"
"hixny","AHMCDHC","1868","0","1868","2026-09-01 20:56:13"
"hixny","HECPC","1868","0","1868","2026-08-25 04:00:35"
"hixny","CPMGNEURO","1866","0","1866","2026-09-01 22:12:41"
"hixny","CMHBH","1859","0","1859","2026-09-01 22:29:09"
"hixny","CPMCPOD","1859","0","1859","2026-09-01 22:29:55"
"hixny","SMHAURGGLOV","1858","0","1858","2026-09-01 23:47:32"
"hixny","1356792717","1837","0","1837","2026-09-01 19:33:40"
"hixny","WMCAPSWHPODOC","1831","0","1831","2026-09-01 10:19:19"
"hixny","AMMPCC","1829","0","1829","2026-09-01 21:23:43"
"hixny","AMAPCCENT","1811","0","1811","2026-09-01 21:52:58"
"hixny","ELLSGSNS","1793","0","1793","2026-08-30 08:02:42"
"hixny","AHMCBHC","1792","0","1792","2026-09-01 21:41:09"
"hixny","AMHSAPMR","1786","0","1786","2026-09-01 23:13:29"
"hixny","SPCCTRADONCDOC","1783","0","1783","2026-09-01 20:32:26"
"hixny","SPACQCARDOC","1732","0","1732","2026-09-01 22:02:42"
"hixny","AMHSAPOD","1704","0","1704","2026-09-01 20:51:56"
"hixny","CMHPAIN","1699","0","1699","2026-09-01 23:07:52"
"hixny","MMGKIDSK","1681","0","1681","2026-09-01 23:33:09"
"hixny","3169","1672","0","1672","2026-09-01 07:53:42"
"hixny","AHMCOT","1672","0","1672","2026-09-01 21:05:47"
"hixny","CPMGPAIN","1652","0","1652","2026-09-01 23:43:46"
"hixny","SPNHACARDOC","1651","0","1651","2026-09-01 23:29:46"
"hixny","SMHASLEEP","1650","0","1650","2026-09-01 21:31:15"
"hixny","AMGPCCURO","1648","0","1648","2026-09-01 20:36:37"
"hixny","CPMGBFHC","1647","0","1647","2026-09-01 18:39:00"
"hixny","WMCAPSPSHADOC","1646","0","1646","2026-09-01 10:12:05"
"hixny","AMAPCCQNS","1642","0","1642","2026-09-01 23:30:50"
"hixny","1821293309","1620","0","1620","2026-09-01 19:40:16"
"hixny","WMCAPSUROHADOC","1591","0","1591","2026-09-01 10:18:36"
"hixny","AMSPCC","1568","0","1568","2026-09-01 21:04:28"
"hixny","WMCBSMGGAST","1555","0","1555","2026-09-01 10:07:33"
"hixny","CVEMS","1548","0","1548","2026-09-01 23:46:42"
"hixny","ARCHERKIMER","1547","0","1547","2026-09-01 20:33:39"
"hixny","AMHSAPULPE","1543","0","1543","2026-09-01 22:06:13"
"hixny","ECHCPPC","1513","0","1513","2026-09-01 23:13:41"
"hixny","WILTONEMS","1478","0","1478","2026-09-01 22:46:20"
"hixny","AHMCWOMENS","1453","0","1453","2026-09-01 20:37:53"
"hixny","AMBPCC","1452","0","1452","2026-09-01 20:35:53"
"hixny","HECCHCA","1444","0","1444","2026-08-24 06:31:51"
"hixny","ECHWILMPC","1442","0","1442","2026-09-01 18:35:44"
"hixny","AHMCPEDS","1442","0","1442","2026-09-01 19:42:47"
"hixny","CPMCGENSUR","1410","0","1410","2026-08-28 22:28:42"
"hixny","WMCOPDFAMPLDOC","1408","0","1408","2026-09-01 09:24:52"
"hixny","WMCAPSHCMVADOC","1387","0","1387","2026-09-01 10:20:00"
"hixny","CPMGNCHC","1380","0","1380","2026-09-01 22:09:25"
"hixny","AHMCPAIN","1371","0","1371","2026-09-01 22:39:34"
"hixny","WMCAPSIDHAWDOC","1349","0","1349","2026-09-01 10:24:14"
"hixny","MMGWOMENS","1342","0","1342","2026-09-01 23:32:55"
"hixny","AMGPCCCAR","1328","0","1328","2026-09-01 20:44:14"
"hixny","MIBHN","1309","0","1309","2026-09-01 20:55:22"
"hixny","HECUFHC","1306","0","1306","2026-08-26 19:03:28"
"hixny","UVMHNMONITORDOC","1296","0","1296","2026-09-01 23:03:42"
"hixny","HECCMHHC","1284","0","1284","2026-08-25 05:58:57"
"hixny","WMCAPSCSVADOC","1281","0","1281","2026-09-01 09:54:02"
"hixny","AMPPCCPOD","1281","0","1281","2026-09-01 00:23:26"
"hixny","AMGPCCPOD","1253","0","1253","2026-09-01 21:30:31"
"hixny","HECCMP","1245","0","1245","2026-07-17 09:05:54"
"hixny","COMMEMS","1243","0","1243","2026-09-01 23:28:09"
"hixny","CVCPDDOC","1243","0","1243","2026-09-01 15:41:08"
"hixny","SHADDIC","1237","0","1237","2026-09-01 18:17:34"
"hixny","CPMPCOLTON","1230","0","1230","2026-09-01 22:55:01"
"hixny","AMPPCCWH","1225","0","1225","2026-09-01 22:27:05"
"hixny","AMGPCCSUR","1223","0","1223","2026-09-01 20:31:37"
"hixny","SMHAURGSTJO","1212","0","1212","2026-09-01 23:05:10"
"hixny","CPMGOBGYNG","1194","0","1194","2026-09-01 22:29:52"
"hixny","HECRH","1188","0","1188","2026-08-25 03:52:31"
"hixny","AMHSARHEPE","1182","0","1182","2026-09-01 03:39:39"
"hixny","SPHPMEXTFLMDOC","1175","0","1175","2026-09-01 20:36:22"
"hixny","MMGNEURO","1175","0","1175","2026-09-01 20:31:53"
"hixny","SPHPNEUROPSYDOC","1171","0","1171","2026-09-01 07:05:44"
"hixny","IMATCRS","1155","0","1155","2026-08-14 20:09:20"
"hixny","1447720271","1150","0","1150","2026-09-01 13:03:11"
"hixny","HECTVFP","1149","0","1149","2026-08-25 03:59:14"
"hixny","BURDETTBIRTHDOC","1148","0","1148","2026-09-01 19:46:01"
"hixny","ECHAFPC","1143","0","1143","2026-09-01 21:51:47"
"hixny","SMHACANCER","1138","0","1138","2026-09-01 21:28:45"
"hixny","MMGLOUISFH","1136","0","1136","2026-09-01 23:49:13"
"hixny","WMCAPSREMHADOC","1132","0","1132","2026-09-01 10:17:19"
"hixny","SPCABLABDSDOC","1125","0","1125","2026-09-01 23:46:26"
"hixny","AMHSAOBMFM","1124","0","1124","2026-09-01 20:44:37"
"hixny","HECHVPC","1121","0","1121","2026-08-23 04:39:12"
"hixny","CVPHGENSURGDOC","1100","0","1100","2026-08-31 23:40:27"
"hixny","SHALLER","1092","0","1092","2026-09-01 23:15:19"
"hixny","HECAMMS","1088","0","1088","2026-08-24 07:20:22"
"hixny","CVPHLD","1075","0","1075","2026-09-01 20:36:56"
"hixny","CPMGFPGOV","1061","0","1061","2026-09-01 21:52:38"
"hixny","CMHSURG","1053","0","1053","2026-09-01 21:02:24"
"hixny","HECPR","1048","0","1048","2026-08-25 03:59:28"
"hixny","WWAMHCER","1046","0","1046","2026-09-01 04:51:02"
"hixny","HECBRP","1043","0","1043","2026-08-25 07:10:04"
"hixny","WMCBFRAWLEY","1040","0","1040","2026-09-01 09:06:57"
"hixny","CPMGPULM","1039","0","1039","2026-09-01 22:53:59"
"hixny","CVPHAMBEPDOC","1038","0","1038","2026-09-01 20:44:06"
"hixny","SHBH","1023","0","1023","2026-09-01 20:45:00"
"hixny","WMCAPSTRAVADOC","992","0","992","2026-09-01 09:23:12"
"hixny","VALATIEEMS","990","0","990","2026-09-01 23:58:09"
"hixny","SMHAGIFHC","989","0","989","2026-09-01 20:31:06"
"hixny","HECAO","979","0","979","2026-08-19 08:35:02"
"hixny","WMCOPDGIDOC","971","0","971","2026-08-28 09:07:37"
"hixny","HECFTUTICA","968","0","968","2026-07-28 02:00:04"
"hixny","HECSENTS","967","0","967","2026-07-28 02:17:42"
"hixny","HECGARNET","965","0","965","2026-08-14 16:33:32"
"hixny","HECFAMFTGRP","963","0","963","2026-07-28 02:10:38"
"hixny","HECHERKFAM","955","0","955","2026-07-28 02:12:40"
"hixny","AHMCTHC","952","0","952","2026-09-01 22:50:58"
"hixny","WMCAPSHIVADOC","949","0","949","2026-09-01 10:24:21"
"hixny","HECNORTHO","947","0","947","2026-07-28 02:22:02"
"hixny","HECMSP","943","0","943","2026-08-21 06:03:51"
"hixny","HECCRH","942","0","942","2026-08-16 10:30:27"
"hixny","HECNPEDS","940","0","940","2026-07-28 02:11:45"
"hixny","AHMCLHC","940","0","940","2026-09-01 17:26:32"
"hixny","CPMGENTSUR","935","0","935","2026-09-01 20:43:18"
"hixny","AMHSANEPH","933","0","933","2026-08-25 13:25:25"
"hixny","HECMH","929","0","929","2026-08-25 01:47:39"
"hixny","HECPA","929","0","929","2026-08-20 06:08:15"
"hixny","HECGORTHO","927","0","927","2026-07-28 01:52:01"
"hixny","HECSP","924","0","924","2026-07-28 02:22:41"
"hixny","HECHAMORTHO","923","0","923","2026-07-28 02:17:41"
"hixny","HECARTHS","919","0","919","2026-07-28 02:12:44"
"hixny","HECHVHG","916","0","916","2026-08-25 04:11:56"
"hixny","WMCBSMGNEPH","911","0","911","2026-09-01 10:18:55"
"hixny","CPMGGASTRO","908","0","908","2026-09-01 22:30:27"
"hixny","HECAP","907","0","907","2026-07-28 02:07:30"
"hixny","HECONHD","906","0","906","2026-07-28 02:17:44"
"hixny","HECHVRC","905","0","905","2026-07-28 02:05:32"
"hixny","HECCENTRALUS","889","0","889","2026-08-16 10:47:43"
"hixny","SHSMHPULDOC","888","0","888","2026-09-01 19:19:05"
"hixny","CVPHNEUROSGDOC","886","0","886","2026-09-01 19:41:22"
"hixny","HECSTLUKES","885","0","885","2026-08-14 16:39:04"
"hixny","WMCOPDGENPEDOC","878","0","878","2026-09-01 09:49:42"
"hixny","HECDP","878","0","878","2026-08-11 05:07:57"
"hixny","HECNASCARE","872","0","872","2026-07-28 01:53:02"
"hixny","HECSLEEPINS","869","0","869","2026-08-04 09:09:52"
"hixny","GMGDKHC","868","0","868","2026-09-01 21:42:52"
"hixny","HECMONTEVN","865","0","865","2026-08-14 16:40:16"
"hixny","GRANDROMEDOC","854","0","854","2026-09-01 04:31:10"
"hixny","HECCNYFS","854","0","854","2026-07-28 02:04:28"
"hixny","257700","853","0","853","2026-08-28 20:40:29"
"hixny","SMHACHHC","851","0","851","2026-08-31 23:31:53"
"hixny","HECMONTENR","849","0","849","2026-07-28 02:07:32"
"hixny","HECWUC","842","0","842","2026-08-26 08:56:44"
"hixny","AMCPCC","832","0","832","2026-09-01 18:56:10"
"hixny","WMCOPDCARDDOC","831","0","831","2026-08-28 09:07:07"
"hixny","HECPAW","829","0","829","2026-08-24 05:01:02"
"hixny","AMPPCCPED","826","0","826","2026-09-01 21:29:00"
"hixny","HECFPLANS","812","0","812","2026-08-04 09:13:58"
"hixny","HECOAKORCH","810","0","810","2026-07-28 00:58:34"
"hixny","HECMONTEMEA","804","0","804","2026-07-28 01:37:29"
"hixny","HECHANARO","799","0","799","2026-08-04 08:59:32"
"hixny","AMHSASURPED","794","0","794","2026-09-01 19:57:16"
"hixny","HECMONTEWP","792","0","792","2026-07-28 01:01:36"
"hixny","HSPH","790","0","790","2026-09-01 23:29:28"
"hixny","HECBS","784","0","784","2026-08-04 09:12:57"
"hixny","CVPHPLASTICDOC","782","0","782","2026-08-28 19:29:52"
"hixny","VANDERHEYDEN","781","0","781","2026-09-01 21:37:47"
"hixny","WMCAPSPHPODOC","781","0","781","2026-09-01 09:51:18"
"hixny","HECPMG","781","0","781","2026-08-04 09:06:45"
"hixny","SMHAUROAMST","776","0","776","2026-09-01 21:31:29"
"hixny","HECOCAF","773","0","773","2026-08-04 08:58:30"
"hixny","HECEFP","772","0","772","2026-08-25 04:48:00"
"hixny","HECLILPED","770","0","770","2026-07-24 02:15:59"
"hixny","HECFHCNY","767","0","767","2026-08-14 16:26:23"
"hixny","HECVDR","766","0","766","2026-07-24 02:01:23"
"hixny","HECIFH","765","0","765","2026-07-24 02:16:00"
"hixny","WMCAPSBSVADOC","764","0","764","2026-09-01 10:12:15"
"hixny","HECMBP","762","0","762","2026-08-21 05:54:19"
"hixny","HECMADIRV","760","0","760","2026-08-04 09:08:49"
"hixny","HECMCILIP","758","0","758","2026-07-27 19:18:15"
"hixny","HECHVOBGYN","758","0","758","2026-08-04 09:01:38"
"hixny","HECMONTEBR","757","0","757","2026-08-14 16:25:14"
"hixny","HECWOMWELPL","754","0","754","2026-08-04 17:00:45"
"hixny","HECERIVER","751","0","751","2026-07-28 00:47:05"
"hixny","HECCHA","751","0","751","2026-08-04 09:04:42"
"hixny","1053303826","747","0","747","2026-09-01 12:33:06"
"hixny","GMGEDWHC","738","0","738","2026-08-28 11:51:59"
"hixny","GRANDBARNDOC","734","0","734","2026-09-01 15:39:24"
"hixny","HECWWSMED","732","0","732","2026-08-04 09:12:57"
"hixny","SMHAENTHC","714","0","714","2026-08-29 04:16:41"
"hixny","HECWESTGRP","714","0","714","2026-08-04 09:09:51"
"hixny","HECONHLTH","708","0","708","2026-08-14 17:44:30"
"hixny","HECNCAM","703","0","703","2026-08-12 04:35:12"
"hixny","BAPTDOC","699","0","699","2026-09-01 18:06:39"
"hixny","CVPHGASTRODOC","695","0","695","2026-09-01 16:26:32"
"hixny","HECLEWIS","683","0","683","2026-08-24 18:55:56"
"hixny","HECWP","680","0","680","2026-08-26 04:43:18"
"hixny","HECMONTENY","640","0","640","2026-08-14 16:37:53"
"hixny","BLEMS","640","0","640","2026-09-01 23:04:31"
"hixny","GRANDGUILDDOC","639","0","639","2026-08-31 12:32:57"
"hixny","HECSAACNYA","634","0","634","2026-08-25 02:49:22"
"hixny","1770646804","614","0","614","2026-07-18 20:56:24"
"hixny","HECFGERLAKE","613","0","613","2026-08-08 21:11:06"
"hixny","GRANDRIVVALDOC","605","0","605","2026-09-01 21:54:31"
"hixny","AMHSATRAN","601","0","601","2026-09-01 22:23:23"
"hixny","MHACGC","598","0","598","2026-09-01 21:51:52"
"hixny","CPMURLG","597","0","597","2026-08-11 11:40:35"
"hixny","SPBABINDDOC","588","0","588","2026-09-01 22:37:37"
"hixny","WMCAPSIPVADOC","581","0","581","2026-09-01 10:25:44"
"hixny","WMCOPDGENORDOC","579","0","579","2026-08-28 09:24:57"
"hixny","AMHSATRA","567","0","567","2026-09-01 00:35:00"
"hixny","WMCOPDURODOC","564","0","564","2026-08-28 08:52:21"
"hixny","HECSJMP","560","0","560","2026-08-25 03:56:09"
"hixny","WMCOPDENDODOC","559","0","559","2026-08-27 20:59:38"
"hixny","HECAAA","553","0","553","2026-08-25 07:40:32"
"hixny","ELLSID","549","0","549","2026-08-31 07:34:09"
"hixny","ELLSMC","540","0","540","2026-09-01 07:48:45"
"hixny","WMCOPDGENSUDOC","514","0","514","2026-08-29 08:57:01"
"hixny","HECNCN","508","0","508","2026-08-25 02:59:10"
"hixny","SMHAHEAD","505","0","505","2026-08-27 21:27:24"
"hixny","RSS","501","0","501","2026-09-01 20:06:12"
"hixny","SMHAPODIATR","501","0","501","2026-09-01 12:05:30"
"hixny","WMCBSMGELEC","499","0","499","2026-09-01 10:03:42"
"hixny","GRANDMOVALDOC","490","0","490","2026-09-01 20:28:15"
"hixny","WMCBSMGGYN","486","0","486","2026-09-01 10:00:23"
"hixny","ELLSWHC","469","0","469","2026-09-01 07:49:34"
"hixny","HECMVWHA","466","0","466","2026-08-24 05:53:08"
"hixny","SMHAWILKRES","454","0","454","2026-09-01 18:27:49"
"hixny","WMCOPDNEURODOC","447","0","447","2026-08-27 20:58:05"
"hixny","COPAKEEMS","445","0","445","2026-09-01 20:38:38"
"hixny","HECSMP","441","0","441","2026-08-25 02:32:25"
"hixny","AMGPCCNEU","438","0","438","2026-08-22 14:02:55"
"hixny","WATEREMS","436","0","436","2026-09-01 23:39:35"
"hixny","SPOBGYNCPDOC","430","0","430","2026-09-01 19:18:18"
"hixny","HECELFM","428","0","428","2026-08-25 04:46:34"
"hixny","ELLSBHIPC","425","0","425","2026-09-01 07:54:23"
"hixny","WMCOPDRHEUMDOC","425","0","425","2026-09-01 09:20:30"
"hixny","RRHRHSMH","420","0","420","2026-09-01 16:57:57"
"hixny","SPHPOLMLCDOC","417","0","417","2026-09-01 19:11:35"
"hixny","HECKAW","417","0","417","2026-08-21 07:37:54"
"hixny","HECASP","412","0","412","2026-08-21 10:18:15"
"hixny","STPLMAMMODOC","411","0","411","2026-09-01 17:08:31"
"hixny","TACR","402","0","402","2026-09-01 20:19:04"
"hixny","ELLSCTS","396","0","396","2026-08-29 07:34:50"
"hixny","WMCOPDRENALDOC","394","0","394","2026-08-28 09:01:51"
"hixny","WMCAPSIPUKIDOC","390","0","390","2026-09-01 10:02:13"
"hixny","AMHSANEPPE","378","0","378","2026-09-01 01:14:19"
"hixny","MOHAWKFTHLD","364","0","364","2026-09-01 16:47:27"
"hixny","HECECS","355","0","355","2026-08-24 06:15:56"
"hixny","HECLA","349","0","349","2026-07-19 15:54:36"
"hixny","SPALPULMDOC","340","0","340","2026-09-01 07:21:23"
"hixny","HECPCFM","337","0","337","2026-08-24 04:41:03"
"hixny","WMCAPSBSHADOC","337","0","337","2026-09-01 09:39:20"
"hixny","HECNMA","337","0","337","2026-08-25 01:42:54"
"hixny","AMHSAPULM","333","0","333","2026-08-31 21:52:24"
"hixny","DOSDOC","333","0","333","2026-08-28 18:01:14"
"hixny","AMHSASPORT","329","0","329","2026-09-01 17:54:23"
"hixny","CPHPULMMH","327","0","327","2026-09-01 22:13:40"
"hixny","PINESCATDOC","325","0","325","2026-09-01 18:49:16"
"hixny","FHHSDOC","325","0","325","2026-09-01 17:25:51"
"hixny","HECOSWHTH","318","0","318","2026-08-14 16:21:39"
"hixny","MMGGASTRO","312","0","312","2026-09-01 19:38:24"
"hixny","WMCBSGSHSAT","311","0","311","2026-09-01 09:19:24"
"hixny","GRANDPAWLDOC","308","0","308","2026-09-01 17:38:19"
"hixny","CMHNEPH","308","0","308","2026-08-31 15:24:21"
"hixny","SNTRBEHAVIDOC","306","0","306","2026-09-01 19:11:01"
"hixny","HECCFAM","306","0","306","2026-08-25 07:03:41"
"hixny","CPMGPODGOV","301","0","301","2026-09-01 19:50:09"
"hixny","EDDYHHDOC","296","0","296","2026-09-01 21:49:56"
"hixny","PINESGLENSDOC","296","0","296","2026-09-01 00:53:20"
"hixny","CPHPODMH","291","0","291","2026-08-27 23:02:31"
"hixny","SNTRLABSCRDOC","290","0","290","2026-09-01 22:32:25"
"hixny","AHMCENDOCR","277","0","277","2026-09-01 21:11:02"
"hixny","HECFMNNY","273","0","273","2026-08-25 04:37:08"
"hixny","GREENFDEMS","273","0","273","2026-09-01 12:22:16"
"hixny","GRANDCHITTDOC","272","0","272","2026-09-01 15:08:27"
"hixny","FOLTSBROOKDOC","262","0","262","2026-09-01 20:07:32"
"hixny","DUANEEMS","260","0","260","2026-09-01 14:07:40"
"hixny","STJOHNDOC","256","0","256","2026-09-01 12:13:05"
"hixny","WMCOPDPULMDOC","254","0","254","2026-09-01 10:10:52"
"hixny","HECAG","252","0","252","2026-08-23 08:20:55"
"hixny","UNITYTROY","250","0","250","2026-09-01 20:06:30"
"hixny","ACNHDOC","249","0","249","2026-09-01 15:09:40"
"hixny","WMCOPDDIABEDOC","247","0","247","2026-08-29 08:35:38"
"hixny","CPMGCARDGH","246","0","246","2026-08-27 03:17:55"
"hixny","HECECHC","246","0","246","2026-06-10 13:18:36"
"hixny","1326066556","242","0","242","2026-09-01 12:12:38"
"hixny","SRTSCAUDDOC","241","0","241","2026-09-01 20:27:34"
"hixny","SHSMHNUTRNDOC","235","0","235","2026-08-31 21:03:42"
"hixny","HECWHAO","228","0","228","2026-08-23 04:17:35"
"hixny","HECASGMS","228","0","228","2026-07-17 11:00:06"
"hixny","HECFPA","227","0","227","2026-08-21 08:32:47"
"hixny","WMCAPSPUACPDOC","221","0","221","2026-08-29 08:11:11"
"hixny","ELLSGYNS","221","0","221","2026-08-27 09:46:56"
"hixny","SPHPSRRHDOC","217","0","217","2026-09-01 20:33:30"
"hixny","ELDCOLALFDOC","214","0","214","2026-09-01 16:04:32"
"hixny","ELDERUIHDOC","213","0","213","2026-09-01 12:44:03"
"hixny","HECNNP","211","0","211","2026-07-18 04:32:21"
"hixny","SNTRCATHLABDOC","210","0","210","2026-08-31 20:27:12"
"hixny","HECCRACNY","204","0","204","2026-08-25 05:27:03"
"hixny","AHMCGENSURG","202","0","202","2026-08-27 16:52:54"
"hixny","AMHSAINFPE","200","0","200","2026-09-01 19:44:15"
"hixny","SMHAUROHCGP","194","0","194","2026-09-01 20:44:33"
"hixny","HECPMA","192","0","192","2026-08-21 07:00:52"
"hixny","SNTRMICAIPDOC","191","0","191","2026-08-31 22:59:25"
"hixny","HECMSFHNP","190","0","190","2026-07-19 15:39:55"
"hixny","TERESIANDOC","186","0","186","2026-08-31 10:55:41"
"hixny","SMHAADUMH","183","0","183","2026-08-29 05:25:58"
"hixny","CVPHIDDOC","182","0","182","2026-09-01 12:47:40"
"hixny","WMCOPDHEMODOC","181","0","181","2026-08-28 08:58:53"
"hixny","ELLSPROS","178","0","178","2026-07-09 07:35:11"
"hixny","HECEHFM","173","0","173","2026-08-25 04:51:23"
"hixny","ELDERTICDOC","171","0","171","2026-09-01 21:06:56"
"hixny","SHID","160","0","160","2026-08-26 20:42:01"
"hixny","WMCAPSOVADOC","157","0","157","2026-09-01 10:23:36"
"hixny","STMARGDOC","151","0","151","2026-09-01 23:51:47"
"hixny","EDDYVGCDOC","150","0","150","2026-09-01 22:52:31"
"hixny","KINGSWAYDOC","148","0","148","2026-09-01 23:12:02"
"hixny","HECIMAA","146","0","146","2026-08-20 05:26:48"
"hixny","WMCOPDADOLEDOC","145","0","145","2026-09-01 09:32:58"
"hixny","HECKM","145","0","145","2026-08-24 04:31:04"
"hixny","HECAPR","143","0","143","2026-08-22 01:57:26"
"hixny","HECCJBA","141","0","141","2026-08-23 07:20:12"
"hixny","SHEYE","138","0","138","2026-09-01 20:57:55"
"hixny","SNTR7GERODOC","138","0","138","2026-08-31 23:35:06"
"hixny","CPMGGSGOV","137","0","137","2026-08-26 03:31:58"
"hixny","HECCWH","135","0","135","2026-08-07 10:15:57"
"hixny","HECDEC","130","0","130","2026-08-25 05:12:07"
"hixny","HECHVE","125","0","125","2026-08-10 07:01:28"
"hixny","227650","123","0","123","2026-08-14 09:10:14"
"hixny","ELDERNCDOC","123","0","123","2026-09-01 13:44:27"
"hixny","SPRT9FMRT9DOC","121","0","121","2026-09-01 01:25:15"
"hixny","HECCNYEC","121","0","121","2026-08-19 07:41:34"
"hixny","HECFPAPC","119","0","119","2026-08-18 07:43:05"
"hixny","WMCAPSLCAHADOC","118","0","118","2026-08-28 08:50:24"
"hixny","HECKRBL","114","0","114","2026-08-21 05:51:45"
"hixny","SMHAGS","112","0","112","2026-08-31 15:29:35"
"hixny","HELDEMS","107","0","107","2026-08-26 05:15:07"
"hixny","SPMEAPEDSDOC","106","0","106","2026-08-29 23:39:24"
"hixny","PITTSEMS","100","0","100","2026-08-30 22:57:42"
"hixny","HECMFM","99","0","99","2026-08-25 03:12:26"
"hixny","HECNEK","99","0","99","2026-08-21 05:40:26"
"hixny","WMCOPDBREASDOC","97","0","97","2026-08-27 05:39:19"
"hixny","GRANDCOLPDOC","95","0","95","2026-06-06 06:08:33"
"hixny","HECCFM","94","0","94","2026-08-24 06:32:09"
"hixny","CVPHPAINDOC","90","0","90","2026-08-31 22:21:34"
"hixny","HECCHSS","89","0","89","2026-08-20 06:53:03"
"hixny","EDDYMGCDOC","89","0","89","2026-08-31 18:14:46"
"hixny","WMCOPDN550DOC","84","0","84","2026-08-14 08:23:02"
"hixny","HECSKG","82","0","82","2026-08-21 04:48:29"
"hixny","CVPHSLEEPDOC","82","0","82","2026-08-29 02:11:42"
"hixny","WMCOPDPEDURDOC","76","0","76","2026-08-28 09:14:58"
"hixny","HECTFH","75","0","75","2026-08-21 04:50:17"
"hixny","HECCNYMP","73","0","73","2026-08-25 05:27:04"
"hixny","WMCOPDNEURSDOC","73","0","73","2026-08-27 19:24:39"
"hixny","SHSMHINFUDOC","72","0","72","2026-08-28 21:24:38"
"hixny","WMCOPDPEDPUDOC","72","0","72","2026-08-27 10:42:41"
"hixny","HECSCE","72","0","72","2026-08-23 05:14:36"
"hixny","SPCCTINFUSIDOC","64","0","64","2026-08-13 13:13:17"
"hixny","1679691745","64","0","64","2026-09-01 14:37:23"
"hixny","HECHLR","60","0","60","2026-06-28 18:34:41"
"hixny","HECOAI","59","0","59","2026-08-14 21:04:34"
"hixny","WMCOPDSPINEDOC","59","0","59","2026-08-13 00:28:16"
"hixny","WMCAPSIPPODOC","58","0","58","2026-08-28 09:52:20"
"hixny","HECMP","57","0","57","2026-08-20 06:17:59"
"hixny","WMCOPDPEDORDOC","57","0","57","2026-08-21 09:23:44"
"hixny","SPHPNRCDOC","56","0","56","2026-06-25 10:00:06"
"hixny","HECCMA","51","0","51","2026-06-10 21:33:51"
"hixny","CMHRHEUM","50","0","50","2026-09-01 21:30:28"
"hixny","HECPS","49","0","49","2026-08-19 05:38:06"
"hixny","SMHASTJOHN","46","0","46","2026-08-27 06:34:30"
"hixny","DAYEMS","45","0","45","2026-08-27 19:50:36"
"hixny","SPACPEWCCARDOC","44","0","44","2026-08-17 00:10:20"
"hixny","SPMEAOBGYNDOC","44","0","44","2026-09-01 04:07:11"
"hixny","AHMCGASTRO","36","0","36","2026-07-18 11:37:12"
"hixny","HECRJW","36","0","36","2026-08-25 04:00:06"
"hixny","WMCOPDSTRODOC","33","0","33","2026-08-08 06:25:16"
"hixny","SPALEEGDOC","33","0","33","2026-09-01 07:09:34"
"hixny","HECCVP","30","0","30","2026-06-25 07:33:11"
"hixny","SPCCTBRUSDOC","30","0","30","2026-07-09 04:59:56"
"hixny","HECRCDOMH","28","0","28","2026-08-20 06:10:52"
"hixny","HECCNYAAC","28","0","28","2026-07-18 05:53:01"
"hixny","SMHAIPRE","28","0","28","2026-08-31 16:25:20"
"hixny","SPGYNGYNDOC","27","0","27","2026-08-08 19:58:53"
"hixny","WMCAPSTAVNWDOC","27","0","27","2026-08-18 09:54:44"
"hixny","AMHSAOPH","26","0","26","2026-08-18 22:56:25"
"hixny","SPRINGBROOK","26","0","26","2026-08-14 19:27:49"
"hixny","HECNPAM","26","0","26","2026-07-30 06:23:59"
"hixny","WMCOPDMSDOC","26","0","26","2026-08-22 04:01:43"
"hixny","GFHWELL","25","0","25","2026-05-28 16:48:38"
"hixny","SHGERI","25","0","25","2026-08-16 13:55:25"
"hixny","HECSGMG","24","0","24","2026-08-20 05:08:31"
"hixny","HECFFM","23","0","23","2026-08-17 01:41:28"
"hixny","WMCOPDNEURMDOC","21","0","21","2026-08-18 09:30:51"
"hixny","SPRSBOBGYNVDOC","19","0","19","2026-08-13 19:23:07"
"hixny","HECIMI","18","0","18","2026-08-02 06:19:36"
"hixny","SPCDICDMEDDOC","16","0","16","2026-08-12 10:32:17"
"hixny","WMCOPDPEDNUDOC","16","0","16","2026-08-28 08:14:44"
"hixny","SMHAMONITORDOC","13","0","13","2026-08-28 05:21:10"
"hixny","HECGFP","13","0","13","2026-08-13 04:05:04"
"hixny","HECPAHC","13","0","13","2026-07-09 06:35:48"
"hixny","EDDYVGBDOC","12","0","12","2026-07-31 12:24:01"
"hixny","WMCOPDCOLSUDOC","12","0","12","2026-08-20 08:53:43"
"hixny","CVPHSNFDOC","11","0","11","2026-08-04 03:31:51"
"hixny","AMHSAORT","10","0","10","2026-08-14 15:30:22"
"hixny","HECCHPMPC","9","0","9","2026-08-10 13:34:33"
"hixny","HECBFP","8","0","8","2026-07-12 06:48:37"
"hixny","HECFMP","7","0","7","2026-06-12 07:20:39"
"hixny","WMCAPSHYPHADOC","6","0","6","2026-07-18 14:18:28"
"hixny","SPTWBHEMONCDOC","4","0","4","2026-05-26 23:14:33"
"hixny","PAPLIMAGEDOC","4","0","4","2026-08-21 12:59:08"
"hixny","HECSLP","4","0","4","2026-06-25 05:22:48"
"hixny","ESCLTBHDOC","4","0","4","2026-08-18 18:47:24"
"hixny","AMGPCCACC","3","0","3","2026-06-22 17:44:43"
"hixny","HECCAHA","3","0","3","2026-05-09 21:32:57"
"hixny","PAPLIMAGCPDOC","2","0","2","2026-07-21 17:44:54"
"hixny","SHSLM","2","0","2","2026-05-29 18:20:47"
"hixny","GRANDCHESPADOC","2","0","2","2026-07-23 14:30:24"
"hixny","GHBHCLNC","2","0","2","2026-07-17 15:59:46"
"hixny","SPMEAFETAL2DOC","2","0","2","2026-08-13 05:08:01"
"hixny","SHMSHALCDOC","2","0","2","2026-08-01 16:08:33"
"hixny","HECDDMCNY","2","0","2","2026-05-12 09:31:08"
"hixny","ELLSNC","1","0","1","2026-06-11 12:25:23"
"hixny","HECBO","1","0","1","2026-05-04 05:56:07"
"hixny","ELLSENDIMC","1","0","1","2026-08-17 07:37:27"
"hixny","AHMCWALKIN","1","0","1","2026-08-19 22:29:50"
"hixny","ELLSPCBS","1","0","1","2026-05-09 08:08:11"
"hixny","OTSEGOCO","1","0","1","2026-08-04 18:53:51"
"hixny","ELLSPCP","1","0","1","2026-07-30 08:03:12"
"hixny","HECWPS","1","0","1","2026-08-09 04:20:02"
"hixny","SPHPSPARC","0","295","295","2026-09-01 18:19:43"
"hixny","PAPL","0","37373","37373","2026-09-01 23:56:15"
"hixny","FAHC","0","63038","63038","2026-09-01 23:56:16"
"hixny","WMCAPSORTHA","0","2","2","2026-07-17 16:13:07"
"hixny","ELLS","0","69278","69278","2026-09-01 23:55:59"
"hixny","BURDETTBIRTH","0","1023","1023","2026-09-01 18:45:11"
"hixny","AMAL","0","18481","18481","2026-09-01 23:48:40"
"hixny","WMCBSCH","0","36765","36765","2026-09-01 23:42:49"
"hixny","WMCAPSOBSU","0","1","1","2026-06-05 14:05:33"
"hixny","MIB","0","54079","54079","2026-09-01 23:56:00"
"hixny","SHURGHL7","0","14067","14067","2026-09-01 23:15:27"
"hixny","WMCMHRH","0","43188","43188","2026-09-01 23:56:27"
"hixny","SRPL","0","1047","1047","2026-09-01 21:22:05"
"hixny","SMHA","0","14494","14494","2026-09-01 23:59:56"
"hixny","RRHRHS","0","51177","51177","2026-09-01 23:46:33"
"hixny","TCHOSCR","0","117","117","2026-09-01 16:26:55"
"hixny","ECHOPED","0","3881","3881","2026-09-01 23:15:13"
"hixny","WMCMFKIDHOS","0","4867","4867","2026-09-01 23:50:22"
"hixny","WMCAPSURLHA","0","1","1","2026-06-05 12:50:24"
"hixny","ECHTIOPED","0","3501","3501","2026-09-01 22:44:50"
"hixny","WMCMONITOR","0","223","223","2026-09-01 18:28:15"
"hixny","AMHSSCC","0","12","12","2026-08-29 11:57:25"
"hixny","STPL","0","33457","33457","2026-09-01 23:47:21"
"hixny","SPALENDO","0","2","2","2026-06-25 20:01:52"
"hixny","RRHMONITOR","0","3931","3931","2026-09-01 23:38:37"
"hixny","AMHSMONITOR","0","1643","1643","2026-09-01 11:40:34"
"hixny","CMHAMHS","0","16265","16265","2026-09-01 23:47:16"
"hixny","SPHPMONITOR","0","6","6","2026-08-27 05:46:34"
"hixny","WMCBSSACH","0","19925","19925","2026-09-01 23:59:58"
"hixny","RRHCPH","0","12180","12180","2026-09-01 23:51:59"
"hixny","WMCAPSNSHA","0","1","1","2026-06-21 03:42:18"
"hixny","WMCOPDDENTA","0","1","1","2026-05-28 01:03:44"
"hixny","SNTRCATHLAB","0","26","26","2026-08-26 10:44:41"
"hixny","WMCOPDGENSU","0","6","6","2026-07-15 16:12:43"
"hixny","WMCNW","0","15","15","2026-07-28 01:26:46"
"hixny","AHMCED","0","9660","9660","2026-09-01 23:22:08"
"hixny","AMHSAMCH","0","62896","62896","2026-09-01 23:50:46"
"hixny","RRHMH","0","6948","6948","2026-09-01 23:45:19"
"hixny","WMC","0","77093","77093","2026-09-01 23:56:41"
"hixny","RRHCSH","0","7371","7371","2026-09-01 23:46:22"
"hixny","ADIRMED","0","10552","10552","2026-09-01 22:53:23"
"hixny","CVPHSNF","0","11","11","2026-08-11 03:18:08"
"hixny","PAPLBIRTH","0","3937","3937","2026-09-01 22:40:02"
"hixny","RRHUMMC","0","13335","13335","2026-09-01 23:50:29"
"hixny","GFHAMHS","0","29703","29703","2026-09-01 23:49:48"
"hixny","SHAMHS","0","30857","30857","2026-09-01 23:21:00"
"hixny","HAHVTKHBC","0","3","3","2026-07-12 20:23:27"
"hixny","NLI","0","10953","10953","2026-09-01 23:47:35"
"hixny","WMCBSMGGSH","0","53150","53150","2026-09-01 23:51:36"
"hixny","SHEMERGHL7","0","28188","28188","2026-09-01 23:45:16"
"hixny","UVMHNMONITOR","0","688","688","2026-09-01 21:21:01"
"hixny","SPSWCWELL","0","2","2","2026-07-17 15:08:38"
"hixny","RRHGH","0","4112","4112","2026-09-01 23:47:06"
"hixny","RRHUHS","0","32115","32115","2026-09-01 23:46:12"
"hixny","RRHNWH","0","11878","11878","2026-09-01 23:49:47"
"hixny","CVPHED","0","24098","24098","2026-09-01 23:43:40"
"hixny","WMCAPSENTAR","0","1","1","2026-07-16 17:55:21"
"rochester","UR0153","375662","0","375662","2026-09-01 14:30:26"
"rochester","FMP2","252961","0","252961","2026-08-28 02:59:22"
"rochester","HHUNY","218282","0","218282","2026-09-01 20:12:07"
"rochester","OOCHC","78588","0","78588","2026-09-01 09:25:42"
"rochester","RRH453","62768","0","62768","2026-08-31 13:16:27"
"rochester","MCHCCD","62428","0","62428","2026-09-01 23:59:56"
"rochester","TRMMPC","61240","0","61240","2026-09-01 18:18:58"
"rochester","ECC2","50683","0","50683","2026-08-28 02:59:06"
"rochester","UR0064","46792","0","46792","2026-09-01 11:42:49"
"rochester","LTCH","45607","0","45607","2026-09-01 23:53:52"
"rochester","RR633","39082","0","39082","2026-09-01 23:58:57"
"rochester","AJHC","39012","0","39012","2026-09-01 10:05:19"
"rochester","EPEDS2","37880","0","37880","2026-08-28 02:47:10"
"rochester","WFC2","37743","0","37743","2026-08-28 02:56:46"
"rochester","UR2098","35797","0","35797","2026-09-01 23:28:18"
"rochester","UR0908","32067","0","32067","2026-09-01 03:04:02"
"rochester","PPG","32029","0","32029","2026-08-28 02:46:12"
"rochester","GVOBP","31590","0","31590","2026-08-28 02:59:11"
"rochester","UR1384","30081","0","30081","2026-08-31 22:51:25"
"rochester","UR2364","29909","0","29909","2026-08-31 18:46:49"
"rochester","RR657","29834","0","29834","2026-09-01 23:57:10"
"rochester","UR2187","29743","0","29743","2026-09-01 11:42:19"
"rochester","LENTA","21328","0","21328","2026-09-01 12:50:01"
"rochester","GAR2","20740","0","20740","2026-08-28 02:58:38"
"rochester","PPEDS2","20703","0","20703","2026-08-28 02:45:48"
"rochester","UR2101","20559","0","20559","2026-09-01 23:48:02"
"rochester","UR0324","19474","0","19474","2026-09-01 21:03:26"
"rochester","TFM","19400","0","19400","2026-08-30 17:10:35"
"rochester","UR0333","19003","0","19003","2026-09-01 21:52:31"
"rochester","FP2","18669","0","18669","2026-08-28 02:48:27"
"rochester","SOGPC2","18066","0","18066","2026-08-28 02:48:43"
"rochester","UR2062","17920","0","17920","2026-09-01 23:58:21"
"rochester","UR0312","17152","0","17152","2026-09-01 22:52:06"
"rochester","UR0015","16950","0","16950","2026-09-01 23:51:21"
"rochester","RRH247","16894","0","16894","2026-09-01 23:58:49"
"rochester","RR658","16806","0","16806","2026-09-01 16:19:09"
"rochester","UR0206","16689","0","16689","2026-09-01 23:40:19"
"rochester","WPG2","16466","0","16466","2026-08-28 02:58:45"
"rochester","RR475","16421","0","16421","2026-09-01 23:13:34"
"rochester","UR1825","16250","0","16250","2026-09-01 03:04:04"
"rochester","WNPG","16086","0","16086","2026-08-28 02:55:26"
"rochester","RRH959","15530","0","15530","2026-09-01 23:40:20"
"rochester","UR2168","15236","0","15236","2026-09-01 23:58:20"
"rochester","UR0415","15105","0","15105","2026-09-01 15:56:24"
"rochester","UR2331","14850","0","14850","2026-09-01 23:34:38"
"rochester","TCPED2","14792","0","14792","2026-08-28 02:44:08"
"rochester","UR1523","14603","0","14603","2026-09-01 03:04:00"
"rochester","SIMA","14600","0","14600","2026-08-27 23:13:47"
"rochester","UR0125","14526","0","14526","2026-09-01 23:57:09"
"rochester","UR2060","14441","0","14441","2026-09-01 23:58:24"
"rochester","WCCHS2","14375","0","14375","2026-08-28 02:59:31"
"rochester","UR2366","14359","0","14359","2026-09-01 23:55:18"
"rochester","RRH267","14249","0","14249","2026-08-31 12:58:25"
"rochester","UR0319","14204","0","14204","2026-09-01 23:48:01"
"rochester","LPP2","14192","0","14192","2026-08-28 02:45:51"
"rochester","RRH465","14048","0","14048","2026-09-01 03:20:00"
"rochester","UR2059","13834","0","13834","2026-09-01 23:57:10"
"rochester","RRH425","13832","0","13832","2026-09-01 23:36:08"
"rochester","UR0414","13816","0","13816","2026-09-01 22:15:35"
"rochester","UR1177","13742","0","13742","2026-09-01 22:51:26"
"rochester","UR0666","13565","0","13565","2026-09-01 02:23:33"
"rochester","UR1795","13423","0","13423","2026-09-01 23:31:15"
"rochester","RRH127","13328","0","13328","2026-08-31 12:58:51"
"rochester","CCFM","13266","0","13266","2026-08-27 23:24:59"
"rochester","UR1522","13172","0","13172","2026-09-01 03:02:33"
"rochester","UR0016","13130","0","13130","2026-09-01 23:53:47"
"rochester","UR1361","13076","0","13076","2026-09-01 17:37:05"
"rochester","UR0661","12981","0","12981","2026-08-31 22:52:55"
"rochester","UR2112","12972","0","12972","2026-08-31 20:07:34"
"rochester","UR2265","12934","0","12934","2026-08-31 22:52:53"
"rochester","UR1492","12915","0","12915","2026-08-31 19:20:53"
"rochester","UR2057","12876","0","12876","2026-09-01 23:58:19"
"rochester","RRH472","12828","0","12828","2026-08-29 08:23:20"
"rochester","UR0891","12690","0","12690","2026-08-31 22:43:57"
"rochester","UR2056","12634","0","12634","2026-09-01 23:58:57"
"rochester","UR1096","12583","0","12583","2026-09-01 22:32:23"
"rochester","UR0342","12447","0","12447","2026-08-31 23:32:09"
"rochester","RR422","12428","0","12428","2026-08-31 13:15:26"
"rochester","IPEDS2","12388","0","12388","2026-08-28 02:28:55"
"rochester","UR0332","12337","0","12337","2026-09-01 23:57:33"
"rochester","RR264","11952","0","11952","2026-09-01 07:43:51"
"rochester","UR0867","11938","0","11938","2026-09-01 22:52:13"
"rochester","RRH499","11858","0","11858","2026-09-01 23:53:48"
"rochester","UR0334","11778","0","11778","2026-09-01 22:08:09"
"rochester","UR0642","11770","0","11770","2026-09-01 21:23:21"
"rochester","UR0217","11667","0","11667","2026-09-01 23:47:57"
"rochester","ESP2","11618","0","11618","2026-08-28 02:53:27"
"rochester","UR2065","11605","0","11605","2026-09-01 23:55:24"
"rochester","ROCO","11577","0","11577","2026-08-28 02:54:38"
"rochester","UR0885","11487","0","11487","2026-09-01 23:19:19"
"rochester","UR0652","11395","0","11395","2026-08-31 22:49:14"
"rochester","RR198","11286","0","11286","2026-08-31 13:16:25"
"rochester","UR0726","11279","0","11279","2026-08-31 22:45:00"
"rochester","UR0212","11258","0","11258","2026-09-01 23:33:36"
"rochester","UR0158","11241","0","11241","2026-08-31 23:16:45"
"rochester","UR2301","11200","0","11200","2026-09-01 00:25:49"
"rochester","ALIMS2","11012","0","11012","2026-09-01 20:12:07"
"rochester","RRH405","10983","0","10983","2026-09-01 23:39:11"
"rochester","GGHCCD","10978","0","10978","2026-08-14 18:47:26"
"rochester","UR2113","10834","0","10834","2026-09-01 21:03:16"
"rochester","UR1659","10672","0","10672","2026-08-31 22:18:49"
"rochester","WPEDS2","10640","0","10640","2026-08-28 02:46:31"
"rochester","UR0871","10637","0","10637","2026-08-31 22:51:08"
"rochester","UR2063","10622","0","10622","2026-09-01 23:55:25"
"rochester","SBP","10602","0","10602","2026-08-30 15:17:46"
"rochester","RRH311","10565","0","10565","2026-09-01 23:22:31"
"rochester","RR623","10558","0","10558","2026-09-01 23:19:09"
"rochester","RR301","10479","0","10479","2026-09-01 23:46:49"
"rochester","UR0494","10453","0","10453","2026-09-01 23:55:19"
"rochester","UR1187","10445","0","10445","2026-08-31 22:40:57"
"rochester","NAR2","10303","0","10303","2026-08-28 01:09:28"
"rochester","RRH595","10277","0","10277","2026-08-29 08:57:48"
"rochester","UR0732","10275","0","10275","2026-08-31 22:52:00"
"rochester","UR0398","10224","0","10224","2026-09-01 23:39:11"
"rochester","RRH270","10179","0","10179","2026-08-31 13:14:35"
"rochester","UR0901","10158","0","10158","2026-09-01 23:40:17"
"rochester","UR2341","10120","0","10120","2026-08-31 22:49:55"
"rochester","RRH368","10060","0","10060","2026-09-01 02:41:56"
"rochester","RRH545","10054","0","10054","2026-08-30 02:59:17"
"rochester","RR578","9994","0","9994","2026-09-01 23:40:17"
"rochester","UR0164","9943","0","9943","2026-09-01 23:40:20"
"rochester","UR1992","9788","0","9788","2026-09-01 23:58:23"
"rochester","UR0842","9782","0","9782","2026-08-31 22:59:21"
"rochester","UR2100","9720","0","9720","2026-09-01 23:48:06"
"rochester","UR0272","9628","0","9628","2026-09-01 18:07:47"
"rochester","UR2295","9605","0","9605","2026-08-31 22:50:45"
"rochester","RR742","9563","0","9563","2026-09-01 07:43:41"
"rochester","RRH340","9534","0","9534","2026-09-01 02:20:55"
"rochester","UR0646","9506","0","9506","2026-09-01 23:24:19"
"rochester","RRH091","9456","0","9456","2026-09-01 18:55:19"
"rochester","MARC","9380","0","9380","2026-08-27 22:56:39"
"rochester","UR0780","9329","0","9329","2026-09-01 22:13:16"
"rochester","RRH262","9296","0","9296","2026-09-01 21:15:23"
"rochester","KFP2","9255","0","9255","2026-08-28 01:47:12"
"rochester","RR92","9174","0","9174","2026-08-31 13:13:29"
"rochester","RR744","9118","0","9118","2026-08-29 08:36:54"
"rochester","RCRS2","9081","0","9081","2026-08-28 02:58:11"
"rochester","UR0174","9027","0","9027","2026-09-01 22:34:18"
"rochester","UR0245","8868","0","8868","2026-09-01 00:33:51"
"rochester","UR0627","8779","0","8779","2026-08-31 22:50:48"
"rochester","RR259","8778","0","8778","2026-08-29 08:37:21"
"rochester","MOSH","8746","0","8746","2026-09-01 12:59:22"
"rochester","RBAS2","8732","0","8732","2026-08-28 02:59:16"
"rochester","UR0680","8688","0","8688","2026-08-31 19:55:04"
"rochester","UR1946","8596","0","8596","2026-09-01 00:30:42"
"rochester","RRH556","8515","0","8515","2026-09-01 02:48:14"
"rochester","UR0175","8483","0","8483","2026-08-31 21:27:53"
"rochester","UR0648","8466","0","8466","2026-09-01 16:18:56"
"rochester","UR0870","8449","0","8449","2026-08-31 08:57:53"
"rochester","UR0673","8447","0","8447","2026-09-01 11:42:24"
"rochester","RR577","8447","0","8447","2026-09-01 23:36:10"
"rochester","ERPA","8440","0","8440","2026-06-22 11:39:04"
"rochester","RRH542","8390","0","8390","2026-09-01 23:55:27"
"rochester","UR0838","8376","0","8376","2026-08-31 21:53:07"
"rochester","RRH275","8352","0","8352","2026-09-01 11:43:19"
"rochester","RR626","8327","0","8327","2026-08-29 08:44:46"
"rochester","UR1155","8297","0","8297","2026-08-31 21:01:53"
"rochester","UR0757","8266","0","8266","2026-08-31 22:03:55"
"rochester","RRH367","8262","0","8262","2026-08-29 17:29:50"
"rochester","UR0370","8216","0","8216","2026-08-31 22:52:36"
"rochester","UR2171","8163","0","8163","2026-08-30 09:33:21"
"rochester","UR2185","8133","0","8133","2026-08-31 22:57:45"
"rochester","RR448","8048","0","8048","2026-09-01 22:05:09"
"rochester","RR803","8045","0","8045","2026-08-29 08:15:40"
"rochester","RR367","7993","0","7993","2026-08-29 08:51:57"
"rochester","RR401","7986","0","7986","2026-09-01 23:55:19"
"rochester","UR2061","7963","0","7963","2026-09-01 23:40:24"
"rochester","RRH380","7924","0","7924","2026-09-01 23:58:20"
"rochester","UR0421","7911","0","7911","2026-08-31 23:28:29"
"rochester","RR746","7899","0","7899","2026-09-01 20:45:27"
"rochester","RR572","7872","0","7872","2026-08-28 22:22:47"
"rochester","RRH706","7860","0","7860","2026-08-29 19:52:45"
"rochester","RRH410","7783","0","7783","2026-09-01 22:32:29"
"rochester","UR0887","7778","0","7778","2026-09-01 23:53:48"
"rochester","UR2119","7702","0","7702","2026-08-31 22:40:31"
"rochester","UR2311","7619","0","7619","2026-08-31 22:23:12"
"rochester","UR1945","7606","0","7606","2026-08-31 22:49:53"
"rochester","RRH596","7605","0","7605","2026-09-01 06:07:10"
"rochester","UR2386","7590","0","7590","2026-09-01 23:14:16"
"rochester","RR370","7559","0","7559","2026-08-29 13:59:22"
"rochester","UR2025","7541","0","7541","2026-08-31 19:58:40"
"rochester","RR45","7453","0","7453","2026-09-01 08:28:19"
"rochester","UR1312","7451","0","7451","2026-09-01 11:42:37"
"rochester","UR2300","7449","0","7449","2026-08-31 23:12:18"
"rochester","RR60","7440","0","7440","2026-09-01 22:51:20"
"rochester","UR2058","7397","0","7397","2026-09-01 23:00:47"
"rochester","UR0308","7395","0","7395","2026-08-31 19:51:28"
"rochester","RRH622","7391","0","7391","2026-08-29 08:22:10"
"rochester","RRH371","7390","0","7390","2026-08-29 23:01:59"
"rochester","RRH466","7381","0","7381","2026-08-30 10:20:57"
"rochester","RRH969","7354","0","7354","2026-09-01 23:53:45"
"rochester","UR0341","7287","0","7287","2026-08-30 21:41:49"
"rochester","GRN","7283","0","7283","2026-08-28 02:48:19"
"rochester","UR0430","7273","0","7273","2026-08-31 22:46:09"
"rochester","UR0232","7227","0","7227","2026-08-31 22:50:15"
"rochester","UR2177","7221","0","7221","2026-08-31 20:18:29"
"rochester","UR0475","7197","0","7197","2026-09-01 16:48:39"
"rochester","SCCCC","7180","0","7180","2026-08-27 23:07:30"
"rochester","RRH365","7160","0","7160","2026-08-29 18:41:28"
"rochester","RRH600","7146","0","7146","2026-09-01 16:17:38"
"rochester","RR563","7120","0","7120","2026-09-01 23:44:20"
"rochester","UR0402","7098","0","7098","2026-08-31 21:51:06"
"rochester","UR1494","7065","0","7065","2026-08-31 22:52:31"
"rochester","RRH254","7064","0","7064","2026-09-01 06:09:38"
"rochester","UR1816","7063","0","7063","2026-08-31 22:44:07"
"rochester","UR2179","7052","0","7052","2026-08-30 09:09:25"
"rochester","UR1762","6990","0","6990","2026-09-01 23:58:47"
"rochester","RR669","6946","0","6946","2026-08-31 12:58:49"
"rochester","UR2411","6908","0","6908","2026-09-01 23:55:21"
"rochester","OCMH","6872","0","6872","2026-08-27 23:07:40"
"rochester","UR0437","6847","0","6847","2026-09-01 23:22:05"
"rochester","UR2208","6846","0","6846","2026-08-31 22:39:09"
"rochester","RRH338","6837","0","6837","2026-08-31 23:47:55"
"rochester","RRH129","6827","0","6827","2026-09-01 23:29:51"
"rochester","RR51","6806","0","6806","2026-08-29 07:55:57"
"rochester","UR0457","6796","0","6796","2026-08-31 21:10:38"
"rochester","TRMPED","6783","0","6783","2026-09-01 19:06:40"
"rochester","UR2387","6755","0","6755","2026-08-31 22:40:45"
"rochester","RR166","6720","0","6720","2026-09-01 19:54:00"
"rochester","RRH268","6697","0","6697","2026-08-31 12:08:00"
"rochester","RRH142","6686","0","6686","2026-09-01 23:51:20"
"rochester","UR0710","6673","0","6673","2026-08-31 22:50:56"
"rochester","RRH307","6617","0","6617","2026-09-01 23:29:51"
"rochester","RRH376","6612","0","6612","2026-08-29 21:16:27"
"rochester","RR770","6604","0","6604","2026-08-29 21:42:05"
"rochester","UR2188","6568","0","6568","2026-09-01 01:55:13"
"rochester","UR0856","6542","0","6542","2026-08-31 22:50:22"
"rochester","UR0836","6531","0","6531","2026-08-31 22:40:48"
"rochester","RRH592","6498","0","6498","2026-09-01 21:50:05"
"rochester","RRH564","6465","0","6465","2026-08-29 08:49:57"
"rochester","UR0368","6431","0","6431","2026-08-31 19:19:27"
"rochester","RR283","6427","0","6427","2026-08-30 03:15:50"
"rochester","RR349","6374","0","6374","2026-09-01 12:44:27"
"rochester","RRH150","6357","0","6357","2026-08-31 12:59:24"
"rochester","UR0631","6337","0","6337","2026-08-31 20:29:25"
"rochester","UR1194","6310","0","6310","2026-09-01 22:51:32"
"rochester","UR1787","6299","0","6299","2026-08-30 07:28:10"
"rochester","RR704","6289","0","6289","2026-09-01 21:26:39"
"rochester","GKM2","6282","0","6282","2026-08-28 02:58:34"
"rochester","UR0833","6212","0","6212","2026-08-31 09:01:04"
"rochester","UR0914","6194","0","6194","2026-08-30 17:16:47"
"rochester","RR389","6192","0","6192","2026-09-01 10:25:08"
"rochester","RRH030","6172","0","6172","2026-08-31 12:33:46"
"rochester","RR652","6139","0","6139","2026-09-01 16:19:39"
"rochester","UR0132","6123","0","6123","2026-09-01 22:39:59"
"rochester","UR0124","6112","0","6112","2026-08-31 19:34:34"
"rochester","UR0425","6090","0","6090","2026-08-31 21:55:00"
"rochester","RR639","6056","0","6056","2026-08-29 04:21:07"
"rochester","UR0676","6045","0","6045","2026-08-31 08:36:29"
"rochester","RRH590","6043","0","6043","2026-09-01 00:48:49"
"rochester","RRH667","6040","0","6040","2026-08-29 08:07:20"
"rochester","UR2181","6037","0","6037","2026-08-31 22:56:43"
"rochester","UR0131","6009","0","6009","2026-08-31 22:54:33"
"rochester","LGPED2","5976","0","5976","2026-08-28 02:31:04"
"rochester","UR1768","5955","0","5955","2026-09-01 23:15:27"
"rochester","RRH801","5932","0","5932","2026-08-30 02:22:18"
"rochester","UR0878","5920","0","5920","2026-08-31 22:40:45"
"rochester","RRH618","5904","0","5904","2026-08-29 03:45:50"
"rochester","UR1723","5893","0","5893","2026-09-01 23:39:16"
"rochester","RR353","5841","0","5841","2026-08-30 10:26:28"
"rochester","OAFM","5834","0","5834","2026-08-28 02:52:59"
"rochester","ORLCH","5805","0","5805","2026-08-29 14:15:25"
"rochester","RR625","5776","0","5776","2026-09-01 03:22:14"
"rochester","RR381","5765","0","5765","2026-09-01 12:42:28"
"rochester","UR1332","5744","0","5744","2026-08-31 19:36:58"
"rochester","RR570","5727","0","5727","2026-09-01 12:55:47"
"rochester","RR473","5688","0","5688","2026-08-29 07:55:31"
"rochester","UR2176","5653","0","5653","2026-08-31 21:19:11"
"rochester","ESL","5626","0","5626","2026-08-17 08:01:11"
"rochester","RRH620","5621","0","5621","2026-08-29 17:46:29"
"rochester","UR0424","5582","0","5582","2026-08-31 22:37:13"
"rochester","RRH382","5563","0","5563","2026-09-01 09:42:07"
"rochester","UR1733","5527","0","5527","2026-09-01 21:25:26"
"rochester","RRH369","5491","0","5491","2026-08-29 20:31:40"
"rochester","RR162","5459","0","5459","2026-09-01 22:01:56"
"rochester","UR0779","5454","0","5454","2026-08-31 20:58:19"
"rochester","UR2306","5445","0","5445","2026-09-01 23:40:25"
"rochester","RRH619","5439","0","5439","2026-09-01 01:14:00"
"rochester","UR1154","5422","0","5422","2026-09-01 21:59:46"
"rochester","RRH941","5417","0","5417","2026-09-01 23:44:16"
"rochester","UR1938","5398","0","5398","2026-09-01 23:55:24"
"rochester","UR2184","5390","0","5390","2026-08-31 20:15:33"
"rochester","UR2382","5335","0","5335","2026-08-31 22:41:37"
"rochester","UR2318","5326","0","5326","2026-08-31 22:49:23"
"rochester","RRH406","5313","0","5313","2026-09-01 09:47:24"
"rochester","RR272","5279","0","5279","2026-08-29 07:38:19"
"rochester","UR1705","5271","0","5271","2026-09-01 23:48:00"
"rochester","GRFM2","5248","0","5248","2026-08-28 02:34:09"
"rochester","RRH304","5238","0","5238","2026-09-01 04:52:15"
"rochester","GNPDS2","5227","0","5227","2026-06-22 10:55:41"
"rochester","MPLLC2","5225","0","5225","2026-08-28 02:37:42"
"rochester","UR1833","5221","0","5221","2026-08-31 20:08:56"
"rochester","UR0278","5216","0","5216","2026-09-01 17:35:46"
"rochester","RRH032","5191","0","5191","2026-09-01 23:33:43"
"rochester","UR0363","5176","0","5176","2026-08-31 22:32:05"
"rochester","UR0450","5175","0","5175","2026-08-30 09:14:06"
"rochester","UR1102","5162","0","5162","2026-08-31 18:28:45"
"rochester","UR2178","5150","0","5150","2026-09-01 20:23:29"
"rochester","UR2215","5145","0","5145","2026-08-31 22:45:02"
"rochester","UR0156","5123","0","5123","2026-08-31 22:44:08"
"rochester","UR1802","5113","0","5113","2026-08-30 08:28:27"
"rochester","UR2351","5083","0","5083","2026-08-31 22:51:06"
"rochester","RR743","5067","0","5067","2026-08-29 08:09:27"
"rochester","RRH397","5036","0","5036","2026-09-01 21:39:49"
"rochester","UR0701","5036","0","5036","2026-09-01 23:41:53"
"rochester","RR153","5013","0","5013","2026-08-29 08:23:21"
"rochester","RR654","5003","0","5003","2026-09-01 23:34:31"
"rochester","UR0860","4990","0","4990","2026-09-01 22:44:21"
"rochester","RR320","4968","0","4968","2026-08-29 08:07:36"
"rochester","UR0620","4952","0","4952","2026-08-31 01:19:28"
"rochester","UR0026","4941","0","4941","2026-08-31 23:53:00"
"rochester","UR0857","4935","0","4935","2026-09-01 00:09:27"
"rochester","UR0539","4934","0","4934","2026-08-31 22:45:49"
"rochester","UR0880","4926","0","4926","2026-08-31 22:51:44"
"rochester","UR0349","4920","0","4920","2026-08-31 22:41:36"
"rochester","RR769","4919","0","4919","2026-09-01 23:58:09"
"rochester","RR351","4848","0","4848","2026-09-01 12:42:22"
"rochester","UR1680","4836","0","4836","2026-08-30 08:14:06"
"rochester","UR2034","4830","0","4830","2026-08-30 14:49:53"
"rochester","RRH378","4827","0","4827","2026-08-29 09:11:24"
"rochester","UR0859","4826","0","4826","2026-08-31 22:45:08"
"rochester","RRH330","4826","0","4826","2026-08-31 12:29:39"
"rochester","RR601","4824","0","4824","2026-09-01 10:36:48"
"rochester","LPED2","4794","0","4794","2026-08-28 02:51:37"
"rochester","UR0675","4738","0","4738","2026-09-01 11:42:30"
"rochester","UR0795","4699","0","4699","2026-08-31 20:15:19"
"rochester","UR0183","4691","0","4691","2026-08-31 22:04:39"
"rochester","JLDOP","4688","0","4688","2026-08-04 20:12:49"
"rochester","UR0323","4680","0","4680","2026-08-31 21:03:28"
"rochester","UR0858","4658","0","4658","2026-08-31 22:05:44"
"rochester","RRH476","4652","0","4652","2026-08-29 08:22:38"
"rochester","USCD","4635","0","4635","2026-09-01 14:34:52"
"rochester","RR133","4623","0","4623","2026-09-01 09:51:10"
"rochester","RRH393","4612","0","4612","2026-08-29 08:15:55"
"rochester","UR2441","4607","0","4607","2026-08-31 21:53:00"
"rochester","UR0168","4598","0","4598","2026-08-31 22:21:31"
"rochester","RR516","4591","0","4591","2026-09-01 23:22:42"
"rochester","UR2413","4590","0","4590","2026-09-01 22:51:58"
"rochester","RR279","4587","0","4587","2026-09-01 04:52:25"
"rochester","UR0934","4579","0","4579","2026-09-01 02:41:56"
"rochester","RR359","4571","0","4571","2026-08-27 20:44:01"
"rochester","RR792","4550","0","4550","2026-09-01 23:55:27"
"rochester","RRH272","4494","0","4494","2026-08-31 12:59:14"
"rochester","RR768","4485","0","4485","2026-08-29 08:08:45"
"rochester","UR0451","4464","0","4464","2026-08-29 21:11:47"
"rochester","UR2036","4448","0","4448","2026-09-01 11:42:02"
"rochester","UR2252","4435","0","4435","2026-08-30 10:12:23"
"rochester","RRH084","4428","0","4428","2026-08-29 08:03:14"
"rochester","UR1706","4419","0","4419","2026-09-01 02:40:40"
"rochester","UR0862","4414","0","4414","2026-08-31 22:44:35"
"rochester","RRH615","4394","0","4394","2026-09-01 04:29:52"
"rochester","UR2180","4390","0","4390","2026-08-30 08:14:09"
"rochester","UR1788","4381","0","4381","2026-08-30 09:59:54"
"rochester","UR2001","4373","0","4373","2026-08-30 08:29:21"
"rochester","GDMP","4369","0","4369","2026-08-28 02:22:56"
"rochester","UR0525","4346","0","4346","2026-09-01 18:55:44"
"rochester","UR0970","4330","0","4330","2026-08-31 22:52:26"
"rochester","UR0694","4315","0","4315","2026-08-31 22:40:29"
"rochester","UR0593","4305","0","4305","2026-08-31 22:56:38"
"rochester","UR0614","4301","0","4301","2026-08-30 08:20:12"
"rochester","UR2144","4255","0","4255","2026-08-31 22:15:25"
"rochester","RRH394","4236","0","4236","2026-08-29 08:43:38"
"rochester","UR2074","4196","0","4196","2026-08-31 22:07:50"
"rochester","RRH412","4179","0","4179","2026-08-29 09:55:30"
"rochester","UR0944","4167","0","4167","2026-08-31 21:41:27"
"rochester","UR0595","4162","0","4162","2026-08-31 20:01:14"
"rochester","RRH792","4150","0","4150","2026-09-01 23:57:09"
"rochester","UR0170","4140","0","4140","2026-09-01 22:01:06"
"rochester","RR605","4135","0","4135","2026-08-29 22:49:15"
"rochester","UR0935","4130","0","4130","2026-09-01 02:39:06"
"rochester","UR1224","4121","0","4121","2026-08-31 19:25:28"
"rochester","UR2310","4119","0","4119","2026-08-31 22:50:14"
"rochester","RRH800","4114","0","4114","2026-09-01 07:19:51"
"rochester","UR2321","4112","0","4112","2026-08-31 20:35:20"
"rochester","UR0681","4081","0","4081","2026-08-31 20:15:51"
"rochester","ARA","4080","0","4080","2026-09-01 11:44:35"
"rochester","MA","4071","0","4071","2026-08-27 21:18:22"
"rochester","RRH387","4058","0","4058","2026-08-29 22:23:49"
"rochester","RRH789","4050","0","4050","2026-08-29 00:57:08"
"rochester","RRH591","4048","0","4048","2026-08-30 06:53:06"
"rochester","RRH336","4024","0","4024","2026-08-31 12:28:57"
"rochester","UR0438","4018","0","4018","2026-08-31 22:58:17"
"rochester","UR0684","4010","0","4010","2026-09-01 23:16:30"
"rochester","RR483","4010","0","4010","2026-08-31 12:58:29"
"rochester","RRH473","3989","0","3989","2026-08-29 08:16:06"
"rochester","UR2143","3957","0","3957","2026-08-31 22:22:55"
"rochester","RRH687","3924","0","3924","2026-08-29 08:15:57"
"rochester","RR785","3916","0","3916","2026-08-31 13:12:37"
"rochester","RR233","3916","0","3916","2026-08-29 20:27:02"
"rochester","UR2099","3910","0","3910","2026-08-31 22:36:04"
"rochester","RRH665","3908","0","3908","2026-09-01 23:33:38"
"rochester","TRMGYN","3899","0","3899","2026-08-31 22:20:38"
"rochester","UR1099","3891","0","3891","2026-08-31 22:58:53"
"rochester","UR0655","3885","0","3885","2026-08-31 07:43:30"
"rochester","UR0464","3884","0","3884","2026-08-31 08:36:37"
"rochester","UR1756","3874","0","3874","2026-09-01 02:41:53"
"rochester","UR2172","3861","0","3861","2026-08-30 08:05:28"
"rochester","RRH613","3860","0","3860","2026-09-01 22:15:45"
"rochester","UR0162","3855","0","3855","2026-09-01 23:53:47"
"rochester","UR2313","3853","0","3853","2026-08-31 22:39:20"
"rochester","UR0768","3830","0","3830","2026-08-31 22:30:52"
"rochester","RR794","3829","0","3829","2026-09-01 22:55:37"
"rochester","RRH510","3819","0","3819","2026-08-31 13:12:53"
"rochester","UR0329","3810","0","3810","2026-08-30 22:29:00"
"rochester","RR706","3800","0","3800","2026-08-31 12:59:39"
"rochester","UR0184","3784","0","3784","2026-09-01 22:15:44"
"rochester","RRH783","3784","0","3784","2026-09-01 04:19:33"
"rochester","RR91","3781","0","3781","2026-08-29 04:35:09"
"rochester","UR0554","3774","0","3774","2026-08-30 09:33:15"
"rochester","UR0283","3747","0","3747","2026-09-01 15:40:55"
"rochester","UR1782","3742","0","3742","2026-09-01 02:42:11"
"rochester","RRH697","3732","0","3732","2026-09-01 13:32:10"
"rochester","RRH547","3727","0","3727","2026-08-29 09:32:25"
"rochester","UR2149","3717","0","3717","2026-09-01 00:36:59"
"rochester","UR0130","3713","0","3713","2026-08-31 21:21:51"
"rochester","RRH339","3694","0","3694","2026-08-29 08:50:05"
"rochester","RR764","3680","0","3680","2026-08-29 08:37:13"
"rochester","UR0035","3675","0","3675","2026-08-31 19:33:06"
"rochester","RRH031","3664","0","3664","2026-09-01 23:40:19"
"rochester","RR371","3659","0","3659","2026-09-01 23:24:26"
"rochester","UR2304","3638","0","3638","2026-08-30 00:43:33"
"rochester","RR326","3635","0","3635","2026-08-29 08:07:41"
"rochester","RRH211","3631","0","3631","2026-09-01 07:44:17"
"rochester","RRH224","3626","0","3626","2026-08-31 23:22:34"
"rochester","UR0138","3613","0","3613","2026-08-30 08:17:58"
"rochester","UR0129","3613","0","3613","2026-08-31 22:14:56"
"rochester","UR2312","3602","0","3602","2026-08-30 08:47:37"
"rochester","UR1295","3599","0","3599","2026-08-31 08:36:11"
"rochester","UR2309","3589","0","3589","2026-08-31 20:41:05"
"rochester","RRH791","3585","0","3585","2026-09-01 13:32:12"
"rochester","UR0932","3570","0","3570","2026-09-01 23:55:26"
"rochester","RR641","3557","0","3557","2026-08-30 06:40:21"
"rochester","RR77","3546","0","3546","2026-08-29 02:52:18"
"rochester","UR2302","3529","0","3529","2026-09-01 14:55:50"
"rochester","UR2090","3514","0","3514","2026-08-30 12:16:00"
"rochester","RR640","3504","0","3504","2026-09-01 16:59:27"
"rochester","UR0561","3502","0","3502","2026-08-30 08:39:58"
"rochester","UR1715","3486","0","3486","2026-08-30 09:43:10"
"rochester","UR2342","3481","0","3481","2026-09-01 22:58:24"
"rochester","UR2126","3462","0","3462","2026-08-31 22:14:53"
"rochester","UR0369","3456","0","3456","2026-08-31 22:43:10"
"rochester","RRH370","3447","0","3447","2026-09-01 22:39:56"
"rochester","RR488","3444","0","3444","2026-09-01 23:55:24"
"rochester","RRH389","3440","0","3440","2026-08-29 09:04:39"
"rochester","RRH049","3431","0","3431","2026-09-01 02:13:51"
"rochester","UR0750","3425","0","3425","2026-09-01 23:40:15"
"rochester","UR1578","3402","0","3402","2026-09-01 21:50:07"
"rochester","RRH381","3393","0","3393","2026-09-01 23:39:13"
"rochester","UR1150","3346","0","3346","2026-08-31 08:35:55"
"rochester","RRH287","3310","0","3310","2026-08-31 12:27:17"
"rochester","UR0848","3310","0","3310","2026-09-01 22:02:05"
"rochester","UR0453","3304","0","3304","2026-08-31 22:17:45"
"rochester","RR372","3299","0","3299","2026-08-29 08:36:25"
"rochester","UR0347","3281","0","3281","2026-08-30 07:51:42"
"rochester","UR0557","3277","0","3277","2026-08-31 22:39:39"
"rochester","RR41","3274","0","3274","2026-08-29 08:14:25"
"rochester","RR608","3252","0","3252","2026-08-29 19:48:29"
"rochester","RRH225","3243","0","3243","2026-09-01 03:49:00"
"rochester","UR0380","3242","0","3242","2026-08-31 22:58:54"
"rochester","UR0302","3235","0","3235","2026-08-31 21:47:30"
"rochester","RR683","3229","0","3229","2026-08-31 12:28:25"
"rochester","RRH373","3227","0","3227","2026-08-29 08:50:35"
"rochester","RRH169","3225","0","3225","2026-08-31 13:13:40"
"rochester","UR2204","3191","0","3191","2026-08-31 21:08:38"
"rochester","RRH716","3190","0","3190","2026-08-29 08:09:31"
"rochester","RR748","3181","0","3181","2026-09-01 08:26:50"
"rochester","UR0936","3181","0","3181","2026-09-01 02:42:04"
"rochester","UR2037","3165","0","3165","2026-09-01 10:00:00"
"rochester","UR0459","3153","0","3153","2026-08-31 22:10:35"
"rochester","UR2406","3153","0","3153","2026-08-28 20:43:20"
"rochester","UR2009","3149","0","3149","2026-09-01 23:03:33"
"rochester","UR0605","3146","0","3146","2026-08-31 23:58:27"
"rochester","HBHS3","3143","0","3143","2026-08-29 14:47:15"
"rochester","SSMHCC","3143","0","3143","2026-08-13 01:34:44"
"rochester","RR656","3137","0","3137","2026-08-29 08:44:46"
"rochester","RRH313","3137","0","3137","2026-09-01 03:37:00"
"rochester","RRH181","3129","0","3129","2026-08-31 12:56:41"
"rochester","RR802","3118","0","3118","2026-08-28 07:24:40"
"rochester","RRH033","3117","0","3117","2026-08-29 12:00:47"
"rochester","RR355","3105","0","3105","2026-08-29 12:08:50"
"rochester","UR1743","3096","0","3096","2026-08-30 17:17:47"
"rochester","RRH517","3082","0","3082","2026-08-31 06:59:36"
"rochester","RR47","3079","0","3079","2026-09-01 01:47:08"
"rochester","UR0617","3070","0","3070","2026-08-31 22:07:44"
"rochester","UR2330","3067","0","3067","2026-08-31 22:50:52"
"rochester","UR1668","3056","0","3056","2026-09-01 01:38:29"
"rochester","RR412","3038","0","3038","2026-08-31 12:29:55"
"rochester","UR0781","3037","0","3037","2026-08-30 07:51:50"
"rochester","UR1160","3034","0","3034","2026-08-29 22:29:42"
"rochester","RRH573","3029","0","3029","2026-08-29 07:50:35"
"rochester","UR0296","3005","0","3005","2026-09-01 02:19:18"
"rochester","UR0275","2991","0","2991","2026-08-30 14:54:22"
"rochester","UR0758","2982","0","2982","2026-08-31 22:50:03"
"rochester","RRH594","2974","0","2974","2026-09-01 18:04:58"
"rochester","UR0586","2968","0","2968","2026-08-31 22:50:20"
"rochester","UR0719","2965","0","2965","2026-08-31 22:40:36"
"rochester","RRH777","2960","0","2960","2026-09-01 23:37:38"
"rochester","UR1571","2953","0","2953","2026-08-31 22:39:14"
"rochester","RR703","2948","0","2948","2026-08-29 08:50:37"
"rochester","GRIM2","2922","0","2922","2026-08-28 02:17:33"
"rochester","UR0983","2916","0","2916","2026-08-30 13:26:03"
"rochester","UR0650","2909","0","2909","2026-08-31 21:15:52"
"rochester","RR237","2908","0","2908","2026-08-23 19:08:35"
"rochester","UR2367","2902","0","2902","2026-08-31 08:12:20"
"rochester","UR0219","2893","0","2893","2026-09-01 23:47:58"
"rochester","RR799","2881","0","2881","2026-09-01 20:52:16"
"rochester","RR376","2875","0","2875","2026-09-01 12:04:30"
"rochester","UR0753","2875","0","2875","2026-09-01 11:42:35"
"rochester","HDCH","2870","0","2870","2026-09-01 12:45:03"
"rochester","UR0653","2855","0","2855","2026-08-30 22:29:11"
"rochester","UR2182","2846","0","2846","2026-08-30 08:31:07"
"rochester","UR0244","2840","0","2840","2026-08-31 22:04:49"
"rochester","RR480","2838","0","2838","2026-08-29 08:07:34"
"rochester","UR1493","2837","0","2837","2026-08-30 07:14:19"
"rochester","UR2316","2835","0","2835","2026-09-01 14:55:49"
"rochester","UR2038","2835","0","2835","2026-08-31 08:36:48"
"rochester","RRH571","2832","0","2832","2026-09-01 20:52:31"
"rochester","UR0462","2832","0","2832","2026-09-01 23:03:22"
"rochester","UR0633","2799","0","2799","2026-08-30 09:26:58"
"rochester","UR2161","2795","0","2795","2026-09-01 21:24:46"
"rochester","RR800","2795","0","2795","2026-08-29 08:36:49"
"rochester","UR0205","2791","0","2791","2026-09-01 22:37:59"
"rochester","RR546","2790","0","2790","2026-08-31 12:28:01"
"rochester","RR387","2781","0","2781","2026-08-29 04:20:00"
"rochester","UR1196","2767","0","2767","2026-08-30 08:28:29"
"rochester","UR0624","2763","0","2763","2026-08-30 08:35:29"
"rochester","UR0177","2752","0","2752","2026-08-31 22:41:30"
"rochester","UR0785","2750","0","2750","2026-08-31 07:27:06"
"rochester","RR446","2740","0","2740","2026-08-31 12:59:34"
"rochester","GREP","2737","0","2737","2026-08-27 03:56:40"
"rochester","RR373","2728","0","2728","2026-08-29 08:08:51"
"rochester","UR0305","2724","0","2724","2026-08-31 19:33:53"
"rochester","UR0127","2718","0","2718","2026-08-30 07:30:20"
"rochester","RRH732","2709","0","2709","2026-09-01 22:20:33"
"rochester","RRH461","2708","0","2708","2026-08-29 08:59:28"
"rochester","UR2305","2708","0","2708","2026-08-31 20:54:56"
"rochester","RR647","2707","0","2707","2026-08-29 08:08:46"
"rochester","RRH062","2702","0","2702","2026-08-31 12:59:33"
"rochester","UR2039","2688","0","2688","2026-08-31 08:12:22"
"rochester","RRH361","2675","0","2675","2026-08-31 12:28:55"
"rochester","UR0804","2668","0","2668","2026-08-31 07:29:10"
"rochester","RR255","2667","0","2667","2026-08-29 09:38:03"
"rochester","RR245","2662","0","2662","2026-08-30 07:36:11"
"rochester","UR2041","2649","0","2649","2026-08-31 22:39:10"
"rochester","UR2222","2645","0","2645","2026-08-31 22:10:40"
"rochester","RR811","2634","0","2634","2026-08-30 06:38:12"
"rochester","UR2536","2627","0","2627","2026-08-31 20:39:06"
"rochester","UR2147","2626","0","2626","2026-08-31 18:54:44"
"rochester","UR0515","2615","0","2615","2026-08-30 08:38:10"
"rochester","UR2365","2603","0","2603","2026-09-01 22:37:58"
"rochester","UR1180","2588","0","2588","2026-08-31 23:51:06"
"rochester","UR0248","2575","0","2575","2026-08-30 22:29:06"
"rochester","RR636","2573","0","2573","2026-09-01 21:34:07"
"rochester","RR435","2572","0","2572","2026-09-01 21:52:50"
"rochester","RR700","2564","0","2564","2026-08-29 07:19:20"
"rochester","RRH162","2559","0","2559","2026-08-29 07:56:02"
"rochester","RR590","2559","0","2559","2026-08-29 07:50:39"
"rochester","UR0366","2556","0","2556","2026-08-30 08:34:08"
"rochester","UR0028","2546","0","2546","2026-08-31 09:14:20"
"rochester","RR648","2546","0","2546","2026-08-29 07:30:47"
"rochester","RRH289","2539","0","2539","2026-08-31 12:58:21"
"rochester","RRH314","2525","0","2525","2026-08-29 05:12:20"
"rochester","UR0933","2517","0","2517","2026-09-01 02:40:28"
"rochester","RRH577","2512","0","2512","2026-08-29 08:14:57"
"rochester","UR1944","2508","0","2508","2026-09-01 22:52:08"
"rochester","UR2011","2506","0","2506","2026-08-30 08:09:11"
"rochester","RR566","2505","0","2505","2026-08-31 12:56:58"
"rochester","RRH521","2502","0","2502","2026-08-31 23:59:58"
"rochester","RRH649","2494","0","2494","2026-08-29 09:12:22"
"rochester","RR432","2493","0","2493","2026-08-31 12:08:35"
"rochester","UR0191","2488","0","2488","2026-08-31 22:13:48"
"rochester","RR772","2482","0","2482","2026-09-01 22:32:26"
"rochester","RRH659","2468","0","2468","2026-09-01 05:54:35"
"rochester","UR1952","2467","0","2467","2026-08-30 08:26:18"
"rochester","UR0513","2465","0","2465","2026-08-31 20:23:38"
"rochester","RR628","2445","0","2445","2026-08-29 12:23:52"
"rochester","UR0656","2440","0","2440","2026-08-31 22:24:51"
"rochester","UR0888","2440","0","2440","2026-08-30 22:28:54"
"rochester","RR478","2438","0","2438","2026-08-29 01:39:27"
"rochester","UR0566","2435","0","2435","2026-08-31 22:06:36"
"rochester","UR0371","2426","0","2426","2026-08-31 08:35:57"
"rochester","RR56","2411","0","2411","2026-08-29 08:38:06"
"rochester","UR1759","2408","0","2408","2026-08-30 08:34:02"
"rochester","RR64","2397","0","2397","2026-08-29 09:11:42"
"rochester","UR1801","2384","0","2384","2026-08-31 07:45:37"
"rochester","UR1667","2382","0","2382","2026-09-01 23:10:05"
"rochester","TRMMBH","2381","0","2381","2026-08-30 07:10:32"
"rochester","RR354","2365","0","2365","2026-08-28 07:24:55"
"rochester","UR1438","2337","0","2337","2026-09-01 23:28:19"
"rochester","UR0715","2336","0","2336","2026-08-30 08:32:10"
"rochester","UR0699","2333","0","2333","2026-08-30 11:56:25"
"rochester","UR1947","2332","0","2332","2026-08-30 08:48:20"
"rochester","UR1482","2306","0","2306","2026-08-31 06:59:58"
"rochester","UR2211","2304","0","2304","2026-08-31 22:49:16"
"rochester","UR2225","2301","0","2301","2026-08-31 22:38:50"
"rochester","RR183","2301","0","2301","2026-08-29 09:13:10"
"rochester","UR0918","2300","0","2300","2026-08-30 07:45:04"
"rochester","UR2166","2296","0","2296","2026-08-31 07:46:50"
"rochester","RRH578","2295","0","2295","2026-08-29 06:14:53"
"rochester","UR2264","2293","0","2293","2026-08-30 06:54:12"
"rochester","UR0154","2287","0","2287","2026-08-31 22:51:30"
"rochester","UR1537","2286","0","2286","2026-08-31 22:01:22"
"rochester","RR653","2266","0","2266","2026-08-29 11:23:57"
"rochester","UR2018","2264","0","2264","2026-08-30 22:29:13"
"rochester","UR2314","2262","0","2262","2026-08-31 19:35:26"
"rochester","UR0194","2259","0","2259","2026-09-01 23:37:39"
"rochester","UR1791","2256","0","2256","2026-08-31 22:08:30"
"rochester","RRH320","2255","0","2255","2026-09-01 23:31:13"
"rochester","UR0218","2253","0","2253","2026-08-30 08:02:40"
"rochester","UR0379","2240","0","2240","2026-08-31 22:25:10"
"rochester","UR1800","2240","0","2240","2026-09-01 11:42:17"
"rochester","UR0466","2240","0","2240","2026-08-31 08:38:07"
"rochester","RR627","2240","0","2240","2026-08-29 08:16:02"
"rochester","UR1823","2236","0","2236","2026-09-01 20:52:20"
"rochester","UR0405","2234","0","2234","2026-08-31 08:10:43"
"rochester","UR1997","2233","0","2233","2026-08-31 22:07:56"
"rochester","RR634","2231","0","2231","2026-09-01 19:53:14"
"rochester","UR1677","2225","0","2225","2026-08-30 13:00:36"
"rochester","CMIHC","2224","0","2224","2026-08-27 21:17:44"
"rochester","UR0877","2224","0","2224","2026-08-31 22:49:13"
"rochester","RRH512","2198","0","2198","2026-09-01 21:41:53"
"rochester","UR1721","2197","0","2197","2026-08-31 21:51:38"
"rochester","UR0683","2179","0","2179","2026-08-31 22:51:11"
"rochester","RRH962","2168","0","2168","2026-08-29 00:55:24"
"rochester","UR2322","2161","0","2161","2026-08-31 21:27:50"
"rochester","UR2429","2161","0","2161","2026-08-30 07:40:38"
"rochester","UR0679","2154","0","2154","2026-08-31 08:36:55"
"rochester","UR0674","2135","0","2135","2026-08-31 08:35:26"
"rochester","RR346","2134","0","2134","2026-09-01 05:08:11"
"rochester","UR0397","2124","0","2124","2026-09-01 11:04:38"
"rochester","UR1988","2123","0","2123","2026-08-31 20:41:33"
"rochester","UR2368","2115","0","2115","2026-09-01 11:42:27"
"rochester","RR611","2115","0","2115","2026-09-01 23:44:15"
"rochester","UR0166","2114","0","2114","2026-08-30 08:39:15"
"rochester","RRH200","2109","0","2109","2026-08-31 12:26:58"
"rochester","UR1569","2106","0","2106","2026-08-31 20:44:29"
"rochester","UR1818","2103","0","2103","2026-08-31 07:43:30"
"rochester","UR0423","2102","0","2102","2026-08-30 08:35:43"
"rochester","RR586","2101","0","2101","2026-08-31 13:15:19"
"rochester","UR1770","2100","0","2100","2026-08-30 17:17:34"
"rochester","RRH202","2091","0","2091","2026-08-31 12:28:27"
"rochester","RR477","2081","0","2081","2026-08-29 15:43:56"
"rochester","RR369","2080","0","2080","2026-09-01 17:51:59"
"rochester","RRH796","2060","0","2060","2026-08-31 12:59:28"
"rochester","RRH576","2053","0","2053","2026-08-28 07:07:55"
"rochester","UR0531","2050","0","2050","2026-08-30 08:42:53"
"rochester","UR0790","2045","0","2045","2026-08-31 07:43:43"
"rochester","UR0133","2042","0","2042","2026-09-01 23:22:44"
"rochester","UR0434","2038","0","2038","2026-08-31 21:52:13"
"rochester","RRH930","2036","0","2036","2026-08-29 09:19:30"
"rochester","UR2156","2035","0","2035","2026-08-30 09:22:28"
"rochester","UR2303","2030","0","2030","2026-08-30 08:40:41"
"rochester","UR2102","2029","0","2029","2026-08-31 22:38:21"
"rochester","UR0550","2022","0","2022","2026-08-31 22:04:51"
"rochester","UR0853","2016","0","2016","2026-08-31 22:59:34"
"rochester","RRH034","2013","0","2013","2026-09-01 23:33:35"
"rochester","RR745","2009","0","2009","2026-08-26 01:07:42"
"rochester","UR2042","1993","0","1993","2026-08-31 08:58:24"
"rochester","UR1744","1991","0","1991","2026-08-31 20:35:21"
"rochester","UR1299","1983","0","1983","2026-09-01 11:42:29"
"rochester","UR0033","1980","0","1980","2026-08-31 08:57:59"
"rochester","UR0776","1979","0","1979","2026-09-01 11:42:20"
"rochester","UR0155","1977","0","1977","2026-08-30 09:13:55"
"rochester","UR0549","1974","0","1974","2026-08-30 08:42:24"
"rochester","RR466","1973","0","1973","2026-08-29 07:30:50"
"rochester","UR0496","1967","0","1967","2026-08-30 10:17:40"
"rochester","UR0152","1967","0","1967","2026-08-30 12:59:15"
"rochester","RRH174","1963","0","1963","2026-08-31 12:58:56"
"rochester","RRH298","1961","0","1961","2026-09-01 23:13:33"
"rochester","UR1490","1960","0","1960","2026-08-30 08:16:26"
"rochester","RR348","1958","0","1958","2026-08-29 12:42:18"
"rochester","UR1630","1953","0","1953","2026-09-01 11:42:17"
"rochester","UR0139","1951","0","1951","2026-08-31 19:35:37"
"rochester","BMPLLC","1945","0","1945","2026-08-30 17:16:37"
"rochester","UR0180","1939","0","1939","2026-08-31 22:16:34"
"rochester","UR1669","1937","0","1937","2026-08-30 11:38:25"
"rochester","UR1189","1927","0","1927","2026-09-01 19:43:54"
"rochester","UR0377","1926","0","1926","2026-08-31 22:44:51"
"rochester","UR2117","1921","0","1921","2026-08-30 09:33:16"
"rochester","RRH960","1919","0","1919","2026-08-29 08:44:31"
"rochester","UR0924","1919","0","1919","2026-08-28 07:55:45"
"rochester","UR2267","1916","0","1916","2026-09-01 18:08:24"
"rochester","UR0802","1915","0","1915","2026-08-30 22:27:58"
"rochester","UR1940","1911","0","1911","2026-08-31 21:15:59"
"rochester","UR2414","1903","0","1903","2026-08-31 21:44:17"
"rochester","UR0165","1898","0","1898","2026-08-30 08:33:27"
"rochester","RR646","1894","0","1894","2026-08-29 08:22:44"
"rochester","RR362","1891","0","1891","2026-08-29 23:02:04"
"rochester","UR0117","1890","0","1890","2026-08-31 08:58:01"
"rochester","UR0043","1887","0","1887","2026-08-30 13:55:09"
"rochester","RR526","1882","0","1882","2026-08-31 11:43:49"
"rochester","RRH390","1877","0","1877","2026-08-29 04:20:36"
"rochester","UR0832","1875","0","1875","2026-08-31 22:33:16"
"rochester","RRH830","1874","0","1874","2026-08-28 07:09:21"
"rochester","UR0407","1873","0","1873","2026-08-31 05:58:34"
"rochester","UR2146","1869","0","1869","2026-08-30 07:44:28"
"rochester","UR0410","1867","0","1867","2026-08-31 20:12:13"
"rochester","RR630","1865","0","1865","2026-08-29 08:15:01"
"rochester","RR790","1860","0","1860","2026-08-28 07:13:54"
"rochester","UR2104","1858","0","1858","2026-08-31 22:38:33"
"rochester","UR0247","1854","0","1854","2026-09-01 07:43:45"
"rochester","UR1666","1848","0","1848","2026-08-31 22:15:37"
"rochester","UR1736","1846","0","1846","2026-09-01 02:40:43"
"rochester","RR644","1839","0","1839","2026-08-29 08:16:32"
"rochester","UR0868","1824","0","1824","2026-08-31 07:01:52"
"rochester","RR624","1822","0","1822","2026-08-29 08:08:57"
"rochester","UR2319","1818","0","1818","2026-08-30 08:52:17"
"rochester","RR57","1809","0","1809","2026-08-29 12:16:49"
"rochester","RR469","1801","0","1801","2026-08-29 20:31:42"
"rochester","UR2359","1795","0","1795","2026-08-30 07:23:28"
"rochester","UR2162","1791","0","1791","2026-08-31 22:37:00"
"rochester","UR1629","1787","0","1787","2026-08-31 08:38:25"
"rochester","UR0254","1771","0","1771","2026-08-31 23:41:55"
"rochester","UR1660","1771","0","1771","2026-08-31 22:15:35"
"rochester","RRH300","1770","0","1770","2026-08-29 08:52:02"
"rochester","RR29","1762","0","1762","2026-08-29 08:08:35"
"rochester","RR665","1761","0","1761","2026-08-31 12:58:42"
"rochester","UR0073","1759","0","1759","2026-08-31 22:44:50"
"rochester","RR638","1757","0","1757","2026-09-01 22:22:24"
"rochester","UR0270","1757","0","1757","2026-08-30 09:14:05"
"rochester","UR0606","1751","0","1751","2026-08-30 22:29:04"
"rochester","RR8","1748","0","1748","2026-08-31 12:27:58"
"rochester","UR0190","1741","0","1741","2026-09-01 22:11:56"
"rochester","RR356","1735","0","1735","2026-09-01 03:19:56"
"rochester","UR0135","1727","0","1727","2026-08-30 10:11:54"
"rochester","UR0350","1715","0","1715","2026-08-30 22:29:10"
"rochester","UR1352","1692","0","1692","2026-09-01 02:42:08"
"rochester","UR0411","1688","0","1688","2026-08-30 07:32:28"
"rochester","RR747","1686","0","1686","2026-08-28 04:21:01"
"rochester","RR613","1683","0","1683","2026-08-29 07:38:05"
"rochester","RR368","1680","0","1680","2026-08-28 07:22:53"
"rochester","UR1998","1678","0","1678","2026-08-30 08:01:18"
"rochester","UR1783","1672","0","1672","2026-08-30 17:16:39"
"rochester","UR0835","1672","0","1672","2026-08-31 22:53:33"
"rochester","UR0273","1671","0","1671","2026-08-31 21:08:26"
"rochester","RR315","1665","0","1665","2026-08-28 07:55:45"
"rochester","UR0048","1661","0","1661","2026-08-31 04:14:04"
"rochester","UR0310","1648","0","1648","2026-08-30 09:10:45"
"rochester","RR385","1647","0","1647","2026-08-29 08:36:36"
"rochester","RRH075","1641","0","1641","2026-08-31 12:04:51"
"rochester","UR0825","1639","0","1639","2026-09-01 22:41:57"
"rochester","RR661","1633","0","1633","2026-08-29 00:47:52"
"rochester","UR0020","1628","0","1628","2026-09-01 22:05:09"
"rochester","UR2080","1614","0","1614","2026-08-30 07:57:49"
"rochester","RRH325","1612","0","1612","2026-08-29 08:38:17"
"rochester","RR531","1607","0","1607","2026-08-31 12:27:59"
"rochester","RRH641","1603","0","1603","2026-08-18 09:38:13"
"rochester","RRH494","1594","0","1594","2026-08-29 07:49:57"
"rochester","UR2124","1592","0","1592","2026-08-31 21:26:05"
"rochester","UR1206","1585","0","1585","2026-09-01 16:10:32"
"rochester","UR0211","1580","0","1580","2026-08-31 22:29:42"
"rochester","UR2197","1560","0","1560","2026-08-30 07:58:43"
"rochester","UR0805","1553","0","1553","2026-09-01 11:42:18"
"rochester","RR292","1553","0","1553","2026-08-29 07:55:50"
"rochester","FARROW","1548","0","1548","2026-08-28 00:14:26"
"rochester","RRH536","1545","0","1545","2026-08-29 15:38:19"
"rochester","UR2381","1542","0","1542","2026-09-01 11:43:14"
"rochester","RRH385","1541","0","1541","2026-08-29 08:58:17"
"rochester","UR0418","1539","0","1539","2026-08-31 03:15:18"
"rochester","UR0171","1536","0","1536","2026-08-30 08:41:33"
"rochester","RRH501","1533","0","1533","2026-09-01 20:23:27"
"rochester","RRH326","1529","0","1529","2026-08-29 06:39:49"
"rochester","UR0950","1522","0","1522","2026-09-01 21:24:56"
"rochester","RR409","1520","0","1520","2026-08-31 10:53:15"
"rochester","UR1628","1517","0","1517","2026-08-30 08:39:23"
"rochester","UR1771","1516","0","1516","2026-08-30 17:09:31"
"rochester","RRH419","1510","0","1510","2026-09-01 22:51:14"
"rochester","UR0704","1509","0","1509","2026-09-01 11:42:00"
"rochester","UR0122","1506","0","1506","2026-08-30 13:56:25"
"rochester","UR0197","1506","0","1506","2026-08-31 22:09:07"
"rochester","UR1826","1505","0","1505","2026-08-30 08:32:38"
"rochester","RR565","1504","0","1504","2026-08-29 19:41:17"
"rochester","RRH563","1503","0","1503","2026-08-29 08:36:02"
"rochester","UR0343","1499","0","1499","2026-08-30 08:32:19"
"rochester","UR2205","1498","0","1498","2026-08-30 22:28:58"
"rochester","RRH171","1497","0","1497","2026-08-31 06:09:45"
"rochester","UR1730","1490","0","1490","2026-08-30 15:18:12"
"rochester","UR1106","1486","0","1486","2026-09-01 02:42:08"
"rochester","RR527","1481","0","1481","2026-08-31 12:28:31"
"rochester","UR1560","1477","0","1477","2026-08-31 22:31:20"
"rochester","RR200","1475","0","1475","2026-08-29 06:21:31"
"rochester","WCFM","1472","0","1472","2026-08-27 08:10:18"
"rochester","UR1707","1471","0","1471","2026-08-30 17:17:45"
"rochester","UR0923","1470","0","1470","2026-09-01 02:42:09"
"rochester","RRH493","1467","0","1467","2026-09-01 23:20:50"
"rochester","UR1738","1466","0","1466","2026-09-01 02:37:31"
"rochester","RR694","1461","0","1461","2026-08-31 12:08:37"
"rochester","UR1722","1457","0","1457","2026-08-30 08:25:48"
"rochester","RRH074","1454","0","1454","2026-08-31 12:59:27"
"rochester","RRH540","1445","0","1445","2026-08-28 15:26:19"
"rochester","RR587","1444","0","1444","2026-08-25 00:23:41"
"rochester","RR361","1436","0","1436","2026-08-28 00:50:08"
"rochester","UR0276","1422","0","1422","2026-08-30 05:42:22"
"rochester","RRH377","1419","0","1419","2026-09-01 04:54:54"
"rochester","UR0516","1418","0","1418","2026-08-30 04:28:30"
"rochester","UR0737","1413","0","1413","2026-08-30 07:47:11"
"rochester","UR0905","1412","0","1412","2026-08-31 19:19:25"
"rochester","RRH302","1411","0","1411","2026-09-01 23:26:43"
"rochester","UR1672","1396","0","1396","2026-08-30 09:06:18"
"rochester","RR470","1386","0","1386","2026-08-29 07:38:22"
"rochester","UR2013","1385","0","1385","2026-08-30 09:00:57"
"rochester","UR1772","1384","0","1384","2026-08-30 17:17:47"
"rochester","UR1708","1377","0","1377","2026-08-30 17:17:04"
"rochester","UR0894","1371","0","1371","2026-08-31 23:32:04"
"rochester","UR0789","1365","0","1365","2026-08-31 22:44:17"
"rochester","GLVH","1361","0","1361","2026-08-29 02:19:09"
"rochester","RRH652","1360","0","1360","2026-08-30 08:33:46"
"rochester","UR1735","1360","0","1360","2026-08-29 16:12:08"
"rochester","RR243","1351","0","1351","2026-08-26 23:59:47"
"rochester","UR1195","1351","0","1351","2026-08-30 07:43:43"
"rochester","RR476","1348","0","1348","2026-08-31 13:13:41"
"rochester","UR0889","1345","0","1345","2026-08-03 09:42:09"
"rochester","UR1097","1342","0","1342","2026-08-29 20:47:31"
"rochester","RRH148","1340","0","1340","2026-08-31 08:57:51"
"rochester","UR1661","1333","0","1333","2026-08-30 11:49:25"
"rochester","UR2377","1330","0","1330","2026-08-30 07:37:05"
"rochester","UR0939","1326","0","1326","2026-08-30 17:10:39"
"rochester","UR2142","1322","0","1322","2026-08-31 22:08:44"
"rochester","RR575","1317","0","1317","2026-09-01 23:48:49"
"rochester","RRH249","1315","0","1315","2026-09-01 11:43:14"
"rochester","RR425","1312","0","1312","2026-08-31 12:29:03"
"rochester","RR568","1309","0","1309","2026-08-31 12:07:00"
"rochester","UR0596","1308","0","1308","2026-08-31 09:15:01"
"rochester","RRH797","1307","0","1307","2026-08-31 12:58:39"
"rochester","UR0161","1306","0","1306","2026-08-31 18:37:27"
"rochester","UR1773","1305","0","1305","2026-08-30 17:16:29"
"rochester","UR1182","1295","0","1295","2026-08-30 08:53:14"
"rochester","RR239","1289","0","1289","2026-08-26 04:47:43"
"rochester","RR331","1288","0","1288","2026-08-28 21:07:32"
"rochester","RRH515","1287","0","1287","2026-08-29 08:10:09"
"rochester","UR0160","1284","0","1284","2026-08-30 06:40:12"
"rochester","UR0793","1284","0","1284","2026-09-01 11:04:44"
"rochester","RRH932","1283","0","1283","2026-08-28 21:16:22"
"rochester","UR0626","1277","0","1277","2026-09-01 11:42:11"
"rochester","UR0025","1270","0","1270","2026-08-31 19:23:12"
"rochester","UR2186","1265","0","1265","2026-09-01 11:28:07"
"rochester","RRH331","1264","0","1264","2026-08-29 15:38:46"
"rochester","RR391","1261","0","1261","2026-08-29 08:23:15"
"rochester","UR0672","1260","0","1260","2026-08-31 08:36:45"
"rochester","UR1987","1257","0","1257","2026-08-31 22:43:54"
"rochester","UR2115","1252","0","1252","2026-08-31 22:24:10"
"rochester","UR1740","1252","0","1252","2026-09-01 02:40:28"
"rochester","RR413","1251","0","1251","2026-08-31 11:42:22"
"rochester","HENP","1251","0","1251","2026-08-27 11:53:37"
"rochester","UR1990","1250","0","1250","2026-08-31 21:57:34"
"rochester","RR637","1249","0","1249","2026-08-29 08:15:45"
"rochester","UR1765","1247","0","1247","2026-08-30 08:35:25"
"rochester","RRH036","1245","0","1245","2026-08-29 06:06:00"
"rochester","RR363","1237","0","1237","2026-08-29 08:38:04"
"rochester","RRH471","1234","0","1234","2026-09-01 04:50:10"
"rochester","UR0034","1231","0","1231","2026-08-31 20:36:17"
"rochester","RRH170","1226","0","1226","2026-08-31 12:59:01"
"rochester","RR552","1223","0","1223","2026-08-28 07:13:17"
"rochester","RRH657","1220","0","1220","2026-08-29 09:45:54"
"rochester","RRH172","1219","0","1219","2026-08-31 06:08:05"
"rochester","UR1414","1213","0","1213","2026-06-13 22:06:22"
"rochester","RRH094","1210","0","1210","2026-09-01 22:01:49"
"rochester","UR2433","1206","0","1206","2026-08-27 23:25:25"
"rochester","RRH233","1203","0","1203","2026-09-01 21:19:20"
"rochester","UR0355","1198","0","1198","2026-08-29 20:34:55"
"rochester","RR810","1192","0","1192","2026-08-29 08:29:18"
"rochester","RRH971","1190","0","1190","2026-09-01 08:16:47"
"rochester","UR0649","1189","0","1189","2026-08-30 22:29:03"
"rochester","UR0167","1187","0","1187","2026-08-31 20:58:38"
"rochester","UR0188","1183","0","1183","2026-08-30 12:41:06"
"rochester","UR0202","1183","0","1183","2026-09-01 21:34:00"
"rochester","UR0548","1179","0","1179","2026-08-31 19:06:17"
"rochester","RR321","1176","0","1176","2026-08-13 07:33:24"
"rochester","UR1751","1176","0","1176","2026-08-30 11:38:26"
"rochester","UR1784","1175","0","1175","2026-08-30 17:16:59"
"rochester","UR0788","1174","0","1174","2026-09-01 22:38:01"
"rochester","UR2308","1173","0","1173","2026-08-30 08:35:39"
"rochester","UR0071","1173","0","1173","2026-08-31 22:29:03"
"rochester","RRH402","1171","0","1171","2026-08-28 06:50:57"
"rochester","PLLC","1168","0","1168","2026-08-28 02:55:09"
"rochester","UR0749","1166","0","1166","2026-08-29 15:30:52"
"rochester","SJNC","1162","0","1162","2026-08-27 03:50:08"
"rochester","UR0951","1161","0","1161","2026-08-31 21:45:50"
"rochester","RR497","1160","0","1160","2026-08-31 12:29:36"
"rochester","UR1277","1160","0","1160","2026-08-30 07:23:46"
"rochester","RR454","1160","0","1160","2026-09-01 07:38:08"
"rochester","RRH374","1157","0","1157","2026-09-01 21:39:50"
"rochester","PRMR","1156","0","1156","2026-08-27 22:05:13"
"rochester","RR395","1152","0","1152","2026-08-29 08:29:25"
"rochester","RRH203","1149","0","1149","2026-08-31 12:30:07"
"rochester","RR410","1142","0","1142","2026-08-31 12:28:12"
"rochester","RR323","1138","0","1138","2026-08-20 23:38:05"
"rochester","RRH288","1135","0","1135","2026-08-31 12:07:38"
"rochester","UR1671","1134","0","1134","2026-08-30 07:56:41"
"rochester","RR779","1132","0","1132","2026-08-31 12:59:05"
"rochester","RR388","1132","0","1132","2026-08-30 07:14:01"
"rochester","UR2067","1131","0","1131","2026-08-31 20:40:36"
"rochester","RR386","1123","0","1123","2026-09-01 22:51:33"
"rochester","RR602","1108","0","1108","2026-09-01 17:30:51"
"rochester","RRH633","1102","0","1102","2026-08-29 03:24:55"
"rochester","RR411","1101","0","1101","2026-08-31 12:08:35"
"rochester","UR1991","1101","0","1101","2026-08-30 07:53:54"
"rochester","RRH804","1100","0","1100","2026-09-01 21:41:19"
"rochester","UR0495","1100","0","1100","2026-08-30 08:07:33"
"rochester","UR2307","1097","0","1097","2026-08-30 06:58:00"
"rochester","UR0351","1097","0","1097","2026-08-30 07:51:54"
"rochester","RR503","1093","0","1093","2026-08-31 11:16:32"
"rochester","UR0769","1091","0","1091","2026-09-01 11:42:24"
"rochester","UR1754","1089","0","1089","2026-09-01 02:42:04"
"rochester","RR479","1088","0","1088","2026-09-01 18:53:30"
"rochester","UR1790","1082","0","1082","2026-08-30 08:21:13"
"rochester","RR360","1082","0","1082","2026-08-29 03:56:14"
"rochester","RR322","1080","0","1080","2026-08-26 04:55:17"
"rochester","UR2158","1079","0","1079","2026-08-30 09:32:58"
"rochester","RR558","1077","0","1077","2026-08-28 07:28:02"
"rochester","UR0920","1072","0","1072","2026-09-01 02:40:27"
"rochester","UR0844","1071","0","1071","2026-08-31 22:15:21"
"rochester","UR1702","1068","0","1068","2026-08-30 15:18:04"
"rochester","UR2135","1063","0","1063","2026-08-30 09:22:59"
"rochester","UR0431","1056","0","1056","2026-08-28 05:55:04"
"rochester","UR0297","1055","0","1055","2026-08-29 22:56:36"
"rochester","RR622","1049","0","1049","2026-08-31 12:05:58"
"rochester","UR0585","1049","0","1049","2026-08-30 22:29:04"
"rochester","UR0869","1046","0","1046","2026-08-31 07:45:14"
"rochester","UR2203","1045","0","1045","2026-08-31 19:08:56"
"rochester","UR0751","1043","0","1043","2026-08-31 08:35:14"
"rochester","RR280","1040","0","1040","2026-07-31 11:23:52"
"rochester","UR1985","1039","0","1039","2026-08-31 18:41:31"
"rochester","UR1996","1032","0","1032","2026-08-29 12:00:15"
"rochester","RRH989","1032","0","1032","2026-09-01 21:28:10"
"rochester","UR1157","1026","0","1026","2026-08-30 06:49:18"
"rochester","UR0406","1026","0","1026","2026-08-31 08:58:06"
"rochester","UR0118","1025","0","1025","2026-08-31 08:57:45"
"rochester","UR1993","1023","0","1023","2026-08-29 15:38:24"
"rochester","UR1716","1022","0","1022","2026-08-30 01:36:12"
"rochester","UR0819","1018","0","1018","2026-08-30 09:07:10"
"rochester","UR2285","1017","0","1017","2026-08-30 13:55:03"
"rochester","UR2290","1008","0","1008","2026-09-01 16:28:50"
"rochester","RRH631","1007","0","1007","2026-08-27 17:15:05"
"rochester","RR9","1005","0","1005","2026-08-31 07:46:55"
"rochester","UR1986","1004","0","1004","2026-08-30 06:48:36"
"rochester","UR0786","1004","0","1004","2026-08-31 20:06:00"
"rochester","RRH319","1003","0","1003","2026-08-29 08:45:34"
"rochester","RR629","999","0","999","2026-08-29 08:59:45"
"rochester","UR1649","994","0","994","2026-08-29 16:50:44"
"rochester","RR592","993","0","993","2026-09-01 23:48:31"
"rochester","RR474","992","0","992","2026-08-29 11:13:16"
"rochester","UR2022","990","0","990","2026-08-31 06:41:49"
"rochester","RR567","987","0","987","2026-08-31 12:04:55"
"rochester","RRH063","980","0","980","2026-09-01 22:24:29"
"rochester","RR184","978","0","978","2026-08-29 01:57:33"
"rochester","RR655","976","0","976","2026-08-31 12:29:27"
"rochester","UR0988","973","0","973","2026-09-01 23:17:35"
"rochester","UR1500","970","0","970","2026-08-30 17:10:33"
"rochester","RRH208","967","0","967","2026-09-01 22:15:39"
"rochester","RRH070","966","0","966","2026-08-29 08:31:09"
"rochester","RR444","965","0","965","2026-08-31 11:41:42"
"rochester","RRH541","960","0","960","2026-08-31 04:52:56"
"rochester","UR1758","957","0","957","2026-08-30 17:17:31"
"rochester","UR2360","953","0","953","2026-08-28 21:17:11"
"rochester","HIM","948","0","948","2026-08-27 23:08:10"
"rochester","RR481","948","0","948","2026-08-26 03:36:39"
"rochester","UR0157","947","0","947","2026-08-30 08:32:37"
"rochester","UR2383","946","0","946","2026-08-31 22:39:17"
"rochester","RRH677","942","0","942","2026-08-31 08:14:24"
"rochester","RRH083","941","0","941","2026-08-31 08:10:51"
"rochester","RRH987","939","0","939","2026-09-01 08:15:13"
"rochester","RR795","938","0","938","2026-08-29 15:41:25"
"rochester","UR1804","937","0","937","2026-08-30 10:17:41"
"rochester","UR1775","937","0","937","2026-08-30 17:16:46"
"rochester","UR2434","936","0","936","2026-08-31 08:13:31"
"rochester","RR403","931","0","931","2026-09-01 21:24:08"
"rochester","RR659","930","0","930","2026-08-29 07:55:27"
"rochester","UR0478","928","0","928","2026-08-30 08:28:29"
"rochester","RR378","928","0","928","2026-09-01 14:01:01"
"rochester","UR0365","927","0","927","2026-08-28 04:14:23"
"rochester","UR0199","923","0","923","2026-08-30 07:36:43"
"rochester","RRH626","922","0","922","2026-09-01 23:22:24"
"rochester","UR1724","916","0","916","2026-08-31 19:42:42"
"rochester","UR0255","916","0","916","2026-08-31 19:39:36"
"rochester","UR1205","915","0","915","2026-08-29 23:41:09"
"rochester","RRH364","915","0","915","2026-09-01 23:36:08"
"rochester","UR2125","913","0","913","2026-08-31 20:01:36"
"rochester","UR0304","913","0","913","2026-08-30 07:43:16"
"rochester","RR50","913","0","913","2026-08-29 05:46:44"
"rochester","UR1734","908","0","908","2026-08-30 00:58:48"
"rochester","UR0045","908","0","908","2026-08-30 12:15:28"
"rochester","KALIMC","907","0","907","2026-08-29 12:23:39"
"rochester","UR0461","906","0","906","2026-08-30 07:39:14"
"rochester","RR771","905","0","905","2026-08-29 07:38:08"
"rochester","UR1218","902","0","902","2026-08-31 21:57:14"
"rochester","RRH290","901","0","901","2026-08-31 12:29:04"
"rochester","UR2066","901","0","901","2026-08-30 09:33:17"
"rochester","RR269","899","0","899","2026-08-29 08:15:42"
"rochester","UR0116","897","0","897","2026-08-31 08:38:24"
"rochester","UR0352","890","0","890","2026-08-29 23:32:56"
"rochester","RR539","889","0","889","2026-08-31 11:16:24"
"rochester","UR0207","883","0","883","2026-08-30 08:02:10"
"rochester","UR2024","880","0","880","2026-08-31 19:49:17"
"rochester","UR0510","878","0","878","2026-08-31 08:59:22"
"rochester","UR1572","872","0","872","2026-08-31 05:46:02"
"rochester","RR467","872","0","872","2026-08-29 02:08:32"
"rochester","RRH201","869","0","869","2026-08-31 12:58:28"
"rochester","UR2346","868","0","868","2026-08-29 21:47:05"
"rochester","RR231","867","0","867","2026-08-29 06:40:36"
"rochester","UR0827","865","0","865","2026-09-01 22:43:59"
"rochester","UR0346","863","0","863","2026-08-23 08:14:30"
"rochester","RR102","862","0","862","2026-08-28 07:22:43"
"rochester","RRH568","853","0","853","2026-08-31 12:29:28"
"rochester","RR717","852","0","852","2026-08-29 08:15:47"
"rochester","RR588","850","0","850","2026-08-29 11:44:01"
"rochester","UR2165","847","0","847","2026-08-31 07:43:35"
"rochester","UR0818","845","0","845","2026-08-30 22:28:59"
"rochester","UR0581","843","0","843","2026-08-31 08:38:32"
"rochester","UR0986","843","0","843","2026-08-31 20:09:31"
"rochester","UR0850","841","0","841","2026-08-31 22:49:52"
"rochester","RRH143","839","0","839","2026-09-01 20:59:45"
"rochester","RRH963","839","0","839","2026-08-28 03:33:01"
"rochester","RRH990","838","0","838","2026-09-01 21:35:44"
"rochester","RRH183","837","0","837","2026-09-01 21:59:57"
"rochester","RRH802","834","0","834","2026-08-28 07:18:31"
"rochester","UR0989","828","0","828","2026-08-31 19:59:19"
"rochester","UR1283","828","0","828","2026-09-01 15:44:36"
"rochester","BSSR","825","0","825","2026-08-27 23:07:57"
"rochester","RRH372","823","0","823","2026-08-29 20:17:09"
"rochester","RRH236","822","0","822","2026-08-31 05:45:54"
"rochester","UR0990","818","0","818","2026-09-01 01:09:13"
"rochester","RR347","817","0","817","2026-08-29 15:41:42"
"rochester","RRH322","815","0","815","2026-08-29 07:55:33"
"rochester","UR0182","814","0","814","2026-08-29 15:53:01"
"rochester","UR1714","811","0","811","2026-08-30 07:31:05"
"rochester","RRH239","809","0","809","2026-08-28 16:15:35"
"rochester","UR1499","808","0","808","2026-08-29 15:52:40"
"rochester","PFY","807","0","807","2026-08-26 19:11:58"
"rochester","UR2292","806","0","806","2026-08-29 15:51:41"
"rochester","UR2169","806","0","806","2026-08-28 07:37:26"
"rochester","UR0179","804","0","804","2026-08-30 08:06:59"
"rochester","UR0198","800","0","800","2026-08-30 14:55:24"
"rochester","UR2151","799","0","799","2026-08-31 23:53:01"
"rochester","UR1709","798","0","798","2026-08-30 17:16:45"
"rochester","UR0463","796","0","796","2026-08-30 08:25:49"
"rochester","RR500","794","0","794","2026-08-31 12:58:27"
"rochester","RR548","789","0","789","2026-08-29 00:40:36"
"rochester","UR1175","787","0","787","2026-08-30 07:35:11"
"rochester","RR379","786","0","786","2026-08-28 18:35:35"
"rochester","UR1322","783","0","783","2026-08-31 22:27:09"
"rochester","UR0845","783","0","783","2026-08-30 08:08:45"
"rochester","RR528","778","0","778","2026-08-31 11:43:05"
"rochester","UR2134","775","0","775","2026-08-31 23:01:47"
"rochester","RR709","774","0","774","2026-09-01 22:51:22"
"rochester","UR0041","768","0","768","2026-08-31 20:58:42"
"rochester","UR0022","767","0","767","2026-09-01 23:57:38"
"rochester","RRH565","765","0","765","2026-08-29 08:36:19"
"rochester","UR0792","764","0","764","2026-08-31 07:43:27"
"rochester","UR0897","763","0","763","2026-08-31 20:05:52"
"rochester","RRH050","757","0","757","2026-08-29 09:18:55"
"rochester","RRH136","755","0","755","2026-09-01 14:57:04"
"rochester","RRH672","755","0","755","2026-09-01 03:11:54"
"rochester","UR0354","750","0","750","2026-08-31 08:11:59"
"rochester","UR1254","750","0","750","2026-08-30 07:38:16"
"rochester","UR2054","748","0","748","2026-08-30 04:28:30"
"rochester","RR416","747","0","747","2026-08-31 12:04:43"
"rochester","UR2082","741","0","741","2026-08-31 21:06:04"
"rochester","RR783","741","0","741","2026-08-29 03:51:13"
"rochester","RR789","738","0","738","2026-08-28 06:52:45"
"rochester","RRH238","736","0","736","2026-08-31 05:46:52"
"rochester","RRH154","733","0","733","2026-09-01 22:22:28"
"rochester","UR1696","730","0","730","2026-08-31 19:40:08"
"rochester","UR0250","728","0","728","2026-08-30 06:40:00"
"rochester","UR2052","727","0","727","2026-08-30 13:55:06"
"rochester","RRH991","725","0","725","2026-08-31 08:35:30"
"rochester","RR784","718","0","718","2026-08-31 12:08:41"
"rochester","UR0955","717","0","717","2026-09-01 23:58:09"
"rochester","RR316","714","0","714","2026-09-01 17:18:10"
"rochester","UR2027","712","0","712","2026-08-31 19:59:11"
"rochester","RR675","711","0","711","2026-08-31 13:16:04"
"rochester","RRH403","708","0","708","2026-08-29 03:52:06"
"rochester","UR2077","708","0","708","2026-08-26 04:18:07"
"rochester","UR0353","707","0","707","2026-08-30 13:01:12"
"rochester","RR406","704","0","704","2026-09-01 06:12:56"
"rochester","UR1792","704","0","704","2026-09-01 23:26:55"
"rochester","RR314","702","0","702","2026-08-29 04:03:14"
"rochester","RR10","698","0","698","2026-08-28 13:38:58"
"rochester","RR404","697","0","697","2026-08-30 02:31:03"
"rochester","RR196","696","0","696","2026-09-01 22:01:55"
"rochester","UR1147","696","0","696","2026-08-29 12:31:27"
"rochester","UR1780","696","0","696","2026-08-30 07:11:44"
"rochester","NYBP","694","0","694","2026-08-27 22:08:36"
"rochester","UR2160","694","0","694","2026-08-30 12:40:43"
"rochester","RR498","694","0","694","2026-08-31 12:30:04"
"rochester","UR0019","692","0","692","2026-09-01 23:22:07"
"rochester","RRH423","692","0","692","2026-08-31 05:43:33"
"rochester","UR2145","692","0","692","2026-08-30 17:17:50"
"rochester","UR2435","691","0","691","2026-09-01 12:50:03"
"rochester","UR1208","691","0","691","2026-08-29 14:21:30"
"rochester","RR710","690","0","690","2026-09-01 22:10:21"
"rochester","UR0937","686","0","686","2026-08-30 17:16:01"
"rochester","UR1207","685","0","685","2026-08-28 15:16:40"
"rochester","RR374","685","0","685","2026-08-31 12:27:52"
"rochester","UR1994","684","0","684","2026-08-30 08:35:27"
"rochester","UR1699","683","0","683","2026-09-01 22:51:43"
"rochester","UR2139","683","0","683","2026-08-30 17:17:31"
"rochester","UR0401","682","0","682","2026-08-29 13:18:30"
"rochester","RR812","681","0","681","2026-08-29 08:01:31"
"rochester","RR317","679","0","679","2026-08-29 03:01:16"
"rochester","UR2167","679","0","679","2026-08-31 07:45:00"
"rochester","UR2170","678","0","678","2026-08-29 07:07:45"
"rochester","RRH538","676","0","676","2026-08-31 12:04:48"
"rochester","UR0137","675","0","675","2026-08-30 07:32:08"
"rochester","UR2439","673","0","673","2026-08-30 08:02:20"
"rochester","RRH579","671","0","671","2026-09-01 20:52:39"
"rochester","UR0356","671","0","671","2026-08-31 22:57:59"
"rochester","UR2247","669","0","669","2026-08-29 15:31:18"
"rochester","RRH345","664","0","664","2026-08-28 07:11:56"
"rochester","UR1670","664","0","664","2026-09-01 21:46:29"
"rochester","UR2152","663","0","663","2026-08-28 15:49:01"
"rochester","UR1202","661","0","661","2026-08-29 14:33:53"
"rochester","RRH177","656","0","656","2026-09-01 16:17:40"
"rochester","RRH481","653","0","653","2026-09-01 23:00:37"
"rochester","UR1193","650","0","650","2026-08-30 08:13:45"
"rochester","UR0965","648","0","648","2026-08-31 20:06:33"
"rochester","RR220","647","0","647","2026-09-01 22:52:27"
"rochester","UR2410","646","0","646","2026-08-29 17:24:28"
"rochester","RRH199","643","0","643","2026-09-01 10:36:18"
"rochester","RR445","642","0","642","2026-08-31 12:28:10"
"rochester","UR1591","641","0","641","2026-08-31 07:45:37"
"rochester","RR774","638","0","638","2026-08-31 09:00:16"
"rochester","UR2133","636","0","636","2026-08-31 19:44:23"
"rochester","UR2332","635","0","635","2026-09-01 02:28:19"
"rochester","SIM","632","0","632","2026-08-29 12:13:16"
"rochester","RRH064","630","0","630","2026-08-31 12:28:05"
"rochester","RR529","629","0","629","2026-08-31 11:14:23"
"rochester","UR0903","626","0","626","2026-08-30 17:17:30"
"rochester","RR471","626","0","626","2026-08-13 01:37:31"
"rochester","RRH483","626","0","626","2026-09-01 12:43:08"
"rochester","RRH193","625","0","625","2026-09-01 09:52:45"
"rochester","RRH192","616","0","616","2026-09-01 12:42:25"
"rochester","RRH988","616","0","616","2026-09-01 19:54:20"
"rochester","RR438","616","0","616","2026-08-30 03:23:23"
"rochester","UR0900","615","0","615","2026-09-01 23:33:39"
"rochester","UR2262","615","0","615","2026-08-31 19:25:52"
"rochester","UR2286","613","0","613","2026-08-30 22:28:05"
"rochester","RRH052","613","0","613","2026-08-30 00:29:25"
"rochester","UR0159","612","0","612","2026-08-31 20:17:19"
"rochester","UR1491","610","0","610","2026-08-31 07:27:32"
"rochester","RR392","610","0","610","2026-08-31 12:59:17"
"rochester","UR1197","608","0","608","2026-08-30 03:57:08"
"rochester","RRH552","604","0","604","2026-09-01 22:15:44"
"rochester","UR2194","603","0","603","2026-08-30 17:16:47"
"rochester","UR1794","599","0","599","2026-08-29 21:27:21"
"rochester","UR1683","595","0","595","2026-08-30 08:00:19"
"rochester","RR7","588","0","588","2026-08-31 12:59:41"
"rochester","RRH188","587","0","587","2026-09-01 22:55:40"
"rochester","UR0636","587","0","587","2026-08-31 07:43:17"
"rochester","UR0114","583","0","583","2026-08-31 20:03:31"
"rochester","RR505","580","0","580","2026-08-31 11:41:44"
"rochester","UR2432","580","0","580","2026-08-29 19:09:56"
"rochester","UR2289","580","0","580","2026-08-31 08:57:34"
"rochester","UR2415","578","0","578","2026-08-31 19:09:43"
"rochester","UR0899","576","0","576","2026-08-31 19:42:40"
"rochester","UR2155","574","0","574","2026-08-30 09:37:34"
"rochester","FLEIG","573","0","573","2026-08-23 03:08:34"
"rochester","UR0898","573","0","573","2026-08-31 20:08:26"
"rochester","RRH196","572","0","572","2026-09-01 10:37:31"
"rochester","UR0657","571","0","571","2026-08-28 06:12:24"
"rochester","UR0404","569","0","569","2026-08-31 07:01:58"
"rochester","RRH529","568","0","568","2026-08-29 01:57:20"
"rochester","UR2207","568","0","568","2026-08-31 20:27:46"
"rochester","UR0112","567","0","567","2026-08-31 20:09:23"
"rochester","UR2334","564","0","564","2026-08-31 22:28:28"
"rochester","TRMSBH","564","0","564","2026-08-28 15:23:22"
"rochester","UR0973","563","0","563","2026-08-31 19:39:18"
"rochester","RR443","563","0","563","2026-08-31 11:14:11"
"rochester","UR1570","562","0","562","2026-08-26 03:32:11"
"rochester","RRH190","560","0","560","2026-09-01 09:21:10"
"rochester","UR2189","558","0","558","2026-08-30 07:50:19"
"rochester","RR765","557","0","557","2026-08-28 04:10:43"
"rochester","UR0928","555","0","555","2026-08-30 08:11:35"
"rochester","RRH787","552","0","552","2026-08-28 04:10:42"
"rochester","UR0108","552","0","552","2026-08-31 19:55:22"
"rochester","UR1764","550","0","550","2026-08-31 19:58:40"
"rochester","RR176","546","0","546","2026-09-01 03:24:34"
"rochester","RR383","545","0","545","2026-08-28 06:00:14"
"rochester","UR1167","543","0","543","2026-09-01 10:36:32"
"rochester","UR1034","541","0","541","2026-09-01 23:29:51"
"rochester","TRMMST","538","0","538","2026-08-30 08:47:40"
"rochester","RRH274","535","0","535","2026-08-31 12:06:16"
"rochester","UR0981","532","0","532","2026-08-31 19:22:09"
"rochester","UR0246","530","0","530","2026-08-30 22:25:54"
"rochester","UR2388","530","0","530","2026-08-31 21:55:15"
"rochester","UR0997","530","0","530","2026-08-31 19:00:00"
"rochester","UR0151","529","0","529","2026-08-30 01:23:53"
"rochester","RR674","528","0","528","2026-08-29 02:01:26"
"rochester","RR604","527","0","527","2026-09-01 21:13:58"
"rochester","UR1726","527","0","527","2026-09-01 01:32:30"
"rochester","UR0446","525","0","525","2026-08-28 20:47:28"
"rochester","UR0027","525","0","525","2026-08-31 08:38:22"
"rochester","RRH486","522","0","522","2026-09-01 08:28:26"
"rochester","UR1536","515","0","515","2026-08-30 00:29:54"
"rochester","UR2329","513","0","513","2026-08-30 09:06:24"
"rochester","RRH678","510","0","510","2026-08-31 04:52:55"
"rochester","UR2416","510","0","510","2026-08-30 07:14:11"
"rochester","RR515","509","0","509","2026-09-01 09:51:05"
"rochester","UR0801","508","0","508","2026-08-31 08:10:22"
"rochester","JHR","508","0","508","2026-08-27 23:03:01"
"rochester","UR0807","508","0","508","2026-08-31 04:37:01"
"rochester","UR0984","503","0","503","2026-08-31 19:43:50"
"rochester","UR0551","502","0","502","2026-08-30 09:22:59"
"rochester","UR1737","498","0","498","2026-08-29 16:13:00"
"rochester","RRH156","498","0","498","2026-08-31 06:11:12"
"rochester","UR2384","498","0","498","2026-08-31 18:44:36"
"rochester","UR1614","497","0","497","2026-08-29 13:04:48"
"rochester","RR287","494","0","494","2026-08-28 07:15:32"
"rochester","RRH077","490","0","490","2026-08-29 15:40:19"
"rochester","UR0996","489","0","489","2026-08-31 20:01:41"
"rochester","UR1742","487","0","487","2026-08-30 17:09:29"
"rochester","UR0985","484","0","484","2026-08-31 19:30:46"
"rochester","RR499","483","0","483","2026-08-31 12:29:37"
"rochester","UR1521","483","0","483","2026-08-30 08:13:10"
"rochester","FLPN","482","0","482","2026-08-26 04:25:27"
"rochester","RR532","481","0","481","2026-08-31 11:43:07"
"rochester","UR2403","479","0","479","2026-08-29 15:27:15"
"rochester","UR0972","465","0","465","2026-08-31 21:08:20"
"rochester","RR282","464","0","464","2026-08-26 05:52:31"
"rochester","UR0029","463","0","463","2026-08-31 08:38:01"
"rochester","RRH484","460","0","460","2026-09-01 22:34:15"
"rochester","UR2193","458","0","458","2026-09-01 11:42:18"
"rochester","RRH135","458","0","458","2026-09-01 21:41:54"
"rochester","UR2402","457","0","457","2026-08-29 17:29:17"
"rochester","RRH485","457","0","457","2026-09-01 03:28:50"
"rochester","UR0209","454","0","454","2026-08-31 23:32:07"
"rochester","UR2394","453","0","453","2026-08-29 11:01:54"
"rochester","RRH198","453","0","453","2026-09-01 21:13:59"
"rochester","RR569","451","0","451","2026-08-29 09:19:25"
"rochester","UR0128","449","0","449","2026-08-30 08:12:03"
"rochester","UR1622","449","0","449","2026-08-30 09:17:46"
"rochester","UR0113","449","0","449","2026-08-31 20:09:00"
"rochester","UR0567","449","0","449","2026-08-30 22:28:10"
"rochester","UR0485","448","0","448","2026-08-29 15:46:05"
"rochester","UR0449","445","0","445","2026-08-30 03:15:50"
"rochester","RR793","441","0","441","2026-08-29 01:48:33"
"rochester","RRH237","441","0","441","2026-08-31 12:07:17"
"rochester","RR690","440","0","440","2026-09-01 20:59:44"
"rochester","UR0259","439","0","439","2026-08-31 02:46:31"
"rochester","UR0960","439","0","439","2026-09-01 23:24:21"
"rochester","RRH038","439","0","439","2026-09-01 21:15:22"
"rochester","UR2050","438","0","438","2026-08-29 05:29:50"
"rochester","UR2272","437","0","437","2026-08-30 07:22:05"
"rochester","UR2344","434","0","434","2026-08-30 06:16:54"
"rochester","UR2230","433","0","433","2026-09-01 11:04:10"
"rochester","UR0435","433","0","433","2026-08-30 07:57:35"
"rochester","RRH939","428","0","428","2026-08-28 07:24:13"
"rochester","UR0682","428","0","428","2026-08-30 07:10:41"
"rochester","RRH037","426","0","426","2026-09-01 08:15:11"
"rochester","UR2323","425","0","425","2026-08-31 06:10:31"
"rochester","UR2320","423","0","423","2026-08-31 18:36:02"
"rochester","UR0030","422","0","422","2026-08-31 07:01:56"
"rochester","RRH384","421","0","421","2026-08-28 06:26:26"
"rochester","UR1653","413","0","413","2026-08-28 07:47:43"
"rochester","UR0966","412","0","412","2026-08-31 20:06:29"
"rochester","UR1727","411","0","411","2026-08-30 03:45:51"
"rochester","UR0031","411","0","411","2026-08-31 02:43:24"
"rochester","UR1776","410","0","410","2026-08-29 15:41:42"
"rochester","RRH491","408","0","408","2026-09-01 22:16:53"
"rochester","UR0958","407","0","407","2026-09-01 03:37:00"
"rochester","UR0964","407","0","407","2026-08-31 20:00:28"
"rochester","UR0111","407","0","407","2026-08-31 19:49:09"
"rochester","RR350","406","0","406","2026-09-01 12:04:34"
"rochester","RRH194","406","0","406","2026-09-01 08:49:42"
"rochester","STJH2","404","0","404","2026-08-27 20:06:55"
"rochester","RR181","403","0","403","2026-09-01 23:17:26"
"rochester","UR2409","401","0","401","2026-08-30 08:17:37"
"rochester","RRH482","400","0","400","2026-09-01 22:05:11"
"rochester","UR1004","400","0","400","2026-09-01 23:22:11"
"rochester","RR199","396","0","396","2026-09-01 02:23:49"
"rochester","RR667","396","0","396","2026-08-23 16:33:09"
"rochester","UR0978","393","0","393","2026-08-31 21:52:43"
"rochester","SAHH","392","0","392","2026-08-27 09:51:09"
"rochester","RR660","392","0","392","2026-08-28 04:13:17"
"rochester","UR1777","391","0","391","2026-08-29 19:47:23"
"rochester","RR687","390","0","390","2026-08-27 21:07:26"
"rochester","RR603","388","0","388","2026-08-28 07:50:02"
"rochester","RRH490","386","0","386","2026-09-01 20:52:31"
"rochester","RRH477","384","0","384","2026-09-01 08:27:39"
"rochester","UR1547","383","0","383","2026-08-30 17:17:24"
"rochester","UR2369","381","0","381","2026-09-01 16:38:39"
"rochester","UR0506","380","0","380","2026-08-31 07:43:11"
"rochester","RR14","378","0","378","2026-08-31 07:45:32"
"rochester","RR507","376","0","376","2026-08-31 12:04:49"
"rochester","UR1158","374","0","374","2026-08-31 21:47:21"
"rochester","RRH189","374","0","374","2026-09-01 09:49:09"
"rochester","RR579","371","0","371","2026-08-29 04:39:17"
"rochester","RRH478","367","0","367","2026-09-01 21:34:01"
"rochester","UR2354","363","0","363","2026-08-26 11:32:10"
"rochester","UR0458","362","0","362","2026-08-30 08:11:52"
"rochester","UR2015","362","0","362","2026-08-27 13:58:58"
"rochester","UR0215","361","0","361","2026-08-29 22:38:31"
"rochester","UR2407","359","0","359","2026-08-18 09:44:49"
"rochester","RRH098","358","0","358","2026-08-28 04:23:14"
"rochester","UR0345","358","0","358","2026-08-31 19:35:54"
"rochester","RRH095","354","0","354","2026-08-27 18:26:18"
"rochester","RR621","354","0","354","2026-08-29 07:49:00"
"rochester","UR2357","351","0","351","2026-08-30 10:05:52"
"rochester","RR530","351","0","351","2026-08-31 10:56:43"
"rochester","UR2436","350","0","350","2026-08-30 07:34:28"
"rochester","UR2315","349","0","349","2026-08-29 15:52:00"
"rochester","RRH093","348","0","348","2026-09-01 21:26:22"
"rochester","UR2127","347","0","347","2026-08-29 20:19:53"
"rochester","UR0938","346","0","346","2026-08-29 16:16:26"
"rochester","UR2228","344","0","344","2026-08-29 20:44:14"
"rochester","UR1757","343","0","343","2026-08-29 16:08:41"
"rochester","EHOUSE","343","0","343","2026-08-27 22:57:30"
"rochester","UR0962","340","0","340","2026-08-31 19:47:55"
"rochester","RRH523","340","0","340","2026-09-01 04:56:42"
"rochester","RRH291","339","0","339","2026-08-26 00:34:19"
"rochester","RRH027","339","0","339","2026-08-28 07:22:46"
"rochester","UR1739","339","0","339","2026-08-30 17:17:49"
"rochester","UR0403","339","0","339","2026-08-30 12:06:44"
"rochester","RRH159","338","0","338","2026-08-29 01:35:29"
"rochester","RRH099","336","0","336","2026-06-29 11:45:50"
"rochester","RR398","336","0","336","2026-09-01 07:19:54"
"rochester","RR702","335","0","335","2026-08-25 23:42:58"
"rochester","UR1203","333","0","333","2026-08-30 07:32:44"
"rochester","UR2227","333","0","333","2026-08-31 20:57:58"
"rochester","RRH244","332","0","332","2026-06-11 19:38:18"
"rochester","UR0895","332","0","332","2026-08-31 19:34:57"
"rochester","RRH166","332","0","332","2026-08-26 04:08:09"
"rochester","UR1785","329","0","329","2026-08-26 04:41:00"
"rochester","UR0691","327","0","327","2026-08-31 22:21:49"
"rochester","RRH173","324","0","324","2026-08-28 12:15:19"
"rochester","RRH479","323","0","323","2026-09-01 19:54:50"
"rochester","UR0969","323","0","323","2026-08-30 12:07:48"
"rochester","UR1162","322","0","322","2026-08-27 16:53:10"
"rochester","UR0509","321","0","321","2026-08-31 04:53:20"
"rochester","UR2263","320","0","320","2026-08-13 03:16:04"
"rochester","RR705","319","0","319","2026-08-26 04:24:26"
"rochester","RRH964","318","0","318","2026-08-29 19:58:07"
"rochester","UR1797","318","0","318","2026-08-29 19:44:59"
"rochester","UR1786","315","0","315","2026-08-30 09:42:49"
"rochester","UR0216","314","0","314","2026-08-29 13:31:39"
"rochester","RR487","312","0","312","2026-09-01 21:13:44"
"rochester","UR1815","312","0","312","2026-08-30 08:21:13"
"rochester","RR814","311","0","311","2026-08-29 08:21:10"
"rochester","RRH489","310","0","310","2026-09-01 21:26:04"
"rochester","UR0824","310","0","310","2026-08-31 22:29:16"
"rochester","RR382","309","0","309","2026-08-29 05:36:50"
"rochester","RR485","308","0","308","2026-08-27 22:21:00"
"rochester","RR671","307","0","307","2026-08-28 06:49:01"
"rochester","UR0023","306","0","306","2026-08-31 19:55:40"
"rochester","RRH488","306","0","306","2026-09-01 22:38:01"
"rochester","RRH467","306","0","306","2026-08-28 01:49:32"
"rochester","UR2438","303","0","303","2026-08-30 08:13:24"
"rochester","UR0967","303","0","303","2026-08-31 20:01:59"
"rochester","RRH805","303","0","303","2026-08-29 03:56:21"
"rochester","CCNF","303","0","303","2026-08-27 01:19:09"
"rochester","UR2299","301","0","301","2026-08-29 11:32:13"
"rochester","RRH079","300","0","300","2026-08-29 15:42:20"
"rochester","UR1701","300","0","300","2026-08-29 16:14:17"
"rochester","RRH986","300","0","300","2026-08-29 15:38:13"
"rochester","RR459","300","0","300","2026-08-27 22:10:46"
"rochester","RR429","299","0","299","2026-08-31 11:16:31"
"rochester","PIVA","298","0","298","2026-06-10 16:07:57"
"rochester","RR457","298","0","298","2026-08-28 07:02:22"
"rochester","UR0975","297","0","297","2026-08-31 20:51:07"
"rochester","UR1220","297","0","297","2026-08-28 00:13:16"
"rochester","RR439","297","0","297","2026-08-31 12:29:53"
"rochester","UR2317","296","0","296","2026-08-27 19:30:13"
"rochester","UR1000","295","0","295","2026-08-31 20:12:11"
"rochester","UR2136","293","0","293","2026-08-29 15:52:25"
"rochester","RR723","293","0","293","2026-08-28 07:49:58"
"rochester","UR0591","289","0","289","2026-08-30 02:08:30"
"rochester","RR697","285","0","285","2026-08-27 20:10:23"
"rochester","UR0959","284","0","284","2026-08-30 14:32:19"
"rochester","RR551","284","0","284","2026-08-27 19:39:06"
"rochester","UR1354","282","0","282","2026-08-31 08:35:42"
"rochester","RRH539","280","0","280","2026-08-31 12:07:18"
"rochester","RRH296","280","0","280","2026-09-01 22:01:55"
"rochester","UR1831","280","0","280","2026-08-29 12:34:57"
"rochester","UR1159","277","0","277","2026-08-30 07:12:42"
"rochester","UR2291","276","0","276","2026-08-29 19:43:38"
"rochester","RR185","276","0","276","2026-09-01 17:18:17"
"rochester","RR352","276","0","276","2026-08-27 18:43:31"
"rochester","UR0720","276","0","276","2026-08-31 07:43:40"
"rochester","UR0995","275","0","275","2026-08-31 19:31:04"
"rochester","RRH078","275","0","275","2026-08-27 13:29:52"
"rochester","UR1729","273","0","273","2026-08-28 17:27:02"
"rochester","UR2069","273","0","273","2026-08-30 11:56:25"
"rochester","RRH427","271","0","271","2026-08-28 05:47:49"
"rochester","UR2294","271","0","271","2026-08-31 22:07:49"
"rochester","UR1091","270","0","270","2026-08-30 08:11:50"
"rochester","RR293","267","0","267","2026-08-26 05:40:33"
"rochester","UR0263","264","0","264","2026-08-29 13:17:16"
"rochester","UR0384","263","0","263","2026-08-28 13:54:16"
"rochester","UR0963","262","0","262","2026-08-31 19:54:54"
"rochester","RRH516","262","0","262","2026-06-19 18:07:23"
"rochester","RRH624","260","0","260","2026-08-28 05:26:58"
"rochester","RR681","260","0","260","2026-08-25 07:11:11"
"rochester","TRMUSQ","259","0","259","2026-08-30 02:07:48"
"rochester","UR2089","259","0","259","2026-08-31 22:40:35"
"rochester","ELBSNF","258","0","258","2026-08-26 04:16:04"
"rochester","UR1796","258","0","258","2026-08-30 06:37:26"
"rochester","RR815","258","0","258","2026-08-29 08:01:58"
"rochester","UR2026","258","0","258","2026-08-30 05:48:59"
"rochester","UR0930","253","0","253","2026-08-29 19:43:31"
"rochester","UR1168","253","0","253","2026-08-29 15:59:25"
"rochester","UR1798","252","0","252","2026-08-30 07:12:37"
"rochester","UR1934","250","0","250","2026-08-30 09:50:13"
"rochester","UR1165","249","0","249","2026-08-29 14:26:16"
"rochester","UR2231","247","0","247","2026-08-29 15:54:37"
"rochester","RR394","242","0","242","2026-08-27 21:31:17"
"rochester","UR1745","242","0","242","2026-08-30 12:16:16"
"rochester","TRMCTS","242","0","242","2026-08-30 08:35:30"
"rochester","RRH511","239","0","239","2026-08-31 08:12:29"
"rochester","UR0067","238","0","238","2026-09-01 10:37:50"
"rochester","RR635","236","0","236","2026-08-28 07:32:37"
"rochester","RR357","232","0","232","2026-08-27 22:26:14"
"rochester","UR1139","230","0","230","2026-08-31 21:20:20"
"rochester","UR1982","229","0","229","2026-07-04 05:47:01"
"rochester","UR2353","229","0","229","2026-08-28 12:22:05"
"rochester","ACTR2","228","0","228","2026-09-01 19:52:42"
"rochester","RRH176","227","0","227","2026-08-29 05:12:41"
"rochester","UR1146","227","0","227","2026-08-31 20:54:24"
"rochester","UR1026","227","0","227","2026-08-30 07:52:57"
"rochester","RRH460","223","0","223","2026-08-29 08:29:07"
"rochester","EAHSNF","222","0","222","2026-08-26 21:15:07"
"rochester","RR407","219","0","219","2026-09-01 06:07:03"
"rochester","UR1830","219","0","219","2026-08-29 15:57:43"
"rochester","RRH566","216","0","216","2026-08-29 07:49:38"
"rochester","UR0947","216","0","216","2026-08-30 07:12:03"
"rochester","UR0982","215","0","215","2026-08-30 03:23:48"
"rochester","UR0192","211","0","211","2026-08-28 20:47:28"
"rochester","UR1803","211","0","211","2026-08-28 21:04:32"
"rochester","UR1720","211","0","211","2026-08-28 23:21:03"
"rochester","RR447","210","0","210","2026-08-31 10:52:08"
"rochester","RRH241","210","0","210","2026-08-31 06:39:30"
"rochester","UR0685","209","0","209","2026-08-27 12:48:34"
"rochester","FBH","209","0","209","2026-08-27 04:05:36"
"rochester","UR1596","206","0","206","2026-08-26 03:27:18"
"rochester","RR519","204","0","204","2026-09-01 05:25:36"
"rochester","RR375","204","0","204","2026-08-28 05:26:09"
"rochester","UR1712","204","0","204","2026-08-28 11:56:18"
"rochester","RRH914","203","0","203","2026-09-01 07:19:55"
"rochester","TRMMOC","201","0","201","2026-08-26 17:48:33"
"rochester","UR2373","201","0","201","2026-08-30 05:48:25"
"rochester","UR0517","199","0","199","2026-08-30 22:29:05"
"rochester","UR0493","198","0","198","2026-08-26 21:40:02"
"rochester","UR1655","191","0","191","2026-09-01 02:42:15"
"rochester","UR0658","191","0","191","2026-08-30 08:13:41"
"rochester","RR631","190","0","190","2026-08-28 06:53:27"
"rochester","RRH097","188","0","188","2026-06-23 15:42:57"
"rochester","UR0821","188","0","188","2026-08-31 08:58:10"
"rochester","RR778","187","0","187","2026-08-31 12:28:59"
"rochester","RR545","185","0","185","2026-08-26 03:21:51"
"rochester","UR0241","185","0","185","2026-08-31 19:19:07"
"rochester","RR295","184","0","184","2026-08-27 17:24:07"
"rochester","UR0998","184","0","184","2026-08-30 06:42:48"
"rochester","RCFR","183","0","183","2026-08-27 03:17:41"
"rochester","RRH503","179","0","179","2026-09-01 21:41:43"
"rochester","RRH518","177","0","177","2026-09-01 21:13:53"
"rochester","RR254","177","0","177","2026-08-25 23:42:18"
"rochester","RR632","176","0","176","2026-09-01 20:45:32"
"rochester","RR741","175","0","175","2026-08-29 00:47:28"
"rochester","RR684","173","0","173","2026-08-28 07:00:28"
"rochester","UR2221","173","0","173","2026-08-29 11:31:56"
"rochester","UR1752","173","0","173","2026-08-30 07:03:16"
"rochester","UR0120","170","0","170","2026-08-31 19:34:14"
"rochester","RRH487","170","0","170","2026-09-01 16:17:05"
"rochester","UR0575","168","0","168","2026-08-27 09:27:49"
"rochester","UR2073","166","0","166","2026-08-29 13:33:41"
"rochester","UR2339","165","0","165","2026-08-27 09:43:58"
"rochester","UR0208","164","0","164","2026-08-29 23:03:22"
"rochester","UR1950","164","0","164","2026-09-01 02:40:18"
"rochester","UR1022","164","0","164","2026-08-28 02:28:54"
"rochester","RR484","164","0","164","2026-08-26 03:34:06"
"rochester","RRH343","163","0","163","2026-08-28 07:21:36"
"rochester","UR1018","163","0","163","2026-08-30 11:38:18"
"rochester","UR1718","162","0","162","2026-08-28 08:07:29"
"rochester","MSCCH","161","0","161","2026-08-27 21:52:35"
"rochester","UR1219","161","0","161","2026-08-29 11:39:33"
"rochester","RR511","161","0","161","2026-08-27 21:05:25"
"rochester","UR2426","160","0","160","2026-08-26 16:01:44"
"rochester","UR2269","160","0","160","2026-08-29 08:31:07"
"rochester","UR0948","160","0","160","2026-08-29 21:43:56"
"rochester","RR775","160","0","160","2026-08-31 09:00:30"
"rochester","UR1005","159","0","159","2026-08-31 19:45:55"
"rochester","RRH328","158","0","158","2026-08-28 22:56:27"
"rochester","UR0396","158","0","158","2026-08-18 23:13:29"
"rochester","RRH342","157","0","157","2026-08-28 00:08:56"
"rochester","UR0196","156","0","156","2026-08-29 11:48:19"
"rochester","UR1697","155","0","155","2026-08-31 19:41:44"
"rochester","UR0612","155","0","155","2026-08-30 00:43:47"
"rochester","RRH096","155","0","155","2026-06-27 10:56:33"
"rochester","UR0716","155","0","155","2026-08-31 08:13:32"
"rochester","UR2284","154","0","154","2026-08-30 07:25:05"
"rochester","RR221","153","0","153","2026-08-28 05:58:49"
"rochester","RR643","153","0","153","2026-08-27 17:45:05"
"rochester","UR0632","153","0","153","2026-08-28 14:13:34"
"rochester","UR0896","152","0","152","2026-08-31 20:02:45"
"rochester","UR1761","152","0","152","2026-08-26 03:56:25"
"rochester","KHVN","150","0","150","2026-08-26 04:39:19"
"rochester","RRH210","149","0","149","2026-09-01 09:21:01"
"rochester","CORNC","149","0","149","2026-08-27 07:04:28"
"rochester","UR1480","148","0","148","2026-08-31 20:36:34"
"rochester","TRMDBH","148","0","148","2026-08-26 03:32:04"
"rochester","UR1176","146","0","146","2026-08-29 12:27:14"
"rochester","UR0643","145","0","145","2026-08-30 06:46:16"
"rochester","UR1507","143","0","143","2026-08-29 15:21:41"
"rochester","CMLRC","142","0","142","2026-08-26 03:42:50"
"rochester","UR2105","142","0","142","2026-08-30 02:49:35"
"rochester","RR600","141","0","141","2026-08-28 06:33:02"
"rochester","RR506","138","0","138","2026-08-31 10:52:17"
"rochester","UR1092","138","0","138","2026-08-30 07:00:53"
"rochester","RR595","138","0","138","2026-08-29 23:53:24"
"rochester","RRH056","137","0","137","2026-09-01 06:09:38"
"rochester","UR0201","137","0","137","2026-08-31 19:08:15"
"rochester","UR2391","137","0","137","2026-08-31 19:15:59"
"rochester","UR0231","136","0","136","2026-08-27 19:20:09"
"rochester","UR0787","136","0","136","2026-08-30 13:55:15"
"rochester","UR0032","135","0","135","2026-08-28 18:22:31"
"rochester","UR2545","135","0","135","2026-08-30 09:00:39"
"rochester","RR510","135","0","135","2026-08-31 17:36:28"
"rochester","UR0875","135","0","135","2026-08-29 21:16:40"
"rochester","FLHGS","134","0","134","2026-08-26 18:44:25"
"rochester","RR544","133","0","133","2026-08-28 04:18:32"
"rochester","EVG","132","0","132","2026-08-26 22:16:27"
"rochester","RRH076","131","0","131","2026-08-29 15:40:49"
"rochester","RR739","129","0","129","2026-08-29 00:15:34"
"rochester","RR97","128","0","128","2026-08-27 11:07:54"
"rochester","UR2087","128","0","128","2026-08-31 22:41:27"
"rochester","RR173","127","0","127","2026-08-30 06:46:09"
"rochester","HPFV","126","0","126","2026-08-28 16:22:03"
"rochester","UR0498","126","0","126","2026-08-30 08:20:37"
"rochester","FRIEND","123","0","123","2026-08-26 04:49:35"
"rochester","UR1163","123","0","123","2026-08-30 08:27:18"
"rochester","RRH230","120","0","120","2026-08-29 14:06:27"
"rochester","RRH931","120","0","120","2026-08-26 19:02:10"
"rochester","UR1769","119","0","119","2026-08-27 20:31:14"
"rochester","RR809","119","0","119","2026-08-27 16:28:32"
"rochester","UR0214","118","0","118","2026-08-29 18:49:00"
"rochester","UR1728","118","0","118","2026-08-31 19:37:48"
"rochester","RRH216","118","0","118","2026-09-01 04:38:47"
"rochester","STEUC","117","0","117","2026-08-27 19:56:04"
"rochester","UR2370","117","0","117","2026-08-14 10:14:09"
"rochester","UR1983","117","0","117","2026-08-26 04:37:24"
"rochester","UR1031","116","0","116","2026-08-31 19:29:21"
"rochester","UR2154","116","0","116","2026-08-29 19:25:54"
"rochester","UR1703","116","0","116","2026-08-29 12:36:20"
"rochester","FLMH","115","0","115","2026-05-12 20:31:52"
"rochester","UR0465","115","0","115","2026-08-28 18:53:47"
"rochester","RR691","115","0","115","2026-08-11 02:14:48"
"rochester","UR0621","115","0","115","2026-08-26 03:36:31"
"rochester","UR2275","114","0","114","2026-08-29 15:26:44"
"rochester","UR0110","113","0","113","2026-08-31 19:37:18"
"rochester","ONTAC","113","0","113","2026-08-27 05:50:00"
"rochester","RR798","113","0","113","2026-08-10 17:54:41"
"rochester","PNCRW","113","0","113","2026-08-27 22:09:14"
"rochester","RR763","113","0","113","2026-08-28 06:53:32"
"rochester","WCNH","112","0","112","2026-08-27 19:33:20"
"rochester","RR773","112","0","112","2026-08-29 07:31:13"
"rochester","UR1181","111","0","111","2026-08-29 09:12:16"
"rochester","UR0237","111","0","111","2026-08-29 18:19:43"
"rochester","BTMN","110","0","110","2026-08-26 03:34:10"
"rochester","UR2298","110","0","110","2026-08-27 13:21:12"
"rochester","UR2070","110","0","110","2026-08-30 09:22:38"
"rochester","UR2345","110","0","110","2026-08-29 17:26:53"
"rochester","RRH480","107","0","107","2026-09-01 08:26:54"
"rochester","UR0200","107","0","107","2026-08-29 06:05:16"
"rochester","UR2385","106","0","106","2026-08-31 20:00:52"
"rochester","UR0957","106","0","106","2026-08-30 08:24:00"
"rochester","UR1717","105","0","105","2026-08-29 23:30:42"
"rochester","UR1778","105","0","105","2026-08-25 23:43:56"
"rochester","UR2164","105","0","105","2026-08-30 09:42:55"
"rochester","UR0956","105","0","105","2026-08-29 21:25:02"
"rochester","RR645","105","0","105","2026-08-27 19:35:27"
"rochester","UR1999","104","0","104","2026-08-30 07:59:47"
"rochester","UR2250","103","0","103","2026-08-27 16:54:05"
"rochester","RR400","103","0","103","2026-08-30 12:58:33"
"rochester","UR2446","103","0","103","2026-08-28 21:12:49"
"rochester","UR2535","102","0","102","2026-08-29 15:17:37"
"rochester","ESNH","102","0","102","2026-08-27 23:12:34"
"rochester","UR1843","102","0","102","2026-08-30 17:09:12"
"rochester","UR0295","101","0","101","2026-08-27 10:36:25"
"rochester","MSCCF","99","0","99","2026-08-27 21:59:36"
"rochester","UR0987","98","0","98","2026-08-31 19:03:35"
"rochester","UR0119","98","0","98","2026-08-31 19:21:31"
"rochester","RRH195","98","0","98","2026-09-01 10:25:15"
"rochester","RRH082","98","0","98","2026-08-28 04:32:45"
"rochester","RRH468","97","0","97","2026-08-30 03:57:08"
"rochester","RR258","96","0","96","2026-08-27 21:17:24"
"rochester","SACRAL","95","0","95","2026-08-27 15:47:42"
"rochester","UR0968","95","0","95","2026-09-01 22:51:39"
"rochester","RR682","95","0","95","2026-08-26 03:43:18"
"rochester","RR541","93","0","93","2026-08-29 20:37:03"
"rochester","UR1700","93","0","93","2026-08-30 03:33:53"
"rochester","UR0976","93","0","93","2026-08-31 20:55:15"
"rochester","UR1731","93","0","93","2026-08-29 19:43:37"
"rochester","UR2297","93","0","93","2026-08-26 02:26:57"
"rochester","UR1011","92","0","92","2026-08-27 08:42:30"
"rochester","UR1747","92","0","92","2026-08-29 13:40:57"
"rochester","RRH286","92","0","92","2026-08-29 15:33:06"
"rochester","UR1009","92","0","92","2026-08-30 07:51:44"
"rochester","UNDEFINED","91","0","91","2026-07-28 13:49:20"
"rochester","UR1848","91","0","91","2026-08-26 02:38:52"
"rochester","UR2234","91","0","91","2026-08-18 01:44:47"
"rochester","UR2398","90","0","90","2026-08-28 20:52:15"
"rochester","UR2343","90","0","90","2026-08-30 08:07:40"
"rochester","UR0846","90","0","90","2026-08-29 12:50:43"
"rochester","UR0039","89","0","89","2026-08-03 04:27:46"
"rochester","RRH992","89","0","89","2026-09-01 08:15:17"
"rochester","UR2356","89","0","89","2026-08-30 08:02:49"
"rochester","RRH145","88","0","88","2026-08-30 05:55:10"
"rochester","RRH682","88","0","88","2026-08-29 03:52:45"
"rochester","UR2428","87","0","87","2026-08-26 02:51:01"
"rochester","UR1652","87","0","87","2026-07-24 22:12:42"
"rochester","RRH670","87","0","87","2026-05-26 20:48:28"
"rochester","RR197","86","0","86","2026-09-01 22:39:57"
"rochester","UR2396","86","0","86","2026-08-29 19:55:08"
"rochester","UR0837","86","0","86","2026-08-29 14:12:31"
"rochester","RRH157","85","0","85","2026-09-01 16:17:45"
"rochester","RR399","84","0","84","2026-09-01 17:17:53"
"rochester","UR0991","84","0","84","2026-08-26 14:08:42"
"rochester","UR2361","83","0","83","2026-08-28 15:36:54"
"rochester","UR0852","83","0","83","2026-08-31 20:54:26"
"rochester","FLHTH","83","0","83","2026-08-26 05:18:14"
"rochester","UR0688","82","0","82","2026-08-31 22:35:26"
"rochester","RR571","82","0","82","2026-08-18 12:43:11"
"rochester","UR0980","82","0","82","2026-08-29 08:21:49"
"rochester","RR256","80","0","80","2026-08-28 03:27:47"
"rochester","UR0222","80","0","80","2026-08-26 00:38:27"
"rochester","UR1689","79","0","79","2026-08-26 04:05:47"
"rochester","RR284","79","0","79","2026-08-27 11:42:59"
"rochester","UR2447","79","0","79","2026-08-29 19:47:09"
"rochester","UR0583","78","0","78","2026-08-25 23:37:48"
"rochester","UR2019","77","0","77","2026-08-30 08:30:27"
"rochester","NSWNY2","77","0","77","2026-05-19 17:20:51"
"rochester","UR1025","77","0","77","2026-08-29 01:50:34"
"rochester","UR1443","76","0","76","2026-08-26 01:57:44"
"rochester","RRH085","75","0","75","2026-08-29 05:02:33"
"rochester","UR1151","75","0","75","2026-06-10 02:41:07"
"rochester","HABC","75","0","75","2026-08-29 20:50:20"
"rochester","UR0904","75","0","75","2026-08-28 08:02:04"
"rochester","ELMNR","74","0","74","2026-08-27 07:01:47"
"rochester","RR286","73","0","73","2026-08-26 05:49:47"
"rochester","UR0841","72","0","72","2026-06-25 23:36:07"
"rochester","UR1643","71","0","71","2026-08-26 06:36:12"
"rochester","MFCI","71","0","71","2026-06-10 02:40:25"
"rochester","UR1627","70","0","70","2026-08-30 07:23:28"
"rochester","LCHD","70","0","70","2026-07-11 03:49:20"
"rochester","RRH395","70","0","70","2026-08-27 19:46:49"
"rochester","RR560","70","0","70","2026-08-25 23:42:21"
"rochester","UR0063","69","0","69","2026-08-29 13:32:57"
"rochester","RRH903","69","0","69","2026-09-01 03:32:05"
"rochester","UR1968","68","0","68","2026-08-27 01:27:44"
"rochester","RR267","67","0","67","2026-08-26 02:28:55"
"rochester","UR2404","67","0","67","2026-08-04 03:26:13"
"rochester","RRH366","66","0","66","2026-08-28 03:01:21"
"rochester","TRMMCT","66","0","66","2026-08-29 14:41:18"
"rochester","UR2437","65","0","65","2026-08-28 05:22:23"
"rochester","UR1152","65","0","65","2026-08-30 08:27:43"
"rochester","RR174","65","0","65","2026-08-29 21:43:56"
"rochester","UR2245","64","0","64","2026-08-29 23:04:09"
"rochester","UR0257","64","0","64","2026-08-26 01:56:33"
"rochester","UR1725","64","0","64","2026-08-31 19:45:38"
"rochester","UR2337","63","0","63","2026-08-28 22:18:05"
"rochester","UR0249","63","0","63","2026-08-27 23:15:37"
"rochester","UR1030","62","0","62","2026-08-31 19:56:40"
"rochester","UR1127","62","0","62","2026-08-26 16:35:17"
"rochester","UR1198","61","0","61","2026-08-26 06:41:55"
"rochester","UR1847","60","0","60","2026-08-28 09:14:45"
"rochester","BHF2","60","0","60","2026-08-26 03:35:41"
"rochester","WWNR","60","0","60","2026-08-26 22:12:05"
"rochester","UR1577","60","0","60","2026-08-26 09:30:40"
"rochester","UR0700","60","0","60","2026-08-26 00:23:13"
"rochester","UR2163","60","0","60","2026-08-29 17:23:27"
"rochester","UR0503","59","0","59","2026-08-29 19:06:10"
"rochester","UR2395","59","0","59","2026-08-29 05:31:20"
"rochester","${FACILITYSHORTNAME}","59","0","59","2026-08-26 03:42:01"
"rochester","RR664","59","0","59","2026-08-14 22:59:56"
"rochester","UR1212","57","0","57","2026-08-30 13:18:20"
"rochester","UR0651","57","0","57","2026-07-05 06:12:38"
"rochester","UR2053","57","0","57","2026-08-25 23:48:25"
"rochester","EVP","56","0","56","2026-08-26 03:39:23"
"rochester","UR1089","56","0","56","2026-08-26 04:25:36"
"rochester","UR0913","55","0","55","2026-08-18 04:23:41"
"rochester","UR1903","55","0","55","2026-08-28 07:44:01"
"rochester","UR2121","54","0","54","2026-08-30 06:24:49"
"rochester","UR2191","54","0","54","2026-08-28 00:47:21"
"rochester","UR2288","54","0","54","2026-08-27 23:00:58"
"rochester","UR0909","53","0","53","2026-08-26 22:02:14"
"rochester","UR1879","53","0","53","2026-08-09 08:20:21"
"rochester","UR1036","53","0","53","2026-08-31 21:26:26"
"rochester","UR0256","53","0","53","2026-08-28 07:24:13"
"rochester","RRH888","52","0","52","2026-08-26 02:23:54"
"rochester","UR1565","52","0","52","2026-08-20 18:55:36"
"rochester","UR2140","52","0","52","2026-08-30 08:13:03"
"rochester","RR281","51","0","51","2026-08-26 05:44:51"
"rochester","RRH551","51","0","51","2026-08-26 03:01:55"
"rochester","UR2287","51","0","51","2026-08-30 04:36:30"
"rochester","RR380","50","0","50","2026-08-29 09:26:28"
"rochester","UR2548","50","0","50","2026-08-28 09:14:25"
"rochester","RRH240","50","0","50","2026-08-31 04:38:04"
"rochester","RRH975","50","0","50","2026-08-28 01:35:34"
"rochester","UR0741","50","0","50","2026-05-21 18:12:12"
"rochester","UR0046","50","0","50","2026-08-31 08:10:46"
"rochester","TRMSPC","50","0","50","2026-09-01 05:13:15"
"rochester","RR752","49","0","49","2026-08-28 01:19:23"
"rochester","UR0961","49","0","49","2026-08-30 00:43:04"
"rochester","RRH474","49","0","49","2026-08-26 04:21:25"
"rochester","UR0258","49","0","49","2026-08-29 20:04:48"
"rochester","UR0799","49","0","49","2026-08-31 19:57:42"
"rochester","UR2132","49","0","49","2026-08-25 23:30:35"
"rochester","UR0736","49","0","49","2026-08-28 12:04:42"
"rochester","RR670","48","0","48","2026-08-26 03:59:32"
"rochester","UR2362","48","0","48","2026-08-28 13:20:32"
"rochester","UR1564","48","0","48","2026-08-26 03:36:01"
"rochester","UR0204","48","0","48","2026-08-28 08:48:35"
"rochester","RRH308","48","0","48","2026-08-27 16:28:22"
"rochester","UR2425","47","0","47","2026-08-29 16:49:58"
"rochester","UR0146","47","0","47","2026-08-28 01:43:42"
"rochester","UR2348","47","0","47","2026-08-08 06:28:26"
"rochester","UR1010","46","0","46","2026-08-30 10:01:42"
"rochester","UR0514","46","0","46","2026-08-30 07:57:29"
"rochester","FLACRA","46","0","46","2026-09-01 11:44:42"
"rochester","UR0689","46","0","46","2026-08-29 08:37:43"
"rochester","UR2120","46","0","46","2026-08-26 04:37:53"
"rochester","DMA2","46","0","46","2026-07-07 16:12:21"
"rochester","UR0223","45","0","45","2026-08-28 15:06:34"
"rochester","UR2325","45","0","45","2026-08-30 07:50:15"
"rochester","UR1553","45","0","45","2026-08-29 08:23:20"
"rochester","UR2131","44","0","44","2026-08-11 00:48:35"
"rochester","UR1679","44","0","44","2026-08-18 22:43:27"
"rochester","SCIA","44","0","44","2026-06-10 02:40:29"
"rochester","UR1166","44","0","44","2026-08-28 08:55:15"
"rochester","RRH643","44","0","44","2026-05-05 06:14:05"
"rochester","RR182","44","0","44","2026-09-01 04:38:44"
"rochester","UR0553","43","0","43","2026-08-21 03:41:47"
"rochester","UR1376","43","0","43","2026-08-31 20:23:12"
"rochester","UR2324","43","0","43","2026-08-26 02:28:48"
"rochester","RR550","43","0","43","2026-08-25 22:35:27"
"rochester","UR1170","41","0","41","2026-08-26 02:41:39"
"rochester","UR0486","41","0","41","2026-08-29 16:36:56"
"rochester","RR610","40","0","40","2026-08-31 12:59:43"
"rochester","FLHGN","40","0","40","2026-08-27 00:28:05"
"rochester","UR1161","40","0","40","2026-08-10 07:53:37"
"rochester","UR1845","40","0","40","2026-09-01 02:42:12"
"rochester","UR2378","39","0","39","2026-08-26 02:26:46"
"rochester","UR2363","39","0","39","2026-08-26 00:00:53"
"rochester","UR2355","39","0","39","2026-06-24 22:54:26"
"rochester","RRH469","39","0","39","2026-07-29 11:12:02"
"rochester","UR0143","39","0","39","2026-08-25 23:42:02"
"rochester","UR2326","38","0","38","2026-08-26 02:44:11"
"rochester","UR2130","37","0","37","2026-08-13 03:57:39"
"rochester","RRH261","36","0","36","2026-08-28 01:42:57"
"rochester","RR490","36","0","36","2026-07-22 23:30:15"
"rochester","UR2229","36","0","36","2026-08-28 09:26:31"
"rochester","SACC","35","0","35","2026-08-27 09:18:04"
"rochester","UR1107","35","0","35","2026-08-29 15:46:11"
"rochester","UR1453","35","0","35","2026-08-26 04:35:22"
"rochester","TRMMAC","35","0","35","2026-08-30 09:37:02"
"rochester","UR0501","35","0","35","2026-08-26 02:36:01"
"rochester","UR2249","34","0","34","2026-08-28 06:55:50"
"rochester","UR1487","33","0","33","2026-08-26 15:27:11"
"rochester","UR1619","33","0","33","2026-08-26 02:32:22"
"rochester","SADAS","33","0","33","2026-08-26 01:30:53"
"rochester","UR2405","32","0","32","2026-08-27 11:54:48"
"rochester","UR0339","31","0","31","2026-08-07 06:08:24"
"rochester","UR2544","31","0","31","2026-08-30 12:15:50"
"rochester","UR2349","31","0","31","2026-08-27 12:20:05"
"rochester","RR740","31","0","31","2026-08-28 07:46:42"
"rochester","RR686","30","0","30","2026-05-11 19:42:04"
"rochester","UR1118","30","0","30","2026-08-29 03:52:28"
"rochester","UR1766","30","0","30","2026-08-26 00:22:54"
"rochester","UR2271","30","0","30","2026-08-25 03:44:09"
"rochester","UR1711","29","0","29","2026-08-28 16:10:55"
"rochester","UR1935","29","0","29","2026-08-26 04:37:16"
"rochester","UR0076","29","0","29","2026-08-26 01:32:35"
"rochester","RR726","29","0","29","2026-08-25 23:48:42"
"rochester","UR1846","29","0","29","2026-08-04 02:00:35"
"rochester","UR2430","28","0","28","2026-08-30 07:00:36"
"rochester","UR1183","28","0","28","2026-08-26 02:44:58"
"rochester","UR2243","28","0","28","2026-07-18 00:09:33"
"rochester","UR2293","27","0","27","2026-08-21 02:26:49"
"rochester","RRH673","27","0","27","2026-08-29 01:32:59"
"rochester","UR0021","26","0","26","2026-08-28 03:23:18"
"rochester","UR0262","26","0","26","2026-08-28 07:44:39"
"rochester","UR2218","26","0","26","2026-08-31 22:02:33"
"rochester","RR377","26","0","26","2026-08-19 02:24:21"
"rochester","TRMDTS","25","0","25","2026-07-04 02:02:32"
"rochester","UR2148","25","0","25","2026-08-08 03:58:07"
"rochester","RR801","25","0","25","2026-08-21 04:56:33"
"rochester","UR1650","24","0","24","2026-08-26 04:46:45"
"rochester","UR0902","24","0","24","2026-08-26 06:39:06"
"rochester","UR2408","24","0","24","2026-08-26 19:48:58"
"rochester","UR2031","24","0","24","2026-08-30 03:45:44"
"rochester","UR1746","24","0","24","2026-08-26 03:54:04"
"rochester","UR0109","24","0","24","2026-08-19 10:24:02"
"rochester","UR0181","24","0","24","2026-08-26 01:21:30"
"rochester","RR63","23","0","23","2026-08-28 04:23:54"
"rochester","UR0861","23","0","23","2026-08-29 10:37:44"
"rochester","UR2448","23","0","23","2026-08-29 11:47:11"
"rochester","RR599","23","0","23","2026-08-28 21:11:15"
"rochester","UR1617","23","0","23","2026-08-29 15:50:02"
"rochester","UR0977","23","0","23","2026-08-26 03:29:31"
"rochester","SAHC","22","0","22","2026-08-07 16:10:01"
"rochester","UR0879","21","0","21","2026-08-06 05:42:47"
"rochester","RRH645","21","0","21","2026-05-05 06:18:23"
"rochester","UR0069","21","0","21","2026-08-07 22:44:20"
"rochester","RR721","20","0","20","2026-05-21 21:12:18"
"rochester","RR776","20","0","20","2026-06-30 16:40:18"
"rochester","UR0847","20","0","20","2026-08-26 02:27:50"
"rochester","UR2282","20","0","20","2026-07-01 04:25:15"
"rochester","MANH","19","0","19","2026-08-26 22:14:09"
"rochester","UR2358","19","0","19","2026-08-26 03:17:51"
"rochester","UR0993","18","0","18","2026-08-28 03:45:46"
"rochester","UR1967","18","0","18","2026-06-12 08:25:00"
"rochester","UR2029","18","0","18","2026-08-29 19:34:22"
"rochester","RRH775","18","0","18","2026-08-19 00:21:54"
"rochester","UR1325","18","0","18","2026-06-08 21:50:19"
"rochester","UR2138","18","0","18","2026-08-19 04:57:05"
"rochester","UR1774","17","0","17","2026-08-26 01:32:05"
"rochester","RRH786","17","0","17","2026-07-31 16:21:04"
"rochester","RR46","17","0","17","2026-08-27 15:55:56"
"rochester","RR781","17","0","17","2026-08-25 23:41:15"
"rochester","UR2340","16","0","16","2026-08-30 17:09:26"
"rochester","UR0419","16","0","16","2026-08-29 19:19:53"
"rochester","UR0123","16","0","16","2026-08-28 18:01:56"
"rochester","UR2085","15","0","15","2026-06-20 00:38:36"
"rochester","UR1495","15","0","15","2026-08-26 05:20:42"
"rochester","UR2251","15","0","15","2026-08-30 22:29:07"
"rochester","UR1732","15","0","15","2026-08-30 07:00:30"
"rochester","RR738","14","0","14","2026-08-26 05:04:18"
"rochester","UR2336","14","0","14","2026-08-11 08:18:22"
"rochester","UR0504","14","0","14","2026-08-26 02:01:01"
"rochester","RRH126","14","0","14","2026-05-29 00:21:20"
"rochester","UR0491","14","0","14","2026-06-22 07:20:52"
"rochester","RRH860","14","0","14","2026-08-07 17:16:14"
"rochester","UR0189","13","0","13","2026-06-30 03:50:20"
"rochester","UR1171","13","0","13","2026-08-29 19:59:22"
"rochester","UR0092","13","0","13","2026-08-28 03:48:09"
"rochester","RRH785","13","0","13","2026-08-05 15:42:11"
"rochester","UR1111","13","0","13","2026-08-31 22:14:42"
"rochester","UR1037","13","0","13","2026-08-25 22:47:44"
"rochester","UR0576","13","0","13","2026-08-20 22:54:37"
"rochester","RRH265","13","0","13","2026-08-29 13:49:13"
"rochester","UR2350","12","0","12","2026-08-28 17:58:42"
"rochester","UR1656","12","0","12","2026-08-26 16:16:23"
"rochester","UR1957","12","0","12","2026-08-26 03:19:10"
"rochester","RRH915","12","0","12","2026-08-27 22:51:54"
"rochester","RRH644","12","0","12","2026-05-05 05:30:04"
"rochester","RR757","11","0","11","2026-08-28 00:52:02"
"rochester","UR0251","11","0","11","2026-08-05 18:09:08"
"rochester","UR2393","11","0","11","2026-09-01 23:51:21"
"rochester","UR0526","11","0","11","2026-08-26 03:26:22"
"rochester","SAC","10","0","10","2026-06-01 06:51:13"
"rochester","UR0851","10","0","10","2026-08-26 03:21:52"
"rochester","UR1440","10","0","10","2026-08-27 03:35:47"
"rochester","RRH861","10","0","10","2026-09-01 01:06:51"
"rochester","UR1805","10","0","10","2026-08-29 16:41:37"
"rochester","UR1098","10","0","10","2026-08-25 23:17:14"
"rochester","RR472","10","0","10","2026-08-25 23:58:42"
"rochester","UR2534","10","0","10","2026-08-26 03:10:05"
"rochester","UR2239","10","0","10","2026-09-01 21:28:07"
"rochester","RR649","9","0","9","2026-08-26 05:45:42"
"rochester","UR1144","9","0","9","2026-08-18 04:09:17"
"rochester","UR2123","9","0","9","2026-08-30 06:37:18"
"rochester","RRC","9","0","9","2026-07-28 03:10:01"
"rochester","UR2122","9","0","9","2026-08-26 03:17:28"
"rochester","RRH859","9","0","9","2026-08-17 19:58:10"
"rochester","UR0669","9","0","9","2026-08-26 13:02:30"
"rochester","UR2273","8","0","8","2026-07-22 01:27:05"
"rochester","UR0778","8","0","8","2026-08-19 07:09:51"
"rochester","HLC3M","8","0","8","2026-08-26 05:43:54"
"rochester","RR436","8","0","8","2026-07-20 14:43:06"
"rochester","UR0864","8","0","8","2026-07-27 04:26:04"
"rochester","UR1528","8","0","8","2026-08-10 09:36:24"
"rochester","UR2424","8","0","8","2026-08-08 00:46:06"
"rochester","RRH087","8","0","8","2026-08-26 01:55:23"
"rochester","UR2372","8","0","8","2026-08-08 06:40:05"
"rochester","RRH045","7","0","7","2026-08-03 13:44:05"
"rochester","CAES","7","0","7","2026-05-07 01:06:29"
"rochester","RRH918","7","0","7","2026-08-26 03:42:52"
"rochester","UR1173","7","0","7","2026-07-07 03:34:08"
"rochester","RR61","7","0","7","2026-08-03 17:10:25"
"rochester","UR2045","7","0","7","2026-08-26 01:51:12"
"rochester","RR780","7","0","7","2026-08-05 12:56:14"
"rochester","UR2141","7","0","7","2026-08-26 02:12:33"
"rochester","RRH642","7","0","7","2026-05-05 05:30:20"
"rochester","UR1807","7","0","7","2026-07-22 00:07:55"
"rochester","UR0665","7","0","7","2026-08-29 23:09:19"
"rochester","RR115","6","0","6","2026-08-19 00:25:24"
"rochester","RR34","6","0","6","2026-08-28 04:10:39"
"rochester","RRH475","6","0","6","2026-08-25 23:46:20"
"rochester","HABB","6","0","6","2026-08-21 02:48:50"
"rochester","RR760","6","0","6","2026-08-26 23:41:32"
"rochester","HLCLT","6","0","6","2026-08-04 05:18:13"
"rochester","UR2401","6","0","6","2026-07-10 23:18:28"
"rochester","RRH612","6","0","6","2026-08-20 17:55:40"
"rochester","UR2422","6","0","6","2026-08-26 03:23:05"
"rochester","RRH901","6","0","6","2026-07-18 06:00:11"
"rochester","UR1469","6","0","6","2026-07-17 10:52:10"
"rochester","RRH621","6","0","6","2026-08-17 17:23:05"
"rochester","UR2399","6","0","6","2026-05-31 03:46:42"
"rochester","RR797","6","0","6","2026-08-29 01:53:19"
"rochester","RRH693","5","0","5","2026-07-08 13:36:10"
"rochester","UR1767","5","0","5","2026-07-18 00:32:09"
"rochester","RRH282","5","0","5","2026-07-03 03:15:05"
"rochester","UR0647","5","0","5","2026-08-11 01:08:19"
"rochester","RRH553","5","0","5","2026-07-20 17:52:19"
"rochester","UR1862","5","0","5","2026-08-19 01:51:37"
"rochester","RRH089","5","0","5","2026-08-19 03:15:06"
"rochester","UR0338","5","0","5","2026-07-02 10:06:28"
"rochester","UR0840","5","0","5","2026-06-24 05:42:35"
"rochester","RR698","5","0","5","2026-06-20 18:50:12"
"rochester","RRH902","5","0","5","2026-07-24 18:20:22"
"rochester","UR1108","5","0","5","2026-08-25 23:40:34"
"rochester","HABA","5","0","5","2026-08-29 18:58:37"
"rochester","UR2108","5","0","5","2026-07-16 02:32:57"
"rochester","UR0228","5","0","5","2026-06-30 08:32:49"
"rochester","SADAM","5","0","5","2026-08-27 21:33:10"
"rochester","RRH781","5","0","5","2026-06-03 06:48:45"
"rochester","RRH455","4","0","4","2026-06-07 06:22:44"
"rochester","RRH086","4","0","4","2026-08-29 19:09:12"
"rochester","UR1110","4","0","4","2026-07-24 00:24:05"
"rochester","RR582","4","0","4","2026-08-26 01:50:12"
"rochester","UR0872","4","0","4","2026-07-16 07:26:13"
"rochester","RRH977","4","0","4","2026-08-18 19:30:01"
"rochester","RRH607","4","0","4","2026-07-23 16:32:12"
"rochester","UR1109","4","0","4","2026-08-26 03:27:40"
"rochester","RRH593","4","0","4","2026-07-17 15:16:06"
"rochester","UR2397","4","0","4","2026-05-29 07:04:12"
"rochester","UR2274","4","0","4","2026-08-29 14:20:12"
"rochester","RR328","4","0","4","2026-08-07 17:40:09"
"rochester","UR2096","4","0","4","2026-08-31 21:07:54"
"rochester","RR468","4","0","4","2026-06-15 05:38:21"
"rochester","UR0386","4","0","4","2026-08-26 00:39:05"
"rochester","HABD","4","0","4","2026-07-17 23:32:11"
"rochester","UR2270","4","0","4","2026-05-23 07:14:40"
"rochester","UR1179","3","0","3","2026-08-19 00:11:52"
"rochester","RRH072","3","0","3","2026-08-19 03:36:42"
"rochester","UR1390","3","0","3","2026-05-27 08:12:41"
"rochester","RR756","3","0","3","2026-08-19 05:59:32"
"rochester","UR1088","3","0","3","2026-08-31 19:42:58"
"rochester","RRH982","3","0","3","2026-08-03 05:52:21"
"rochester","RRH434","3","0","3","2026-05-21 21:12:19"
"rochester","UR1383","3","0","3","2026-08-26 01:56:19"
"rochester","UR0221","3","0","3","2026-05-30 13:51:13"
"rochester","GRHHN","3","0","3","2026-09-01 11:43:18"
"rochester","UR1087","3","0","3","2026-07-22 08:59:44"
"rochester","UR2240","3","0","3","2026-07-06 23:08:25"
"rochester","RRH889","3","0","3","2026-08-19 01:45:30"
"rochester","UR0893","3","0","3","2026-07-30 07:36:05"
"rochester","UR1321","3","0","3","2026-08-13 01:06:41"
"rochester","RRH705","3","0","3","2026-07-01 18:46:30"
"rochester","RR120","3","0","3","2026-05-15 18:44:12"
"rochester","RR253","3","0","3","2026-08-03 15:22:15"
"rochester","RRH221","3","0","3","2026-07-13 17:00:26"
"rochester","RR117","3","0","3","2026-08-03 14:24:05"
"rochester","RR791","3","0","3","2026-05-18 18:26:15"
"rochester","WMG","3","0","3","2026-05-12 20:33:00"
"rochester","UR1391","3","0","3","2026-07-01 17:44:04"
"rochester","UR2375","2","0","2","2026-08-11 01:38:32"
"rochester","UR0759","2","0","2","2026-07-22 09:28:54"
"rochester","UR0911","2","0","2","2026-08-31 19:41:46"
"rochester","UR0150","2","0","2","2026-07-16 02:30:03"
"rochester","RR685","2","0","2","2026-08-06 18:46:05"
"rochester","RR5","2","0","2","2026-08-06 19:18:51"
"rochester","RR514","2","0","2","2026-07-17 14:44:54"
"rochester","UR2220","2","0","2","2026-05-06 06:34:13"
"rochester","UR1351","2","0","2","2026-08-26 03:16:29"
"rochester","UR1593","2","0","2","2026-05-07 05:22:08"
"rochester","UR0664","2","0","2","2026-05-31 00:41:24"
"rochester","RR559","2","0","2","2026-07-19 17:49:54"
"rochester","UR2183","2","0","2","2026-08-25 23:08:42"
"rochester","UR0072","2","0","2","2026-08-08 06:52:03"
"rochester","RR423","2","0","2","2026-07-22 21:48:45"
"rochester","UR2159","2","0","2","2026-06-28 12:27:52"
"rochester","UR1698","2","0","2","2026-06-20 02:34:17"
"rochester","RR65","2","0","2","2026-08-28 00:49:04"
"rochester","RR161","2","0","2","2026-07-14 17:24:16"
"rochester","UR0213","2","0","2","2026-08-26 04:15:17"
"rochester","UR2111","2","0","2","2026-08-25 23:48:51"
"rochester","RRH228","2","0","2","2026-07-20 12:58:03"
"rochester","RR114","2","0","2","2026-07-24 15:58:18"
"rochester","RR699","2","0","2","2026-06-03 23:08:17"
"rochester","UR0301","2","0","2","2026-07-18 12:37:31"
"rochester","RRH680","2","0","2","2026-06-29 18:12:02"
"rochester","UR0105","2","0","2","2026-07-23 00:25:36"
"rochester","RRH088","2","0","2","2026-06-26 19:30:34"
"rochester","UR0340","2","0","2","2026-06-24 01:01:11"
"rochester","UR0843","2","0","2","2026-07-27 08:10:19"
"rochester","RR201","2","0","2","2026-05-11 13:04:09"
"rochester","RRH629","2","0","2","2026-05-26 02:50:05"
"rochester","RRH048","2","0","2","2026-05-14 17:04:05"
"rochester","UR2423","2","0","2","2026-08-30 07:23:46"
"rochester","RRH663","2","0","2","2026-08-02 14:46:14"
"rochester","UR2192","2","0","2","2026-08-26 03:04:33"
"rochester","UR1704","2","0","2","2026-08-04 02:40:07"
"rochester","RRH454","2","0","2","2026-05-14 22:02:06"
"rochester","UR2400","1","0","1","2026-08-06 23:34:33"
"rochester","RRH917","1","0","1","2026-05-10 03:36:04"
"rochester","UR1304","1","0","1","2026-06-10 09:14:22"
"rochester","UR0727","1","0","1","2026-08-26 03:13:30"
"rochester","UR1417","1","0","1","2026-05-16 01:46:13"
"rochester","UR1227","1","0","1","2026-07-03 08:15:01"
"rochester","RR402","1","0","1","2026-08-20 14:22:59"
"rochester","RR576","1","0","1","2026-07-15 17:28:08"
"rochester","UR0979","1","0","1","2026-07-30 04:50:31"
"rochester","RR150","1","0","1","2026-05-18 21:40:09"
"rochester","CKIM","1","0","1","2026-06-02 05:00:17"
"rochester","UR1394","1","0","1","2026-06-18 11:58:36"
"rochester","UR2016","1","0","1","2026-06-19 11:54:07"
"rochester","RR241","1","0","1","2026-05-12 20:10:17"
"rochester","RR598","1","0","1","2026-05-19 16:02:13"
"rochester","RR38","1","0","1","2026-05-18 15:06:19"
"rochester","UR0974","1","0","1","2026-06-30 08:20:58"
"rochester","UR1148","1","0","1","2026-08-14 08:36:16"
"rochester","HABMEM","1","0","1","2026-07-28 01:40:36"
"rochester","UR1755","1","0","1","2026-07-02 08:44:35"
"rochester","UR1434","1","0","1","2026-06-29 08:00:13"
"rochester","RRH348","1","0","1","2026-05-17 05:50:30"
"rochester","RRH452","1","0","1","2026-05-12 20:14:28"
"rochester","UR1382","1","0","1","2026-05-22 09:42:11"
"rochester","UR0330","1","0","1","2026-07-06 09:20:32"
"rochester","UR0881","1","0","1","2026-08-26 03:00:11"
"rochester","RRH463","1","0","1","2026-05-13 03:02:04"
"rochester","ONAC","1","0","1","2026-05-11 20:20:33"
"rochester","RRH828","1","0","1","2026-08-03 13:40:01"
"rochester","UR1113","1","0","1","2026-08-02 08:52:27"
"rochester","UR1258","1","0","1","2026-07-20 08:06:14"
"rochester","RRH916","1","0","1","2026-06-21 22:41:49"
"rochester","UR0476","1","0","1","2026-05-14 05:38:02"
"rochester","RR581","1","0","1","2026-05-23 06:04:23"
"rochester","RRH269","1","0","1","2026-05-18 21:40:10"
"rochester","RR242","1","0","1","2026-05-17 05:02:16"
"rochester","UR2095","1","0","1","2026-08-20 22:52:51"
"rochester","RR69","1","0","1","2026-07-28 14:02:02"
"rochester","RRH416","1","0","1","2026-06-21 19:23:44"
"rochester","HABE","1","0","1","2026-08-19 00:36:53"
"rochester","RR676","1","0","1","2026-05-05 06:14:26"
"rochester","UR0992","1","0","1","2026-05-11 08:30:08"
"rochester","RRH794","1","0","1","2026-05-15 13:36:11"
"rochester","RRH266","1","0","1","2026-05-13 01:34:02"
"rochester","UR0309","1","0","1","2026-06-23 02:58:09"
"rochester","RGHS","0","240605","240605","2026-09-01 23:59:41"
"rochester","KHS","0","41","41","2026-06-01 15:15:56"
"rochester","WCCHS","0","2066","2066","2026-08-29 01:53:21"
"rochester","CENTL","0","113245","113245","2026-09-01 23:59:27"
"rochester","URMCEPIC","0","2119982","2119982","2026-09-01 23:59:57"
"rochester","MSMH","0","1","1","2026-07-04 12:41:56"
"rochester","ACH","0","138464","138464","2026-09-01 23:44:35"
"techbd","KHSEPI","275337","3990900","4266237","2026-09-01 23:59:58"
"techbd","CHSEPI","245104","460565","705669","2026-09-01 23:59:25"
"techbd","UBMD","184243","0","184243","2026-09-01 23:57:15"
"techbd","BUFNRC","176866","0","176866","2026-09-01 23:02:19"
"techbd","WNYURO","176510","0","176510","2026-09-01 23:33:01"
"techbd","ECMCCL","154377","60333","214710","2026-09-01 23:41:37"
"techbd","EORTHO","141169","0","141169","2026-09-01 23:58:40"
"techbd","HRZON2","133593","0","133593","2026-09-01 20:46:30"
"techbd","BMG","130268","102183","232451","2026-09-01 23:52:45"
"techbd","RPCI","123531","124666","248197","2026-09-01 23:58:21"
"techbd","ECRN","114045","0","114045","2026-09-01 23:02:20"
"techbd","UPMCEP","112177","472891","585068","2026-09-01 23:58:25"
"techbd","UBORTH","112164","0","112164","2026-09-01 23:59:36"
"techbd","GP","96808","0","96808","2026-07-10 16:05:04"
"techbd","BMGCE","92822","0","92822","2026-09-01 23:58:01"
"techbd","WNYMED","77529","0","77529","2026-09-01 11:42:35"
"techbd","RPCIME","71982","0","71982","2026-09-01 23:58:07"
"techbd","UBNEUR","71394","0","71394","2026-09-01 20:55:40"
"techbd","EVGRN2","71110","0","71110","2026-09-01 20:30:47"
"techbd","INVISI","70432","0","70432","2026-09-01 23:57:06"
"techbd","MCSTNE","70165","0","70165","2026-07-20 15:06:44"
"techbd","NHCNY","61259","0","61259","2026-09-01 23:57:38"
"techbd","HMGPC","59855","0","59855","2026-09-01 23:15:46"
"techbd","UPC","59196","0","59196","2026-09-01 03:50:26"
"techbd","NFMPC","57675","0","57675","2026-09-01 04:38:23"
"techbd","WHTPED","53951","0","53951","2026-09-01 23:56:25"
"techbd","BCHPCC","52980","0","52980","2026-09-01 20:12:06"
"techbd","MHA","50393","0","50393","2026-09-01 23:58:45"
"techbd","HRTGRN","48520","0","48520","2026-09-01 23:25:42"
"techbd","PCWNY","48379","0","48379","2026-09-01 20:29:33"
"techbd","HRTPRK","46700","0","46700","2026-09-01 21:17:08"
"techbd","JRCHC","43193","0","43193","2026-09-01 23:58:13"
"techbd","FHMS2","42719","0","42719","2026-09-01 20:58:02"
"techbd","SHS2","38392","0","38392","2026-09-01 20:12:07"
"techbd","AUDBON","33730","0","33730","2026-09-01 19:45:15"
"techbd","GSTROA","32616","0","32616","2026-09-01 21:28:04"
"techbd","ECMC","32526","161464","193990","2026-09-01 23:58:15"
"techbd","NTCARD","29097","0","29097","2026-09-01 19:02:14"
"techbd","BRTRND","27856","38413","66269","2026-09-01 23:17:16"
"techbd","NFMMC","27534","165632","193166","2026-09-01 23:56:54"
"techbd","OMG","26628","0","26628","2026-08-03 09:37:10"
"techbd","CHCB","26333","0","26333","2026-09-01 02:46:30"
"techbd","STHGTE","26035","0","26035","2026-09-01 23:54:43"
"techbd","INSPIR","25381","0","25381","2026-09-01 21:02:01"
"techbd","AMHRST","22903","0","22903","2026-09-01 20:42:00"
"techbd","MSMH","22347","4334","26681","2026-07-20 14:52:58"
"techbd","SOC","21828","8941","30769","2026-07-20 14:45:23"
"techbd","SASI2","21634","0","21634","2026-09-01 23:57:28"
"techbd","AMPEDS","21627","0","21627","2026-09-01 15:57:12"
"techbd","EAFP","21527","0","21527","2026-09-01 11:00:12"
"techbd","WCCHS","19832","2018","21850","2026-09-01 23:59:07"
"techbd","BGMC","19358","0","19358","2026-07-20 14:42:37"
"techbd","BMH","18148","15055","33203","2026-09-01 14:27:27"
"techbd","CATHC2","17935","0","17935","2026-09-01 20:14:08"
"techbd","LMH","17622","2544","20166","2026-07-20 14:53:09"
"techbd","JLAM","17199","0","17199","2026-09-01 18:07:26"
"techbd","WCCL","16277","0","16277","2026-09-01 19:31:21"
"techbd","MULWKA","16015","0","16015","2026-09-01 18:15:26"
"techbd","UPMCCL","15730","0","15730","2026-07-22 04:22:37"
"techbd","FCPHYS","15584","0","15584","2026-09-01 20:10:28"
"techbd","KMH","15443","6650","22093","2026-07-20 14:49:15"
"techbd","SLPINS","15250","0","15250","2026-09-01 22:39:52"
"techbd","MCSTNN","14788","0","14788","2026-07-20 15:01:46"
"techbd","DENT","14518","92410","106928","2026-09-01 23:54:04"
"techbd","MFSH","14458","0","14458","2026-07-20 14:48:41"
"techbd","BAKER","14399","0","14399","2026-09-01 17:27:15"
"techbd","OBGYN","14334","0","14334","2026-07-17 00:46:40"
"techbd","BUFRHE","14254","0","14254","2026-09-01 12:56:53"
"techbd","NEPASC","13969","0","13969","2026-09-01 20:11:29"
"techbd","ALDEN","13844","0","13844","2026-09-01 21:54:41"
"techbd","NFMSH","13838","0","13838","2026-09-01 12:40:05"
"techbd","OPFAM","13707","0","13707","2026-09-01 23:00:47"
"techbd","ALLPED","12937","0","12937","2026-09-01 20:26:07"
"techbd","NOVELL","12923","0","12923","2026-09-01 07:36:02"
"techbd","STHTWN","12919","0","12919","2026-09-01 19:53:35"
"techbd","SOMMED","12849","0","12849","2026-09-01 23:54:56"
"techbd","ALVLEA","12802","0","12802","2026-09-01 18:46:30"
"techbd","CHOB","12542","0","12542","2026-07-20 15:00:26"
"techbd","NHOSPC","12491","0","12491","2026-09-01 22:58:35"
"techbd","LAURRI","12274","0","12274","2026-09-01 19:51:26"
"techbd","LSPC","12189","0","12189","2026-09-01 21:54:12"
"techbd","KHOGH","12112","0","12112","2026-07-20 15:07:30"
"techbd","BPWMD","12002","0","12002","2026-09-01 22:05:38"
"techbd","OPPEDS","11774","0","11774","2026-09-01 21:03:55"
"techbd","BUFGYN","11641","0","11641","2026-09-01 22:31:15"
"techbd","GLPPFR","11481","0","11481","2026-07-22 04:34:48"
"techbd","ECMC2","11450","0","11450","2026-09-01 23:48:11"
"techbd","UAHSPN","11307","0","11307","2026-07-04 18:02:35"
"techbd","GLPPSC","11295","0","11295","2026-07-22 04:29:05"
"techbd","BUFHAS","11031","0","11031","2026-09-01 23:00:20"
"techbd","FORGAC","10974","0","10974","2026-09-01 10:43:27"
"techbd","BENEY","10960","0","10960","2026-09-01 23:43:46"
"techbd","GLPPJF","10822","0","10822","2026-07-22 04:33:16"
"techbd","JPEDAS","10488","0","10488","2026-09-01 20:33:42"
"techbd","DELPED","10401","0","10401","2026-09-01 18:51:28"
"techbd","MACC","10248","0","10248","2026-07-20 14:50:23"
"techbd","AMEDS","10210","0","10210","2026-09-01 20:11:03"
"techbd","CLYMER","10202","0","10202","2026-09-01 23:22:34"
"techbd","OMP535MS","9816","0","9816","2026-07-20 15:03:22"
"techbd","MIMP","9790","0","9790","2026-09-01 18:14:05"
"techbd","GLPPOG","9720","0","9720","2026-07-22 04:32:10"
"techbd","GLPPDK","9670","0","9670","2026-07-22 04:41:27"
"techbd","LCKPED","9610","0","9610","2026-09-01 22:34:47"
"techbd","BEVSA","9535","0","9535","2026-09-01 23:58:19"
"techbd","WSTFP","9510","0","9510","2026-09-01 20:25:37"
"techbd","APWNY","9422","0","9422","2026-09-01 17:54:56"
"techbd","GCMHS","9401","0","9401","2026-09-01 19:50:14"
"techbd","KFM","9233","0","9233","2026-09-01 19:09:05"
"techbd","ENNPC","8845","0","8845","2026-09-01 22:10:32"
"techbd","KHBGH","8836","0","8836","2026-06-09 05:04:48"
"techbd","STPED","8832","0","8832","2026-09-01 20:30:17"
"techbd","ENDV2","8420","0","8420","2026-09-01 21:11:21"
"techbd","QUAKER","8343","0","8343","2026-09-01 18:54:38"
"techbd","SJH","8263","3379","11642","2026-07-20 14:39:27"
"techbd","HRMCC2","8235","0","8235","2026-09-01 23:06:52"
"techbd","CASEY","8126","0","8126","2026-09-01 03:05:20"
"techbd","SJCMCC","8081","0","8081","2026-07-20 14:43:53"
"techbd","GLPPJ1","8035","0","8035","2026-07-22 04:36:06"
"techbd","GLPPGA","7808","0","7808","2026-07-22 04:30:31"
"techbd","UPMCED","7797","0","7797","2026-07-22 03:41:21"
"techbd","GPPC111PRIMCARE","7657","0","7657","2026-07-20 15:14:29"
"techbd","KHMFSH","7566","0","7566","2026-06-09 05:02:36"
"techbd","CHOBC","7392","0","7392","2026-07-20 15:12:52"
"techbd","GLPPIM","7385","0","7385","2026-07-22 04:32:55"
"techbd","FRSTRM","7338","0","7338","2026-09-01 20:54:25"
"techbd","CARROW","7274","0","7274","2026-09-01 08:41:00"
"techbd","BSBH2","7269","0","7269","2026-09-01 23:12:20"
"techbd","SBRHEU","7182","0","7182","2026-09-01 14:30:10"
"techbd","BTLCMH","7043","0","7043","2026-07-20 13:41:03"
"techbd","CLARKE","6954","0","6954","2026-09-01 17:07:28"
"techbd","OCMH","6942","0","6942","2026-09-01 15:07:40"
"techbd","ALLIED","6872","0","6872","2026-09-01 14:50:16"
"techbd","SPRPED","6845","0","6845","2026-09-01 17:36:22"
"techbd","LSFM","6824","0","6824","2026-09-01 17:07:11"
"techbd","BPEDA","6647","0","6647","2026-09-01 19:17:09"
"techbd","SJCBWC","6519","0","6519","2026-07-20 14:55:42"
"techbd","AVINO","6324","0","6324","2026-09-01 18:45:01"
"techbd","GPPC1091MS","6267","0","6267","2026-07-20 15:06:29"
"techbd","KHOCH","6168","0","6168","2026-06-28 05:06:23"
"techbd","CEDAR","6148","0","6148","2026-09-01 22:42:39"
"techbd","ARTMS","6087","0","6087","2026-09-01 20:04:07"
"techbd","HOUSE","6030","0","6030","2026-08-30 14:47:54"
"techbd","SHERMG","5924","0","5924","2026-09-01 18:14:23"
"techbd","DANHER","5800","0","5800","2026-09-01 20:09:04"
"techbd","VJNDLA","5785","0","5785","2026-09-01 19:44:35"
"techbd","CMP","5769","0","5769","2026-08-31 18:16:18"
"techbd","PAL","5768","0","5768","2026-09-01 21:21:27"
"techbd","NFMPCN","5743","0","5743","2026-07-20 15:00:09"
"techbd","PYOUNG","5687","0","5687","2026-09-01 19:53:03"
"techbd","CMHLTC","5643","0","5643","2026-09-01 22:01:34"
"techbd","OCNNOR","5521","0","5521","2026-09-01 19:43:30"
"techbd","CCMEDCRWNYPC","5467","0","5467","2026-07-20 15:01:39"
"techbd","TMCCOP","5460","0","5460","2026-07-20 14:58:10"
"techbd","GENPED","5410","0","5410","2026-09-01 15:07:20"
"techbd","AFM","5349","0","5349","2026-09-01 17:53:33"
"techbd","TMCORW","5305","0","5305","2026-07-20 14:39:44"
"techbd","GLPPC1","5303","0","5303","2026-07-22 04:37:42"
"techbd","SUMPED","5270","0","5270","2026-09-01 07:25:07"
"techbd","RBMED","5258","0","5258","2026-09-01 20:26:51"
"techbd","AUMOBG","5256","0","5256","2026-09-01 17:59:43"
"techbd","AKRON","5248","0","5248","2026-09-01 14:37:01"
"techbd","CAREAH","5099","0","5099","2026-09-01 19:41:13"
"techbd","BURKE","5091","0","5091","2026-09-01 20:51:16"
"techbd","PRKVW","5036","0","5036","2026-08-31 19:38:23"
"techbd","GPPC5959BTR","4965","0","4965","2026-07-20 14:58:22"
"techbd","STAHL2","4949","0","4949","2026-09-01 19:09:35"
"techbd","CLERK","4899","0","4899","2026-09-01 21:24:00"
"techbd","UPMCDR","4844","0","4844","2026-07-22 04:36:16"
"techbd","TMPWNY","4789","0","4789","2026-07-20 15:02:40"
"techbd","TMCCW","4770","0","4770","2026-07-20 15:06:45"
"techbd","GLC705MR","4730","0","4730","2026-07-20 14:41:06"
"techbd","MACATH","4710","0","4710","2026-07-20 14:37:26"
"techbd","TMCCC","4445","0","4445","2026-07-20 14:56:25"
"techbd","LEWPED","4377","0","4377","2026-09-01 17:06:05"
"techbd","GPPC6009STR","4315","0","4315","2026-07-20 15:05:56"
"techbd","NORTMG","4232","0","4232","2026-09-01 18:01:03"
"techbd","WSTFLD","4208","5924","10132","2026-09-01 21:34:38"
"techbd","CRYSTL","4182","0","4182","2026-09-01 18:59:45"
"techbd","HSPCBF","4175","0","4175","2026-09-01 22:50:31"
"techbd","NEMDPC","4138","0","4138","2026-09-01 21:14:30"
"techbd","NFMGCC","4109","0","4109","2026-08-31 12:48:11"
"techbd","GLPPJM","4036","0","4036","2026-07-22 04:36:40"
"techbd","GLPPOR","3975","0","3975","2026-07-22 04:39:50"
"techbd","GPPC4893TR","3972","0","3972","2026-07-20 14:43:24"
"techbd","UPMCUS","3969","0","3969","2026-07-22 04:34:26"
"techbd","DMP","3936","0","3936","2026-07-20 12:03:07"
"techbd","TMCOWS","3859","0","3859","2026-07-20 14:26:43"
"techbd","MDTCWS","3852","0","3852","2026-07-20 14:56:29"
"techbd","INTMED","3580","0","3580","2026-09-01 17:36:51"
"techbd","716HM","3446","0","3446","2026-09-01 20:10:05"
"techbd","HADDAD","3426","0","3426","2026-09-01 20:49:04"
"techbd","BRDFRD","3398","0","3398","2026-09-01 22:50:48"
"techbd","NFMOFF","3380","0","3380","2026-08-31 12:47:23"
"techbd","GPPC45SD","3376","0","3376","2026-07-20 14:27:34"
"techbd","UPMCNO","3346","0","3346","2026-07-22 04:42:14"
"techbd","MSMHPC","3342","0","3342","2026-07-20 14:40:08"
"techbd","UPMCMM","3330","0","3330","2026-07-22 04:41:16"
"techbd","TMCPCK","3330","0","3330","2026-07-20 14:47:17"
"techbd","WSTFLDCE","3289","0","3289","2026-09-01 23:38:57"
"techbd","KHBRMC","3289","0","3289","2026-07-20 15:06:21"
"techbd","GLPPOS","3278","0","3278","2026-07-22 04:28:12"
"techbd","YJH","3277","0","3277","2026-09-01 13:29:00"
"techbd","BUFNEU","3192","0","3192","2026-09-01 18:56:21"
"techbd","HRGPC","3031","0","3031","2026-09-01 11:37:47"
"techbd","SOCOB","2958","0","2958","2026-07-20 14:00:21"
"techbd","TMCORH","2946","0","2946","2026-07-20 14:55:02"
"techbd","SLATER","2929","0","2929","2026-08-31 12:04:11"
"techbd","SOCLVJ","2913","0","2913","2026-07-20 14:59:18"
"techbd","TVPEDS","2859","0","2859","2026-08-30 21:46:46"
"techbd","MHCWNY","2859","0","2859","2026-07-20 08:11:51"
"techbd","GPPC210EMS","2844","0","2844","2026-07-20 15:00:27"
"techbd","SOCKFC","2822","0","2822","2026-07-20 14:00:43"
"techbd","AFMHP","2775","0","2775","2026-09-01 17:53:40"
"techbd","MSMNHC","2759","0","2759","2026-07-20 14:37:03"
"techbd","UPMCCT","2753","0","2753","2026-07-22 04:30:00"
"techbd","OGH","2719","8819","11538","2026-07-05 18:07:29"
"techbd","TMCEWS","2691","0","2691","2026-07-19 20:55:24"
"techbd","MSMHEN","2690","0","2690","2026-07-20 14:34:29"
"techbd","TONMED","2679","0","2679","2026-08-28 14:41:58"
"techbd","AXIS","2661","0","2661","2026-09-01 17:08:04"
"techbd","KOLEIN","2647","0","2647","2026-09-01 04:20:35"
"techbd","HRASC","2643","0","2643","2026-07-20 04:46:04"
"techbd","GJKS","2641","0","2641","2026-09-01 12:49:17"
"techbd","GPPC7616TR","2630","0","2630","2026-07-20 14:56:45"
"techbd","JAFFRI","2622","0","2622","2026-09-01 18:30:19"
"techbd","MSMHCC","2492","0","2492","2026-07-20 14:19:40"
"techbd","KWLSKI","2473","0","2473","2026-09-01 20:06:28"
"techbd","GPPC6440TR","2427","0","2427","2026-07-20 15:09:17"
"techbd","RSMH2","2408","0","2408","2026-09-01 17:59:28"
"techbd","WNSTDG","2390","0","2390","2026-08-26 04:46:52"
"techbd","UPMCWH","2370","0","2370","2026-07-22 04:24:44"
"techbd","GLPPCA","2285","0","2285","2026-07-22 04:26:50"
"techbd","TRCCHC","2264","0","2264","2026-09-01 18:56:29"
"techbd","SAWEST","2207","589","2796","2026-07-20 13:08:47"
"techbd","CANAL","2171","0","2171","2026-09-01 23:56:08"
"techbd","LDPEDS","2169","0","2169","2026-08-27 21:47:14"
"techbd","GLPPPM","2168","0","2168","2026-07-22 04:36:50"
"techbd","HERELM","2166","0","2166","2026-07-19 06:06:31"
"techbd","SWETZ","2151","0","2151","2026-09-01 23:02:28"
"techbd","BROOKS","2115","6673","8788","2026-07-06 16:05:50"
"techbd","GPPC18LD","2102","0","2102","2026-07-20 14:14:08"
"techbd","GPPC100HIGH","2084","0","2084","2026-07-20 15:13:11"
"techbd","HARSUR","2056","0","2056","2026-05-30 06:36:35"
"techbd","GLPPN1","2056","0","2056","2026-07-22 04:36:33"
"techbd","UPMCON","2047","0","2047","2026-07-22 04:38:38"
"techbd","KMHPT","2045","0","2045","2026-07-20 14:45:17"
"techbd","MSMHWO","2025","0","2025","2026-07-20 14:53:37"
"techbd","MEADOW","2007","0","2007","2026-09-01 18:32:03"
"techbd","SOCDY","2004","0","2004","2026-07-20 14:37:01"
"techbd","LATINA","1976","0","1976","2026-09-01 04:03:49"
"techbd","TMOPAR","1939","0","1939","2026-07-20 14:22:24"
"techbd","EDMW","1885","0","1885","2026-07-19 06:08:21"
"techbd","MSMPCS","1877","0","1877","2026-07-20 14:53:18"
"techbd","GPPC3898VD","1863","0","1863","2026-07-20 15:03:03"
"techbd","KHAWAR","1861","0","1861","2026-09-01 20:44:06"
"techbd","UPMCMR","1847","0","1847","2026-07-22 04:34:47"
"techbd","TMCOBD","1826","0","1826","2026-07-20 13:03:26"
"techbd","DGRAFF","1817","0","1817","2026-07-19 05:09:11"
"techbd","GPPC5014TR","1811","0","1811","2026-07-19 19:41:50"
"techbd","ZMMRMN","1774","0","1774","2026-08-31 15:02:35"
"techbd","OGH623MS","1747","0","1747","2026-07-20 14:45:07"
"techbd","SJCCAR","1733","0","1733","2026-07-20 15:05:12"
"techbd","TMCPOP","1729","0","1729","2026-07-20 13:31:04"
"techbd","SJCCWC","1728","0","1728","2026-07-20 13:37:49"
"techbd","UPMCGA","1715","0","1715","2026-07-21 20:46:14"
"techbd","WNYBH","1708","0","1708","2026-07-17 19:49:42"
"techbd","GLPPT3","1688","0","1688","2026-07-21 20:01:37"
"techbd","SOCPC","1683","0","1683","2026-07-20 14:36:38"
"techbd","TMPOP","1673","0","1673","2026-07-20 14:53:31"
"techbd","MACWND","1662","0","1662","2026-07-20 14:55:31"
"techbd","SOCHCD","1657","0","1657","2026-07-20 06:12:30"
"techbd","WCFMED","1636","0","1636","2026-08-31 23:48:41"
"techbd","ECVA","1608","0","1608","2026-09-01 01:03:27"
"techbd","WNYDEC","1588","0","1588","2026-07-20 14:43:31"
"techbd","GPPC6095TR","1586","0","1586","2026-07-20 13:58:17"
"techbd","GPPC5470CR","1576","0","1576","2026-07-20 14:52:44"
"techbd","KHCMH","1557","0","1557","2026-07-20 14:33:19"
"techbd","GPPC3045SB","1556","0","1556","2026-07-20 14:45:09"
"techbd","GPPC415TS","1551","0","1551","2026-07-20 15:13:10"
"techbd","LEMSPC","1523","0","1523","2026-06-11 20:19:31"
"techbd","JEMED","1517","0","1517","2026-08-28 13:02:39"
"techbd","GLPPGS","1515","0","1515","2026-07-22 04:29:51"
"techbd","TMCBS","1514","0","1514","2026-07-20 14:55:36"
"techbd","GPPC1000YR","1505","0","1505","2026-07-20 14:31:12"
"techbd","WNYCMC","1500","0","1500","2026-09-01 19:27:54"
"techbd","SHHC","1490","0","1490","2026-09-01 23:44:57"
"techbd","PEDURG","1489","0","1489","2026-06-11 19:18:24"
"techbd","LIBHC","1480","0","1480","2026-08-31 19:10:23"
"techbd","LANE","1475","0","1475","2026-09-01 20:24:15"
"techbd","KHSIC45SD","1463","0","1463","2026-07-20 15:07:26"
"techbd","GLPPC3","1444","0","1444","2026-07-22 04:38:49"
"techbd","JEHRIO","1441","0","1441","2026-08-28 19:22:15"
"techbd","NFMPCL","1433","0","1433","2026-07-20 14:49:35"
"techbd","TMCPOD","1420","0","1420","2026-07-20 02:47:51"
"techbd","YASPER","1366","0","1366","2026-09-01 21:32:50"
"techbd","TMCCH","1332","0","1332","2026-07-20 14:18:59"
"techbd","TMCOEA","1306","0","1306","2026-07-19 16:46:47"
"techbd","HEMC","1269","0","1269","2026-07-20 14:37:30"
"techbd","UPMCNM","1261","0","1261","2026-07-22 04:27:18"
"techbd","BRDPED","1247","0","1247","2026-07-19 06:11:08"
"techbd","GAYLES","1243","0","1243","2026-09-01 20:32:31"
"techbd","BMHFG","1242","0","1242","2026-07-20 14:55:44"
"techbd","STGAST","1227","0","1227","2026-07-02 16:37:50"
"techbd","TMO","1212","0","1212","2026-09-01 13:14:48"
"techbd","NIAPED","1206","0","1206","2026-07-19 06:08:52"
"techbd","KENOBG","1204","0","1204","2026-07-19 06:07:02"
"techbd","AIRPED","1193","0","1193","2026-09-01 23:12:32"
"techbd","NAC","1152","431","1583","2026-07-20 06:14:17"
"techbd","STNWS","1120","234","1354","2026-07-19 21:07:05"
"techbd","GAVIN","1115","0","1115","2026-09-01 11:02:40"
"techbd","UPMCWB","1113","0","1113","2026-07-22 04:22:48"
"techbd","CHOBKEN","1110","0","1110","2026-07-20 14:56:53"
"techbd","OGHHPHC","1071","0","1071","2026-07-20 15:07:38"
"techbd","SHARMA","1068","0","1068","2026-09-01 18:41:30"
"techbd","TMCWS","1059","0","1059","2026-07-20 14:36:47"
"techbd","CHOB1050","1039","0","1039","2026-07-20 14:49:36"
"techbd","CHOB1028","1036","0","1036","2026-07-20 13:55:01"
"techbd","UPMCCA","1035","0","1035","2026-07-21 17:40:06"
"techbd","BLDCR","1032","0","1032","2026-08-30 19:14:10"
"techbd","GPPC268MS","1021","0","1021","2026-07-20 15:00:16"
"techbd","WNYPE","997","0","997","2026-08-27 17:21:53"
"techbd","NRTMED","997","0","997","2026-09-01 18:44:45"
"techbd","OMPS","996","0","996","2026-07-20 14:35:41"
"techbd","GPPC1430CB","987","0","987","2026-07-20 15:02:33"
"techbd","MNC","980","0","980","2026-07-19 18:49:23"
"techbd","CCEDEN","970","2","972","2026-07-18 23:48:49"
"techbd","OHNEUR","969","0","969","2026-07-19 06:09:05"
"techbd","DENAFP","967","0","967","2026-09-01 20:47:55"
"techbd","GLPPRE","967","0","967","2026-07-21 15:42:53"
"techbd","BGBAR","958","0","958","2026-07-16 04:40:23"
"techbd","GPPC7020ER","955","0","955","2026-07-20 14:59:57"
"techbd","GPPC401N8S","944","0","944","2026-07-20 14:46:41"
"techbd","CCDOH2","935","0","935","2026-09-01 19:29:12"
"techbd","STNSC","908","186","1094","2026-07-20 12:52:07"
"techbd","OGHOSC","905","0","905","2026-07-20 14:25:12"
"techbd","OHPER","898","0","898","2026-07-19 06:07:13"
"techbd","BMHMA","878","0","878","2026-07-20 14:43:59"
"techbd","GPPC180PCL","875","0","875","2026-07-19 18:59:14"
"techbd","UPMCOP","861","0","861","2026-07-22 04:27:33"
"techbd","OHROBE","844","0","844","2026-07-19 06:07:42"
"techbd","OHORTH","843","0","843","2026-05-31 06:18:16"
"techbd","GLPPSA","827","0","827","2026-07-22 04:08:02"
"techbd","HAMPED","817","0","817","2026-08-26 04:16:52"
"techbd","UPMCDX","811","0","811","2026-07-22 04:25:21"
"techbd","OHDERM","802","0","802","2026-07-19 06:08:57"
"techbd","OHENT","798","0","798","2026-07-19 06:06:26"
"techbd","CHOBNIA","797","0","797","2026-07-20 14:18:13"
"techbd","BSHC","796","0","796","2026-07-20 15:02:19"
"techbd","TMCBENZ","791","0","791","2026-07-20 13:37:37"
"techbd","GLPPSM","790","0","790","2026-07-22 04:28:31"
"techbd","NIAWH","781","0","781","2026-07-15 06:08:03"
"techbd","BRMC","773","764","1537","2026-06-11 21:17:59"
"techbd","GPPC100CP","761","0","761","2026-07-20 15:07:07"
"techbd","GASTRO","751","0","751","2026-08-31 20:03:59"
"techbd","CHOBBP","740","0","740","2026-07-20 15:13:08"
"techbd","GPPC5844SB","735","0","735","2026-07-20 12:26:21"
"techbd","GPPC3805LOR","731","0","731","2026-07-20 13:18:17"
"techbd","LEMSDUNKIRK","725","0","725","2026-07-20 13:58:02"
"techbd","GEEMOO","723","0","723","2026-08-31 17:03:50"
"techbd","MDCEA","707","0","707","2026-07-20 02:22:53"
"techbd","UPMCLD","702","0","702","2026-07-22 03:42:02"
"techbd","GPPC10","697","0","697","2026-07-19 21:31:28"
"techbd","BTLCG","688","0","688","2026-07-20 13:12:30"
"techbd","SMHC","684","0","684","2026-07-20 14:28:51"
"techbd","KMHSC","683","0","683","2026-07-19 20:05:32"
"techbd","CMH","668","911","1579","2026-07-01 15:33:50"
"techbd","BGCRHY","648","0","648","2026-07-16 04:34:38"
"techbd","TMCCB","635","0","635","2026-07-20 12:36:47"
"techbd","UPMC5D","628","0","628","2026-07-22 04:10:40"
"techbd","OMP14CS","623","0","623","2026-07-20 14:47:52"
"techbd","SOCSOH","616","0","616","2026-07-20 15:06:43"
"techbd","LEMS268WMS","614","0","614","2026-07-19 22:24:38"
"techbd","PPLCHH","598","0","598","2026-09-01 20:40:47"
"techbd","TMGAUT","596","0","596","2026-09-01 15:35:41"
"techbd","GLPPCR","596","0","596","2026-07-21 05:47:55"
"techbd","CLIFF","580","0","580","2026-08-31 20:36:39"
"techbd","UPMCOI","579","0","579","2026-07-22 04:39:29"
"techbd","GLPPNE","579","0","579","2026-07-22 04:31:05"
"techbd","UPMC4D","565","0","565","2026-07-22 03:40:01"
"techbd","GPPC1150YR","563","0","563","2026-07-19 21:26:31"
"techbd","CATMAR","557","0","557","2026-09-01 19:11:48"
"techbd","OFM","557","0","557","2026-07-20 13:11:39"
"techbd","TMGGRD","545","0","545","2026-09-01 19:48:51"
"techbd","BGORTH","538","0","538","2026-07-19 05:57:31"
"techbd","UPMCS3","523","0","523","2026-07-21 18:22:00"
"techbd","TMGHRR","520","0","520","2026-09-01 16:19:33"
"techbd","SZYMAN","510","0","510","2026-08-31 18:44:56"
"techbd","UPMCHA","501","0","501","2026-07-22 03:33:58"
"techbd","VNAWNYHHE","497","0","497","2026-07-19 21:58:06"
"techbd","ABSAUR","494","0","494","2026-09-01 14:28:26"
"techbd","BGMIS","489","0","489","2026-07-19 05:59:20"
"techbd","JENRUH","489","0","489","2026-09-01 19:06:18"
"techbd","LEMS529CA","461","0","461","2026-07-19 22:08:51"
"techbd","TMGNOR","459","0","459","2026-09-01 17:10:54"
"techbd","BADLLO","448","0","448","2026-09-01 17:08:51"
"techbd","TMGSEN","447","0","447","2026-09-01 22:21:25"
"techbd","KLHHPM","427","0","427","2026-09-01 23:24:59"
"techbd","ABSHUM","422","0","422","2026-09-01 18:31:41"
"techbd","CATFBM","388","0","388","2026-09-01 18:27:15"
"techbd","VNAWNYHHGLOW","368","0","368","2026-07-20 15:13:40"
"techbd","GLPO31","367","0","367","2026-07-19 19:32:04"
"techbd","ELDSCK","365","0","365","2026-09-01 22:33:42"
"techbd","CCNEPHRNF","363","0","363","2026-07-19 18:52:46"
"techbd","ELDSWI","360","0","360","2026-09-01 13:21:43"
"techbd","TMCS","356","0","356","2026-07-16 14:36:02"
"techbd","BGMCWL705MR","346","0","346","2026-07-19 20:53:14"
"techbd","TMCENF","346","0","346","2026-07-19 16:31:02"
"techbd","BOM","341","0","341","2026-09-01 21:46:09"
"techbd","GPPC888CR","326","0","326","2026-07-19 18:36:17"
"techbd","SASC","319","0","319","2026-07-20 04:46:02"
"techbd","OHRHEU","313","0","313","2026-07-19 06:07:43"
"techbd","ACDOH","304","0","304","2026-09-01 14:29:28"
"techbd","OHAUDI","303","0","303","2026-05-31 06:16:46"
"techbd","OMPMAB","302","0","302","2026-07-20 14:08:23"
"techbd","OGHDHC","300","0","300","2026-07-20 13:49:02"
"techbd","GCCLAN","299","0","299","2026-09-01 15:02:12"
"techbd","ELDSHA","289","0","289","2026-09-01 19:51:49"
"techbd","UPMCPM","278","0","278","2026-07-22 04:16:21"
"techbd","HOSPOC","274","0","274","2026-08-31 17:14:50"
"techbd","SOCHS","265","0","265","2026-06-24 23:54:48"
"techbd","SCHFLD","265","0","265","2026-08-31 19:55:21"
"techbd","ENTHP","264","0","264","2026-07-14 06:01:19"
"techbd","ELDSWH","263","0","263","2026-08-31 11:37:05"
"techbd","CCFWMP","256","0","256","2026-07-17 16:39:00"
"techbd","ABSNIA","251","0","251","2026-09-01 16:05:06"
"techbd","GPPC6934ED","250","0","250","2026-07-19 16:28:45"
"techbd","BPS","248","0","248","2026-06-25 19:03:07"
"techbd","ELDSAM","247","0","247","2026-09-01 16:08:34"
"techbd","UPMCAP","244","0","244","2026-07-20 14:38:29"
"techbd","GPPC2450EA","243","0","243","2026-07-20 15:09:46"
"techbd","VNAWNYHHN","238","0","238","2026-07-19 20:00:22"
"techbd","FAMPLN","237","0","237","2026-07-19 06:00:26"
"techbd","UPMCIR","235","0","235","2026-07-22 04:37:06"
"techbd","ELDLAN","225","0","225","2026-09-01 17:01:56"
"techbd","OMPF","224","0","224","2026-07-18 10:51:57"
"techbd","OHPEDS","220","0","220","2026-07-19 06:07:36"
"techbd","ELDSLK","214","0","214","2026-09-01 14:47:12"
"techbd","ELDSGI","210","0","210","2026-09-01 23:54:39"
"techbd","HRELMP","209","0","209","2026-05-30 06:21:23"
"techbd","STSRCT","208","0","208","2026-05-30 06:33:01"
"techbd","TMGCHA","208","0","208","2026-09-01 12:22:14"
"techbd","ALFGS","201","0","201","2026-09-01 16:00:18"
"techbd","UPMCIN","200","0","200","2026-07-22 04:26:44"
"techbd","NFMLPC","199","0","199","2026-07-22 07:50:23"
"techbd","TMCPUB","199","0","199","2026-07-15 23:35:32"
"techbd","WSTMST","198","0","198","2026-06-19 13:04:29"
"techbd","GPPC116IPCC","195","0","195","2026-07-20 12:58:31"
"techbd","BESOT","188","0","188","2026-07-02 06:00:35"
"techbd","HILLPA","183","0","183","2026-06-19 23:27:33"
"techbd","ELDATN","182","0","182","2026-08-28 22:22:16"
"techbd","UPMCMN","172","0","172","2026-07-17 14:40:49"
"techbd","UPMCWO","171","0","171","2026-07-22 03:58:22"
"techbd","KREMPA","170","0","170","2026-07-03 21:59:43"
"techbd","ABSGAS","168","0","168","2026-09-01 14:28:55"
"techbd","MCENTR","167","0","167","2026-06-19 23:18:24"
"techbd","BRMS","163","0","163","2026-07-20 13:36:53"
"techbd","LEMS107IS","161","0","161","2026-07-18 21:23:27"
"techbd","NCDOH","158","0","158","2026-08-27 18:42:48"
"techbd","SOCHH","158","0","158","2026-06-27 08:24:01"
"techbd","BGENT","156","0","156","2026-07-19 06:01:03"
"techbd","UPMCEN","155","0","155","2026-07-20 20:30:09"
"techbd","OMP45WMS","153","0","153","2026-07-20 02:46:02"
"techbd","GLPPFP","151","0","151","2026-07-21 21:13:08"
"techbd","UPMCBH","147","0","147","2026-07-21 05:52:16"
"techbd","UPMCAC","144","0","144","2026-07-22 04:16:58"
"techbd","GPPC10175NFB","144","0","144","2026-07-19 16:11:22"
"techbd","EMC","143","0","143","2026-07-20 14:28:32"
"techbd","OHPLAS","137","0","137","2026-05-31 06:18:18"
"techbd","SOCHCA","137","0","137","2026-07-19 17:53:15"
"techbd","ELDABP","136","0","136","2026-09-01 16:32:10"
"techbd","WNYIL","133","0","133","2026-08-27 18:17:27"
"techbd","ABSFGM","132","0","132","2026-09-01 14:26:50"
"techbd","CATSCL","130","0","130","2026-09-01 17:08:21"
"techbd","BNM","122","21","143","2026-07-19 22:07:56"
"techbd","BWCHOM","121","0","121","2026-09-01 15:19:15"
"techbd","NFMWOH","119","0","119","2026-08-31 12:47:26"
"techbd","OHHEAL","113","0","113","2026-05-30 06:30:16"
"techbd","CATCPO","112","0","112","2026-09-01 15:34:00"
"techbd","SAKENM","109","15","124","2026-06-30 12:34:40"
"techbd","CATCPM","109","0","109","2026-09-01 20:25:37"
"techbd","KMHRE","107","0","107","2026-07-18 14:50:59"
"techbd","ELDAWI","107","0","107","2026-08-31 22:22:43"
"techbd","ELDAWS","106","0","106","2026-09-01 17:42:44"
"techbd","LYDWS","105","0","105","2026-06-28 12:38:16"
"techbd","UPMCPR","104","0","104","2026-07-18 18:23:25"
"techbd","UPMCHC","104","0","104","2026-07-18 15:28:40"
"techbd","ELDAHA","102","0","102","2026-08-31 14:29:03"
"techbd","OHEYE","101","0","101","2026-05-29 06:29:31"
"techbd","SOCHAS","101","0","101","2026-06-27 14:59:18"
"techbd","OHCRAN","98","0","98","2026-05-31 06:14:46"
"techbd","SAFSTH","98","0","98","2026-09-01 19:22:37"
"techbd","NFMSCH","97","0","97","2026-08-31 12:44:16"
"techbd","ABSALL","96","0","96","2026-09-01 14:28:16"
"techbd","ELDAWH","96","0","96","2026-09-01 20:44:44"
"techbd","UPMCPO","96","0","96","2026-07-15 11:42:32"
"techbd","ELDACK","91","0","91","2026-08-28 15:57:14"
"techbd","BCHJBR","87","0","87","2026-09-01 17:27:21"
"techbd","SAWNY","87","26","113","2026-07-10 15:16:07"
"techbd","ELDASG","85","0","85","2026-09-01 19:12:17"
"techbd","KLHDEG","84","0","84","2026-09-01 20:45:08"
"techbd","NIAGSN","84","0","84","2026-05-31 06:14:45"
"techbd","VNAWNYHHAC","82","0","82","2026-07-20 15:13:43"
"techbd","VNAWNYHHC","77","0","77","2026-07-19 13:55:40"
"techbd","UPMCHE","77","0","77","2026-07-20 14:45:43"
"techbd","UPMCPS","77","0","77","2026-07-18 14:54:39"
"techbd","TMCECB","76","0","76","2026-05-11 18:49:13"
"techbd","WYCSNF","75","0","75","2026-09-01 15:16:18"
"techbd","BTLCOPSUDSD","74","0","74","2026-08-31 21:09:18"
"techbd","PATHWA","73","0","73","2026-09-01 17:58:31"
"techbd","BLDACA","70","0","70","2026-06-30 06:02:02"
"techbd","UPMCIC","66","0","66","2026-07-17 14:34:46"
"techbd","OHAUTI","65","0","65","2026-05-30 06:28:34"
"techbd","VNAWNYHHS","64","0","64","2026-07-19 15:32:32"
"techbd","TMCALD","59","0","59","2026-07-17 12:53:51"
"techbd","GLPPN3","59","0","59","2026-07-13 16:46:16"
"techbd","CHOBSHR","56","0","56","2026-07-20 14:43:41"
"techbd","BTLCOPSUDSC","55","0","55","2026-08-31 21:09:11"
"techbd","WLLSUB","55","0","55","2026-08-31 14:01:28"
"techbd","OHNE","55","0","55","2026-05-31 06:15:38"
"techbd","GLPPGE","54","0","54","2026-07-17 14:30:46"
"techbd","BGPS","51","0","51","2026-07-19 05:57:39"
"techbd","OHWOU","45","0","45","2026-05-29 06:35:55"
"techbd","LEMSDERBY","42","0","42","2026-07-06 18:49:27"
"techbd","UPMCST","40","0","40","2026-07-20 15:58:25"
"techbd","UPMCEE","38","0","38","2026-07-22 02:38:35"
"techbd","NIABEP","37","0","37","2026-07-12 06:10:36"
"techbd","ABSOBK","36","0","36","2026-09-01 14:29:25"
"techbd","TMCF","33","0","33","2026-06-30 20:02:18"
"techbd","BTLCPL","31","0","31","2026-07-18 04:14:36"
"techbd","GPPC1001MS","30","0","30","2026-07-06 20:04:32"
"techbd","TMCVAS","30","0","30","2026-07-19 18:47:58"
"techbd","FHMS","29","0","29","2026-07-20 15:37:19"
"techbd","CCGADDI","27","0","27","2026-06-09 21:01:57"
"techbd","BGEMG","27","0","27","2026-05-31 06:03:03"
"techbd","${ASSIGNINGAUTHORITYHEADER}","26","0","26","2026-09-01 14:26:38"
"techbd","GLPPET","26","0","26","2026-07-20 06:13:06"
"techbd","NIAGYL","25","0","25","2026-07-01 06:10:10"
"techbd","CATMNF","24","0","24","2026-08-15 20:10:46"
"techbd","TMCVEM","24","0","24","2026-06-20 00:29:45"
"techbd","OHNEON","22","0","22","2026-05-28 06:31:39"
"techbd","SAFNRT","21","0","21","2026-08-28 16:23:41"
"techbd","UPMCNH","20","0","20","2026-07-16 00:04:12"
"techbd","SADERB","20","6","26","2026-06-19 20:29:19"
"techbd","GLPPCC","19","0","19","2026-07-06 17:34:54"
"techbd","SASI","17","0","17","2026-07-20 15:31:11"
"techbd","GPPCO","17","0","17","2026-07-15 12:33:40"
"techbd","GLPPG1","15","0","15","2026-06-30 20:38:42"
"techbd","MMHSNF","15","0","15","2026-08-04 02:57:42"
"techbd","OHVASC","14","0","14","2026-05-20 06:30:56"
"techbd","UPMCHI","13","0","13","2026-06-05 09:55:23"
"techbd","DMGS","12","0","12","2026-05-29 06:09:45"
"techbd","GRRHIO:SIMA","7","0","7","2026-05-13 13:49:45"
"techbd","OHFIBR","7","0","7","2026-05-08 06:35:11"
"techbd","UPMCOS","4","0","4","2026-06-20 06:50:53"
"techbd","UPMC1A","4","0","4","2026-07-16 19:48:35"
"techbd","UPMCRT","4","0","4","2026-07-04 06:11:55"
"techbd","STAHL","4","0","4","2026-07-20 15:31:36"
"techbd","UPMCLO","4","0","4","2026-07-22 03:58:03"
"techbd","UPMCPT","3","0","3","2026-06-13 07:00:17"
"techbd","MSMORT","3","0","3","2026-07-10 15:01:24"
"techbd","UPMCDI","3","0","3","2026-07-04 06:26:17"
"techbd","UPMCEG","2","0","2","2026-07-07 17:44:14"
"techbd","HRMCC","2","0","2","2026-07-20 15:17:07"
"techbd","DMENDB","1","0","1","2026-05-07 08:55:32"
"techbd","VNANWPAHH","1","0","1","2026-07-02 13:43:15"
"techbd","UPMCHV","1","0","1","2026-06-20 07:01:22"
"techbd","MILLSC","1","0","1","2026-05-09 06:32:17"
"techbd","UPMCNS","1","0","1","2026-05-30 06:19:15"
"techbd","UPMCPA","1","0","1","2026-05-23 08:57:44"
"techbd","NBMPW","1","0","1","2026-06-25 06:10:56"
"techbd","GLPPF1","1","0","1","2026-05-05 14:17:10"
"techbd","GLPPPU","1","0","1","2026-05-30 06:51:30"
"techbd","UPMCPH","1","0","1","2026-07-04 06:34:55"
"techbd","BGENDO","1","0","1","2026-05-07 08:53:42"
"techbd","MMOSC","1","0","1","2026-06-01 15:47:13"
"techbd","TMC","0","13020","13020","2026-05-20 16:30:14"
"techbd","UPMCCH","0","24830","24830","2026-05-20 16:30:09"
"techbd","UMMC","0","20978","20978","2026-09-01 23:58:43"
"techbd","CCMED CAREWNY","0","21","21","2026-05-19 20:14:11"
"techbd","BUFFSC","0","1636","1636","2026-09-01 15:49:02"
"techbd","KHS","0","148109","148109","2026-07-17 12:37:59"
"techbd","ECMC2PART2","0","3701","3701","2026-09-01 18:33:08"
"techbd","JONES","0","86948","86948","2026-09-01 23:51:51"
"techbd","GLP","0","91722","91722","2026-09-01 14:24:36"
"techbd","CCNEPH NIAG","0","1","1","2026-05-13 16:00:53"
"techbd","CHCRDM","0","265","265","2026-08-30 13:07:22"
"techbd","CHS","0","175","175","2026-05-20 12:53:04"
"techbd","UPMC","0","10","10","2026-08-29 20:17:51"
"techbd","MCSTN","0","1","1","2026-05-04 16:53:36"
"techbd","RPCION","0","20906","20906","2026-09-01 23:34:16"
