QE_NAME,SOURCE,smrn_count,AAAsViewedByQE,QEAndAAAppended
GRRHIO,UR0429,0,UR0429,GRRHIO|UR0429
BRONX,STATEN_ISLAND_UNIVERSITY_HOSPITAL,0,STATEN ISLAND UNIVERSITY HOSPITAL,BRONX|STATEN ISLAND UNIVERSITY HOSPITAL
GRRHIO,UR0558,0,UR0558,GRRHIO|UR0558
HECDCS,THOUS-ISLANDS,0,THOUS-ISLANDS,HECDCS|THOUS-ISLANDS
HIXNY,ANYTIMEHC,0,ANYTIMEHC,HIXNY|ANYTIMEHC
GRRHIO,UR2084,0,UR2084,GRRHIO|UR2084
HIXNY,312426,0,312426,HIXNY|312426
GRRHIO,UR1244,0,UR1244,GRRHIO|UR1244
TXD,UBAMST,0,UBAMST,TXD|UBAMST
BRONX,ONE_BROOKLYN_HEALTH,0,ONE BROOKLYN HEALTH,BRONX|ONE BROOKLYN HEALTH
GRRHIO,UR0303,0,UR0303,GRRHIO|UR0303
HECDCS,SIMPSON-FAM-WELL,0,SIMPSON-FAM-WELL,HECDCS|SIMPSON-FAM-WELL
HIXNY,HECMCILIP,0,HECMCILIP,HIXNY|HECMCILIP
GRRHIO,UR0574,0,UR0574,GRRHIO|UR0574
HEALTHIX,ANTHEM,0,ANTHEM,HEALTHIX|ANTHEM
GRRHIO,RRH266,0,RRH266,GRRHIO|RRH266
BRONX,2.16.840.1.113883.3.8018,0,2.16.840.1.113883.3.8018,BRONX|2.16.840.1.113883.3.8018
HIXNY,HECOSWHTH,0,HECOSWHTH,HIXNY|HECOSWHTH
HEALTHIX,CITYBLOCK.DUPLICATE1,0,CITYBLOCK,HEALTHIX|CITYBLOCK
HIXNY,A2HACO,0,A2HACO,HIXNY|A2HACO
GRRHIO,UR0130,0,UR0130,GRRHIO|UR0130
HIXNY,ELLS,0,ELLS,HIXNY|ELLS
HEALTHIX,PMSPC,0,PMSPC,HEALTHIX|PMSPC
GRRHIO,EPID,0,EPID,GRRHIO|EPID
HECDCS,REFUAH-HEALTH,0,REFUAH-HEALTH,HECDCS|REFUAH-HEALTH
HEALTHIX,NYCHH,0,NYCHH,HEALTHIX|NYCHH
HECDCS,WEST-MED-CTR,0,WEST-MED-CTR,HECDCS|WEST-MED-CTR
HIXNY,BASTRHO,0,BASTRHO,HIXNY|BASTRHO
HEALTHIX,NYPCC,0,NYPCC,HEALTHIX|NYPCC
HEALTHIX,NYCH,0,NYCH,HEALTHIX|NYCH
HEALTHIX,CHSLI.DUPLICATE1,0,CHSLI,HEALTHIX|CHSLI
HEALTHIX,F,0,F,HEALTHIX|F
HIXNY,AMHS,0,AMHS,HIXNY|AMHS
BRONX,AFFINITY,0,AFFINITY,BRONX|AFFINITY
HEALTHIX,JMC,0,JMC,HEALTHIX|JMC
HEALTHIX,G,0,G,HEALTHIX|G
GRRHIO,SMH.DUPLICATE,0,SMH,GRRHIO|SMH
HIXNY,CCMGDOC,0,CCMGDOC,HIXNY|CCMGDOC
TXD,KHS.DUPLICATE1,0,KHS,TXD|KHS
HIXNY,SPHPEPIC,0,SPHPEPIC,HIXNY|SPHPEPIC
HIXNY,MALTAEMS,0,MALTAEMS,HIXNY|MALTAEMS
HECDCS,MONTE-WP,0,MONTE-WP,HECDCS|MONTE-WP
GRRHIO,UR0676,0,UR0676,GRRHIO|UR0676
HEALTHIX,METROPOLITAN.DUPLICATE1,0,METROPOLITAN,HEALTHIX|METROPOLITAN
HECDCS,KPH-HEALTHCARE,0,KPH-HEALTHCARE,HECDCS|KPH-HEALTHCARE
HECDCS,CROUSE-HOSP,0,CROUSE-HOSP,HECDCS|CROUSE-HOSP
HEALTHIX,LMPC,0,LMPC,HEALTHIX|LMPC
HECDCS,NUVANCE-HEALTH,0,NUVANCE-HEALTH,HECDCS|NUVANCE-HEALTH
HIXNY,WMCDOC,0,WMCDOC,HIXNY|WMCDOC
HECDCS,CNY-SPINE-PAIN,0,CNY-SPINE-PAIN,HECDCS|CNY-SPINE-PAIN
HIXNY,GFHGIS,0,GFHGIS,HIXNY|GFHGIS
BRONX,SINDHU_GUPTA,0,SINDHU GUPTA,BRONX|SINDHU GUPTA
TXD,UAHS,0,UAHS,TXD|UAHS
HEALTHIX,ECWCAMPED,0,ECWCAMPED,HEALTHIX|ECWCAMPED
HEALTHIX,EZRA,0,EZRA,HEALTHIX|EZRA
HIXNY,SPHPSJHDOC,0,SPHPSJHDOC,HIXNY|SPHPSJHDOC
GRRHIO,WELNOW,0,WELNOW,GRRHIO|WELNOW
HIXNY,HECCMMKMG,0,HECCMMKMG,HIXNY|HECCMMKMG
HEALTHIX,EMOLST.DUPLICATE2,0,EMOLST,HEALTHIX|EMOLST
HIXNY,SPSFHFAMMED,0,SPSFHFAMMED,HIXNY|SPSFHFAMMED
GRRHIO,UR0703,0,UR0703,GRRHIO|UR0703
HIXNY,1073569331,0,1073569331,HIXNY|1073569331
GRRHIO,SBP,0,SBP,GRRHIO|SBP
HECDCS,QUEST.DUPLICATE1,0,QUEST,HECDCS|QUEST
HIXNY,WMCBSMGPCP,0,WMCBSMGPCP,HIXNY|WMCBSMGPCP
HEALTHIX,PMHC,0,PMHC,HEALTHIX|PMHC
GRRHIO,WMG,0,WMG,GRRHIO|WMG
HIXNY,SHURGHL7,0,SHURGHL7,HIXNY|SHURGHL7
TXD,INSPIR,0,INSPIR,TXD|INSPIR
BRONX,NYGI,0,NYGI,BRONX|NYGI
HEALTHIX,BODHI,0,BODHI,HEALTHIX|BODHI
HEALTHIX,MSHQ,0,MSHQ,HEALTHIX|MSHQ
HIXNY,1518926401,0,1518926401,HIXNY|1518926401
HIXNY,SPRSBIMVAL,0,SPRSBIMVAL,HIXNY|SPRSBIMVAL
HEALTHIX,LUCIENMD,0,LUCIENMD,HEALTHIX|LUCIENMD
HECDCS,ONEIDA-HLTH-CLIN,0,ONEIDA-HLTH-CLIN,HECDCS|ONEIDA-HLTH-CLIN
TXD,NFMGCC,0,NFMGCC,TXD|NFMGCC
GRRHIO,RR25,0,RR25,GRRHIO|RR25
HIXNY,RRHUMMCDOC,0,RRHUMMCDOC,HIXNY|RRHUMMCDOC
GRRHIO,SJMH,0,SJMH,GRRHIO|SJMH
TXD,NYSIIS.DUPLICATE2,0,NYSIIS,TXD|NYSIIS
HEALTHIX,BPHEAL,0,BPHEAL,HEALTHIX|BPHEAL
HEALTHIX,UPG,0,UPG,HEALTHIX|UPG
HEALTHIX,TBHC,0,TBHC,HEALTHIX|TBHC
HEALTHIX,NYPMSCHONY,0,NYPMSCHONY,HEALTHIX|NYPMSCHONY
HIXNY,GFHAMHS,0,GFHAMHS,HIXNY|GFHAMHS
HEALTHIX,CHNCHA,0,CHNCHA,HEALTHIX|CHNCHA
HECDCS,GARNET-HEALTH,0,GARNET-HEALTH,HECDCS|GARNET-HEALTH
HEALTHIX,SPEC,0,SPEC,HEALTHIX|SPEC
GRRHIO,TFM,0,TFM,GRRHIO|TFM
HEALTHIX,CCMG.DUPLICATE1,0,CCMG,HEALTHIX|CCMG
HEALTHIX,YLMP,0,YLMP,HEALTHIX|YLMP
HEALTHIX,RMHC,0,RMHC,HEALTHIX|RMHC
HIXNY,CMHDOC,0,CMHDOC,HIXNY|CMHDOC
TXD,WSTFP,0,WSTFP,TXD|WSTFP
HIXNY,UVMHNMONITOR,0,UVMHNMONITOR,HIXNY|UVMHNMONITOR
HIXNY,PAPLBIRTH,0,PAPLBIRTH,HIXNY|PAPLBIRTH
HEALTHIX,NYUHJD,0,NYUHJD,HEALTHIX|NYUHJD
GRRHIO,UR0129,0,UR0129,GRRHIO|UR0129
BRONX,RESEARCH_COHORT1,0,RESEARCH COHORT1,BRONX|RESEARCH COHORT1
BRONX,SOMOS_FIDELIS,0,SOMOS FIDELIS,BRONX|SOMOS FIDELIS
HEALTHIX,QMAC,0,QMAC,HEALTHIX|QMAC
TXD,WCCL,0,WCCL,TXD|WCCL
TXD,AUDBON,0,AUDBON,TXD|AUDBON
HECDCS,MHS-ROCH-EPIC,0,MHS-ROCH-EPIC,HECDCS|MHS-ROCH-EPIC
GRRHIO,FLR,0,FLR,GRRHIO|FLR
HEALTHIX,CHSLIHH,0,CHSLIHH,HEALTHIX|CHSLIHH
HIXNY,ADIR01DOC,0,ADIR01DOC,HIXNY|ADIR01DOC
GRRHIO,HEC.DUPLICATE,0,HEC,GRRHIO|HEC
HEALTHIX,CCMCN,0,CCMCN,HEALTHIX|CCMCN
HIXNY,1659865962,0,1659865962,HIXNY|1659865962
HEALTHIX,NYPLAWRENCE,0,NYPLAWRENCE,HEALTHIX|NYPLAWRENCE
HEALTHIX,SJMS,0,SJMS,HEALTHIX|SJMS
HEALTHIX,HPDC,0,HPDC,HEALTHIX|HPDC
HEALTHIX,ROEN,0,ROEN,HEALTHIX|ROEN
GRRHIO,AMSAC,0,AMSAC,GRRHIO|AMSAC
HEALTHIX,IKPED,0,IKPED,HEALTHIX|IKPED
TXD,RPCILB,0,RPCILB,TXD|RPCILB
HEALTHIX,ECWDBMD,0,ECWDBMD,HEALTHIX|ECWDBMD
HEALTHIX,AZHHHFQHC,0,AZHHHFQHC,HEALTHIX|AZHHHFQHC
GRRHIO,LMC.DUPLICATE,0,LMC,GRRHIO|LMC
HIXNY,SPVABFAM,0,SPVABFAM,HIXNY|SPVABFAM
GRRHIO,UR0215,0,UR0215,GRRHIO|UR0215
HEALTHIX,GPMP,0,GPMP,HEALTHIX|GPMP
GRRHIO,MBL,0,MBL,GRRHIO|MBL
HECDCS,ERIVER,0,ERIVER,HECDCS|ERIVER
TXD,WSTFLD,0,WSTFLD,TXD|WSTFLD
GRRHIO,UR1218,0,UR1218,GRRHIO|UR1218
HIXNY,AHMCEDDOC,0,AHMCEDDOC,HIXNY|AHMCEDDOC
HECDCS,NY-SPINE-WELL,0,NY-SPINE-WELL,HECDCS|NY-SPINE-WELL
HECDCS,NUV-NORWALK,0,NUV-NORWALK,HECDCS|NUV-NORWALK
GRRHIO,UR0967,0,UR0967,GRRHIO|UR0967
HIXNY,CAPCARD1,0,CAPCARD1,HIXNY|CAPCARD1
HEALTHIX,PHC.DUPLICATE2,0,PHC,HEALTHIX|PHC
GRRHIO,MOBG2,0,MOBG2,GRRHIO|MOBG2
HIXNY,GFHAMHSDOC,0,GFHAMHSDOC,HIXNY|GFHAMHSDOC
HIXNY,GFHINFUS,0,GFHINFUS,HIXNY|GFHINFUS
HIXNY,WMCAPSWHPODOC,0,WMCAPSWHPODOC,HIXNY|WMCAPSWHPODOC
GRRHIO,FLACRA,0,FLACRA,GRRHIO|FLACRA
HEALTHIX,PREC,0,PREC,HEALTHIX|PREC
HECDCS,ICIRCLE-SRVCS,0,ICIRCLE-SRVCS,HECDCS|ICIRCLE-SRVCS
HIXNY,HECCAHC,0,HECCAHC,HIXNY|HECCAHC
HEALTHIX,TFCFT,0,TFCFT,HEALTHIX|TFCFT
HIXNY,SMHADOC,0,SMHADOC,HIXNY|SMHADOC
HIXNY,WMCAPSGORSHDOC,0,WMCAPSGORSHDOC,HIXNY|WMCAPSGORSHDOC
BRONX,ASTORIA_PEDIATRIC_CENTER,0,ASTORIA PEDIATRIC CENTER,BRONX|ASTORIA PEDIATRIC CENTER
HEALTHIX,VIM,0,VIM,HEALTHIX|VIM
HEALTHIX,ECWTCPM,0,ECWTCPM,HEALTHIX|ECWTCPM
BRONX,ARMS_ACRES,0,ARMS ACRES,BRONX|ARMS ACRES
HIXNY,AMALHRTINFS,0,AMALHRTINFS,HIXNY|AMALHRTINFS
HEALTHIX,MSANTO,0,MSANTO,HEALTHIX|MSANTO
HEALTHIX,VRLM,0,VRLM,HEALTHIX|VRLM
HEALTHIX,ANYC,0,ANYC,HEALTHIX|ANYC
GRRHIO,UR0650,0,UR0650,GRRHIO|UR0650
GRRHIO,RR69,0,RR69,GRRHIO|RR69
HECDCS,BIKUR-CHOLIM,0,BIKUR-CHOLIM,HECDCS|BIKUR-CHOLIM
HEALTHIX,SSUH,0,SSUH,HEALTHIX|SSUH
GRRHIO,UR1992,0,UR1992,GRRHIO|UR1992
HECDCS,PULM-CRIT-CARE,0,PULM-CRIT-CARE,HECDCS|PULM-CRIT-CARE
HEALTHIX,YAQI,0,YAQI,HEALTHIX|YAQI
HEALTHIX,CARG,0,CARG,HEALTHIX|CARG
HECDCS,PREMIER-MED-GRP,0,PREMIER-MED-GRP,HECDCS|PREMIER-MED-GRP
HECDCS,RENAISSANCE,0,RENAISSANCE,HECDCS|RENAISSANCE
GRRHIO,RRH287,0,RRH287,GRRHIO|RRH287
GRRHIO,UR0870,0,UR0870,GRRHIO|UR0870
HEALTHIX,HMPC,0,HMPC,HEALTHIX|HMPC
HEALTHIX,HHHFQHC,0,HHHFQHC,HEALTHIX|HHHFQHC
TXD,SHRPED,0,SHRPED,TXD|SHRPED
GRRHIO,RR467,0,RR467,GRRHIO|RR467
HIXNY,STPLMAMMO,0,STPLMAMMO,HIXNY|STPLMAMMO
HECDCS,CARDIAC-ELECTRO,0,CARDIAC-ELECTRO,HECDCS|CARDIAC-ELECTRO
HIXNY,CPMGPOTSDM,0,CPMGPOTSDM,HIXNY|CPMGPOTSDM
HEALTHIX,INTBIO,0,INTBIO,HEALTHIX|INTBIO
BRONX,YONG_KANG_MEDICAL,0,YONG KANG MEDICAL,BRONX|YONG KANG MEDICAL
GRRHIO,UR0132,0,UR0132,GRRHIO|UR0132
GRRHIO,AJHC,0,AJHC,GRRHIO|AJHC
HEALTHIX,QMPC,0,QMPC,HEALTHIX|QMPC
HEALTHIX,SGMO,0,SGMO,HEALTHIX|SGMO
BRONX,WOMENS_HEALTH_PRAC,0,WOMENS HEALTH PRAC,BRONX|WOMENS HEALTH PRAC
HEALTHIX,JHLM,0,JHLM,HEALTHIX|JHLM
GRRHIO,UR1270,0,UR1270,GRRHIO|UR1270
HECDCS,CHP-CAYUGA-ENT,0,CHP-CAYUGA-ENT,HECDCS|CHP-CAYUGA-ENT
HEALTHIX,SPCARE,0,SPCARE,HEALTHIX|SPCARE
HEALTHIX,DWTW,0,DWTW,HEALTHIX|DWTW
HEALTHIX,NYMA,0,NYMA,HEALTHIX|NYMA
GRRHIO,RRH032,0,RRH032,GRRHIO|RRH032
GRRHIO,UR1659,0,UR1659,GRRHIO|UR1659
GRRHIO,RRH706,0,RRH706,GRRHIO|RRH706
HEALTHIX,MINGZM,0,MINGZM,HEALTHIX|MINGZM
GRRHIO,UR1657,0,UR1657,GRRHIO|UR1657
GRRHIO,SOGPC2,0,SOGPC2,GRRHIO|SOGPC2
GRRHIO,RRH718,0,RRH718,GRRHIO|RRH718
GRRHIO,RR91,0,RR91,GRRHIO|RR91
HIXNY,ELLSMPCMH,0,ELLSMPCMH,HIXNY|ELLSMPCMH
BRONX,ASSOC_FOR_MENTAL_HEALTH_AND_WELLNESS,0,ASSOC FOR MENTAL HEALTH AND WELLNESS,BRONX|ASSOC FOR MENTAL HEALTH AND WELLNESS
HIXNY,MOREAUEMS,0,MOREAUEMS,HIXNY|MOREAUEMS
HEALTHIX,HNMD,0,HNMD,HEALTHIX|HNMD
GRRHIO,RRH247,0,RRH247,GRRHIO|RRH247
HIXNY,HCPDOC,0,HCPDOC,HIXNY|HCPDOC
HEALTHIX,OLA,0,OLA,HEALTHIX|OLA
GRRHIO,UR0754,0,UR0754,GRRHIO|UR0754
HIXNY,RRHMONITORDOC,0,RRHMONITORDOC,HIXNY|RRHMONITORDOC
BRONX,SOMOS,0,SOMOS,BRONX|SOMOS
HECDCS,WATERTOWN-INTERN,0,WATERTOWN-INTERN,HECDCS|WATERTOWN-INTERN
GRRHIO,RR60,0,RR60,GRRHIO|RR60
GRRHIO,LTC,0,LTC,GRRHIO|LTC
TXD,WNYICC,0,WNYICC,TXD|WNYICC
TXD,BENEY,0,BENEY,TXD|BENEY
GRRHIO,UR0862,0,UR0862,GRRHIO|UR0862
HIXNY,RRHMH,0,RRHMH,HIXNY|RRHMH
GRRHIO,RRH267,0,RRH267,GRRHIO|RRH267
HEALTHIX,FCWP,0,FCWP,HEALTHIX|FCWP
GRRHIO,GAR2,0,GAR2,GRRHIO|GAR2
HECDCS,CROUSE-RADIOLOGY,0,CROUSE-RADIOLOGY,HECDCS|CROUSE-RADIOLOGY
HIXNY,WMCBSMGGSHDOC,0,WMCBSMGGSHDOC,HIXNY|WMCBSMGGSHDOC
HIXNY,CPMCFAMP,0,CPMCFAMP,HIXNY|CPMCFAMP
HEALTHIX,CUCS,0,CUCS,HEALTHIX|CUCS
GRRHIO,RRH199,0,RRH199,GRRHIO|RRH199
HIXNY,AMHSABH,0,AMHSABH,HIXNY|AMHSABH
HECDCS,ZAKI-BADAWY,0,ZAKI-BADAWY,HECDCS|ZAKI-BADAWY
GRRHIO,UR0625,0,UR0625,GRRHIO|UR0625
BRONX,RRG_MEDICAL_PRAC,0,RRG MEDICAL PRAC,BRONX|RRG MEDICAL PRAC
HEALTHIX,RNOC,0,RNOC,HEALTHIX|RNOC
GRRHIO,ZOLRURMT,0,ZOLRURMT,GRRHIO|ZOLRURMT
HECDCS,HV-CARE-COAL,0,HV-CARE-COAL,HECDCS|HV-CARE-COAL
HEALTHIX,VENTH,0,VENTH,HEALTHIX|VENTH
HIXNY,UVMHNMONITORDOC,0,UVMHNMONITORDOC,HIXNY|UVMHNMONITORDOC
GRRHIO,UR2148,0,UR2148,GRRHIO|UR2148
HEALTHIX,ELHS,0,ELHS,HEALTHIX|ELHS
GRRHIO,UR0466,0,UR0466,GRRHIO|UR0466
GRRHIO,RR326,0,RR326,GRRHIO|RR326
GRRHIO,RR412,0,RR412,GRRHIO|RR412
GRRHIO,UR0414,0,UR0414,GRRHIO|UR0414
HIXNY,1487662227,0,1487662227,HIXNY|1487662227
HEALTHIX,OSH,0,OSH,HEALTHIX|OSH
HIXNY,AMHSANEUHL7,0,AMHSANEUHL7,HIXNY|AMHSANEUHL7
HEALTHIX,WITA,0,WITA,HEALTHIX|WITA
HIXNY,WMCAPSOBMODOC,0,WMCAPSOBMODOC,HIXNY|WMCAPSOBMODOC
HECDCS,AIZER-HEALTH,0,AIZER-HEALTH,HECDCS|AIZER-HEALTH
HIXNY,RRHCSH,0,RRHCSH,HIXNY|RRHCSH
GRRHIO,RRH545,0,RRH545,GRRHIO|RRH545
HEALTHIX,MPNYP,0,MPNYP,HEALTHIX|MPNYP
TXD,NFMPCC,0,NFMPCC,TXD|NFMPCC
HEALTHIX,IDCC,0,IDCC,HEALTHIX|IDCC
GRRHIO,UR0620,0,UR0620,GRRHIO|UR0620
GRRHIO,UMMC.DUPLICATE,0,UMMC,GRRHIO|UMMC
HEALTHIX,PARKER,0,PARKER,HEALTHIX|PARKER
HECDCS,HAHV-MARGARET,0,HAHV-MARGARET,HECDCS|HAHV-MARGARET
HIXNY,AMHSARHEPE,0,AMHSARHEPE,HIXNY|AMHSARHEPE
HECDCS,CENTRALUS-2,0,CENTRALUS-2,HECDCS|CENTRALUS-2
GRRHIO,UR0905,0,UR0905,GRRHIO|UR0905
HEALTHIX,NHCC,0,NHCC,HEALTHIX|NHCC
TXD,HSPCBF,0,HSPCBF,TXD|HSPCBF
GRRHIO,RR746,0,RR746,GRRHIO|RR746
HIXNY,ELLSDOC,0,ELLSDOC,HIXNY|ELLSDOC
HIXNY,WMCMHRHIPBH,0,WMCMHRHIPBH,HIXNY|WMCMHRHIPBH
HIXNY,HECTSJHHC,0,HECTSJHHC,HIXNY|HECTSJHHC
HEALTHIX,ECWFPMC,0,ECWFPMC,HEALTHIX|ECWFPMC
HEALTHIX,LITTLESIS,0,LITTLESIS,HEALTHIX|LITTLESIS
BRONX,EAST_SHORE_WOMENS_CARE,0,EAST SHORE WOMENS CARE,BRONX|EAST SHORE WOMENS CARE
GRRHIO,UR0189,0,UR0189,GRRHIO|UR0189
GRRHIO,RRH618,0,RRH618,GRRHIO|RRH618
HEALTHIX,MEMPC,0,MEMPC,HEALTHIX|MEMPC
HIXNY,PAPLBREAST,0,PAPLBREAST,HIXNY|PAPLBREAST
HEALTHIX,MONOM,0,MONOM,HEALTHIX|MONOM
GRRHIO,UR0956,0,UR0956,GRRHIO|UR0956
GRRHIO,UR2041,0,UR2041,GRRHIO|UR2041
HEALTHIX,CRESTMC,0,CRESTMC,HEALTHIX|CRESTMC
TXD,RESCTR,0,RESCTR,TXD|RESCTR
HIXNY,CVPHSPORT,0,CVPHSPORT,HIXNY|CVPHSPORT
GRRHIO,UR0704,0,UR0704,GRRHIO|UR0704
HIXNY,CAPURODOC,0,CAPURODOC,HIXNY|CAPURODOC
HIXNY,HECG,0,HECG,HIXNY|HECG
GRRHIO,UR0543,0,UR0543,GRRHIO|UR0543
HECDCS,MICHAEL-CILIP,0,MICHAEL-CILIP,HECDCS|MICHAEL-CILIP
HEALTHIX,ECWAWM,0,ECWAWM,HEALTHIX|ECWAWM
HIXNY,AMHSAHEARHL7,0,AMHSAHEARHL7,HIXNY|AMHSAHEARHL7
HEALTHIX,MSMD,0,MSMD,HEALTHIX|MSMD
HEALTHIX,KPPFT,0,KPPFT,HEALTHIX|KPPFT
HEALTHIX,ICLHCC,0,ICLHCC,HEALTHIX|ICLHCC
GRRHIO,UR0710,0,UR0710,GRRHIO|UR0710
HEALTHIX,EMU,0,EMU,HEALTHIX|EMU
TXD,WNYCPC,0,WNYCPC,TXD|WNYCPC
GRRHIO,RRH648,0,RRH648,GRRHIO|RRH648
HIXNY,SPCCTBRUS,0,SPCCTBRUS,HIXNY|SPCCTBRUS
HEALTHIX,LICD,0,LICD,HEALTHIX|LICD
HIXNY,1598720369,0,1598720369,HIXNY|1598720369
HIXNY,PAPLSPINE,0,PAPLSPINE,HIXNY|PAPLSPINE
GRRHIO,RRH564,0,RRH564,GRRHIO|RRH564
GRRHIO,UR0219,0,UR0219,GRRHIO|UR0219
GRRHIO,RRH202,0,RRH202,GRRHIO|RRH202
BRONX,OUTREACH_DEVELOPMENT,0,OUTREACH DEVELOPMENT,BRONX|OUTREACH DEVELOPMENT
HIXNY,1689713067,0,1689713067,HIXNY|1689713067
TXD,HRNPC1,0,HRNPC1,TXD|HRNPC1
HEALTHIX,FERNY,0,FERNY,HEALTHIX|FERNY
HIXNY,208290,0,208290,HIXNY|208290
GRRHIO,UR0188,0,UR0188,GRRHIO|UR0188
GRRHIO,UR0646,0,UR0646,GRRHIO|UR0646
TXD,BOM,0,BOM,TXD|BOM
HEALTHIX,DCRN,0,DCRN,HEALTHIX|DCRN
HEALTHIX,WASH,0,WASH,HEALTHIX|WASH
HIXNY,SNOCPOBGYN,0,SNOCPOBGYN,HIXNY|SNOCPOBGYN
BRONX,ST_MARKS_PLACE_INSTITUTE_FOR_MH,0,ST MARKS PLACE INSTITUTE FOR MH,BRONX|ST MARKS PLACE INSTITUTE FOR MH
HIXNY,AHMCDOC,0,AHMCDOC,HIXNY|AHMCDOC
HECDCS,CENTERS-ST-CAM,0,CENTERS-ST-CAM,HECDCS|CENTERS-ST-CAM
HEALTHIX,TAPPC,0,TAPPC,HEALTHIX|TAPPC
BRONX,MARISSA_T_SANTOS,0,MARISSA T SANTOS,BRONX|MARISSA T SANTOS
HIXNY,SPTWBLABDS,0,SPTWBLABDS,HIXNY|SPTWBLABDS
HEALTHIX,BGRNC,0,BGRNC,HEALTHIX|BGRNC
TXD,JMHUC,0,JMHUC,TXD|JMHUC
GRRHIO,UR0465,0,UR0465,GRRHIO|UR0465
HIXNY,BXRHIODAV,0,BXRHIODAV,HIXNY|BXRHIODAV
HECDCS,WEST-HLTH-OUT-2,0,WEST-HLTH-OUT-2,HECDCS|WEST-HLTH-OUT-2
HEALTHIX,ECWBMFHC,0,ECWBMFHC,HEALTHIX|ECWBMFHC
HEALTHIX,ANMPC,0,ANMPC,HEALTHIX|ANMPC
BRONX,YPP_NEW_MODERN_MEDICINE,0,YPP NEW MODERN MEDICINE,BRONX|YPP NEW MODERN MEDICINE
HEALTHIX,WANGM,0,WANGM,HEALTHIX|WANGM
HIXNY,1750307039,0,1750307039,HIXNY|1750307039
HEALTHIX,ADPD,0,ADPD,HEALTHIX|ADPD
GRRHIO,UR2265,0,UR2265,GRRHIO|UR2265
HEALTHIX,KIPE,0,KIPE,HEALTHIX|KIPE
HECDCS,UPSTATE-CP,0,UPSTATE-CP,HECDCS|UPSTATE-CP
HEALTHIX,MCHC,0,MCHC,HEALTHIX|MCHC
HEALTHIX,UMMHC,0,UMMHC,HEALTHIX|UMMHC
HEALTHIX,QUALITYMEDCA,0,QUALITYMEDCA,HEALTHIX|QUALITYMEDCA
HEALTHIX,DYMO,0,DYMO,HEALTHIX|DYMO
HIXNY,201270,0,201270,HIXNY|201270
HIXNY,AMHSAINT,0,AMHSAINT,HIXNY|AMHSAINT
HEALTHIX,APICHA,0,APICHA,HEALTHIX|APICHA
HIXNY,AMHSAEND,0,AMHSAEND,HIXNY|AMHSAEND
HECDCS,GUPTA-GUPTA,0,GUPTA-GUPTA,HECDCS|GUPTA-GUPTA
HEALTHIX,GVPC,0,GVPC,HEALTHIX|GVPC
HEALTHIX,CAREDESIGNNY,0,CAREDESIGNNY,HEALTHIX|CAREDESIGNNY
HEALTHIX,APICHAAZ,0,APICHAAZ,HEALTHIX|APICHAAZ
GRRHIO,RR237,0,RR237,GRRHIO|RR237
HEALTHIX,WESTC,0,WESTC,HEALTHIX|WESTC
GRRHIO,UR0539,0,UR0539,GRRHIO|UR0539
HEALTHIX,ECWLFME,0,ECWLFME,HEALTHIX|ECWLFME
HECDCS,LOR-HEALTH-REHAB,0,LOR-HEALTH-REHAB,HECDCS|LOR-HEALTH-REHAB
HIXNY,WMCOPDDENTA,0,WMCOPDDENTA,HIXNY|WMCOPDDENTA
TXD,KLHHPM,0,KLHHPM,TXD|KLHHPM
HEALTHIX,ECWUMSE,0,ECWUMSE,HEALTHIX|ECWUMSE
HEALTHIX,GHMP,0,GHMP,HEALTHIX|GHMP
HIXNY,SHSMHPEDTRO,0,SHSMHPEDTRO,HIXNY|SHSMHPEDTRO
HEALTHIX,MAEH,0,MAEH,HEALTHIX|MAEH
HEALTHIX,LOMD,0,LOMD,HEALTHIX|LOMD
HEALTHIX,LKOZER,0,LKOZER,HEALTHIX|LKOZER
HIXNY,DCI,0,DCI,HIXNY|DCI
BRONX,GODWIN_MEDICAL,0,GODWIN MEDICAL,BRONX|GODWIN MEDICAL
GRRHIO,UR1208,0,UR1208,GRRHIO|UR1208
HIXNY,CVPHNEURODOC,0,CVPHNEURODOC,HIXNY|CVPHNEURODOC
HEALTHIX,MTHANT,0,MTHANT,HEALTHIX|MTHANT
HIXNY,SPSRBNEU,0,SPSRBNEU,HIXNY|SPSRBNEU
HEALTHIX,TCPC,0,TCPC,HEALTHIX|TCPC
GRRHIO,LENT,0,LENT,GRRHIO|LENT
HEALTHIX,BUSRHC,0,BUSRHC,HEALTHIX|BUSRHC
HIXNY,AMGPCCPOD,0,AMGPCCPOD,HIXNY|AMGPCCPOD
HEALTHIX,OPPCM,0,OPPCM,HEALTHIX|OPPCM
HEALTHIX,JMPLLC,0,JMPLLC,HEALTHIX|JMPLLC
HEALTHIX,ATMYP,0,ATMYP,HEALTHIX|ATMYP
BRONX,HWORK,0,HWORK,BRONX|HWORK
HIXNY,EVERGREENSA,0,EVERGREENSA,HIXNY|EVERGREENSA
GRRHIO,FLHA,0,FLHA,GRRHIO|FLHA
GRRHIO,UR0924,0,UR0924,GRRHIO|UR0924
HIXNY,AMGPCCQNS,0,AMGPCCQNS,HIXNY|AMGPCCQNS
HEALTHIX,RIVPRHC,0,RIVPRHC,HEALTHIX|RIVPRHC
GRRHIO,UR1522,0,UR1522,GRRHIO|UR1522
GRRHIO,UR0212,0,UR0212,GRRHIO|UR0212
HECDCS,BUTTERMILK-FALLS,0,BUTTERMILK-FALLS,HECDCS|BUTTERMILK-FALLS
GRRHIO,RRH415,0,RRH415,GRRHIO|RRH415
GRRHIO,RR14,0,RR14,GRRHIO|RR14
HIXNY,GFHBHADULT,0,GFHBHADULT,HIXNY|GFHBHADULT
HEALTHIX,ASCWHP,0,ASCWHP,HEALTHIX|ASCWHP
GRRHIO,UR0299,0,UR0299,GRRHIO|UR0299
HEALTHIX,RGMG,0,RGMG,HEALTHIX|RGMG
HIXNY,SPMOBBARIAT,0,SPMOBBARIAT,HIXNY|SPMOBBARIAT
GRRHIO,VACB,0,VACB,GRRHIO|VACB
GRRHIO,UR0248,0,UR0248,GRRHIO|UR0248
HEALTHIX,GSB,0,GSB,HEALTHIX|GSB
HEALTHIX,HBELLUTTA,0,HBELLUTTA,HEALTHIX|HBELLUTTA
HEALTHIX,GWMD,0,GWMD,HEALTHIX|GWMD
GRRHIO,UR0411,0,UR0411,GRRHIO|UR0411
HEALTHIX,CMPC,0,CMPC,HEALTHIX|CMPC
HEALTHIX,PARKERHC,0,PARKERHC,HEALTHIX|PARKERHC
GRRHIO,IRAI,0,IRAI,GRRHIO|IRAI
TXD,WLSIMP,0,WLSIMP,TXD|WLSIMP
GRRHIO,UR0842,0,UR0842,GRRHIO|UR0842
GRRHIO,SSMHCC,0,SSMHCC,GRRHIO|SSMHCC
TXD,WLSPC,0,WLSPC,TXD|WLSPC
HIXNY,SPCCTBRUSDOC,0,SPCCTBRUSDOC,HIXNY|SPCCTBRUSDOC
HECDCS,NASCENTIA-HEALTH,0,NASCENTIA-HEALTH,HECDCS|NASCENTIA-HEALTH
HIXNY,SPINMMED,0,SPINMMED,HIXNY|SPINMMED
TXD,BLDCR,0,BLDCR,TXD|BLDCR
GRRHIO,UR0020,0,UR0020,GRRHIO|UR0020
GRRHIO,UR2366,0,UR2366,GRRHIO|UR2366
HIXNY,AMHSAVASHL7,0,AMHSAVASHL7,HIXNY|AMHSAVASHL7
GRRHIO,RRH662,0,RRH662,GRRHIO|RRH662
HIXNY,1205934148,0,1205934148,HIXNY|1205934148
HIXNY,STPLIMAGE,0,STPLIMAGE,HIXNY|STPLIMAGE
HEALTHIX,AKMC,0,AKMC,HEALTHIX|AKMC
GRRHIO,RRH099,0,RRH099,GRRHIO|RRH099
HEALTHIX,LPOSIT,0,LPOSIT,HEALTHIX|LPOSIT
TXD,TMGGRD,0,TMGGRD,TXD|TMGGRD
TXD,HRTGRN,0,HRTGRN,TXD|HRTGRN
GRRHIO,UR0151,0,UR0151,GRRHIO|UR0151
HEALTHIX,OURNM,0,OURNM,HEALTHIX|OURNM
HIXNY,SMHAPODIATR,0,SMHAPODIATR,HIXNY|SMHAPODIATR
HEALTHIX,DSINGH,0,DSINGH,HEALTHIX|DSINGH
HIXNY,AMHSAPLA,0,AMHSAPLA,HIXNY|AMHSAPLA
GRRHIO,UR1941,0,UR1941,GRRHIO|UR1941
HEALTHIX,CTMP,0,CTMP,HEALTHIX|CTMP
HIXNY,SPCPMDIAEND,0,SPCPMDIAEND,HIXNY|SPCPMDIAEND
HECDCS,ONEIDA-CTY-HD,0,ONEIDA-CTY-HD,HECDCS|ONEIDA-CTY-HD
TXD,HRTVLG,0,HRTVLG,TXD|HRTVLG
HEALTHIX,DLMX,0,DLMX,HEALTHIX|DLMX
TXD,LIBHC,0,LIBHC,TXD|LIBHC
HIXNY,WMCAPSHCMVADOC,0,WMCAPSHCMVADOC,HIXNY|WMCAPSHCMVADOC
GRRHIO,UR0113,0,UR0113,GRRHIO|UR0113
HEALTHIX,LIDERM,0,LIDERM,HEALTHIX|LIDERM
HEALTHIX,IPMC,0,IPMC,HEALTHIX|IPMC
GRRHIO,UR0166,0,UR0166,GRRHIO|UR0166
HEALTHIX,MCMHE,0,MCMHE,HEALTHIX|MCMHE
HEALTHIX,BMPC,0,BMPC,HEALTHIX|BMPC
BRONX,OPTIMUM_PRIMARY_CARE_MEDICAL,0,OPTIMUM PRIMARY CARE MEDICAL,BRONX|OPTIMUM PRIMARY CARE MEDICAL
HEALTHIX,YAIM,0,YAIM,HEALTHIX|YAIM
HEALTHIX,SARO,0,SARO,HEALTHIX|SARO
HIXNY,WMCMHRHCOVDOC,0,WMCMHRHCOVDOC,HIXNY|WMCMHRHCOVDOC
HEALTHIX,MKRM,0,MKRM,HEALTHIX|MKRM
HEALTHIX,SUNMED,0,SUNMED,HEALTHIX|SUNMED
HIXNY,WMCBSMGORTH,0,WMCBSMGORTH,HIXNY|WMCBSMGORTH
GRRHIO,RR792,0,RR792,GRRHIO|RR792
HEALTHIX,LIGBH,0,LIGBH,HEALTHIX|LIGBH
HIXNY,CPMGRHMCL,0,CPMGRHMCL,HIXNY|CPMGRHMCL
HEALTHIX,SUFPRIMHEAL,0,SUFPRIMHEAL,HEALTHIX|SUFPRIMHEAL
HEALTHIX,ASCTK,0,ASCTK,HEALTHIX|ASCTK
BRONX,LUIS_GUERRERO,0,LUIS GUERRERO,BRONX|LUIS GUERRERO
HEALTHIX,ACLMED,0,ACLMED,HEALTHIX|ACLMED
GRRHIO,UR0403,0,UR0403,GRRHIO|UR0403
HECDCS,GASTRO-ASSOC,0,GASTRO-ASSOC,HECDCS|GASTRO-ASSOC
HEALTHIX,LFME,0,LFME,HEALTHIX|LFME
GRRHIO,UR2368,0,UR2368,GRRHIO|UR2368
HEALTHIX,ECWBRIM,0,ECWBRIM,HEALTHIX|ECWBRIM
HECDCS,WEST-MIDHUDSON-2,0,WEST-MIDHUDSON-2,HECDCS|WEST-MIDHUDSON-2
HEALTHIX,GURWINLTC,0,GURWINLTC,HEALTHIX|GURWINLTC
HEALTHIX,PROHIM,0,PROHIM,HEALTHIX|PROHIM
HEALTHIX,ROSHM,0,ROSHM,HEALTHIX|ROSHM
GRRHIO,AMRN,0,AMRN,GRRHIO|AMRN
GRRHIO,RRH541,0,RRH541,GRRHIO|RRH541
TXD,JMAND,0,JMAND,TXD|JMAND
BRONX,EVERGREEN_MEDICAL_CLINIC,0,EVERGREEN MEDICAL CLINIC,BRONX|EVERGREEN MEDICAL CLINIC
HEALTHIX,SIPA,0,SIPA,HEALTHIX|SIPA
HEALTHIX,GCC,0,GCC,HEALTHIX|GCC
GRRHIO,UR2367,0,UR2367,GRRHIO|UR2367
GRRHIO,RRH037,0,RRH037,GRRHIO|RRH037
GRRHIO,RR676,0,RR676,GRRHIO|RR676
GRRHIO,UR0196,0,UR0196,GRRHIO|UR0196
HIXNY,3162,0,3162,HIXNY|3162
TXD,UPC.DUPLICATE1,0,UPC,TXD|UPC
HIXNY,1114954682,0,1114954682,HIXNY|1114954682
HEALTHIX,ECLI,0,ECLI,HEALTHIX|ECLI
HEALTHIX,MECHAN,0,MECHAN,HEALTHIX|MECHAN
GRRHIO,UR0156,0,UR0156,GRRHIO|UR0156
HEALTHIX,PCMH,0,PCMH,HEALTHIX|PCMH
HEALTHIX,MEMC,0,MEMC,HEALTHIX|MEMC
GRRHIO,LPP2,0,LPP2,GRRHIO|LPP2
GRRHIO,UR0321,0,UR0321,GRRHIO|UR0321
HIXNY,SPMEAMED,0,SPMEAMED,HIXNY|SPMEAMED
HIXNY,SMHACANCER,0,SMHACANCER,HIXNY|SMHACANCER
HEALTHIX,NCHC,0,NCHC,HEALTHIX|NCHC
HIXNY,AMHSAGENSURHL7,0,AMHSAGENSURHL7,HIXNY|AMHSAGENSURHL7
HEALTHIX,WASHC,0,WASHC,HEALTHIX|WASHC
HIXNY,5353ALERT,0,5353ALERT,HIXNY|5353ALERT
HEALTHIX,OMHNCC,0,OMHNCC,HEALTHIX|OMHNCC
GRRHIO,UR0627,0,UR0627,GRRHIO|UR0627
HEALTHIX,RASU,0,RASU,HEALTHIX|RASU
HIXNY,GFHENTHL7,0,GFHENTHL7,HIXNY|GFHENTHL7
GRRHIO,RRH374,0,RRH374,GRRHIO|RRH374
GRRHIO,ASAP,0,ASAP,GRRHIO|ASAP
GRRHIO,RRH331,0,RRH331,GRRHIO|RRH331
GRRHIO,UR0405,0,UR0405,GRRHIO|UR0405
HIXNY,WWAMHCER,0,WWAMHCER,HIXNY|WWAMHCER
HIXNY,1821080664,0,1821080664,HIXNY|1821080664
GRRHIO,UR1515,0,UR1515,GRRHIO|UR1515
GRRHIO,RR546,0,RR546,GRRHIO|RR546
HEALTHIX,ECWCMGQ,0,ECWCMGQ,HEALTHIX|ECWCMGQ
HIXNY,SRSCSVAUDIODOC,0,SRSCSVAUDIODOC,HIXNY|SRSCSVAUDIODOC
GRRHIO,UR2184,0,UR2184,GRRHIO|UR2184
HEALTHIX,SAMA,0,SAMA,HEALTHIX|SAMA
HEALTHIX,ECWBPAA,0,ECWBPAA,HEALTHIX|ECWBPAA
GRRHIO,RR747,0,RR747,GRRHIO|RR747
BRONX,MICHAEL_CORREA,0,MICHAEL CORREA,BRONX|MICHAEL CORREA
GRRHIO,ENRO,0,ENRO,GRRHIO|ENRO
GRRHIO,RR57,0,RR57,GRRHIO|RR57
HIXNY,1043861974,0,1043861974,HIXNY|1043861974
GRRHIO,NSWNY2,0,NSWNY2,GRRHIO|NSWNY2
GRRHIO,UR0988,0,UR0988,GRRHIO|UR0988
HIXNY,CVPHFAMMEDDOC,0,CVPHFAMMEDDOC,HIXNY|CVPHFAMMEDDOC
GRRHIO,UR0570,0,UR0570,GRRHIO|UR0570
HEALTHIX,NYSMD,0,NYSMD,HEALTHIX|NYSMD
HEALTHIX,VDMD,0,VDMD,HEALTHIX|VDMD
HIXNY,SPLPCPRIME,0,SPLPCPRIME,HIXNY|SPLPCPRIME
GRRHIO,RRH394,0,RRH394,GRRHIO|RRH394
GRRHIO,UR2364,0,UR2364,GRRHIO|UR2364
HEALTHIX,VZELE,0,VZELE,HEALTHIX|VZELE
HECDCS,SYRACUSE-PEDS,0,SYRACUSE-PEDS,HECDCS|SYRACUSE-PEDS
GRRHIO,RRH600,0,RRH600,GRRHIO|RRH600
HIXNY,WMCAPSORTFI,0,WMCAPSORTFI,HIXNY|WMCAPSORTFI
TXD,CLERK,0,CLERK,TXD|CLERK
GRRHIO,UR0254,0,UR0254,GRRHIO|UR0254
HIXNY,WMCAPSMFMHA,0,WMCAPSMFMHA,HIXNY|WMCAPSMFMHA
HEALTHIX,VANG,0,VANG,HEALTHIX|VANG
HEALTHIX,BFMD,0,BFMD,HEALTHIX|BFMD
GRRHIO,UR0205,0,UR0205,GRRHIO|UR0205
HEALTHIX,OMHNYPI,0,OMHNYPI,HEALTHIX|OMHNYPI
HEALTHIX,FNSE,0,FNSE,HEALTHIX|FNSE
GRRHIO,CCCS,0,CCCS,GRRHIO|CCCS
TXD,LMA.DUPLICATE1,0,LMA,TXD|LMA
HECDCS,WIHD.DUPLICATE1,0,WIHD,HECDCS|WIHD
GRRHIO,UR0369,0,UR0369,GRRHIO|UR0369
GRRHIO,LPP,0,LPP,GRRHIO|LPP
BRONX,"NORTHPOINT_MEDICAL_ASSOCIATES,_PC",0,"NORTHPOINT MEDICAL ASSOCIATES, PC","BRONX|NORTHPOINT MEDICAL ASSOCIATES, PC"
TXD,JMHONC,0,JMHONC,TXD|JMHONC
HIXNY,1003861782,0,1003861782,HIXNY|1003861782
GRRHIO,RRH596,0,RRH596,GRRHIO|RRH596
HEALTHIX,COIPA,0,COIPA,HEALTHIX|COIPA
HEALTHIX,BELLMC,0,BELLMC,HEALTHIX|BELLMC
GRRHIO,UR2264,0,UR2264,GRRHIO|UR2264
HEALTHIX,FRMG,0,FRMG,HEALTHIX|FRMG
GRRHIO,UR1804,0,UR1804,GRRHIO|UR1804
BRONX,UNIVERSITY_MEDICAL_OFFICE,0,UNIVERSITY MEDICAL OFFICE,BRONX|UNIVERSITY MEDICAL OFFICE
GRRHIO,UR0295,0,UR0295,GRRHIO|UR0295
GRRHIO,MZK2,0,MZK2,GRRHIO|MZK2
HEALTHIX,NASSIMED,0,NASSIMED,HEALTHIX|NASSIMED
TXD,NATERA,0,NATERA,TXD|NATERA
HEALTHIX,EGLHS,0,EGLHS,HEALTHIX|EGLHS
HECDCS,CHP-PINE-POINT,0,CHP-PINE-POINT,HECDCS|CHP-PINE-POINT
BRONX,STEPHEN_B_PEREZ,0,STEPHEN B PEREZ,BRONX|STEPHEN B PEREZ
HECDCS,WEST-WOMENS-MED,0,WEST-WOMENS-MED,HECDCS|WEST-WOMENS-MED
HIXNY,SPMEAOBGYN,0,SPMEAOBGYN,HIXNY|SPMEAOBGYN
GRRHIO,UR0168,0,UR0168,GRRHIO|UR0168
TXD,ELDSHA,0,ELDSHA,TXD|ELDSHA
GRRHIO,SECDN,0,SECDN,GRRHIO|SECDN
BRONX,CHEUK_W_LAU,0,CHEUK W LAU,BRONX|CHEUK W LAU
GRRHIO,RRH300,0,RRH300,GRRHIO|RRH300
TXD,SENNA2PART2,0,SENNA2PART2,TXD|SENNA2PART2
TXD,WLLSUB,0,WLLSUB,TXD|WLLSUB
GRRHIO,UR0138,0,UR0138,GRRHIO|UR0138
HEALTHIX,ZZMPC,0,ZZMPC,HEALTHIX|ZZMPC
GRRHIO,UR0034,0,UR0034,GRRHIO|UR0034
GRRHIO,UR2341,0,UR2341,GRRHIO|UR2341
HEALTHIX,GRGY,0,GRGY,HEALTHIX|GRGY
BRONX,MILLENNIUM_MEDICAL_GROUP,0,MILLENNIUM MEDICAL GROUP,BRONX|MILLENNIUM MEDICAL GROUP
GRRHIO,RR665,0,RR665,GRRHIO|RR665
GRRHIO,PDP2,0,PDP2,GRRHIO|PDP2
GRRHIO,RR396,0,RR396,GRRHIO|RR396
HEALTHIX,YPPNMM,0,YPPNMM,HEALTHIX|YPPNMM
GRRHIO,RR331,0,RR331,GRRHIO|RR331
GRRHIO,RR243,0,RR243,GRRHIO|RR243
HEALTHIX,GRHO,0,GRHO,HEALTHIX|GRHO
BRONX,WESTCHESTER_MEDICAL_HEALTHCARE,0,WESTCHESTER MEDICAL HEALTHCARE,BRONX|WESTCHESTER MEDICAL HEALTHCARE
GRRHIO,UR1494,0,UR1494,GRRHIO|UR1494
BRONX,CHINATOWN_MEDICAL_PHYSICIAN,0,CHINATOWN MEDICAL PHYSICIAN,BRONX|CHINATOWN MEDICAL PHYSICIAN
TXD,WLSPOD,0,WLSPOD,TXD|WLSPOD
HIXNY,AMALWNDCRODOC,0,AMALWNDCRODOC,HIXNY|AMALWNDCRODOC
GRRHIO,UR2088,0,UR2088,GRRHIO|UR2088
TXD,TMGNOR,0,TMGNOR,TXD|TMGNOR
GRRHIO,UR0819,0,UR0819,GRRHIO|UR0819
BRONX,DOHMH_COHORT1,0,DOHMH COHORT1,BRONX|DOHMH COHORT1
HEALTHIX,BKIM,0,BKIM,HEALTHIX|BKIM
HIXNY,AHMCOT,0,AHMCOT,HIXNY|AHMCOT
GRRHIO,RR652,0,RR652,GRRHIO|RR652
HEALTHIX,DYPE,0,DYPE,HEALTHIX|DYPE
GRRHIO,UR0716,0,UR0716,GRRHIO|UR0716
HIXNY,SHSMHHEMONCDOC,0,SHSMHHEMONCDOC,HIXNY|SHSMHHEMONCDOC
HIXNY,1720405863,0,1720405863,HIXNY|1720405863
GRRHIO,UR2167,0,UR2167,GRRHIO|UR2167
HIXNY,WMCAPSIPVA,0,WMCAPSIPVA,HIXNY|WMCAPSIPVA
HIXNY,SHSPMHL7,0,SHSPMHL7,HIXNY|SHSPMHL7
HIXNY,RRHCSHP2,0,RRHCSHP2,HIXNY|RRHCSHP2
GRRHIO,BAYM,0,BAYM,GRRHIO|BAYM
GRRHIO,LMA.DUPLICATE,0,LMA,GRRHIO|LMA
HIXNY,SNTR7GERODOC,0,SNTR7GERODOC,HIXNY|SNTR7GERODOC
HEALTHIX,HLESICKA,0,HLESICKA,HEALTHIX|HLESICKA
GRRHIO,UR0581,0,UR0581,GRRHIO|UR0581
GRRHIO,RR709,0,RR709,GRRHIO|RR709
HEALTHIX,BDMG,0,BDMG,HEALTHIX|BDMG
HEALTHIX,FSNR,0,FSNR,HEALTHIX|FSNR
HEALTHIX,ARSM,0,ARSM,HEALTHIX|ARSM
HEALTHIX,VNASI,0,VNASI,HEALTHIX|VNASI
HECDCS,PERC-REIMER,0,PERC-REIMER,HECDCS|PERC-REIMER
HEALTHIX,HCC,0,HCC,HEALTHIX|HCC
GRRHIO,HBHS,0,HBHS,GRRHIO|HBHS
TXD,CANAL,0,CANAL,TXD|CANAL
GRRHIO,UR2089,0,UR2089,GRRHIO|UR2089
TXD,JMHSRG,0,JMHSRG,TXD|JMHSRG
GRRHIO,RR64,0,RR64,GRRHIO|RR64
GRRHIO,UR1790,0,UR1790,GRRHIO|UR1790
HIXNY,GRANDROME,0,GRANDROME,HIXNY|GRANDROME
HIXNY,SPIMAMEDDOC,0,SPIMAMEDDOC,HIXNY|SPIMAMEDDOC
GRRHIO,RR5,0,RR5,GRRHIO|RR5
GRRHIO,RRH393,0,RRH393,GRRHIO|RRH393
HIXNY,SPOBGYNCPDOC,0,SPOBGYNCPDOC,HIXNY|SPOBGYNCPDOC
GRRHIO,UR1660,0,UR1660,GRRHIO|UR1660
HECDCS,GOMATHI-PEDS,0,GOMATHI-PEDS,HECDCS|GOMATHI-PEDS
HIXNY,WMCAPSOBPO,0,WMCAPSOBPO,HIXNY|WMCAPSOBPO
BRONX,WENJING_ZHOU,0,WENJING ZHOU,BRONX|WENJING ZHOU
HECDCS,CHRISTIAN-HEALTH,0,CHRISTIAN-HEALTH,HECDCS|CHRISTIAN-HEALTH
HECDCS,KATHERINE-LUTHER,0,KATHERINE-LUTHER,HECDCS|KATHERINE-LUTHER
GRRHIO,RR398,0,RR398,GRRHIO|RR398
GRRHIO,UR0306,0,UR0306,GRRHIO|UR0306
GRRHIO,UR0683,0,UR0683,GRRHIO|UR0683
HIXNY,ELLSCTS,0,ELLSCTS,HIXNY|ELLSCTS
HEALTHIX,DOPRC,0,DOPRC,HEALTHIX|DOPRC
HEALTHIX,ELMP,0,ELMP,HEALTHIX|ELMP
GRRHIO,UR1998,0,UR1998,GRRHIO|UR1998
HIXNY,CVPHENTDOC,0,CVPHENTDOC,HIXNY|CVPHENTDOC
HEALTHIX,WIPC,0,WIPC,HEALTHIX|WIPC
GRRHIO,RR293,0,RR293,GRRHIO|RR293
TXD,CCDOH2PART2,0,CCDOH2PART2,TXD|CCDOH2PART2
GRRHIO,UR0120,0,UR0120,GRRHIO|UR0120
HIXNY,SPMEAPEDSDOC,0,SPMEAPEDSDOC,HIXNY|SPMEAPEDSDOC
GRRHIO,RR394,0,RR394,GRRHIO|RR394
GRRHIO,UR2077,0,UR2077,GRRHIO|UR2077
HIXNY,SPMEAMEDDOC,0,SPMEAMEDDOC,HIXNY|SPMEAMEDDOC
HECDCS,HOSP-PALL-CARE,0,HOSP-PALL-CARE,HECDCS|HOSP-PALL-CARE
HIXNY,SPSMSLEEPDOC,0,SPSMSLEEPDOC,HIXNY|SPSMSLEEPDOC
HEALTHIX,DEBHC,0,DEBHC,HEALTHIX|DEBHC
GRRHIO,UR0030,0,UR0030,GRRHIO|UR0030
GRRHIO,UR0513,0,UR0513,GRRHIO|UR0513
HIXNY,SHCPFFMCP,0,SHCPFFMCP,HIXNY|SHCPFFMCP
HIXNY,SMHAMONITOR,0,SMHAMONITOR,HIXNY|SMHAMONITOR
HEALTHIX,CCMNY,0,CCMNY,HEALTHIX|CCMNY
HEALTHIX,FMBMC,0,FMBMC,HEALTHIX|FMBMC
HEALTHIX,RDOHMH,0,RDOHMH,HEALTHIX|RDOHMH
HEALTHIX,HECCLINENT,0,HECCLINENT,HEALTHIX|HECCLINENT
HEALTHIX,ECWLICD,0,ECWLICD,HEALTHIX|ECWLICD
HIXNY,STPLEDDOC,0,STPLEDDOC,HIXNY|STPLEDDOC
HIXNY,ELLSGSMS,0,ELLSGSMS,HIXNY|ELLSGSMS
HEALTHIX,MMAJEED,0,MMAJEED,HEALTHIX|MMAJEED
HIXNY,STPLED,0,STPLED,HIXNY|STPLED
HEALTHIX,JLBM,0,JLBM,HEALTHIX|JLBM
HEALTHIX,GIMS,0,GIMS,HEALTHIX|GIMS
HIXNY,CPMCGENSUR,0,CPMCGENSUR,HIXNY|CPMCGENSUR
GRRHIO,UR0825,0,UR0825,GRRHIO|UR0825
HEALTHIX,LIPBPC,0,LIPBPC,HEALTHIX|LIPBPC
GRRHIO,UR1577,0,UR1577,GRRHIO|UR1577
HIXNY,SPIMLMEDDOC,0,SPIMLMEDDOC,HIXNY|SPIMLMEDDOC
GRRHIO,UR0209,0,UR0209,GRRHIO|UR0209
HEALTHIX,BRMC.DUPLICATE1,0,BRMC,HEALTHIX|BRMC
GRRHIO,FSCC,0,FSCC,GRRHIO|FSCC
HEALTHIX,ECWHSMD,0,ECWHSMD,HEALTHIX|ECWHSMD
GRRHIO,DSCN,0,DSCN,GRRHIO|DSCN
BRONX,NADAP.DUPLICATE,0,NADAP,BRONX|NADAP
HIXNY,ESSEXCNS,0,ESSEXCNS,HIXNY|ESSEXCNS
HEALTHIX,CBPNH,0,CBPNH,HEALTHIX|CBPNH
HIXNY,CMHUROL,0,CMHUROL,HIXNY|CMHUROL
TXD,BEACN2PART2,0,BEACN2PART2,TXD|BEACN2PART2
HEALTHIX,NRHCC.DUPLICATE1,0,NRHCC,HEALTHIX|NRHCC
GRRHIO,UR1028,0,UR1028,GRRHIO|UR1028
GRRHIO,RR799,0,RR799,GRRHIO|RR799
HECDCS,ROCHESTER-PSYCH,0,ROCHESTER-PSYCH,HECDCS|ROCHESTER-PSYCH
HIXNY,AMHSAPODHL7,0,AMHSAPODHL7,HIXNY|AMHSAPODHL7
GRRHIO,UR0147,0,UR0147,GRRHIO|UR0147
HIXNY,GRANDROMEDOC,0,GRANDROMEDOC,HIXNY|GRANDROMEDOC
HIXNY,SPCDICDMED,0,SPCDICDMED,HIXNY|SPCDICDMED
BRONX,ROOSEVELT_MEDICAL_SERVICES,0,ROOSEVELT MEDICAL SERVICES,BRONX|ROOSEVELT MEDICAL SERVICES
TXD,GASTRO,0,GASTRO,TXD|GASTRO
HEALTHIX,MMCARE,0,MMCARE,HEALTHIX|MMCARE
HEALTHIX,TWORR,0,TWORR,HEALTHIX|TWORR
BRONX,AYLIN_KIYICI,0,AYLIN KIYICI,BRONX|AYLIN KIYICI
HIXNY,CPMCOBGYN,0,CPMCOBGYN,HIXNY|CPMCOBGYN
HIXNY,WMCOPDRENAL,0,WMCOPDRENAL,HIXNY|WMCOPDRENAL
HIXNY,HECFCMG,0,HECFCMG,HIXNY|HECFCMG
HEALTHIX,GFRN,0,GFRN,HEALTHIX|GFRN
HECDCS,METROPOLITAN-NY,0,METROPOLITAN-NY,HECDCS|METROPOLITAN-NY
GRRHIO,RRH240,0,RRH240,GRRHIO|RRH240
TXD,CHNGWL,0,CHNGWL,TXD|CHNGWL
HIXNY,WMCAPSPHPODOC,0,WMCAPSPHPODOC,HIXNY|WMCAPSPHPODOC
HEALTHIX,CNHI,0,CNHI,HEALTHIX|CNHI
HEALTHIX,SBSMITHTOWN,0,SBSMITHTOWN,HEALTHIX|SBSMITHTOWN
HEALTHIX,CBPFM,0,CBPFM,HEALTHIX|CBPFM
HIXNY,JOHNEMS,0,JOHNEMS,HIXNY|JOHNEMS
HEALTHIX,MIMO,0,MIMO,HEALTHIX|MIMO
BRONX,ONE_HANSON_PL_PEDIATRICS,0,ONE HANSON PL PEDIATRICS,BRONX|ONE HANSON PL PEDIATRICS
GRRHIO,UR0436,0,UR0436,GRRHIO|UR0436
HEALTHIX,ECWEMCG,0,ECWEMCG,HEALTHIX|ECWEMCG
HIXNY,LETTRICKMED,0,LETTRICKMED,HIXNY|LETTRICKMED
HEALTHIX,MEMD,0,MEMD,HEALTHIX|MEMD
HIXNY,CMHPULMHL7,0,CMHPULMHL7,HIXNY|CMHPULMHL7
BRONX,HIGHLAND_MEDICAL_CARE,0,HIGHLAND MEDICAL CARE,BRONX|HIGHLAND MEDICAL CARE
HIXNY,AMALCARREH,0,AMALCARREH,HIXNY|AMALCARREH
GRRHIO,SPMH,0,SPMH,GRRHIO|SPMH
HIXNY,WMCAPSCSVADOC,0,WMCAPSCSVADOC,HIXNY|WMCAPSCSVADOC
BRONX,ADVANCED_MULTI_MEDICAL,0,ADVANCED MULTI MEDICAL,BRONX|ADVANCED MULTI MEDICAL
HEALTHIX,KGRM,0,KGRM,HEALTHIX|KGRM
GRRHIO,RR346,0,RR346,GRRHIO|RR346
GRRHIO,RR628,0,RR628,GRRHIO|RR628
HECDCS,ADVANCED-PEDS,0,ADVANCED-PEDS,HECDCS|ADVANCED-PEDS
HEALTHIX,BHI,0,BHI,HEALTHIX|BHI
HIXNY,CMHUROLHL7,0,CMHUROLHL7,HIXNY|CMHUROLHL7
TXD,CATSCL,0,CATSCL,TXD|CATSCL
GRRHIO,UR1627,0,UR1627,GRRHIO|UR1627
HEALTHIX,BENSMC,0,BENSMC,HEALTHIX|BENSMC
TXD,SZYMAN,0,SZYMAN,TXD|SZYMAN
GRRHIO,UR1552,0,UR1552,GRRHIO|UR1552
GRRHIO,RRH831,0,RRH831,GRRHIO|RRH831
GRRHIO,RRH096,0,RRH096,GRRHIO|RRH096
BRONX,QCW_MEDICAL_SRVCS,0,QCW MEDICAL SRVCS,BRONX|QCW MEDICAL SRVCS
HIXNY,WMCOPDORASU,0,WMCOPDORASU,HIXNY|WMCOPDORASU
GRRHIO,RBAS,0,RBAS,GRRHIO|RBAS
HIXNY,SPHPSRRH,0,SPHPSRRH,HIXNY|SPHPSRRH
HEALTHIX,RI,0,RI,HEALTHIX|RI
HEALTHIX,IRMP,0,IRMP,HEALTHIX|IRMP
TXD,CARIS,0,CARIS,TXD|CARIS
HEALTHIX,PCNY,0,PCNY,HEALTHIX|PCNY
HECDCS,ROCK-HOSP-GUILD,0,ROCK-HOSP-GUILD,HECDCS|ROCK-HOSP-GUILD
GRRHIO,TRMPED,0,TRMPED,GRRHIO|TRMPED
HIXNY,WMCAPSGASKIDOC,0,WMCAPSGASKIDOC,HIXNY|WMCAPSGASKIDOC
HECDCS,TACONIC-ULSTER,0,TACONIC-ULSTER,HECDCS|TACONIC-ULSTER
GRRHIO,EMSMTMAS,0,EMSMTMAS,GRRHIO|EMSMTMAS
GRRHIO,RR569,0,RR569,GRRHIO|RR569
HEALTHIX,BACRN,0,BACRN,HEALTHIX|BACRN
HIXNY,WMCAPSOPHKIDOC,0,WMCAPSOPHKIDOC,HIXNY|WMCAPSOPHKIDOC
HEALTHIX,ECWOLA,0,ECWOLA,HEALTHIX|ECWOLA
GRRHIO,UR1718,0,UR1718,GRRHIO|UR1718
GRRHIO,UR1490,0,UR1490,GRRHIO|UR1490
HEALTHIX,RU,0,RU,HEALTHIX|RU
GRRHIO,UR2043,0,UR2043,GRRHIO|UR2043
HIXNY,PAPLIMAGE319DOC,0,PAPLIMAGE319DOC,HIXNY|PAPLIMAGE319DOC
HEALTHIX,PPMPC,0,PPMPC,HEALTHIX|PPMPC
HEALTHIX,CPP.DUPLICATE1,0,CPP,HEALTHIX|CPP
GRRHIO,UR0160,0,UR0160,GRRHIO|UR0160
GRRHIO,UR0759,0,UR0759,GRRHIO|UR0759
HEALTHIX,HNT,0,HNT,HEALTHIX|HNT
HIXNY,WMCAPSOBKIDOC,0,WMCAPSOBKIDOC,HIXNY|WMCAPSOBKIDOC
GRRHIO,UR0201,0,UR0201,GRRHIO|UR0201
HIXNY,WMCOPDGENSU,0,WMCOPDGENSU,HIXNY|WMCOPDGENSU
HEALTHIX,JWMS,0,JWMS,HEALTHIX|JWMS
HEALTHIX,AOHPPC,0,AOHPPC,HEALTHIX|AOHPPC
GRRHIO,RRH720,0,RRH720,GRRHIO|RRH720
HIXNY,FLEHALERT,0,FLEHALERT,HIXNY|FLEHALERT
HEALTHIX,OCFM,0,OCFM,HEALTHIX|OCFM
HEALTHIX,BVASI,0,BVASI,HEALTHIX|BVASI
HEALTHIX,ENRGC,0,ENRGC,HEALTHIX|ENRGC
HIXNY,WMCAPSPULVADOC,0,WMCAPSPULVADOC,HIXNY|WMCAPSPULVADOC
TXD,RAPHA1,0,RAPHA1,TXD|RAPHA1
TXD,SPRLHEALTHIX,0,SPRLHEALTHIX,TXD|SPRLHEALTHIX
HEALTHIX,STEUC.DUPLICATE1,0,STEUC,HEALTHIX|STEUC
GRRHIO,UR2136,0,UR2136,GRRHIO|UR2136
GRRHIO,UR0320,0,UR0320,GRRHIO|UR0320
GRRHIO,RR159,0,RR159,GRRHIO|RR159
HECDCS,MONROE-PLAN-MED,0,MONROE-PLAN-MED,HECDCS|MONROE-PLAN-MED
HIXNY,SPHPMA2,0,SPHPMA2,HIXNY|SPHPMA2
HEALTHIX,ISAMP,0,ISAMP,HEALTHIX|ISAMP
BRONX,DRUG_MART,0,DRUG MART,BRONX|DRUG MART
GRRHIO,RR287,0,RR287,GRRHIO|RR287
HECDCS,NYC-CHILD-CTR,0,NYC-CHILD-CTR,HECDCS|NYC-CHILD-CTR
BRONX,MERGIE_DESIR,0,MERGIE DESIR,BRONX|MERGIE DESIR
GRRHIO,UR1567,0,UR1567,GRRHIO|UR1567
GRRHIO,UR2127,0,UR2127,GRRHIO|UR2127
GRRHIO,UR0364,0,UR0364,GRRHIO|UR0364
GRRHIO,HCSNY,0,HCSNY,GRRHIO|HCSNY
HIXNY,ACNH,0,ACNH,HIXNY|ACNH
GRRHIO,BHMD,0,BHMD,GRRHIO|BHMD
HEALTHIX,ELSC,0,ELSC,HEALTHIX|ELSC
HEALTHIX,ECWPPPP,0,ECWPPPP,HEALTHIX|ECWPPPP
HEALTHIX,PJWMD,0,PJWMD,HEALTHIX|PJWMD
BRONX,MANHATTAN_ADVANCED_MEDICAL,0,MANHATTAN ADVANCED MEDICAL,BRONX|MANHATTAN ADVANCED MEDICAL
HIXNY,ELLSBCC,0,ELLSBCC,HIXNY|ELLSBCC
GRRHIO,RR32,0,RR32,GRRHIO|RR32
HECDCS,ONEIDA-MED-ASSOC,0,ONEIDA-MED-ASSOC,HECDCS|ONEIDA-MED-ASSOC
TXD,ELDAHA,0,ELDAHA,TXD|ELDAHA
GRRHIO,UR1047,0,UR1047,GRRHIO|UR1047
BRONX,ADVANCED_ONCOLOGY,0,ADVANCED ONCOLOGY,BRONX|ADVANCED ONCOLOGY
GRRHIO,SAM,0,SAM,GRRHIO|SAM
TXD,NFMSCH,0,NFMSCH,TXD|NFMSCH
GRRHIO,UR0161,0,UR0161,GRRHIO|UR0161
GRRHIO,RRH606,0,RRH606,GRRHIO|RRH606
GRRHIO,UR1600,0,UR1600,GRRHIO|UR1600
GRRHIO,UR1934,0,UR1934,GRRHIO|UR1934
GRRHIO,UR2163,0,UR2163,GRRHIO|UR2163
GRRHIO,RR465,0,RR465,GRRHIO|RR465
GRRHIO,RR771,0,RR771,GRRHIO|RR771
HEALTHIX,ECWBRPA,0,ECWBRPA,HEALTHIX|ECWBRPA
HEALTHIX,ECRN.DUPLICATE,0,ECRN,HEALTHIX|ECRN
HEALTHIX,GCCNR,0,GCCNR,HEALTHIX|GCCNR
TXD,JMHBRS,0,JMHBRS,TXD|JMHBRS
HECDCS,BETHANY-GARDENS,0,BETHANY-GARDENS,HECDCS|BETHANY-GARDENS
HIXNY,WMCBSGSHSAT,0,WMCBSGSHSAT,HIXNY|WMCBSGSHSAT
HEALTHIX,ECWRMHM,0,ECWRMHM,HEALTHIX|ECWRMHM
HECDCS,KENDAL-ITHACA,0,KENDAL-ITHACA,HECDCS|KENDAL-ITHACA
HECDCS,MASSENA-IND-LIV,0,MASSENA-IND-LIV,HECDCS|MASSENA-IND-LIV
BRONX,WILLIAM_H_KALAFATIC,0,WILLIAM H KALAFATIC,BRONX|WILLIAM H KALAFATIC
HIXNY,SHSMHASINFU,0,SHSMHASINFU,HIXNY|SHSMHASINFU
BRONX,JUDE_ARTHUR,0,JUDE ARTHUR,BRONX|JUDE ARTHUR
BRONX,NGOZI_A_OJI,0,NGOZI A OJI,BRONX|NGOZI A OJI
GRRHIO,TRMMBH,0,TRMMBH,GRRHIO|TRMMBH
GRRHIO,UR0491,0,UR0491,GRRHIO|UR0491
GRRHIO,HPFV,0,HPFV,GRRHIO|HPFV
HIXNY,SPHPOLMLC,0,SPHPOLMLC,HIXNY|SPHPOLMLC
HIXNY,SPACHPALCPDOC,0,SPACHPALCPDOC,HIXNY|SPACHPALCPDOC
HIXNY,AMALIMAGE,0,AMALIMAGE,HIXNY|AMALIMAGE
HIXNY,WMCAPSVASMK,0,WMCAPSVASMK,HIXNY|WMCAPSVASMK
HECDCS,FAM-CHILD-COUN,0,FAM-CHILD-COUN,HECDCS|FAM-CHILD-COUN
BRONX,MARIO_S_MALONZO,0,MARIO S MALONZO,BRONX|MARIO S MALONZO
HEALTHIX,RMHM,0,RMHM,HEALTHIX|RMHM
HECDCS,ARC-GREATER-HV,0,ARC-GREATER-HV,HECDCS|ARC-GREATER-HV
GRRHIO,UR1678,0,UR1678,GRRHIO|UR1678
HIXNY,WMCAPSENTNW,0,WMCAPSENTNW,HIXNY|WMCAPSENTNW
GRRHIO,UR2403,0,UR2403,GRRHIO|UR2403
HECDCS,ELEANOR-NURSING,0,ELEANOR-NURSING,HECDCS|ELEANOR-NURSING
GRRHIO,UR1703,0,UR1703,GRRHIO|UR1703
HIXNY,GHBHCLNC,0,GHBHCLNC,HIXNY|GHBHCLNC
GRRHIO,RRH246,0,RRH246,GRRHIO|RRH246
BRONX,NYC_CHILDRENS_CENTER,0,NYC CHILDRENS CENTER,BRONX|NYC CHILDRENS CENTER
HIXNY,WMCAPSREMHADOC,0,WMCAPSREMHADOC,HIXNY|WMCAPSREMHADOC
HEALTHIX,MSAMD,0,MSAMD,HEALTHIX|MSAMD
HIXNY,SHID,0,SHID,HIXNY|SHID
HECDCS,CROWN-PARK-REHAB,0,CROWN-PARK-REHAB,HECDCS|CROWN-PARK-REHAB
GRRHIO,UR0143,0,UR0143,GRRHIO|UR0143
GRRHIO,RR6,0,RR6,GRRHIO|RR6
HEALTHIX,MMSH,0,MMSH,HEALTHIX|MMSH
HEALTHIX,HECZRT,0,HECZRT,HEALTHIX|HECZRT
HIXNY,WMCAPSIPHADOC,0,WMCAPSIPHADOC,HIXNY|WMCAPSIPHADOC
HECDCS,FINGER-LAKES-CTR,0,FINGER-LAKES-CTR,HECDCS|FINGER-LAKES-CTR
GRRHIO,UR1601,0,UR1601,GRRHIO|UR1601
TXD,HNYWMN,0,HNYWMN,TXD|HNYWMN
HEALTHIX,SBBELLHVN,0,SBBELLHVN,HEALTHIX|SBBELLHVN
GRRHIO,UR0262,0,UR0262,GRRHIO|UR0262
HEALTHIX,KEEG,0,KEEG,HEALTHIX|KEEG
GRRHIO,RRH681,0,RRH681,GRRHIO|RRH681
HECDCS,GOOD-SHEP-FAIR,0,GOOD-SHEP-FAIR,HECDCS|GOOD-SHEP-FAIR
HIXNY,SSGASTROECON,0,SSGASTROECON,HIXNY|SSGASTROECON
HECDCS,NRCIL,0,NRCIL,HECDCS|NRCIL
GRRHIO,RR385,0,RR385,GRRHIO|RR385
HIXNY,WMCAPSGMISMDOC,0,WMCAPSGMISMDOC,HIXNY|WMCAPSGMISMDOC
GRRHIO,UR0535,0,UR0535,GRRHIO|UR0535
HEALTHIX,PNH,0,PNH,HEALTHIX|PNH
HIXNY,WMCAPSNEUPO,0,WMCAPSNEUPO,HIXNY|WMCAPSNEUPO
GRRHIO,UR0456,0,UR0456,GRRHIO|UR0456
HIXNY,WMCOPDDIABE,0,WMCOPDDIABE,HIXNY|WMCOPDDIABE
GRRHIO,CORNC.DUPLICATE,0,CORNC,GRRHIO|CORNC
GRRHIO,UR1025,0,UR1025,GRRHIO|UR1025
GRRHIO,PNCRW,0,PNCRW,GRRHIO|PNCRW
GRRHIO,RRH931,0,RRH931,GRRHIO|RRH931
HECDCS,SAGAMORE-PSYCH,0,SAGAMORE-PSYCH,HECDCS|SAGAMORE-PSYCH
HIXNY,OMHSTARC49,0,OMHSTARC49,HIXNY|OMHSTARC49
HEALTHIX,CREATE,0,CREATE,HEALTHIX|CREATE
HEALTHIX,CMLMD,0,CMLMD,HEALTHIX|CMLMD
GRRHIO,UR0787,0,UR0787,GRRHIO|UR0787
HIXNY,UCMNYSARC,0,UCMNYSARC,HIXNY|UCMNYSARC
HECDCS,TRUSTEES-EASTERN,0,TRUSTEES-EASTERN,HECDCS|TRUSTEES-EASTERN
HIXNY,WMCANTCOVID,0,WMCANTCOVID,HIXNY|WMCANTCOVID
HEALTHIX,OMPC,0,OMPC,HEALTHIX|OMPC
HEALTHIX,SBSRGRHB,0,SBSRGRHB,HEALTHIX|SBSRGRHB
HIXNY,SHSMHASINFUDOC,0,SHSMHASINFUDOC,HIXNY|SHSMHASINFUDOC
GRRHIO,UR2227,0,UR2227,GRRHIO|UR2227
GRRHIO,RRH497,0,RRH497,GRRHIO|RRH497
GRRHIO,UR1684,0,UR1684,GRRHIO|UR1684
HECDCS,VESTAL-PARK,0,VESTAL-PARK,HECDCS|VESTAL-PARK
GRRHIO,UR1616,0,UR1616,GRRHIO|UR1616
HEALTHIX,DMMD,0,DMMD,HEALTHIX|DMMD
HIXNY,WMCOPDDIABEDOC,0,WMCOPDDIABEDOC,HIXNY|WMCOPDDIABEDOC
GRRHIO,UR1935,0,UR1935,GRRHIO|UR1935
HEALTHIX,SBMD.DUPLICATE1,0,SBMD,HEALTHIX|SBMD
HIXNY,325878,0,325878,HIXNY|325878
HEALTHIX,SBSANSIM,0,SBSANSIM,HEALTHIX|SBSANSIM
BRONX,2.16.840.1.113883.3.3388.1.1.1.1718156356.3,0,2.16.840.1.113883.3.3388.1.1.1.1718156356.3,BRONX|2.16.840.1.113883.3.3388.1.1.1.1718156356.3
GRRHIO,RRH379,0,RRH379,GRRHIO|RRH379
GRRHIO,WCCW,0,WCCW,GRRHIO|WCCW
TXD,PCCB,0,PCCB,TXD|PCCB
HIXNY,AMBRYGEN,0,AMBRYGEN,HIXNY|AMBRYGEN
TXD,ELDAWS,0,ELDAWS,TXD|ELDAWS
GRRHIO,NDPMD2,0,NDPMD2,GRRHIO|NDPMD2
HIXNY,WIHD,0,WIHD,HIXNY|WIHD
TXD,HRNMRI,0,HRNMRI,TXD|HRNMRI
HECDCS,ST-LUKE-RES,0,ST-LUKE-RES,HECDCS|ST-LUKE-RES
HEALTHIX,MBURKE,0,MBURKE,HEALTHIX|MBURKE
GRRHIO,MNSO17,0,MNSO17,GRRHIO|MNSO17
HIXNY,GOMEZ,0,GOMEZ,HIXNY|GOMEZ
HECDCS,YVES-J-LAFOND,0,YVES-J-LAFOND,HECDCS|YVES-J-LAFOND
HIXNY,WMCAPSURMADOC,0,WMCAPSURMADOC,HIXNY|WMCAPSURMADOC
HEALTHIX,ECWLXMM,0,ECWLXMM,HEALTHIX|ECWLXMM
GRRHIO,UR0911,0,UR0911,GRRHIO|UR0911
TXD,NPC2PART2,0,NPC2PART2,TXD|NPC2PART2
GRRHIO,RRH221,0,RRH221,GRRHIO|RRH221
GRRHIO,LRNHA,0,LRNHA,GRRHIO|LRNHA
TXD,HHPFCS,0,HHPFCS,TXD|HHPFCS
BRONX,EASY_CARE_QUEENS_MEDICAL,0,EASY CARE QUEENS MEDICAL,BRONX|EASY CARE QUEENS MEDICAL
GRRHIO,UR1763,0,UR1763,GRRHIO|UR1763
BRONX,MINSHENG_PAIN_MGMT_AND_ANESTH,0,MINSHENG PAIN MGMT AND ANESTH,BRONX|MINSHENG PAIN MGMT AND ANESTH
GRRHIO,MNSO20,0,MNSO20,GRRHIO|MNSO20
GRRHIO,UR1212,0,UR1212,GRRHIO|UR1212
GRRHIO,UR0070,0,UR0070,GRRHIO|UR0070
HECDCS,NEW-HOPE-COMM,0,NEW-HOPE-COMM,HECDCS|NEW-HOPE-COMM
HECDCS,KIDSPEACE,0,KIDSPEACE,HECDCS|KIDSPEACE
GRRHIO,MNSO64,0,MNSO64,GRRHIO|MNSO64
HEALTHIX,HPNM,0,HPNM,HEALTHIX|HPNM
HEALTHIX,NMRHCF,0,NMRHCF,HEALTHIX|NMRHCF
HIXNY,HECIMAA,0,HECIMAA,HIXNY|HECIMAA
HEALTHIX,BBDO,0,BBDO,HEALTHIX|BBDO
HECDCS,VALLEY-HEALTH,0,VALLEY-HEALTH,HECDCS|VALLEY-HEALTH
GRRHIO,RRH902,0,RRH902,GRRHIO|RRH902
TXD,HOME,0,HOME,TXD|HOME
HIXNY,WMCOPDBREAS,0,WMCOPDBREAS,HIXNY|WMCOPDBREAS
HIXNY,WMCAPSGORSS,0,WMCAPSGORSS,HIXNY|WMCAPSGORSS
BRONX,SALAMAT_MAJEED,0,SALAMAT MAJEED,BRONX|SALAMAT MAJEED
HEALTHIX,ONONC,0,ONONC,HEALTHIX|ONONC
HIXNY,WMCAPSPUACPDOC,0,WMCAPSPUACPDOC,HIXNY|WMCAPSPUACPDOC
GRRHIO,RRH395,0,RRH395,GRRHIO|RRH395
HIXNY,SMHAUROHCGP,0,SMHAUROHCGP,HIXNY|SMHAUROHCGP
GRRHIO,UR1134,0,UR1134,GRRHIO|UR1134
GRRHIO,UR2391,0,UR2391,GRRHIO|UR2391
HIXNY,1861153884,0,1861153884,HIXNY|1861153884
GRRHIO,UR1646,0,UR1646,GRRHIO|UR1646
HIXNY,SPACHPALCP,0,SPACHPALCP,HIXNY|SPACHPALCP
HIXNY,EDDYLHCA,0,EDDYLHCA,HIXNY|EDDYLHCA
GRRHIO,UR2317,0,UR2317,GRRHIO|UR2317
GRRHIO,UR1146,0,UR1146,GRRHIO|UR1146
HIXNY,HECECHC,0,HECECHC,HIXNY|HECECHC
HEALTHIX,BCI,0,BCI,HEALTHIX|BCI
GRRHIO,RRH134,0,RRH134,GRRHIO|RRH134
HIXNY,STJOHN,0,STJOHN,HIXNY|STJOHN
GRRHIO,RRH045,0,RRH045,GRRHIO|RRH045
BRONX,NYC_H+H_LINCOLN,0,NYC H+H LINCOLN,BRONX|NYC H+H LINCOLN
GRRHIO,RR664,0,RR664,GRRHIO|RR664
BRONX,PRASUNA_NUKALAPATI,0,PRASUNA NUKALAPATI,BRONX|PRASUNA NUKALAPATI
TXD,JMHAUD,0,JMHAUD,TXD|JMHAUD
TXD,HLNY,0,HLNY,TXD|HLNY
HEALTHIX,WEPJ,0,WEPJ,HEALTHIX|WEPJ
GRRHIO,UR2426,0,UR2426,GRRHIO|UR2426
GRRHIO,UR2130,0,UR2130,GRRHIO|UR2130
HEALTHIX,USGE,0,USGE,HEALTHIX|USGE
HECDCS,TIOGA-OPPS-FAM,0,TIOGA-OPPS-FAM,HECDCS|TIOGA-OPPS-FAM
HECDCS,N-WEST-FAC,0,N-WEST-FAC,HECDCS|N-WEST-FAC
GRRHIO,UR1105,0,UR1105,GRRHIO|UR1105
GRRHIO,HABE,0,HABE,GRRHIO|HABE
HIXNY,DIAMONDNRDOC,0,DIAMONDNRDOC,HIXNY|DIAMONDNRDOC
GRRHIO,RRH574,0,RRH574,GRRHIO|RRH574
HECDCS,CHENANGO-HD,0,CHENANGO-HD,HECDCS|CHENANGO-HD
HIXNY,EDDYVGCDOC,0,EDDYVGCDOC,HIXNY|EDDYVGCDOC
HEALTHIX,UPMED,0,UPMED,HEALTHIX|UPMED
HIXNY,WMCOPDPLSUR,0,WMCOPDPLSUR,HIXNY|WMCOPDPLSUR
TXD,GBHUB2PART2,0,GBHUB2PART2,TXD|GBHUB2PART2
HIXNY,HECAPR,0,HECAPR,HIXNY|HECAPR
HEALTHIX,ELMD,0,ELMD,HEALTHIX|ELMD
HECDCS,NY-CANCER,0,NY-CANCER,HECDCS|NY-CANCER
TXD,GLR,0,GLR,TXD|GLR
GRRHIO,RR638,0,RR638,GRRHIO|RR638
HIXNY,WMCOPDGENPEDOC,0,WMCOPDGENPEDOC,HIXNY|WMCOPDGENPEDOC
TXD,HUNDEP,0,HUNDEP,TXD|HUNDEP
GRRHIO,SOC.DUPLICATE,0,SOC,GRRHIO|SOC
HEALTHIX,FOUNTAINH,0,FOUNTAINH,HEALTHIX|FOUNTAINH
GRRHIO,HABMEM,0,HABMEM,GRRHIO|HABMEM
HEALTHIX,CHCNRHIX,0,CHCNRHIX,HEALTHIX|CHCNRHIX
GRRHIO,UR1089,0,UR1089,GRRHIO|UR1089
HIXNY,YOUNG,0,YOUNG,HIXNY|YOUNG
GRRHIO,RR257,0,RR257,GRRHIO|RR257
HECDCS,WATERVIEW-HILLS,0,WATERVIEW-HILLS,HECDCS|WATERVIEW-HILLS
TXD,JMHPRE,0,JMHPRE,TXD|JMHPRE
HIXNY,RRHDOC,0,RRHDOC,HIXNY|RRHDOC
GRRHIO,UR1746,0,UR1746,GRRHIO|UR1746
HIXNY,WMCAPSPRCSGDOC,0,WMCAPSPRCSGDOC,HIXNY|WMCAPSPRCSGDOC
HEALTHIX,LDAS,0,LDAS,HEALTHIX|LDAS
HEALTHIX,SAPPW,0,SAPPW,HEALTHIX|SAPPW
HEALTHIX,CCAI,0,CCAI,HEALTHIX|CCAI
GRRHIO,RRH727,0,RRH727,GRRHIO|RRH727
HECDCS,CHALLENGE-WORK,0,CHALLENGE-WORK,HECDCS|CHALLENGE-WORK
GRRHIO,UR1088,0,UR1088,GRRHIO|UR1088
HEALTHIX,ECWQMPS,0,ECWQMPS,HEALTHIX|ECWQMPS
HIXNY,HSLV,0,HSLV,HIXNY|HSLV
HECDCS,AUGUST-R-BUERKLE,0,AUGUST-R-BUERKLE,HECDCS|AUGUST-R-BUERKLE
HIXNY,SPNLBLABDSDOC,0,SPNLBLABDSDOC,HIXNY|SPNLBLABDSDOC
HEALTHIX,LHCHIX,0,LHCHIX,HEALTHIX|LHCHIX
GRRHIO,UR0632,0,UR0632,GRRHIO|UR0632
GRRHIO,UR0340,0,UR0340,GRRHIO|UR0340
TXD,JMHOPR,0,JMHOPR,TXD|JMHOPR
GRRHIO,RR752,0,RR752,GRRHIO|RR752
GRRHIO,UR0284,0,UR0284,GRRHIO|UR0284
HIXNY,SPALPHARMO,0,SPALPHARMO,HIXNY|SPALPHARMO
GRRHIO,UR0651,0,UR0651,GRRHIO|UR0651
HECDCS,BOLTONS-PHARMACY,0,BOLTONS-PHARMACY,HECDCS|BOLTONS-PHARMACY
TXD,CPH.DUPLICATE2,0,CPH,TXD|CPH
HECDCS,ELIOT-ERIE-ST,0,ELIOT-ERIE-ST,HECDCS|ELIOT-ERIE-ST
HIXNY,HSPH,0,HSPH,HIXNY|HSPH
GRRHIO,UR2064,0,UR2064,GRRHIO|UR2064
GRRHIO,RRH819,0,RRH819,GRRHIO|RRH819
GRRHIO,MNSO22,0,MNSO22,GRRHIO|MNSO22
HECDCS,JON-CHRISTOPHER,0,JON-CHRISTOPHER,HECDCS|JON-CHRISTOPHER
HEALTHIX,APENNANTMD,0,APENNANTMD,HEALTHIX|APENNANTMD
GRRHIO,UR0419,0,UR0419,GRRHIO|UR0419
GRRHIO,UR1995,0,UR1995,GRRHIO|UR1995
HIXNY,HECRCDOMH,0,HECRCDOMH,HIXNY|HECRCDOMH
GRRHIO,RRH569,0,RRH569,GRRHIO|RRH569
BRONX,HARLEM_PEDIATRIC_ASSOCIATES,0,HARLEM PEDIATRIC ASSOCIATES,BRONX|HARLEM PEDIATRIC ASSOCIATES
TXD,MDLAB,0,MDLAB,TXD|MDLAB
GRRHIO,LBRM,0,LBRM,GRRHIO|LBRM
TXD,CHNMON,0,CHNMON,TXD|CHNMON
HECDCS,MARCELLUS-MED,0,MARCELLUS-MED,HECDCS|MARCELLUS-MED
HEALTHIX,MARBLE,0,MARBLE,HEALTHIX|MARBLE
GRRHIO,RRH954,0,RRH954,GRRHIO|RRH954
GRRHIO,UR0300,0,UR0300,GRRHIO|UR0300
TXD,JMHSPE,0,JMHSPE,TXD|JMHSPE
HECDCS,ST-IND,0,ST-IND,HECDCS|ST-IND
HECDCS,COMM-CHIRO-PC,0,COMM-CHIRO-PC,HECDCS|COMM-CHIRO-PC
GRRHIO,UR1618,0,UR1618,GRRHIO|UR1618
GRRHIO,UR2290,0,UR2290,GRRHIO|UR2290
HECDCS,CNY-ADVANCED-GYN,0,CNY-ADVANCED-GYN,HECDCS|CNY-ADVANCED-GYN
HIXNY,SHMSHALC,0,SHMSHALC,HIXNY|SHMSHALC
HIXNY,23146,0,23146,HIXNY|23146
GRRHIO,UR1958,0,UR1958,GRRHIO|UR1958
TXD,CHNPPL,0,CHNPPL,TXD|CHNPPL
TXD,GBNTSI,0,GBNTSI,TXD|GBNTSI
GRRHIO,UR2190,0,UR2190,GRRHIO|UR2190
GRRHIO,LSP,0,LSP,GRRHIO|LSP
GRRHIO,RRH513,0,RRH513,GRRHIO|RRH513
GRRHIO,UR1845,0,UR1845,GRRHIO|UR1845
HIXNY,WMCOPDORTTR,0,WMCOPDORTTR,HIXNY|WMCOPDORTTR
GRRHIO,PAPE2,0,PAPE2,GRRHIO|PAPE2
HIXNY,ROCHESTEROMH,0,ROCHESTEROMH,HIXNY|ROCHESTEROMH
GRRHIO,RR646,0,RR646,GRRHIO|RR646
GRRHIO,MNSO14,0,MNSO14,GRRHIO|MNSO14
GRRHIO,MPLLC,0,MPLLC,GRRHIO|MPLLC
TXD,GBNH,0,GBNH,TXD|GBNH
HIXNY,WMCOPDADOLEDOC,0,WMCOPDADOLEDOC,HIXNY|WMCOPDADOLEDOC
GRRHIO,RR37,0,RR37,GRRHIO|RR37
GRRHIO,RRH915,0,RRH915,GRRHIO|RRH915
GRRHIO,UR1752,0,UR1752,GRRHIO|UR1752
HIXNY,LIBHOUSE,0,LIBHOUSE,HIXNY|LIBHOUSE
TXD,OSHJFS,0,OSHJFS,TXD|OSHJFS
GRRHIO,RR68,0,RR68,GRRHIO|RR68
GRRHIO,UR1353,0,UR1353,GRRHIO|UR1353
GRRHIO,UR1183,0,UR1183,GRRHIO|UR1183
GRRHIO,RRH950,0,RRH950,GRRHIO|RRH950
GRRHIO,RR631,0,RR631,GRRHIO|RR631
GRRHIO,UR0330,0,UR0330,GRRHIO|UR0330
GRRHIO,HLCLT,0,HLCLT,GRRHIO|HLCLT
GRRHIO,RR543,0,RR543,GRRHIO|RR543
HEALTHIX,ECWDPFAFF,0,ECWDPFAFF,HEALTHIX|ECWDPFAFF
HIXNY,SHMSHALCDOC,0,SHMSHALCDOC,HIXNY|SHMSHALCDOC
HIXNY,WMCAPSMFMMA,0,WMCAPSMFMMA,HIXNY|WMCAPSMFMMA
GRRHIO,UR1395,0,UR1395,GRRHIO|UR1395
HIXNY,SCHMHA,0,SCHMHA,HIXNY|SCHMHA
GRRHIO,UR1679,0,UR1679,GRRHIO|UR1679
GRRHIO,UR2220,0,UR2220,GRRHIO|UR2220
HIXNY,ICIRCLEFL,0,ICIRCLEFL,HIXNY|ICIRCLEFL
TXD,LKORTH,0,LKORTH,TXD|LKORTH
GRRHIO,RRH968,0,RRH968,GRRHIO|RRH968
HIXNY,HECKM,0,HECKM,HIXNY|HECKM
GRRHIO,UR1779,0,UR1779,GRRHIO|UR1779
HEALTHIX,NLMD,0,NLMD,HEALTHIX|NLMD
GRRHIO,ELMNR,0,ELMNR,GRRHIO|ELMNR
HECDCS,AGING-ADVOCATES,0,AGING-ADVOCATES,HECDCS|AGING-ADVOCATES
GRRHIO,MNSO9,0,MNSO9,GRRHIO|MNSO9
HECDCS,LIVERPOOL-CHIRO,0,LIVERPOOL-CHIRO,HECDCS|LIVERPOOL-CHIRO
GRRHIO,BRMH,0,BRMH,GRRHIO|BRMH
GRRHIO,UR0224,0,UR0224,GRRHIO|UR0224
HEALTHIX,ECWPJWMD,0,ECWPJWMD,HEALTHIX|ECWPJWMD
GRRHIO,RRH243,0,RRH243,GRRHIO|RRH243
GRRHIO,RR486,0,RR486,GRRHIO|RR486
GRRHIO,UR2106,0,UR2106,GRRHIO|UR2106
TXD,BII,0,BII,TXD|BII
HECDCS,MASSENA-FREE,0,MASSENA-FREE,HECDCS|MASSENA-FREE
HIXNY,HECMP,0,HECMP,HIXNY|HECMP
GRRHIO,UR1961,0,UR1961,GRRHIO|UR1961
GRRHIO,UR0565,0,UR0565,GRRHIO|UR0565
GRRHIO,UR1949,0,UR1949,GRRHIO|UR1949
GRRHIO,UR2044,0,UR2044,GRRHIO|UR2044
HECDCS,MOZAIC,0,MOZAIC,HECDCS|MOZAIC
HIXNY,HECFPAPC,0,HECFPAPC,HIXNY|HECFPAPC
HIXNY,WMCAPSPCTSVDOC,0,WMCAPSPCTSVDOC,HIXNY|WMCAPSPCTSVDOC
HIXNY,HECDDMCNY,0,HECDDMCNY,HIXNY|HECDDMCNY
HIXNY,WMCAPSUROMADOC,0,WMCAPSUROMADOC,HIXNY|WMCAPSUROMADOC
HECDCS,FAM-PRAC-PLLC,0,FAM-PRAC-PLLC,HECDCS|FAM-PRAC-PLLC
HIXNY,WMCAPSHMOSS,0,WMCAPSHMOSS,HIXNY|WMCAPSHMOSS
GRRHIO,UR1149,0,UR1149,GRRHIO|UR1149
BRONX,MAIMONIDES_MEDICAL_CENTER,0,MAIMONIDES MEDICAL CENTER,BRONX|MAIMONIDES MEDICAL CENTER
HECDCS,NEW-BEGIN-HOME,0,NEW-BEGIN-HOME,HECDCS|NEW-BEGIN-HOME
GRRHIO,UR2103,0,UR2103,GRRHIO|UR2103
HIXNY,WMCOPDPEDCADOC,0,WMCOPDPEDCADOC,HIXNY|WMCOPDPEDCADOC
HIXNY,LCPSAMC,0,LCPSAMC,HIXNY|LCPSAMC
GRRHIO,UR0521,0,UR0521,GRRHIO|UR0521
GRRHIO,UR0852,0,UR0852,GRRHIO|UR0852
HIXNY,RIGHTAHA,0,RIGHTAHA,HIXNY|RIGHTAHA
HECDCS,KEEPSAKE-VILL,0,KEEPSAKE-VILL,HECDCS|KEEPSAKE-VILL
HIXNY,WMCAPSAESSHDOC,0,WMCAPSAESSHDOC,HIXNY|WMCAPSAESSHDOC
HECDCS,CARE-DESIGN-CCO,0,CARE-DESIGN-CCO,HECDCS|CARE-DESIGN-CCO
GRRHIO,UR2008,0,UR2008,GRRHIO|UR2008
HIXNY,LHNR,0,LHNR,HIXNY|LHNR
HIXNY,NFNPS,0,NFNPS,HIXNY|NFNPS
GRRHIO,RR39,0,RR39,GRRHIO|RR39
HECDCS,PED-ADOL-MED,0,PED-ADOL-MED,HECDCS|PED-ADOL-MED
HEALTHIX,FUEMS,0,FUEMS,HEALTHIX|FUEMS
GRRHIO,UR1023,0,UR1023,GRRHIO|UR1023
GRRHIO,UR0512,0,UR0512,GRRHIO|UR0512
GRRHIO,RRH829,0,RRH829,GRRHIO|RRH829
GRRHIO,MNSO51,0,MNSO51,GRRHIO|MNSO51
GRRHIO,UR0195,0,UR0195,GRRHIO|UR0195
HIXNY,WMCAPSPMMA,0,WMCAPSPMMA,HIXNY|WMCAPSPMMA
GRRHIO,RRH363,0,RRH363,GRRHIO|RRH363
HEALTHIX,ECWHMPMD,0,ECWHMPMD,HEALTHIX|ECWHMPMD
HIXNY,HECIMI,0,HECIMI,HIXNY|HECIMI
HECDCS,NY-HOME-MONT,0,NY-HOME-MONT,HECDCS|NY-HOME-MONT
GRRHIO,UR1113,0,UR1113,GRRHIO|UR1113
HIXNY,SNEVGEDDYSMDOC,0,SNEVGEDDYSMDOC,HIXNY|SNEVGEDDYSMDOC
HIXNY,WMCAPSCTSPO,0,WMCAPSCTSPO,HIXNY|WMCAPSCTSPO
GRRHIO,RRH282,0,RRH282,GRRHIO|RRH282
TXD,JMHPAC,0,JMHPAC,TXD|JMHPAC
HECDCS,LIVERPOOL-FAM,0,LIVERPOOL-FAM,HECDCS|LIVERPOOL-FAM
GRRHIO,RRH315,0,RRH315,GRRHIO|RRH315
GRRHIO,RR207,0,RR207,GRRHIO|RR207
HIXNY,WMCAPSUROSU,0,WMCAPSUROSU,HIXNY|WMCAPSUROSU
HECDCS,FAM-CHLDRNS-SRVC,0,FAM-CHLDRNS-SRVC,HECDCS|FAM-CHLDRNS-SRVC
HIXNY,SRPLOPNEURO,0,SRPLOPNEURO,HIXNY|SRPLOPNEURO
GRRHIO,MNSO61,0,MNSO61,GRRHIO|MNSO61
TXD,JMHIMM,0,JMHIMM,TXD|JMHIMM
HECDCS,SYR-ENDOSCOPY,0,SYR-ENDOSCOPY,HECDCS|SYR-ENDOSCOPY
HIXNY,CRSCOPAKE,0,CRSCOPAKE,HIXNY|CRSCOPAKE
TXD,NACS,0,NACS,TXD|NACS
HIXNY,CAP,0,CAP,HIXNY|CAP
GRRHIO,UR0337,0,UR0337,GRRHIO|UR0337
HEALTHIX,CPNRC,0,CPNRC,HEALTHIX|CPNRC
HIXNY,ELDERNC,0,ELDERNC,HIXNY|ELDERNC
HIXNY,HECBRP,0,HECBRP,HIXNY|HECBRP
GRRHIO,YCDN,0,YCDN,GRRHIO|YCDN
TXD,JMHCPR,0,JMHCPR,TXD|JMHCPR
HEALTHIX,MPNRC,0,MPNRC,HEALTHIX|MPNRC
GRRHIO,MNSO4,0,MNSO4,GRRHIO|MNSO4
HIXNY,SRPLIMAGE,0,SRPLIMAGE,HIXNY|SRPLIMAGE
GRRHIO,UR1185,0,UR1185,GRRHIO|UR1185
HIXNY,SMHAOBGYNJO,0,SMHAOBGYNJO,HIXNY|SMHAOBGYNJO
GRRHIO,UR2399,0,UR2399,GRRHIO|UR2399
HIXNY,HECSJHCCA,0,HECSJHCCA,HIXNY|HECSJHCCA
HIXNY,SNMHC,0,SNMHC,HIXNY|SNMHC
HIXNY,NATVES,0,NATVES,HIXNY|NATVES
HEALTHIX,ECWCHMPC,0,ECWCHMPC,HEALTHIX|ECWCHMPC
GRRHIO,RRH399,0,RRH399,GRRHIO|RRH399
BRONX,NYC_H+H_SOUTH_BROOKLYN_HEALTH,0,NYC H+H SOUTH BROOKLYN HEALTH,BRONX|NYC H+H SOUTH BROOKLYN HEALTH
GRRHIO,UR1293,0,UR1293,GRRHIO|UR1293
TXD,JMHSCN,0,JMHSCN,TXD|JMHSCN
HIXNY,HECCAM,0,HECCAM,HIXNY|HECCAM
BRONX,NYC_H+H_NORTH_CENTRAL_BRONX,0,NYC H+H NORTH CENTRAL BRONX,BRONX|NYC H+H NORTH CENTRAL BRONX
HIXNY,16271,0,16271,HIXNY|16271
GRRHIO,UR1346,0,UR1346,GRRHIO|UR1346
GRRHIO,UR2362,0,UR2362,GRRHIO|UR2362
GRRHIO,RRH719,0,RRH719,GRRHIO|RRH719
HECDCS,MID-PULMONARY,0,MID-PULMONARY,HECDCS|MID-PULMONARY
TXD,MEDLB2,0,MEDLB2,TXD|MEDLB2
HEALTHIX,ASCDR,0,ASCDR,HEALTHIX|ASCDR
HECDCS,SYR-OTOL,0,SYR-OTOL,HECDCS|SYR-OTOL
HIXNY,SMHAFCAADUMH,0,SMHAFCAADUMH,HIXNY|SMHAFCAADUMH
GRRHIO,UR0432,0,UR0432,GRRHIO|UR0432
GRRHIO,RR75,0,RR75,GRRHIO|RR75
HECDCS,GLOVE-HOUSE,0,GLOVE-HOUSE,HECDCS|GLOVE-HOUSE
TXD,HHUNY.DUPLICATE2,0,HHUNY,TXD|HHUNY
HECDCS,CHILD-HOME-KING,0,CHILD-HOME-KING,HECDCS|CHILD-HOME-KING
BRONX,WYCKOFF_HEIGHTS_MEDICAL_CENTER,0,WYCKOFF HEIGHTS MEDICAL CENTER,BRONX|WYCKOFF HEIGHTS MEDICAL CENTER
GRRHIO,UR1690,0,UR1690,GRRHIO|UR1690
GRRHIO,UR1610,0,UR1610,GRRHIO|UR1610
GRRHIO,UR0327,0,UR0327,GRRHIO|UR0327
GRRHIO,UR1226,0,UR1226,GRRHIO|UR1226
HECDCS,ADK-PHARM,0,ADK-PHARM,HECDCS|ADK-PHARM
GRRHIO,RR620,0,RR620,GRRHIO|RR620
GRRHIO,UR2437,0,UR2437,GRRHIO|UR2437
GRRHIO,UR1276,0,UR1276,GRRHIO|UR1276
GRRHIO,UR1501,0,UR1501,GRRHIO|UR1501
GRRHIO,UR0286,0,UR0286,GRRHIO|UR0286
GRRHIO,RRH611,0,RRH611,GRRHIO|RRH611
HECDCS,DILSHAD-EL-NAGHY,0,DILSHAD-EL-NAGHY,HECDCS|DILSHAD-EL-NAGHY
TXD,SJCCAR,0,SJCCAR,TXD|SJCCAR
GRRHIO,UR1590,0,UR1590,GRRHIO|UR1590
GRRHIO,RRH495,0,RRH495,GRRHIO|RRH495
GRRHIO,UR2086,0,UR2086,GRRHIO|UR2086
GRRHIO,UR2266,0,UR2266,GRRHIO|UR2266
HECDCS,ELIOT-CATSKILL,0,ELIOT-CATSKILL,HECDCS|ELIOT-CATSKILL
GRRHIO,RRH069,0,RRH069,GRRHIO|RRH069
GRRHIO,RRH454,0,RRH454,GRRHIO|RRH454
GRRHIO,RR242,0,RR242,GRRHIO|RR242
GRRHIO,UR1858,0,UR1858,GRRHIO|UR1858
HECDCS,NEAL-DUNKELMAN,0,NEAL-DUNKELMAN,HECDCS|NEAL-DUNKELMAN
GRRHIO,RRH160,0,RRH160,GRRHIO|RRH160
GRRHIO,UR2047,0,UR2047,GRRHIO|UR2047
GRRHIO,RRH629,0,RRH629,GRRHIO|RRH629
HEALTHIX,SPARENT,0,SPARENT,HEALTHIX|SPARENT
GRRHIO,UR0013,0,UR0013,GRRHIO|UR0013
GRRHIO,UR1140,0,UR1140,GRRHIO|UR1140
GRRHIO,UR1221,0,UR1221,GRRHIO|UR1221
GRRHIO,UR0760,0,UR0760,GRRHIO|UR0760
HEALTHIX,ECWTBLI,0,ECWTBLI,HEALTHIX|ECWTBLI
GRRHIO,UR0767,0,UR0767,GRRHIO|UR0767
GRRHIO,UR1124,0,UR1124,GRRHIO|UR1124
HECDCS,FINGER-LAKES-SPN,0,FINGER-LAKES-SPN,HECDCS|FINGER-LAKES-SPN
GRRHIO,RRH995,0,RRH995,GRRHIO|RRH995
GRRHIO,UR0671,0,UR0671,GRRHIO|UR0671
GRRHIO,RR540,0,RR540,GRRHIO|RR540
GRRHIO,UR0480,0,UR0480,GRRHIO|UR0480
HIXNY,5353,0,5353,HIXNY|5353
GRRHIO,UR1498,0,UR1498,GRRHIO|UR1498
HIXNY,NYECHB,0,NYECHB,HIXNY|NYECHB
GRRHIO,UR0571,0,UR0571,GRRHIO|UR0571
HECDCS,EAST-HOUSE,0,EAST-HOUSE,HECDCS|EAST-HOUSE
BRONX,EAST_NY_DIAGNOSTIC_AND_TREATMENT_CENTER,0,EAST NY DIAGNOSTIC AND TREATMENT CENTER,BRONX|EAST NY DIAGNOSTIC AND TREATMENT CENTER
HIXNY,HECFAMFTGRP,0,HECFAMFTGRP,HIXNY|HECFAMFTGRP
BRONX,2.16.840.1.113883.3.564.14448,0,2.16.840.1.113883.3.564.14448,BRONX|2.16.840.1.113883.3.564.14448
GRRHIO,RRH634,0,RRH634,GRRHIO|RRH634
GRRHIO,UR2537,0,UR2537,GRRHIO|UR2537
HIXNY,WMCAPSSONMADOC,0,WMCAPSSONMADOC,HIXNY|WMCAPSSONMADOC
BRONX,PECONIC_BAY_MEDICAL_GROUP,0,PECONIC BAY MEDICAL GROUP,BRONX|PECONIC BAY MEDICAL GROUP
GRRHIO,RR517,0,RR517,GRRHIO|RR517
HIXNY,18477,0,18477,HIXNY|18477
HEALTHIX,ECWSMCMHC,0,ECWSMCMHC,HEALTHIX|ECWSMCMHC
TXD,DRUGSC,0,DRUGSC,TXD|DRUGSC
GRRHIO,UR1416,0,UR1416,GRRHIO|UR1416
GRRHIO,UR0610,0,UR0610,GRRHIO|UR0610
TXD,HRNPCH,0,HRNPCH,TXD|HRNPCH
BRONX,HEIGHTS_PHYSICIANS_GROUP,0,HEIGHTS PHYSICIANS GROUP,BRONX|HEIGHTS PHYSICIANS GROUP
HIXNY,WMCAPSSONMA,0,WMCAPSSONMA,HIXNY|WMCAPSSONMA
GRRHIO,UR2092,0,UR2092,GRRHIO|UR2092
GRRHIO,UR0839,0,UR0839,GRRHIO|UR0839
HEALTHIX,RADNET,0,RADNET,HEALTHIX|RADNET
GRRHIO,RRH573,0,RRH573,GRRHIO|RRH573
HIXNY,CVPHFAMMED,0,CVPHFAMMED,HIXNY|CVPHFAMMED
HEALTHIX,LHCI,0,LHCI,HEALTHIX|LHCI
TXD,WNDSNG,0,WNDSNG,TXD|WNDSNG
GRRHIO,RRH453,0,RRH453,GRRHIO|RRH453
HEALTHIX,CTCMP,0,CTCMP,HEALTHIX|CTCMP
HEALTHIX,VINUSE,0,VINUSE,HEALTHIX|VINUSE
HEALTHIX,KCHC,0,KCHC,HEALTHIX|KCHC
HIXNY,SPCCTMEDONC,0,SPCCTMEDONC,HIXNY|SPCCTMEDONC
TXD,WNYMED,0,WNYMED,TXD|WNYMED
HEALTHIX,QUEENS,0,QUEENS,HEALTHIX|QUEENS
BRONX,SBH,0,SBH,BRONX|SBH
HEALTHIX,M,0,M,HEALTHIX|M
HEALTHIX,RCCHN,0,RCCHN,HEALTHIX|RCCHN
HEALTHIX,ECWWFRCHC,0,ECWWFRCHC,HEALTHIX|ECWWFRCHC
HEALTHIX,EXSCIL,0,EXSCIL,HEALTHIX|EXSCIL
TXD,UPMC.DUPLICATE1,0,UPMC,TXD|UPMC
HIXNY,MIBDOC,0,MIBDOC,HIXNY|MIBDOC
HIXNY,NLI,0,NLI,HIXNY|NLI
HEALTHIX,NYPHWEST,0,NYPHWEST,HEALTHIX|NYPHWEST
HIXNY,WMCAPSFAMKIDOC,0,WMCAPSFAMKIDOC,HIXNY|WMCAPSFAMKIDOC
HECDCS,CENTRALUS-3,0,CENTRALUS-3,HECDCS|CENTRALUS-3
HIXNY,LMNON,0,LMNON,HIXNY|LMNON
GRRHIO,RRH239,0,RRH239,GRRHIO|RRH239
TXD,ARTMS,0,ARTMS,TXD|ARTMS
HIXNY,10767,0,10767,HIXNY|10767
TXD,MHA,0,MHA,TXD|MHA
HIXNY,SMA,0,SMA,HIXNY|SMA
TXD,RPCION,0,RPCION,TXD|RPCION
HECDCS,WELLNOW,0,WELLNOW,HECDCS|WELLNOW
GRRHIO,RRH075,0,RRH075,GRRHIO|RRH075
HEALTHIX,SHORVNR,0,SHORVNR,HEALTHIX|SHORVNR
HEALTHIX,CHGE,0,CHGE,HEALTHIX|CHGE
HIXNY,1992866990SA,0,1992866990SA,HIXNY|1992866990SA
GRRHIO,HHUNY.DUPLICATE,0,HHUNY,GRRHIO|HHUNY
TXD,WNYIMG.DUPLICATE1,0,WNYIMG,TXD|WNYIMG
TXD,DENT,0,DENT,TXD|DENT
HECDCS,HVCCHRSN,0,HVCCHRSN,HECDCS|HVCCHRSN
HEALTHIX,MTC,0,MTC,HEALTHIX|MTC
HEALTHIX,MIPA,0,MIPA,HEALTHIX|MIPA
HIXNY,SMHAAMOBGYN,0,SMHAAMOBGYN,HIXNY|SMHAAMOBGYN
HIXNY,PAPL,0,PAPL,HIXNY|PAPL
HECDCS,SAM-FAM-HLTH-CTR,0,SAM-FAM-HLTH-CTR,HECDCS|SAM-FAM-HLTH-CTR
HECDCS,WATERTOWN-UC,0,WATERTOWN-UC,HECDCS|WATERTOWN-UC
HEALTHIX,DFCC,0,DFCC,HEALTHIX|DFCC
GRRHIO,UR0464,0,UR0464,GRRHIO|UR0464
HIXNY,AFBHC,0,AFBHC,HIXNY|AFBHC
GRRHIO,RR255,0,RR255,GRRHIO|RR255
GRRHIO,ECC2,0,ECC2,GRRHIO|ECC2
GRRHIO,UHS.DUPLICATE,0,UHS,GRRHIO|UHS
HEALTHIX,REVIVAL,0,REVIVAL,HEALTHIX|REVIVAL
GRRHIO,UR0753,0,UR0753,GRRHIO|UR0753
HIXNY,WMCNWDOC,0,WMCNWDOC,HIXNY|WMCNWDOC
HEALTHIX,PATHLINE,0,PATHLINE,HEALTHIX|PATHLINE
GRRHIO,RRH387,0,RRH387,GRRHIO|RRH387
GRRHIO,UR2179,0,UR2179,GRRHIO|UR2179
HEALTHIX,NYCBS,0,NYCBS,HEALTHIX|NYCBS
HEALTHIX,ECWHARLGP,0,ECWHARLGP,HEALTHIX|ECWHARLGP
HEALTHIX,MSMC,0,MSMC,HEALTHIX|MSMC
HIXNY,SPHPMONITOR,0,SPHPMONITOR,HIXNY|SPHPMONITOR
GRRHIO,URMCEPIC,0,URMCEPIC,GRRHIO|URMCEPIC
TXD,CHSEPI,0,CHSEPI,TXD|CHSEPI
TXD,NFMMC.DUPLICATE1,0,NFMMC,TXD|NFMMC
HEALTHIX,JTM,0,JTM,HEALTHIX|JTM
HIXNY,ALBMED,0,ALBMED,HIXNY|ALBMED
HECDCS,SYR-GASTRO,0,SYR-GASTRO,HECDCS|SYR-GASTRO
HECDCS,NUV-DANBURY,0,NUV-DANBURY,HECDCS|NUV-DANBURY
HECDCS,CENTRALUS,0,CENTRALUS,HECDCS|CENTRALUS
HEALTHIX,DAVITA.DUPLICATE,0,DAVITA,HEALTHIX|DAVITA
HECDCS,COMM-MEM-CLINIC,0,COMM-MEM-CLINIC,HECDCS|COMM-MEM-CLINIC
HEALTHIX,MATH,0,MATH,HEALTHIX|MATH
GRRHIO,CAES,0,CAES,GRRHIO|CAES
TXD,HN,0,HN,TXD|HN
HIXNY,WMCMONITOR,0,WMCMONITOR,HIXNY|WMCMONITOR
GRRHIO,RRH340,0,RRH340,GRRHIO|RRH340
GRRHIO,UR0045,0,UR0045,GRRHIO|UR0045
HEALTHIX,PBC,0,PBC,HEALTHIX|PBC
HIXNY,ARA,0,ARA,HIXNY|ARA
TXD,PCWNY,0,PCWNY,TXD|PCWNY
GRRHIO,UR0986,0,UR0986,GRRHIO|UR0986
HEALTHIX,DMC,0,DMC,HEALTHIX|DMC
TXD,KWLSKI,0,KWLSKI,TXD|KWLSKI
BRONX,KNICKERBOCKER_MEDICAL_CARE,0,KNICKERBOCKER MEDICAL CARE,BRONX|KNICKERBOCKER MEDICAL CARE
HIXNY,CAPURO,0,CAPURO,HIXNY|CAPURO
GRRHIO,FLMA,0,FLMA,GRRHIO|FLMA
HEALTHIX,LHH,0,LHH,HEALTHIX|LHH
TXD,BMGCE,0,BMGCE,TXD|BMGCE
HECDCS,BOS-CHILD-PHYS,0,BOS-CHILD-PHYS,HECDCS|BOS-CHILD-PHYS
HIXNY,CPMGPCP,0,CPMGPCP,HIXNY|CPMGPCP
HIXNY,AMHSAOTOHL7,0,AMHSAOTOHL7,HIXNY|AMHSAOTOHL7
GRRHIO,WCCHS.DUPLICATE,0,WCCHS,GRRHIO|WCCHS
HECDCS,ST-JOHNS-RIVER-3,0,ST-JOHNS-RIVER-3,HECDCS|ST-JOHNS-RIVER-3
HEALTHIX,RPUR,0,RPUR,HEALTHIX|RPUR
TXD,STHGTE,0,STHGTE,TXD|STHGTE
BRONX,TIEN_CARDIOLOGY_ASSOCIATES,0,TIEN CARDIOLOGY ASSOCIATES,BRONX|TIEN CARDIOLOGY ASSOCIATES
HEALTHIX,NYHM,0,NYHM,HEALTHIX|NYHM
HEALTHIX,GHUC,0,GHUC,HEALTHIX|GHUC
HECDCS,LEWIS,0,LEWIS,HECDCS|LEWIS
HECDCS,LIFEPLAN-CCO-NY,0,LIFEPLAN-CCO-NY,HECDCS|LIFEPLAN-CCO-NY
HECDCS,AUBURN-MEM-MED,0,AUBURN-MEM-MED,HECDCS|AUBURN-MEM-MED
GRRHIO,UMI,0,UMI,GRRHIO|UMI
GRRHIO,UR2095,0,UR2095,GRRHIO|UR2095
HIXNY,SHPUL,0,SHPUL,HIXNY|SHPUL
HECDCS,CNY-BRAIN-SPINE,0,CNY-BRAIN-SPINE,HECDCS|CNY-BRAIN-SPINE
HECDCS,ON-CARE-FAM,0,ON-CARE-FAM,HECDCS|ON-CARE-FAM
HIXNY,AMAPCCQNS,0,AMAPCCQNS,HIXNY|AMAPCCQNS
GRRHIO,FLMH,0,FLMH,GRRHIO|FLMH
HECDCS,ENDOCRINE-ASSOC,0,ENDOCRINE-ASSOC,HECDCS|ENDOCRINE-ASSOC
HEALTHIX,CBW,0,CBW,HEALTHIX|CBW
HEALTHIX,NYPHVH,0,NYPHVH,HEALTHIX|NYPHVH
HEALTHIX,SAMV,0,SAMV,HEALTHIX|SAMV
HIXNY,SPALINTERNAL,0,SPALINTERNAL,HIXNY|SPALINTERNAL
TXD,OMG,0,OMG,TXD|OMG
HIXNY,CVPHURO,0,CVPHURO,HIXNY|CVPHURO
HEALTHIX,BRONX,0,BRONX,HEALTHIX|BRONX
GRRHIO,UR2058,0,UR2058,GRRHIO|UR2058
HIXNY,AMHSSCC,0,AMHSSCC,HIXNY|AMHSSCC
GRRHIO,TRMGYN,0,TRMGYN,GRRHIO|TRMGYN
GRRHIO,RR488,0,RR488,GRRHIO|RR488
HEALTHIX,RICHMNDPAINC,0,RICHMNDPAINC,HEALTHIX|RICHMNDPAINC
GRRHIO,UMI5,0,UMI5,GRRHIO|UMI5
HEALTHIX,AMBM,0,AMBM,HEALTHIX|AMBM
HEALTHIX,LWMCPC,0,LWMCPC,HEALTHIX|LWMCPC
HECDCS,CHILD-MED-GROUP,0,CHILD-MED-GROUP,HECDCS|CHILD-MED-GROUP
HIXNY,16271ALERT,0,16271ALERT,HIXNY|16271ALERT
BRONX,NIAZ_MEDICAL_SRVCS,0,NIAZ MEDICAL SRVCS,BRONX|NIAZ MEDICAL SRVCS
BRONX,UPTOWN,0,UPTOWN,BRONX|UPTOWN
HECDCS,CHILD-HEALTH,0,CHILD-HEALTH,HECDCS|CHILD-HEALTH
GRRHIO,RRH336,0,RRH336,GRRHIO|RRH336
HIXNY,SMHAURGARAO,0,SMHAURGARAO,HIXNY|SMHAURGARAO
HIXNY,WMCOPDFAMPL,0,WMCOPDFAMPL,HIXNY|WMCOPDFAMPL
TXD,CARROW,0,CARROW,TXD|CARROW
HIXNY,GFHSURG,0,GFHSURG,HIXNY|GFHSURG
GRRHIO,UR2176,0,UR2176,GRRHIO|UR2176
HIXNY,GFHCANCER,0,GFHCANCER,HIXNY|GFHCANCER
GRRHIO,UR0944,0,UR0944,GRRHIO|UR0944
HEALTHIX,OMH,0,OMH,HEALTHIX|OMH
GRRHIO,RR23,0,RR23,GRRHIO|RR23
TXD,STAHL2PART2,0,STAHL2PART2,TXD|STAHL2PART2
HIXNY,STPLOBGYNT,0,STPLOBGYNT,HIXNY|STPLOBGYNT
HIXNY,RRHUMMCOUT,0,RRHUMMCOUT,HIXNY|RRHUMMCOUT
GRRHIO,UR1623,0,UR1623,GRRHIO|UR1623
HEALTHIX,TMCA,0,TMCA,HEALTHIX|TMCA
HIXNY,BURDETTBIRTH,0,BURDETTBIRTH,HIXNY|BURDETTBIRTH
HIXNY,AMHSAGASPE,0,AMHSAGASPE,HIXNY|AMHSAGASPE
HIXNY,ELLSPCCP,0,ELLSPCCP,HIXNY|ELLSPCCP
TXD,PENPNT,0,PENPNT,TXD|PENPNT
HIXNY,MMGNEURO,0,MMGNEURO,HIXNY|MMGNEURO
GRRHIO,UR0421,0,UR0421,GRRHIO|UR0421
HIXNY,SPWABMED,0,SPWABMED,HIXNY|SPWABMED
HECDCS,COMMUNITY-BROOK,0,COMMUNITY-BROOK,HECDCS|COMMUNITY-BROOK
GRRHIO,UR0963,0,UR0963,GRRHIO|UR0963
HECDCS,AUBURN-PEDS,0,AUBURN-PEDS,HECDCS|AUBURN-PEDS
GRRHIO,RR613,0,RR613,GRRHIO|RR613
HECDCS,FAM-SRVCS,0,FAM-SRVCS,HECDCS|FAM-SRVCS
HECDCS,ST-JO-MED-PRAC,0,ST-JO-MED-PRAC,HECDCS|ST-JO-MED-PRAC
HEALTHIX,TIMA,0,TIMA,HEALTHIX|TIMA
HEALTHIX,ECWXIZH,0,ECWXIZH,HEALTHIX|ECWXIZH
HEALTHIX,NYPROTC,0,NYPROTC,HEALTHIX|NYPROTC
GRRHIO,UR0804,0,UR0804,GRRHIO|UR0804
GRRHIO,RRH364,0,RRH364,GRRHIO|RRH364
GRRHIO,UR2080,0,UR2080,GRRHIO|UR2080
HECDCS,CHP-ASTHMA-ALL,0,CHP-ASTHMA-ALL,HECDCS|CHP-ASTHMA-ALL
BRONX,NIKI_PATEL,0,NIKI PATEL,BRONX|NIKI PATEL
HECDCS,MIDDLETOWN-PARK,0,MIDDLETOWN-PARK,HECDCS|MIDDLETOWN-PARK
GRRHIO,RRH410,0,RRH410,GRRHIO|RRH410
HIXNY,MVPEDS2,0,MVPEDS2,HIXNY|MVPEDS2
HEALTHIX,AQMPC,0,AQMPC,HEALTHIX|AQMPC
GRRHIO,RR575,0,RR575,GRRHIO|RR575
HEALTHIX,FMCBS,0,FMCBS,HEALTHIX|FMCBS
HEALTHIX,NYURUSK,0,NYURUSK,HEALTHIX|NYURUSK
BRONX,TOTAL_MEDICAL,0,TOTAL MEDICAL,BRONX|TOTAL MEDICAL
HEALTHIX,CAMPED,0,CAMPED,HEALTHIX|CAMPED
HEALTHIX,SLMD,0,SLMD,HEALTHIX|SLMD
HEALTHIX,HSMC,0,HSMC,HEALTHIX|HSMC
GRRHIO,GRIM2,0,GRIM2,GRRHIO|GRIM2
HEALTHIX,CBWANG,0,CBWANG,HEALTHIX|CBWANG
GRRHIO,RRH969,0,RRH969,GRRHIO|RRH969
GRRHIO,RR448,0,RR448,GRRHIO|RR448
HIXNY,ALBANYENT,0,ALBANYENT,HIXNY|ALBANYENT
HEALTHIX,CCMP,0,CCMP,HEALTHIX|CCMP
HIXNY,CITIADVOC,0,CITIADVOC,HIXNY|CITIADVOC
TXD,BRDFRD,0,BRDFRD,TXD|BRDFRD
GRRHIO,RRH971,0,RRH971,GRRHIO|RRH971
GRRHIO,RRH304,0,RRH304,GRRHIO|RRH304
HECDCS,ST-JOHNS-MED-GRP,0,ST-JOHNS-MED-GRP,HECDCS|ST-JOHNS-MED-GRP
GRRHIO,URHC,0,URHC,GRRHIO|URHC
TXD,OBGYN,0,OBGYN,TXD|OBGYN
HIXNY,RRHGHDOC,0,RRHGHDOC,HIXNY|RRHGHDOC
BRONX,WILLIAMSBURG_INTERNAL_MEDICINE,0,WILLIAMSBURG INTERNAL MEDICINE,BRONX|WILLIAMSBURG INTERNAL MEDICINE
BRONX,RIDGEWOOD_PEDIATRICS,0,RIDGEWOOD PEDIATRICS,BRONX|RIDGEWOOD PEDIATRICS
BRONX,FAMILY_SERVICE_LEAGUE,0,FAMILY SERVICE LEAGUE,BRONX|FAMILY SERVICE LEAGUE
HIXNY,PAPLDIABENDDOC,0,PAPLDIABENDDOC,HIXNY|PAPLDIABENDDOC
HEALTHIX,PANYC,0,PANYC,HEALTHIX|PANYC
BRONX,VSVL_MEDICAL_SERVICES,0,VSVL MEDICAL SERVICES,BRONX|VSVL MEDICAL SERVICES
HIXNY,SPSCACAR,0,SPSCACAR,HIXNY|SPSCACAR
HEALTHIX,ORMD,0,ORMD,HEALTHIX|ORMD
HIXNY,1528070232,0,1528070232,HIXNY|1528070232
HEALTHIX,SUFPED,0,SUFPED,HEALTHIX|SUFPED
TXD,STHTWN,0,STHTWN,TXD|STHTWN
HIXNY,WMCAPSENTAR,0,WMCAPSENTAR,HIXNY|WMCAPSENTAR
GRRHIO,RR553,0,RR553,GRRHIO|RR553
HIXNY,SHPCPHL7,0,SHPCPHL7,HIXNY|SHPCPHL7
HIXNY,1235183294,0,1235183294,HIXNY|1235183294
GRRHIO,RR587,0,RR587,GRRHIO|RR587
HEALTHIX,CTCM,0,CTCM,HEALTHIX|CTCM
HEALTHIX,NRHFM,0,NRHFM,HEALTHIX|NRHFM
HIXNY,BHNNYPPS,0,BHNNYPPS,HIXNY|BHNNYPPS
HIXNY,AMHSAUROHL7,0,AMHSAUROHL7,HIXNY|AMHSAUROHL7
HIXNY,CVPHCARDIO,0,CVPHCARDIO,HIXNY|CVPHCARDIO
HECDCS,MAJAK-PODIATRY,0,MAJAK-PODIATRY,HECDCS|MAJAK-PODIATRY
HIXNY,LANDMARK,0,LANDMARK,HIXNY|LANDMARK
HIXNY,SPSRBMSHAC,0,SPSRBMSHAC,HIXNY|SPSRBMSHAC
HIXNY,WMCBSMGGSH,0,WMCBSMGGSH,HIXNY|WMCBSMGGSH
GRRHIO,SH2,0,SH2,GRRHIO|SH2
GRRHIO,UR0430,0,UR0430,GRRHIO|UR0430
HECDCS,CLAXTON-MED-PC,0,CLAXTON-MED-PC,HECDCS|CLAXTON-MED-PC
HEALTHIX,CARES,0,CARES,HEALTHIX|CARES
GRRHIO,UR0684,0,UR0684,GRRHIO|UR0684
BRONX,JEROME_MEDICAL_OFFICE,0,JEROME MEDICAL OFFICE,BRONX|JEROME MEDICAL OFFICE
GRRHIO,RRH959,0,RRH959,GRRHIO|RRH959
BRONX,MHHC_OLD,0,MHHC OLD,BRONX|MHHC OLD
TXD,PAL,0,PAL,TXD|PAL
HECDCS,BUFFALO-BEACON,0,BUFFALO-BEACON,HECDCS|BUFFALO-BEACON
GRRHIO,RRH470,0,RRH470,GRRHIO|RRH470
GRRHIO,UR0699,0,UR0699,GRRHIO|UR0699
GRRHIO,UR1706,0,UR1706,GRRHIO|UR1706
GRRHIO,UR0932,0,UR0932,GRRHIO|UR0932
HEALTHIX,PACARS,0,PACARS,HEALTHIX|PACARS
GRRHIO,UR2065,0,UR2065,GRRHIO|UR2065
GRRHIO,PPCWNY,0,PPCWNY,GRRHIO|PPCWNY
TXD,RRHIO,0,RRHIO,TXD|RRHIO
HEALTHIX,HECBOSTON,0,HECBOSTON,HEALTHIX|HECBOSTON
GRRHIO,UR0921,0,UR0921,GRRHIO|UR0921
TXD,ENH,0,ENH,TXD|ENH
HEALTHIX,CCNGM,0,CCNGM,HEALTHIX|CCNGM
HIXNY,ECHTIOPEDDOC,0,ECHTIOPEDDOC,HIXNY|ECHTIOPEDDOC
HECDCS,BS-GOOD-SAM,0,BS-GOOD-SAM,HECDCS|BS-GOOD-SAM
BRONX,ACACIA,0,ACACIA,BRONX|ACACIA
HEALTHIX,MGMG,0,MGMG,HEALTHIX|MGMG
GRRHIO,RR551,0,RR551,GRRHIO|RR551
HEALTHIX,SNCHHC,0,SNCHHC,HEALTHIX|SNCHHC
TXD,AUMOBG,0,AUMOBG,TXD|AUMOBG
HIXNY,RRHCPHDOC,0,RRHCPHDOC,HIXNY|RRHCPHDOC
HEALTHIX,UMO,0,UMO,HEALTHIX|UMO
TXD,LNDMRK,0,LNDMRK,TXD|LNDMRK
GRRHIO,UR0715,0,UR0715,GRRHIO|UR0715
GRRHIO,UR0624,0,UR0624,GRRHIO|UR0624
GRRHIO,RRH150,0,RRH150,GRRHIO|RRH150
HIXNY,CRFHC,0,CRFHC,HIXNY|CRFHC
TXD,NEPASC,0,NEPASC,TXD|NEPASC
GRRHIO,RRH568,0,RRH568,GRRHIO|RRH568
HEALTHIX,CIL,0,CIL,HEALTHIX|CIL
HIXNY,AOBGYNNY,0,AOBGYNNY,HIXNY|AOBGYNNY
HIXNY,PAPLIMAGE,0,PAPLIMAGE,HIXNY|PAPLIMAGE
GRRHIO,GVOBP,0,GVOBP,GRRHIO|GVOBP
HEALTHIX,CAMN,0,CAMN,HEALTHIX|CAMN
TXD,SHS2PART2,0,SHS2PART2,TXD|SHS2PART2
HEALTHIX,PCMG,0,PCMG,HEALTHIX|PCMG
BRONX,AMSTERDAM_MEDICAL_PRACTICE,0,AMSTERDAM MEDICAL PRACTICE,BRONX|AMSTERDAM MEDICAL PRACTICE
HECDCS,MAIN-STREET-PEDS,0,MAIN-STREET-PEDS,HECDCS|MAIN-STREET-PEDS
BRONX,PEDIATRICS_2000_III,0,PEDIATRICS 2000 III,BRONX|PEDIATRICS 2000 III
HEALTHIX,KLMD,0,KLMD,HEALTHIX|KLMD
HEALTHIX,PRHC,0,PRHC,HEALTHIX|PRHC
HIXNY,WMCBSMGNEUR,0,WMCBSMGNEUR,HIXNY|WMCBSMGNEUR
GRRHIO,RRH667,0,RRH667,GRRHIO|RRH667
HEALTHIX,BYPC,0,BYPC,HEALTHIX|BYPC
GRRHIO,RRH615,0,RRH615,GRRHIO|RRH615
HIXNY,HAHVBHMAC,0,HAHVBHMAC,HIXNY|HAHVBHMAC
GRRHIO,MOSH,0,MOSH,GRRHIO|MOSH
BRONX,JEROME_PEDIATRIC,0,JEROME PEDIATRIC,BRONX|JEROME PEDIATRIC
BRONX,LUIS_O_HERRERA_PEDIATRICS_AND_ADOLESCENCE,0,LUIS O HERRERA PEDIATRICS AND ADOLESCENCE,BRONX|LUIS O HERRERA PEDIATRICS AND ADOLESCENCE
HEALTHIX,REGOPRK,0,REGOPRK,HEALTHIX|REGOPRK
HEALTHIX,DKMD,0,DKMD,HEALTHIX|DKMD
GRRHIO,RR476,0,RR476,GRRHIO|RR476
BRONX,9317_MEDICAL_OFFICE,0,9317 MEDICAL OFFICE,BRONX|9317 MEDICAL OFFICE
TXD,SBRHEU,0,SBRHEU,TXD|SBRHEU
BRONX,LINGLING_ZENG_PEDIATRICS,0,LINGLING ZENG PEDIATRICS,BRONX|LINGLING ZENG PEDIATRICS
HECDCS,CHRIS-BRANDY,0,CHRIS-BRANDY,HECDCS|CHRIS-BRANDY
TXD,WNYBH,0,WNYBH,TXD|WNYBH
HIXNY,TNG,0,TNG,HIXNY|TNG
HIXNY,HIXNYSDOH,0,HIXNYSDOH,HIXNY|HIXNYSDOH
HECDCS,WOM-WELL-PLACE,0,WOM-WELL-PLACE,HECDCS|WOM-WELL-PLACE
HIXNY,AHMNSTMDGRP,0,AHMNSTMDGRP,HIXNY|AHMNSTMDGRP
HIXNY,SHSMHINFU,0,SHSMHINFU,HIXNY|SHSMHINFU
HIXNY,EDDYVNRA,0,EDDYVNRA,HIXNY|EDDYVNRA
GRRHIO,RRH189,0,RRH189,GRRHIO|RRH189
HECDCS,NUV-SHARON,0,NUV-SHARON,HECDCS|NUV-SHARON
BRONX,HEBREW_HOME,0,HEBREW HOME,BRONX|HEBREW HOME
HIXNY,CMHCARDHL7,0,CMHCARDHL7,HIXNY|CMHCARDHL7
HIXNY,PAPLURGTOGA,0,PAPLURGTOGA,HIXNY|PAPLURGTOGA
TXD,PCS1,0,PCS1,TXD|PCS1
HECDCS,ADVANCED-OBGYN,0,ADVANCED-OBGYN,HECDCS|ADVANCED-OBGYN
GRRHIO,UR0025,0,UR0025,GRRHIO|UR0025
GRRHIO,RRH033,0,RRH033,GRRHIO|RRH033
HIXNY,AMALANTICG,0,AMALANTICG,HIXNY|AMALANTICG
HEALTHIX,SMS,0,SMS,HEALTHIX|SMS
HIXNY,A2HMVP,0,A2HMVP,HIXNY|A2HMVP
HIXNY,FLORENCE,0,FLORENCE,HIXNY|FLORENCE
HIXNY,PAPLMEDPED,0,PAPLMEDPED,HIXNY|PAPLMEDPED
HIXNY,WMCAPSTRPOU,0,WMCAPSTRPOU,HIXNY|WMCAPSTRPOU
HEALTHIX,LEDM,0,LEDM,HEALTHIX|LEDM
GRRHIO,UR2001,0,UR2001,GRRHIO|UR2001
HIXNY,SPVACPDOC,0,SPVACPDOC,HIXNY|SPVACPDOC
HECDCS,TRUCARE-CONNECT,0,TRUCARE-CONNECT,HECDCS|TRUCARE-CONNECT
HEALTHIX,ECWAHCA,0,ECWAHCA,HEALTHIX|ECWAHCA
HIXNY,WMCAPSRHEHADOC,0,WMCAPSRHEHADOC,HIXNY|WMCAPSRHEHADOC
HIXNY,SPBABMIDWIFDOC,0,SPBABMIDWIFDOC,HIXNY|SPBABMIDWIFDOC
HIXNY,CVPHSPORTDOC,0,CVPHSPORTDOC,HIXNY|CVPHSPORTDOC
HECDCS,NORTHWAY-MED,0,NORTHWAY-MED,HECDCS|NORTHWAY-MED
GRRHIO,RRH083,0,RRH083,GRRHIO|RRH083
TXD,ABSNIA,0,ABSNIA,TXD|ABSNIA
GRRHIO,GNPDS2,0,GNPDS2,GRRHIO|GNPDS2
TXD,HeC.DUPLICATE2,0,HeC,TXD|HeC
GRRHIO,UR1823,0,UR1823,GRRHIO|UR1823
HIXNY,WMCAPSBSVADOC,0,WMCAPSBSVADOC,HIXNY|WMCAPSBSVADOC
HEALTHIX,HEDE,0,HEDE,HEALTHIX|HEDE
HIXNY,WMCBSMGELEC,0,WMCBSMGELEC,HIXNY|WMCBSMGELEC
GRRHIO,UR0231,0,UR0231,GRRHIO|UR0231
HIXNY,ELLSFPA,0,ELLSFPA,HIXNY|ELLSFPA
HIXNY,PCF,0,PCF,HIXNY|PCF
HEALTHIX,ECWDFCC,0,ECWDFCC,HEALTHIX|ECWDFCC
HEALTHIX,SMGP,0,SMGP,HEALTHIX|SMGP
HIXNY,SPHPFAMMEDDOC,0,SPHPFAMMEDDOC,HIXNY|SPHPFAMMEDDOC
TXD,NHO,0,NHO,TXD|NHO
GRRHIO,UR0805,0,UR0805,GRRHIO|UR0805
HECDCS,ARTHRITIS-HEALTH,0,ARTHRITIS-HEALTH,HECDCS|ARTHRITIS-HEALTH
GRRHIO,RRH515,0,RRH515,GRRHIO|RRH515
HIXNY,SPMOBHPSUR,0,SPMOBHPSUR,HIXNY|SPMOBHPSUR
HIXNY,CVPHGASTRODOC,0,CVPHGASTRODOC,HIXNY|CVPHGASTRODOC
GRRHIO,RRH489,0,RRH489,GRRHIO|RRH489
GRRHIO,RRH034,0,RRH034,GRRHIO|RRH034
GRRHIO,UR0617,0,UR0617,GRRHIO|UR0617
GRRHIO,RR744,0,RR744,GRRHIO|RR744
TXD,DANHER,0,DANHER,TXD|DANHER
HEALTHIX,ECWAPICHA,0,ECWAPICHA,HEALTHIX|ECWAPICHA
GRRHIO,UR2387,0,UR2387,GRRHIO|UR2387
HEALTHIX,LERINDRUG,0,LERINDRUG,HEALTHIX|LERINDRUG
HIXNY,IHANY,0,IHANY,HIXNY|IHANY
HEALTHIX,PASO,0,PASO,HEALTHIX|PASO
GRRHIO,UR0026,0,UR0026,GRRHIO|UR0026
GRRHIO,UR0998,0,UR0998,GRRHIO|UR0998
HIXNY,STPLCFC,0,STPLCFC,HIXNY|STPLCFC
HEALTHIX,LXHHME,0,LXHHME,HEALTHIX|LXHHME
HEALTHIX,LJMD,0,LJMD,HEALTHIX|LJMD
GRRHIO,UR0139,0,UR0139,GRRHIO|UR0139
HIXNY,1558192211,0,1558192211,HIXNY|1558192211
GRRHIO,RRH275,0,RRH275,GRRHIO|RRH275
GRRHIO,RR706,0,RR706,GRRHIO|RR706
GRRHIO,RR626,0,RR626,GRRHIO|RR626
HEALTHIX,MHFHC,0,MHFHC,HEALTHIX|MHFHC
GRRHIO,TRILL3,0,TRILL3,GRRHIO|TRILL3
GRRHIO,UR0454,0,UR0454,GRRHIO|UR0454
GRRHIO,UR1189,0,UR1189,GRRHIO|UR1189
GRRHIO,RR794,0,RR794,GRRHIO|RR794
TXD,AVINO,0,AVINO,TXD|AVINO
HIXNY,WMCAPSPMHADOC,0,WMCAPSPMHADOC,HIXNY|WMCAPSPMHADOC
HEALTHIX,ECWBPMC,0,ECWBPMC,HEALTHIX|ECWBPMC
GRRHIO,EMOLST.DUPLICATE1,0,EMOLST,GRRHIO|EMOLST
HIXNY,CVPHURODOC,0,CVPHURODOC,HIXNY|CVPHURODOC
GRRHIO,RR704,0,RR704,GRRHIO|RR704
HIXNY,FRANKCHHA,0,FRANKCHHA,HIXNY|FRANKCHHA
HIXNY,SHGESU,0,SHGESU,HIXNY|SHGESU
GRRHIO,UR1943,0,UR1943,GRRHIO|UR1943
BRONX,JOSE_T_APONTE_RODRIGUEZ,0,JOSE T APONTE RODRIGUEZ,BRONX|JOSE T APONTE RODRIGUEZ
HEALTHIX,AJDMD,0,AJDMD,HEALTHIX|AJDMD
HECDCS,RIVER-VIEW-PEDS,0,RIVER-VIEW-PEDS,HECDCS|RIVER-VIEW-PEDS
HEALTHIX,BEPC,0,BEPC,HEALTHIX|BEPC
HEALTHIX,ROKPC,0,ROKPC,HEALTHIX|ROKPC
GRRHIO,UR1629,0,UR1629,GRRHIO|UR1629
HIXNY,AMHSAOTOPEHL7,0,AMHSAOTOPEHL7,HIXNY|AMHSAOTOPEHL7
HECDCS,HV-GASTROENT,0,HV-GASTROENT,HECDCS|HV-GASTROENT
BRONX,KINGS_HARBOR,0,KINGS HARBOR,BRONX|KINGS HARBOR
HEALTHIX,ECWHDPH,0,ECWHDPH,HEALTHIX|ECWHDPH
HECDCS,ONEIDA-WOM-HLTH,0,ONEIDA-WOM-HLTH,HECDCS|ONEIDA-WOM-HLTH
TXD,AFMHP,0,AFMHP,TXD|AFMHP
BRONX,DIVERGE_HEALTH,0,DIVERGE HEALTH,BRONX|DIVERGE HEALTH
GRRHIO,RRH986,0,RRH986,GRRHIO|RRH986
HECDCS,CINDY-V-PADRE,0,CINDY-V-PADRE,HECDCS|CINDY-V-PADRE
HIXNY,SPWABMEDPEDDOC,0,SPWABMEDPEDDOC,HIXNY|SPWABMEDPEDDOC
GRRHIO,UR0415,0,UR0415,GRRHIO|UR0415
HEALTHIX,QUENTM,0,QUENTM,HEALTHIX|QUENTM
GRRHIO,UR0596,0,UR0596,GRRHIO|UR0596
HIXNY,SPWABFAM,0,SPWABFAM,HIXNY|SPWABFAM
GRRHIO,RRH478,0,RRH478,GRRHIO|RRH478
HEALTHIX,HILI,0,HILI,HEALTHIX|HILI
GRRHIO,RR56,0,RR56,GRRHIO|RR56
GRRHIO,RR315,0,RR315,GRRHIO|RR315
GRRHIO,RR197,0,RR197,GRRHIO|RR197
GRRHIO,UR0315,0,UR0315,GRRHIO|UR0315
HIXNY,GFHIT,0,GFHIT,HIXNY|GFHIT
GRRHIO,UR0680,0,UR0680,GRRHIO|UR0680
HIXNY,ELLSNC,0,ELLSNC,HIXNY|ELLSNC
GRRHIO,VVFP,0,VVFP,GRRHIO|VVFP
GRRHIO,UR0958,0,UR0958,GRRHIO|UR0958
GRRHIO,RRH594,0,RRH594,GRRHIO|RRH594
BRONX,QUEENS_INTERNAL_MED_AND_GERIATRIC,0,QUEENS INTERNAL MED AND GERIATRIC,BRONX|QUEENS INTERNAL MED AND GERIATRIC
GRRHIO,UR2111,0,UR2111,GRRHIO|UR2111
HEALTHIX,GGRC,0,GGRC,HEALTHIX|GGRC
HIXNY,AMHSABAR,0,AMHSABAR,HIXNY|AMHSABAR
HEALTHIX,PCNP,0,PCNP,HEALTHIX|PCNP
HECDCS,PED-ASSOC-WATER,0,PED-ASSOC-WATER,HECDCS|PED-ASSOC-WATER
GRRHIO,RRH411,0,RRH411,GRRHIO|RRH411
GRRHIO,RRH725,0,RRH725,GRRHIO|RRH725
HIXNY,SHSMHPUL,0,SHSMHPUL,HIXNY|SHSMHPUL
HEALTHIX,ECWSSMP,0,ECWSSMP,HEALTHIX|ECWSSMP
GRRHIO,NEQAI,0,NEQAI,GRRHIO|NEQAI
GRRHIO,UR0498,0,UR0498,GRRHIO|UR0498
BRONX,CN_GUIDANCE_AND_COUNSELING_CL,0,CN GUIDANCE AND COUNSELING CL,BRONX|CN GUIDANCE AND COUNSELING CL
GRRHIO,UR0915,0,UR0915,GRRHIO|UR0915
HIXNY,GFHEVERGREEN,0,GFHEVERGREEN,HIXNY|GFHEVERGREEN
GRRHIO,UR0725,0,UR0725,GRRHIO|UR0725
GRRHIO,UR0597,0,UR0597,GRRHIO|UR0597
HIXNY,AMHSAPULPE,0,AMHSAPULPE,HIXNY|AMHSAPULPE
GRRHIO,UR2311,0,UR2311,GRRHIO|UR2311
HEALTHIX,CNRC,0,CNRC,HEALTHIX|CNRC
GRRHIO,RRH302,0,RRH302,GRRHIO|RRH302
HIXNY,SOLGA,0,SOLGA,HIXNY|SOLGA
HEALTHIX,ASHEENA,0,ASHEENA,HEALTHIX|ASHEENA
HEALTHIX,RIPC,0,RIPC,HEALTHIX|RIPC
GRRHIO,UR1739,0,UR1739,GRRHIO|UR1739
HEALTHIX,GSN,0,GSN,HEALTHIX|GSN
HEALTHIX,MFUCHS,0,MFUCHS,HEALTHIX|MFUCHS
GRRHIO,UR0029,0,UR0029,GRRHIO|UR0029
HEALTHIX,TCCA,0,TCCA,HEALTHIX|TCCA
HEALTHIX,WHOLEVIEW,0,WHOLEVIEW,HEALTHIX|WHOLEVIEW
GRRHIO,RR233,0,RR233,GRRHIO|RR233
HIXNY,PINESGLENSDOC,0,PINESGLENSDOC,HIXNY|PINESGLENSDOC
HEALTHIX,MICP,0,MICP,HEALTHIX|MICP
TXD,JMHFAM,0,JMHFAM,TXD|JMHFAM
BRONX,TRI_CENTER,0,TRI CENTER,BRONX|TRI CENTER
TXD,ECMCCL,0,ECMCCL,TXD|ECMCCL
HEALTHIX,BOGMPC,0,BOGMPC,HEALTHIX|BOGMPC
HIXNY,PAPLIMAGCP,0,PAPLIMAGCP,HIXNY|PAPLIMAGCP
GRRHIO,UR2082,0,UR2082,GRRHIO|UR2082
HEALTHIX,AMBOY,0,AMBOY,HEALTHIX|AMBOY
HIXNY,SHOBGYNHL7,0,SHOBGYNHL7,HIXNY|SHOBGYNHL7
TXD,WELLBE,0,WELLBE,TXD|WELLBE
GRRHIO,RRH476,0,RRH476,GRRHIO|RRH476
GRRHIO,UR1355,0,UR1355,GRRHIO|UR1355
BRONX,COMPREHENSIVE_COMMUNITY_PEDIATRICS,0,COMPREHENSIVE COMMUNITY PEDIATRICS,BRONX|COMPREHENSIVE COMMUNITY PEDIATRICS
HEALTHIX,BHRG,0,BHRG,HEALTHIX|BHRG
HEALTHIX,NVRCC,0,NVRCC,HEALTHIX|NVRCC
HIXNY,WMCAPSURLHA,0,WMCAPSURLHA,HIXNY|WMCAPSURLHA
BRONX,NEW_YORK_PRIMARY_CARE_MEDICINE,0,NEW YORK PRIMARY CARE MEDICINE,BRONX|NEW YORK PRIMARY CARE MEDICINE
HEALTHIX,AFMP,0,AFMP,HEALTHIX|AFMP
HEALTHIX,NIAZMS,0,NIAZMS,HEALTHIX|NIAZMS
HEALTHIX,RCHH,0,RCHH,HEALTHIX|RCHH
BRONX,HEIGHTS_PHYSICIAN_GROUP,0,HEIGHTS PHYSICIAN GROUP,BRONX|HEIGHTS PHYSICIAN GROUP
HIXNY,SHENDOHL7,0,SHENDOHL7,HIXNY|SHENDOHL7
GRRHIO,UR1723,0,UR1723,GRRHIO|UR1723
HECDCS,IND-LIVING,0,IND-LIVING,HECDCS|IND-LIVING
GRRHIO,RRH787,0,RRH787,GRRHIO|RRH787
GRRHIO,RR325,0,RR325,GRRHIO|RR325
GRRHIO,SH,0,SH,GRRHIO|SH
TXD,AIRPED,0,AIRPED,TXD|AIRPED
GRRHIO,UR0633,0,UR0633,GRRHIO|UR0633
HEALTHIX,NSUHSY,0,NSUHSY,HEALTHIX|NSUHSY
HEALTHIX,OMHCPC,0,OMHCPC,HEALTHIX|OMHCPC
GRRHIO,UR1721,0,UR1721,GRRHIO|UR1721
BRONX,ADEGBOYEGA_T_ADEBAYO,0,ADEGBOYEGA T ADEBAYO,BRONX|ADEGBOYEGA T ADEBAYO
HEALTHIX,NYIT,0,NYIT,HEALTHIX|NYIT
HIXNY,SNTRRLABDSDOC,0,SNTRRLABDSDOC,HIXNY|SNTRRLABDSDOC
HEALTHIX,YMP,0,YMP,HEALTHIX|YMP
BRONX,NEOPEDS_MEDICAL_SERVICES,0,NEOPEDS MEDICAL SERVICES,BRONX|NEOPEDS MEDICAL SERVICES
HIXNY,WMCAPSWHKI,0,WMCAPSWHKI,HIXNY|WMCAPSWHKI
GRRHIO,RRH516,0,RRH516,GRRHIO|RRH516
GRRHIO,UR0251,0,UR0251,GRRHIO|UR0251
HEALTHIX,LIPEDS,0,LIPEDS,HEALTHIX|LIPEDS
HEALTHIX,QBLVD,0,QBLVD,HEALTHIX|QBLVD
GRRHIO,RRH183,0,RRH183,GRRHIO|RRH183
TXD,MVP.DUPLICATE1,0,MVP,TXD|MVP
GRRHIO,UR0729,0,UR0729,GRRHIO|UR0729
HIXNY,AMHSAOTOPE,0,AMHSAOTOPE,HIXNY|AMHSAOTOPE
GRRHIO,RRH591,0,RRH591,GRRHIO|RRH591
GRRHIO,UR2411,0,UR2411,GRRHIO|UR2411
HECDCS,SLEEP-DIS-LAB,0,SLEEP-DIS-LAB,HECDCS|SLEEP-DIS-LAB
GRRHIO,UR2009,0,UR2009,GRRHIO|UR2009
HEALTHIX,MAMDPC,0,MAMDPC,HEALTHIX|MAMDPC
TXD,BUFNRC.DUPLICATE1,0,BUFNRC,TXD|BUFNRC
HEALTHIX,ACDTC,0,ACDTC,HEALTHIX|ACDTC
HIXNY,SPWABMEDPED,0,SPWABMEDPED,HIXNY|SPWABMEDPED
HEALTHIX,VIPEDI,0,VIPEDI,HEALTHIX|VIPEDI
HEALTHIX,DIMHEAL,0,DIMHEAL,HEALTHIX|DIMHEAL
HIXNY,CVPHGENSURGDOC,0,CVPHGENSURGDOC,HIXNY|CVPHGENSURGDOC
BRONX,JERRY_UDUEVBO,0,JERRY UDUEVBO,BRONX|JERRY UDUEVBO
GRRHIO,UR0278,0,UR0278,GRRHIO|UR0278
HIXNY,1942218268,0,1942218268,HIXNY|1942218268
HIXNY,AHIHH,0,AHIHH,HIXNY|AHIHH
HEALTHIX,FLUOBG,0,FLUOBG,HEALTHIX|FLUOBG
HIXNY,WMCAPSOBHA,0,WMCAPSOBHA,HIXNY|WMCAPSOBHA
BRONX,ARCHANA_SINGIRI_MEDICAL,0,ARCHANA SINGIRI MEDICAL,BRONX|ARCHANA SINGIRI MEDICAL
GRRHIO,RR10,0,RR10,GRRHIO|RR10
HIXNY,CPMGGASTRO,0,CPMGGASTRO,HIXNY|CPMGGASTRO
GRRHIO,RRH491,0,RRH491,GRRHIO|RRH491
GRRHIO,RRH244,0,RRH244,GRRHIO|RRH244
GRRHIO,RRH556,0,RRH556,GRRHIO|RRH556
GRRHIO,TRUT,0,TRUT,GRRHIO|TRUT
HEALTHIX,COMMACC,0,COMMACC,HEALTHIX|COMMACC
HEALTHIX,HCRN,0,HCRN,HEALTHIX|HCRN
HEALTHIX,GCMHF,0,GCMHF,HEALTHIX|GCMHF
BRONX,YOUSSEF_ALRAEI,0,YOUSSEF ALRAEI,BRONX|YOUSSEF ALRAEI
HEALTHIX,OZPQ,0,OZPQ,HEALTHIX|OZPQ
GRRHIO,UR0939,0,UR0939,GRRHIO|UR0939
GRRHIO,UR1103,0,UR1103,GRRHIO|UR1103
HEALTHIX,HSMD,0,HSMD,HEALTHIX|HSMD
GRRHIO,RR743,0,RR743,GRRHIO|RR743
HIXNY,WMCAPSGMISHDOC,0,WMCAPSGMISHDOC,HIXNY|WMCAPSGMISHDOC
GRRHIO,RR653,0,RR653,GRRHIO|RR653
HECDCS,PP-GREATER-NY,0,PP-GREATER-NY,HECDCS|PP-GREATER-NY
TXD,GAYLES,0,GAYLES,TXD|GAYLES
GRRHIO,UR0119,0,UR0119,GRRHIO|UR0119
GRRHIO,HBHS2,0,HBHS2,GRRHIO|HBHS2
GRRHIO,RRH359,0,RRH359,GRRHIO|RRH359
HIXNY,WMCBSMGSPOR,0,WMCBSMGSPOR,HIXNY|WMCBSMGSPOR
HIXNY,SRPLWESTDOC,0,SRPLWESTDOC,HIXNY|SRPLWESTDOC
HIXNY,WMCOPDID,0,WMCOPDID,HIXNY|WMCOPDID
HEALTHIX,CINQACO,0,CINQACO,HEALTHIX|CINQACO
GRRHIO,RRH166,0,RRH166,GRRHIO|RRH166
GRRHIO,RR608,0,RR608,GRRHIO|RR608
HEALTHIX,JSHENMD,0,JSHENMD,HEALTHIX|JSHENMD
GRRHIO,UR0255,0,UR0255,GRRHIO|UR0255
HEALTHIX,SKOPE,0,SKOPE,HEALTHIX|SKOPE
HECDCS,GUARDANT-HEALTH,0,GUARDANT-HEALTH,HECDCS|GUARDANT-HEALTH
HIXNY,AMAWPDIAENDDOC,0,AMAWPDIAENDDOC,HIXNY|AMAWPDIAENDDOC
GRRHIO,RR684,0,RR684,GRRHIO|RR684
HECDCS,PORT-CITY-FAMILY,0,PORT-CITY-FAMILY,HECDCS|PORT-CITY-FAMILY
GRRHIO,UR1724,0,UR1724,GRRHIO|UR1724
TXD,BPWMD,0,BPWMD,TXD|BPWMD
HEALTHIX,BAMS,0,BAMS,HEALTHIX|BAMS
HIXNY,ECHOPED,0,ECHOPED,HIXNY|ECHOPED
TXD,SumPed,0,SumPed,TXD|SumPed
HEALTHIX,SFPD,0,SFPD,HEALTHIX|SFPD
HIXNY,1265446124,0,1265446124,HIXNY|1265446124
BRONX,GREENPOINT_PEDIATRIC_CENTER,0,GREENPOINT PEDIATRIC CENTER,BRONX|GREENPOINT PEDIATRIC CENTER
HIXNY,GFHADKENT,0,GFHADKENT,HIXNY|GFHADKENT
HEALTHIX,LKCN,0,LKCN,HEALTHIX|LKCN
HEALTHIX,OMHPPC,0,OMHPPC,HEALTHIX|OMHPPC
GRRHIO,RRH661,0,RRH661,GRRHIO|RRH661
HEALTHIX,GADMD,0,GADMD,HEALTHIX|GADMD
BRONX,ASTORIA_HEALTH_CARE_ASSOCIATES,0,ASTORIA HEALTH CARE ASSOCIATES,BRONX|ASTORIA HEALTH CARE ASSOCIATES
GRRHIO,UR0591,0,UR0591,GRRHIO|UR0591
HEALTHIX,MTNRC,0,MTNRC,HEALTHIX|MTNRC
GRRHIO,PDPLLC,0,PDPLLC,GRRHIO|PDPLLC
HIXNY,CMHSURGHL7,0,CMHSURGHL7,HIXNY|CMHSURGHL7
GRRHIO,DDMD,0,DDMD,GRRHIO|DDMD
GRRHIO,UR2010,0,UR2010,GRRHIO|UR2010
HEALTHIX,HPCA,0,HPCA,HEALTHIX|HPCA
GRRHIO,RR592,0,RR592,GRRHIO|RR592
HEALTHIX,JCO,0,JCO,HEALTHIX|JCO
HIXNY,AMALHNDRHB,0,AMALHNDRHB,HIXNY|AMALHNDRHB
HEALTHIX,MAMPC,0,MAMPC,HEALTHIX|MAMPC
HIXNY,CPMGPAIN,0,CPMGPAIN,HIXNY|CPMGPAIN
HEALTHIX,ECWMIPA,0,ECWMIPA,HEALTHIX|ECWMIPA
HEALTHIX,EPMC,0,EPMC,HEALTHIX|EPMC
HIXNY,SPACQCAR,0,SPACQCAR,HIXNY|SPACQCAR
BRONX,BAYSIDE_PEDIATRICS,0,BAYSIDE PEDIATRICS,BRONX|BAYSIDE PEDIATRICS
TXD,TMGHRR,0,TMGHRR,TXD|TMGHRR
HIXNY,AMCPCC,0,AMCPCC,HIXNY|AMCPCC
HECDCS,COLGATE-UNIV,0,COLGATE-UNIV,HECDCS|COLGATE-UNIV
GRRHIO,UR1661,0,UR1661,GRRHIO|UR1661
BRONX,RODOLFO_GUZMAN,0,RODOLFO GUZMAN,BRONX|RODOLFO GUZMAN
TXD,CMSCAR,0,CMSCAR,TXD|CMSCAR
HIXNY,ELLSPCM,0,ELLSPCM,HIXNY|ELLSPCM
HECDCS,CEDAR-MANOR,0,CEDAR-MANOR,HECDCS|CEDAR-MANOR
BRONX,WELLLIFE,0,WELLLIFE,BRONX|WELLLIFE
HECDCS,CREEDMOOR-PSYCH,0,CREEDMOOR-PSYCH,HECDCS|CREEDMOOR-PSYCH
HIXNY,HECAMP,0,HECAMP,HIXNY|HECAMP
HIXNY,CVPHADULTMDDOC,0,CVPHADULTMDDOC,HIXNY|CVPHADULTMDDOC
HECDCS,SEARCH-CHANGE,0,SEARCH-CHANGE,HECDCS|SEARCH-CHANGE
GRRHIO,HILL,0,HILL,GRRHIO|HILL
GRRHIO,OAR,0,OAR,GRRHIO|OAR
GRRHIO,UR0475,0,UR0475,GRRHIO|UR0475
HEALTHIX,ADANTES,0,ADANTES,HEALTHIX|ADANTES
GRRHIO,RRH168,0,RRH168,GRRHIO|RRH168
HEALTHIX,EMPC,0,EMPC,HEALTHIX|EMPC
HECDCS,SUTTON-PARK,0,SUTTON-PARK,HECDCS|SUTTON-PARK
HIXNY,SPNHACARDOC,0,SPNHACARDOC,HIXNY|SPNHACARDOC
GRRHIO,OAFM,0,OAFM,GRRHIO|OAFM
HIXNY,4965MONITOR,0,4965MONITOR,HIXNY|4965MONITOR
TXD,BLMNTF,0,BLMNTF,TXD|BLMNTF
HIXNY,SHWOUNHL7,0,SHWOUNHL7,HIXNY|SHWOUNHL7
GRRHIO,UR0354,0,UR0354,GRRHIO|UR0354
HEALTHIX,HOJM,0,HOJM,HEALTHIX|HOJM
GRRHIO,TRMSPC,0,TRMSPC,GRRHIO|TRMSPC
GRRHIO,UR1751,0,UR1751,GRRHIO|UR1751
HEALTHIX,MRAHM,0,MRAHM,HEALTHIX|MRAHM
HEALTHIX,COMLIFE,0,COMLIFE,HEALTHIX|COMLIFE
GRRHIO,RR103,0,RR103,GRRHIO|RR103
HEALTHIX,SAPPCR,0,SAPPCR,HEALTHIX|SAPPCR
GRRHIO,GGH,0,GGH,GRRHIO|GGH
HECDCS,SURG-CARE-EAST,0,SURG-CARE-EAST,HECDCS|SURG-CARE-EAST
GRRHIO,UR0947,0,UR0947,GRRHIO|UR0947
GRRHIO,RRH664,0,RRH664,GRRHIO|RRH664
HEALTHIX,HAMPCOMM,0,HAMPCOMM,HEALTHIX|HAMPCOMM
HIXNY,1447720271,0,1447720271,HIXNY|1447720271
HEALTHIX,ECWRRGMP,0,ECWRRGMP,HEALTHIX|ECWRRGMP
GRRHIO,RRH941,0,RRH941,GRRHIO|RRH941
HEALTHIX,AHCC,0,AHCC,HEALTHIX|AHCC
HIXNY,GFHWHITEHALL,0,GFHWHITEHALL,HIXNY|GFHWHITEHALL
GRRHIO,UR1551,0,UR1551,GRRHIO|UR1551
HIXNY,CPHPSYCH,0,CPHPSYCH,HIXNY|CPHPSYCH
HEALTHIX,PUBHEALTHSOL,0,PUBHEALTHSOL,HEALTHIX|PUBHEALTHSOL
HEALTHIX,EBMG,0,EBMG,HEALTHIX|EBMG
GRRHIO,UR0275,0,UR0275,GRRHIO|UR0275
TXD,KOLEIN,0,KOLEIN,TXD|KOLEIN
GRRHIO,RR603,0,RR603,GRRHIO|RR603
GRRHIO,TNA2,0,TNA2,GRRHIO|TNA2
HIXNY,WMCMHRHTOCD,0,WMCMHRHTOCD,HIXNY|WMCMHRHTOCD
GRRHIO,UR1776,0,UR1776,GRRHIO|UR1776
GRRHIO,RRH423,0,RRH423,GRRHIO|RRH423
HIXNY,VEDA,0,VEDA,HIXNY|VEDA
GRRHIO,UR0115,0,UR0115,GRRHIO|UR0115
HIXNY,WMCOPDMEREDDOC,0,WMCOPDMEREDDOC,HIXNY|WMCOPDMEREDDOC
HIXNY,GMGEDWHC,0,GMGEDWHC,HIXNY|GMGEDWHC
GRRHIO,RR322,0,RR322,GRRHIO|RR322
GRRHIO,RR29,0,RR29,GRRHIO|RR29
HEALTHIX,WFHC,0,WFHC,HEALTHIX|WFHC
HEALTHIX,ECWLIPBPC,0,ECWLIPBPC,HEALTHIX|ECWLIPBPC
HEALTHIX,SBBRKSDM,0,SBBRKSDM,HEALTHIX|SBBRKSDM
HECDCS,CHENANGO-COMM,0,CHENANGO-COMM,HECDCS|CHENANGO-COMM
HEALTHIX,RHMS,0,RHMS,HEALTHIX|RHMS
GRRHIO,UR0557,0,UR0557,GRRHIO|UR0557
GRRHIO,UR0410,0,UR0410,GRRHIO|UR0410
HECDCS,ONON-HD-HF,0,ONON-HD-HF,HECDCS|ONON-HD-HF
HEALTHIX,ECWWSMG,0,ECWWSMG,HEALTHIX|ECWWSMG
BRONX,THE_HEIGHTS_MEDICAL,0,THE HEIGHTS MEDICAL,BRONX|THE HEIGHTS MEDICAL
GRRHIO,UR1000,0,UR1000,GRRHIO|UR1000
BRONX,METROPOLIS_MEDICAL,0,METROPOLIS MEDICAL,BRONX|METROPOLIS MEDICAL
HIXNY,SPHPPCP,0,SPHPPCP,HIXNY|SPHPPCP
TXD,UNITED,0,UNITED,TXD|UNITED
GRRHIO,UR1107,0,UR1107,GRRHIO|UR1107
HIXNY,CMHPULM,0,CMHPULM,HIXNY|CMHPULM
HECDCS,OBGYN-ASSOC-ITH,0,OBGYN-ASSOC-ITH,HECDCS|OBGYN-ASSOC-ITH
GRRHIO,UR0044,0,UR0044,GRRHIO|UR0044
GRRHIO,UR0670,0,UR0670,GRRHIO|UR0670
HEALTHIX,MHPM,0,MHPM,HEALTHIX|MHPM
GRRHIO,ESL,0,ESL,GRRHIO|ESL
TXD,GAVIN,0,GAVIN,TXD|GAVIN
GRRHIO,UR2100,0,UR2100,GRRHIO|UR2100
HIXNY,WMCAPSNEPODOC,0,WMCAPSNEPODOC,HIXNY|WMCAPSNEPODOC
GRRHIO,RR627,0,RR627,GRRHIO|RR627
GRRHIO,VVFP2,0,VVFP2,GRRHIO|VVFP2
HIXNY,NCRC,0,NCRC,HIXNY|NCRC
GRRHIO,TORFM,0,TORFM,GRRHIO|TORFM
GRRHIO,RR351,0,RR351,GRRHIO|RR351
HEALTHIX,WEPE,0,WEPE,HEALTHIX|WEPE
GRRHIO,RJB,0,RJB,GRRHIO|RJB
HECDCS,LOR-ST-ANTHONY,0,LOR-ST-ANTHONY,HECDCS|LOR-ST-ANTHONY
HEALTHIX,ECWASHEENA,0,ECWASHEENA,HEALTHIX|ECWASHEENA
HEALTHIX,LNH,0,LNH,HEALTHIX|LNH
HEALTHIX,HMREC,0,HMREC,HEALTHIX|HMREC
GRRHIO,UR2360,0,UR2360,GRRHIO|UR2360
GRRHIO,UR0446,0,UR0446,GRRHIO|UR0446
HIXNY,SNTRBEHAVO,0,SNTRBEHAVO,HIXNY|SNTRBEHAVO
HEALTHIX,RCFP,0,RCFP,HEALTHIX|RCFP
GRRHIO,NYBP,0,NYBP,GRRHIO|NYBP
HEALTHIX,JEPE,0,JEPE,HEALTHIX|JEPE
HIXNY,MARQUISCHLLC,0,MARQUISCHLLC,HIXNY|MARQUISCHLLC
HIXNY,SMHAMONITORDOC,0,SMHAMONITORDOC,HIXNY|SMHAMONITORDOC
HIXNY,NRFSHH,0,NRFSHH,HIXNY|NRFSHH
HEALTHIX,DRDJ,0,DRDJ,HEALTHIX|DRDJ
HEALTHIX,HOPEC,0,HOPEC,HEALTHIX|HOPEC
HECDCS,ALLERGY-ASTHMA,0,ALLERGY-ASTHMA,HECDCS|ALLERGY-ASTHMA
TXD,WLSINT,0,WLSINT,TXD|WLSINT
HEALTHIX,SRNC,0,SRNC,HEALTHIX|SRNC
HECDCS,CARMEN-BAUTISTA,0,CARMEN-BAUTISTA,HECDCS|CARMEN-BAUTISTA
GRRHIO,PSW2,0,PSW2,GRRHIO|PSW2
GRRHIO,RRH494,0,RRH494,GRRHIO|RRH494
GRRHIO,CLS,0,CLS,GRRHIO|CLS
HECDCS,FULTON-FAM-MED,0,FULTON-FAM-MED,HECDCS|FULTON-FAM-MED
TXD,BPCMIT,0,BPCMIT,TXD|BPCMIT
GRRHIO,RRH964,0,RRH964,GRRHIO|RRH964
GRRHIO,UR0736,0,UR0736,GRRHIO|UR0736
HECDCS,JAMES-PREZZANO,0,JAMES-PREZZANO,HECDCS|JAMES-PREZZANO
HIXNY,GRANDCHESPA,0,GRANDCHESPA,HIXNY|GRANDCHESPA
HECDCS,PEACE-SMNR-HD-ST,0,PEACE-SMNR-HD-ST,HECDCS|PEACE-SMNR-HD-ST
HECDCS,BOSTON-HEART-DX,0,BOSTON-HEART-DX,HECDCS|BOSTON-HEART-DX
TXD,GCCLAN,0,GCCLAN,TXD|GCCLAN
HEALTHIX,ECWJCO,0,ECWJCO,HEALTHIX|ECWJCO
GRRHIO,UR0526,0,UR0526,GRRHIO|UR0526
BRONX,INDO_AMERICAN_PEDIATRICS,0,INDO AMERICAN PEDIATRICS,BRONX|INDO AMERICAN PEDIATRICS
GRRHIO,STJH,0,STJH,GRRHIO|STJH
GRRHIO,UR2292,0,UR2292,GRRHIO|UR2292
HIXNY,AMHSAHEMON,0,AMHSAHEMON,HIXNY|AMHSAHEMON
GRRHIO,UR0877,0,UR0877,GRRHIO|UR0877
GRRHIO,UR1489,0,UR1489,GRRHIO|UR1489
HEALTHIX,BRORRHC,0,BRORRHC,HEALTHIX|BRORRHC
HIXNY,AMSPCC,0,AMSPCC,HIXNY|AMSPCC
HIXNY,GRANDCOLP,0,GRANDCOLP,HIXNY|GRANDCOLP
HEALTHIX,LOQMC,0,LOQMC,HEALTHIX|LOQMC
GRRHIO,UMI6,0,UMI6,GRRHIO|UMI6
HIXNY,SPHPNEUROPSY,0,SPHPNEUROPSY,HIXNY|SPHPNEUROPSY
HIXNY,GFHSLEEP,0,GFHSLEEP,HIXNY|GFHSLEEP
GRRHIO,UR1996,0,UR1996,GRRHIO|UR1996
HIXNY,SHSPM,0,SHSPM,HIXNY|SHSPM
HIXNY,SRPLCARMANDOC,0,SRPLCARMANDOC,HIXNY|SRPLCARMANDOC
GRRHIO,RR633,0,RR633,GRRHIO|RR633
HIXNY,WMCAPSMFMHADOC,0,WMCAPSMFMHADOC,HIXNY|WMCAPSMFMHADOC
HIXNY,SNTR7GERO,0,SNTR7GERO,HIXNY|SNTR7GERO
HIXNY,254190,0,254190,HIXNY|254190
HIXNY,SRPLTHERAPY,0,SRPLTHERAPY,HIXNY|SRPLTHERAPY
HIXNY,SPACQCARDOC,0,SPACQCARDOC,HIXNY|SPACQCARDOC
HECDCS,NYS-PSYCH-INS,0,NYS-PSYCH-INS,HECDCS|NYS-PSYCH-INS
HEALTHIX,IMG,0,IMG,HEALTHIX|IMG
GRRHIO,UR0200,0,UR0200,GRRHIO|UR0200
GRRHIO,RR183,0,RR183,GRRHIO|RR183
TXD,JMHICU,0,JMHICU,TXD|JMHICU
GRRHIO,RR65,0,RR65,GRRHIO|RR65
HEALTHIX,NESCNR,0,NESCNR,HEALTHIX|NESCNR
HEALTHIX,MMDPC,0,MMDPC,HEALTHIX|MMDPC
GRRHIO,RR675,0,RR675,GRRHIO|RR675
HECDCS,VNA-UTICA-ONEIDA,0,VNA-UTICA-ONEIDA,HECDCS|VNA-UTICA-ONEIDA
HEALTHIX,OMHBPC,0,OMHBPC,HEALTHIX|OMHBPC
GRRHIO,UR2174,0,UR2174,GRRHIO|UR2174
HECDCS,NORTHCOURT-PEDS,0,NORTHCOURT-PEDS,HECDCS|NORTHCOURT-PEDS
HECDCS,BLOOMING-PED,0,BLOOMING-PED,HECDCS|BLOOMING-PED
HEALTHIX,MTARIQ,0,MTARIQ,HEALTHIX|MTARIQ
HIXNY,SPHPNEUROPSYDOC,0,SPHPNEUROPSYDOC,HIXNY|SPHPNEUROPSYDOC
HEALTHIX,NYMHPC,0,NYMHPC,HEALTHIX|NYMHPC
HIXNY,ADIR,0,ADIR,HIXNY|ADIR
HIXNY,WMCAPSOBKI,0,WMCAPSOBKI,HIXNY|WMCAPSOBKI
HIXNY,WMCAPSVASMKDOC,0,WMCAPSVASMKDOC,HIXNY|WMCAPSVASMKDOC
HIXNY,CVPHAMBEPDOC,0,CVPHAMBEPDOC,HIXNY|CVPHAMBEPDOC
HIXNY,SNTRRADONC,0,SNTRRADONC,HIXNY|SNTRRADONC
HIXNY,CPMGCARDGH,0,CPMGCARDGH,HIXNY|CPMGCARDGH
GRRHIO,UR2068,0,UR2068,GRRHIO|UR2068
GRRHIO,RR589,0,RR589,GRRHIO|RR589
HEALTHIX,ARJUNMG,0,ARJUNMG,HEALTHIX|ARJUNMG
TXD,DAVITA.DUPLICATE1,0,DAVITA,TXD|DAVITA
HIXNY,SCPHSWP,0,SCPHSWP,HIXNY|SCPHSWP
HIXNY,WMCAPSNEUPODOC,0,WMCAPSNEUPODOC,HIXNY|WMCAPSNEUPODOC
GRRHIO,UR2117,0,UR2117,GRRHIO|UR2117
GRRHIO,UR0771,0,UR0771,GRRHIO|UR0771
TXD,JMHGS,0,JMHGS,TXD|JMHGS
GRRHIO,UR1022,0,UR1022,GRRHIO|UR1022
HEALTHIX,ECWBENSMC,0,ECWBENSMC,HEALTHIX|ECWBENSMC
HEALTHIX,ABKNA,0,ABKNA,HEALTHIX|ABKNA
HIXNY,HECPA,0,HECPA,HIXNY|HECPA
GRRHIO,UR0379,0,UR0379,GRRHIO|UR0379
TXD,FC,0,FC,TXD|FC
HEALTHIX,AMMD,0,AMMD,HEALTHIX|AMMD
HIXNY,LSPPS,0,LSPPS,HIXNY|LSPPS
HEALTHIX,BELLEMEADRX,0,BELLEMEADRX,HEALTHIX|BELLEMEADRX
HIXNY,MHAESSEX,0,MHAESSEX,HIXNY|MHAESSEX
HECDCS,H-L-ROJAS,0,H-L-ROJAS,HECDCS|H-L-ROJAS
GRRHIO,SAHH,0,SAHH,GRRHIO|SAHH
HECDCS,LITTLE-ONES-PEDS,0,LITTLE-ONES-PEDS,HECDCS|LITTLE-ONES-PEDS
HEALTHIX,TCRN,0,TCRN,HEALTHIX|TCRN
GRRHIO,RRH775,0,RRH775,GRRHIO|RRH775
GRRHIO,UR0500,0,UR0500,GRRHIO|UR0500
GRRHIO,UR1536,0,UR1536,GRRHIO|UR1536
HEALTHIX,NVMMED,0,NVMMED,HEALTHIX|NVMMED
GRRHIO,RRH932,0,RRH932,GRRHIO|RRH932
HIXNY,NEWHOPE,0,NEWHOPE,HIXNY|NEWHOPE
HIXNY,ACNHDOC,0,ACNHDOC,HIXNY|ACNHDOC
HEALTHIX,DALMDP,0,DALMDP,HEALTHIX|DALMDP
HIXNY,STMSBLABDSDOC,0,STMSBLABDSDOC,HIXNY|STMSBLABDSDOC
HEALTHIX,MCHAN,0,MCHAN,HEALTHIX|MCHAN
HIXNY,STJOHNDOC,0,STJOHNDOC,HIXNY|STJOHNDOC
GRRHIO,UR1163,0,UR1163,GRRHIO|UR1163
GRRHIO,UR1759,0,UR1759,GRRHIO|UR1759
GRRHIO,UR0455,0,UR0455,GRRHIO|UR0455
HIXNY,WMCOPDHEMO,0,WMCOPDHEMO,HIXNY|WMCOPDHEMO
HEALTHIX,ECWSTAGESPC,0,ECWSTAGESPC,HEALTHIX|ECWSTAGESPC
HECDCS,PULASKI-UCU,0,PULASKI-UCU,HECDCS|PULASKI-UCU
HIXNY,CPMGPAINMG,0,CPMGPAINMG,HIXNY|CPMGPAINMG
HIXNY,RSSI,0,RSSI,HIXNY|RSSI
HEALTHIX,ECWMSANTO,0,ECWMSANTO,HEALTHIX|ECWMSANTO
HIXNY,DUANEEMS,0,DUANEEMS,HIXNY|DUANEEMS
GRRHIO,RIM,0,RIM,GRRHIO|RIM
GRRHIO,UR0847,0,UR0847,GRRHIO|UR0847
HEALTHIX,ECWGOME,0,ECWGOME,HEALTHIX|ECWGOME
HEALTHIX,APC,0,APC,HEALTHIX|APC
GRRHIO,UR0146,0,UR0146,GRRHIO|UR0146
HIXNY,SPRT9FMRT9,0,SPRT9FMRT9,HIXNY|SPRT9FMRT9
BRONX,QUEENS_MEDICAL_CARE,0,QUEENS MEDICAL CARE,BRONX|QUEENS MEDICAL CARE
HIXNY,HECLEWIS,0,HECLEWIS,HIXNY|HECLEWIS
HEALTHIX,JWFMD,0,JWFMD,HEALTHIX|JWFMD
BRONX,CHIXIN_FANG_MEDICAL,0,CHIXIN FANG MEDICAL,BRONX|CHIXIN FANG MEDICAL
HIXNY,ELLSWHC,0,ELLSWHC,HIXNY|ELLSWHC
GRRHIO,UR0712,0,UR0712,GRRHIO|UR0712
HIXNY,STMARG,0,STMARG,HIXNY|STMARG
GRRHIO,WFC,0,WFC,GRRHIO|WFC
HEALTHIX,ECWCCMC,0,ECWCCMC,HEALTHIX|ECWCCMC
HIXNY,CPHSUDCLN,0,CPHSUDCLN,HIXNY|CPHSUDCLN
BRONX,JOSEPH_FRAGER,0,JOSEPH FRAGER,BRONX|JOSEPH FRAGER
HIXNY,HECEFP,0,HECEFP,HIXNY|HECEFP
GRRHIO,UR0797,0,UR0797,GRRHIO|UR0797
HIXNY,WMCWRHIPRDOC,0,WMCWRHIPRDOC,HIXNY|WMCWRHIPRDOC
GRRHIO,UR0137,0,UR0137,GRRHIO|UR0137
GRRHIO,UR1722,0,UR1722,GRRHIO|UR1722
HEALTHIX,COLER,0,COLER,HEALTHIX|COLER
GRRHIO,UR0637,0,UR0637,GRRHIO|UR0637
TXD,HNCCMH,0,HNCCMH,TXD|HNCCMH
GRRHIO,UR1964,0,UR1964,GRRHIO|UR1964
HEALTHIX,BLIFS,0,BLIFS,HEALTHIX|BLIFS
GRRHIO,RR140,0,RR140,GRRHIO|RR140
TXD,CMHLTC,0,CMHLTC,TXD|CMHLTC
HECDCS,NORTHWOODS,0,NORTHWOODS,HECDCS|NORTHWOODS
HIXNY,WMCOPDRENALDOC,0,WMCOPDRENALDOC,HIXNY|WMCOPDRENALDOC
GRRHIO,RR36,0,RR36,GRRHIO|RR36
GRRHIO,UR1797,0,UR1797,GRRHIO|UR1797
GRRHIO,RR42,0,RR42,GRRHIO|RR42
GRRHIO,UR2073,0,UR2073,GRRHIO|UR2073
GRRHIO,UR1798,0,UR1798,GRRHIO|UR1798
HEALTHIX,ACPPC,0,ACPPC,HEALTHIX|ACPPC
GRRHIO,UR0664,0,UR0664,GRRHIO|UR0664
HIXNY,GRANDROBTER,0,GRANDROBTER,HIXNY|GRANDROBTER
HIXNY,HCR,0,HCR,HIXNY|HCR
GRRHIO,UR1573,0,UR1573,GRRHIO|UR1573
HEALTHIX,JMAPC,0,JMAPC,HEALTHIX|JMAPC
HEALTHIX,NUIMA,0,NUIMA,HEALTHIX|NUIMA
BRONX,COMPREHENSIVE_PEDIATRIC_CARE,0,COMPREHENSIVE PEDIATRIC CARE,BRONX|COMPREHENSIVE PEDIATRIC CARE
GRRHIO,UR2006,0,UR2006,GRRHIO|UR2006
GRRHIO,UR2284,0,UR2284,GRRHIO|UR2284
GRRHIO,RRH646,0,RRH646,GRRHIO|RRH646
HEALTHIX,SPRINGN,0,SPRINGN,HEALTHIX|SPRINGN
BRONX,ROSARIO_H_REYES-RIGOR,0,ROSARIO H REYES-RIGOR,BRONX|ROSARIO H REYES-RIGOR
GRRHIO,UR2116,0,UR2116,GRRHIO|UR2116
HIXNY,9916ALERT,0,9916ALERT,HIXNY|9916ALERT
HIXNY,WMCAPSMONHADOC,0,WMCAPSMONHADOC,HIXNY|WMCAPSMONHADOC
HIXNY,GRANDCHITT,0,GRANDCHITT,HIXNY|GRANDCHITT
HIXNY,PAPLIMAGE317,0,PAPLIMAGE317,HIXNY|PAPLIMAGE317
HIXNY,CVPHSNFDOC,0,CVPHSNFDOC,HIXNY|CVPHSNFDOC
GRRHIO,UR1521,0,UR1521,GRRHIO|UR1521
GRRHIO,UR0204,0,UR0204,GRRHIO|UR0204
BRONX,SHARAD_SONI_PHYSICIAN,0,SHARAD SONI PHYSICIAN,BRONX|SHARAD SONI PHYSICIAN
GRRHIO,UR0772,0,UR0772,GRRHIO|UR0772
HIXNY,GHSUD,0,GHSUD,HIXNY|GHSUD
HIXNY,MALMEDCARE,0,MALMEDCARE,HIXNY|MALMEDCARE
GRRHIO,UR1986,0,UR1986,GRRHIO|UR1986
BRONX,TUYEN_T_TRINH,0,TUYEN T TRINH,BRONX|TUYEN T TRINH
HIXNY,GFHLUNGCHEST,0,GFHLUNGCHEST,HIXNY|GFHLUNGCHEST
HIXNY,11803,0,11803,HIXNY|11803
HEALTHIX,JACKSM,0,JACKSM,HEALTHIX|JACKSM
HIXNY,TERESIANDOC,0,TERESIANDOC,HIXNY|TERESIANDOC
BRONX,RAHILA_BUTT,0,RAHILA BUTT,BRONX|RAHILA BUTT
TXD,JMHPUL,0,JMHPUL,TXD|JMHPUL
HIXNY,UNITYTROY,0,UNITYTROY,HIXNY|UNITYTROY
HEALTHIX,ECWJEQM,0,ECWJEQM,HEALTHIX|ECWJEQM
GRRHIO,PNCR,0,PNCR,GRRHIO|PNCR
HIXNY,SMHAWILKRES,0,SMHAWILKRES,HIXNY|SMHAWILKRES
HIXNY,WMCAPSPHPO,0,WMCAPSPHPO,HIXNY|WMCAPSPHPO
GRRHIO,RRH608,0,RRH608,GRRHIO|RRH608
HEALTHIX,WESTHAMPTNCC,0,WESTHAMPTNCC,HEALTHIX|WESTHAMPTNCC
HEALTHIX,CWPP,0,CWPP,HEALTHIX|CWPP
HEALTHIX,PJH,0,PJH,HEALTHIX|PJH
HEALTHIX,KVMD,0,KVMD,HEALTHIX|KVMD
HEALTHIX,BOHH,0,BOHH,HEALTHIX|BOHH
HECDCS,VAN-DUYN,0,VAN-DUYN,HECDCS|VAN-DUYN
HIXNY,WMCMHRHOPBH,0,WMCMHRHOPBH,HIXNY|WMCMHRHOPBH
GRRHIO,RR705,0,RR705,GRRHIO|RR705
GRRHIO,UR0552,0,UR0552,GRRHIO|UR0552
GRRHIO,UR1727,0,UR1727,GRRHIO|UR1727
HEALTHIX,FSMO,0,FSMO,HEALTHIX|FSMO
GRRHIO,RR666,0,RR666,GRRHIO|RR666
HECDCS,LOR-CHURCHILL,0,LOR-CHURCHILL,HECDCS|LOR-CHURCHILL
HECDCS,CMTY-HME-HLTH,0,CMTY-HME-HLTH,HECDCS|CMTY-HME-HLTH
HEALTHIX,MACE,0,MACE,HEALTHIX|MACE
GRRHIO,WCNH,0,WCNH,GRRHIO|WCNH
HIXNY,BESTLIFE,0,BESTLIFE,HIXNY|BESTLIFE
HEALTHIX,GRMG,0,GRMG,HEALTHIX|GRMG
HEALTHIX,SNARC,0,SNARC,HEALTHIX|SNARC
HIXNY,WMCAPSVASKIDOC,0,WMCAPSVASKIDOC,HIXNY|WMCAPSVASKIDOC
HEALTHIX,AHMD,0,AHMD,HEALTHIX|AHMD
GRRHIO,UR2263,0,UR2263,GRRHIO|UR2263
HIXNY,UHSPCO,0,UHSPCO,HIXNY|UHSPCO
GRRHIO,FARROW,0,FARROW,GRRHIO|FARROW
HECDCS,THE-ARC-JEFF-LAW,0,THE-ARC-JEFF-LAW,HECDCS|THE-ARC-JEFF-LAW
GRRHIO,RRH409,0,RRH409,GRRHIO|RRH409
HIXNY,ESCLTPCL,0,ESCLTPCL,HIXNY|ESCLTPCL
GRRHIO,UR0514,0,UR0514,GRRHIO|UR0514
GRRHIO,PRMR,0,PRMR,GRRHIO|PRMR
HECDCS,ARC-MAD-CORT,0,ARC-MAD-CORT,HECDCS|ARC-MAD-CORT
HIXNY,CNYHHN,0,CNYHHN,HIXNY|CNYHHN
HEALTHIX,IRISH,0,IRISH,HEALTHIX|IRISH
HEALTHIX,SBPECLAND,0,SBPECLAND,HEALTHIX|SBPECLAND
GRRHIO,UR2334,0,UR2334,GRRHIO|UR2334
HECDCS,GARNET-HEALTH-2,0,GARNET-HEALTH-2,HECDCS|GARNET-HEALTH-2
HIXNY,SMHANORTHHC,0,SMHANORTHHC,HIXNY|SMHANORTHHC
HIXNY,SMHAACTHC,0,SMHAACTHC,HIXNY|SMHAACTHC
HIXNY,WMCOPDRHEUMDOC,0,WMCOPDRHEUMDOC,HIXNY|WMCOPDRHEUMDOC
HIXNY,WMCAPSCOSPO,0,WMCAPSCOSPO,HIXNY|WMCAPSCOSPO
HIXNY,AMGPCCRIC,0,AMGPCCRIC,HIXNY|AMGPCCRIC
GRRHIO,RRH821,0,RRH821,GRRHIO|RRH821
HEALTHIX,SVCRN,0,SVCRN,HEALTHIX|SVCRN
HECDCS,ELMCREST-CHILD,0,ELMCREST-CHILD,HECDCS|ELMCREST-CHILD
HEALTHIX,PMCP,0,PMCP,HEALTHIX|PMCP
GRRHIO,MNSO18,0,MNSO18,GRRHIO|MNSO18
HIXNY,ARCCLINTON,0,ARCCLINTON,HIXNY|ARCCLINTON
HEALTHIX,MLMP,0,MLMP,HEALTHIX|MLMP
HECDCS,RISE,0,RISE,HECDCS|RISE
GRRHIO,UR1622,0,UR1622,GRRHIO|UR1622
TXD,CHNKP,0,CHNKP,TXD|CHNKP
GRRHIO,RR79,0,RR79,GRRHIO|RR79
HECDCS,ORANGE-DOH,0,ORANGE-DOH,HECDCS|ORANGE-DOH
GRRHIO,UR0883,0,UR0883,GRRHIO|UR0883
TXD,SPRLHIXNY,0,SPRLHIXNY,TXD|SPRLHIXNY
HEALTHIX,HECPROGENITY,0,HECPROGENITY,HEALTHIX|HECPROGENITY
HIXNY,WMCAPSGSPODOC,0,WMCAPSGSPODOC,HIXNY|WMCAPSGSPODOC
TXD,SCHRES,0,SCHRES,TXD|SCHRES
GRRHIO,UR0563,0,UR0563,GRRHIO|UR0563
BRONX,LUIZA_GUSEYNOV_PHYSICIAN,0,LUIZA GUSEYNOV PHYSICIAN,BRONX|LUIZA GUSEYNOV PHYSICIAN
HEALTHIX,CDI,0,CDI,HEALTHIX|CDI
GRRHIO,UR1011,0,UR1011,GRRHIO|UR1011
HEALTHIX,ECWWIHE,0,ECWWIHE,HEALTHIX|ECWWIHE
HEALTHIX,DRCGC,0,DRCGC,HEALTHIX|DRCGC
HIXNY,FLAHALERT,0,FLAHALERT,HIXNY|FLAHALERT
HIXNY,HECELFM,0,HECELFM,HIXNY|HECELFM
HEALTHIX,ECWBCI,0,ECWBCI,HEALTHIX|ECWBCI
HEALTHIX,ECWGAMPC,0,ECWGAMPC,HEALTHIX|ECWGAMPC
GRRHIO,RR350,0,RR350,GRRHIO|RR350
HEALTHIX,HMC,0,HMC,HEALTHIX|HMC
GRRHIO,UR1937,0,UR1937,GRRHIO|UR1937
HIXNY,SPSRBURODOC,0,SPSRBURODOC,HIXNY|SPSRBURODOC
HEALTHIX,LIHW,0,LIHW,HEALTHIX|LIHW
HEALTHIX,ECWELSC,0,ECWELSC,HEALTHIX|ECWELSC
HIXNY,HECCFAM,0,HECCFAM,HIXNY|HECCFAM
GRRHIO,RR182,0,RR182,GRRHIO|RR182
HIXNY,WMCOPDN550,0,WMCOPDN550,HIXNY|WMCOPDN550
BRONX,CN_GUIDANCE_AND_COUNSELING_RHH,0,CN GUIDANCE AND COUNSELING RHH,BRONX|CN GUIDANCE AND COUNSELING RHH
HIXNY,ALLMET,0,ALLMET,HIXNY|ALLMET
GRRHIO,UR1700,0,UR1700,GRRHIO|UR1700
GRRHIO,UR2384,0,UR2384,GRRHIO|UR2384
GRRHIO,UR2157,0,UR2157,GRRHIO|UR2157
GRRHIO,UR2402,0,UR2402,GRRHIO|UR2402
GRRHIO,GCNH,0,GCNH,GRRHIO|GCNH
HIXNY,SPHPUIDADOC,0,SPHPUIDADOC,HIXNY|SPHPUIDADOC
GRRHIO,RRH305,0,RRH305,GRRHIO|RRH305
GRRHIO,UR2228,0,UR2228,GRRHIO|UR2228
HEALTHIX,ACD,0,ACD,HEALTHIX|ACD
GRRHIO,UR1555,0,UR1555,GRRHIO|UR1555
HEALTHIX,MOSB,0,MOSB,HEALTHIX|MOSB
GRRHIO,RRH983,0,RRH983,GRRHIO|RRH983
GRRHIO,UR1132,0,UR1132,GRRHIO|UR1132
GRRHIO,UR0375,0,UR0375,GRRHIO|UR0375
HIXNY,ELLSPROS,0,ELLSPROS,HIXNY|ELLSPROS
HIXNY,CNYHHNINC,0,CNYHHNINC,HIXNY|CNYHHNINC
HEALTHIX,BNRC.DUPLICATE1,0,BNRC,HEALTHIX|BNRC
GRRHIO,RCFR,0,RCFR,GRRHIO|RCFR
HECDCS,BARTLES-PHARMACY,0,BARTLES-PHARMACY,HECDCS|BARTLES-PHARMACY
GRRHIO,RR27,0,RR27,GRRHIO|RR27
HEALTHIX,BCRHC,0,BCRHC,HEALTHIX|BCRHC
GRRHIO,UR1957,0,UR1957,GRRHIO|UR1957
HECDCS,CARS,0,CARS,HECDCS|CARS
GRRHIO,UR2031,0,UR2031,GRRHIO|UR2031
HECDCS,WILLIAM-GEORGE,0,WILLIAM-GEORGE,HECDCS|WILLIAM-GEORGE
GRRHIO,RR232,0,RR232,GRRHIO|RR232
GRRHIO,UR2377,0,UR2377,GRRHIO|UR2377
HECDCS,BACK-TO-HEALTH,0,BACK-TO-HEALTH,HECDCS|BACK-TO-HEALTH
HIXNY,ADKNPAH,0,ADKNPAH,HIXNY|ADKNPAH
GRRHIO,SAHC,0,SAHC,GRRHIO|SAHC
HIXNY,1841661766,0,1841661766,HIXNY|1841661766
HEALTHIX,BSVAC,0,BSVAC,HEALTHIX|BSVAC
HEALTHIX,ECWRICHTERMD,0,ECWRICHTERMD,HEALTHIX|ECWRICHTERMD
GRRHIO,UR2123,0,UR2123,GRRHIO|UR2123
HIXNY,WMCOPDMSDOC,0,WMCOPDMSDOC,HIXNY|WMCOPDMSDOC
GRRHIO,UR1443,0,UR1443,GRRHIO|UR1443
GRRHIO,UR0837,0,UR0837,GRRHIO|UR0837
GRRHIO,RR632,0,RR632,GRRHIO|RR632
HEALTHIX,GORCC,0,GORCC,HEALTHIX|GORCC
HECDCS,WNY-CHILD-PSYCH,0,WNY-CHILD-PSYCH,HECDCS|WNY-CHILD-PSYCH
HIXNY,SPHPPASNFS,0,SPHPPASNFS,HIXNY|SPHPPASNFS
HEALTHIX,MHLWI,0,MHLWI,HEALTHIX|MHLWI
HEALTHIX,DriversLicense,0,DriversLicense,HEALTHIX|DriversLicense
HIXNY,STMARGDOC,0,STMARGDOC,HIXNY|STMARGDOC
HIXNY,WMCAPSPESMIDOC,0,WMCAPSPESMIDOC,HIXNY|WMCAPSPESMIDOC
HEALTHIX,LISHRIV,0,LISHRIV,HEALTHIX|LISHRIV
GRRHIO,UR0775,0,UR0775,GRRHIO|UR0775
GRRHIO,UR2217,0,UR2217,GRRHIO|UR2217
HIXNY,WMCAPSVASMADOC,0,WMCAPSVASMADOC,HIXNY|WMCAPSVASMADOC
HIXNY,WMCAPSHARNPDOC,0,WMCAPSHARNPDOC,HIXNY|WMCAPSHARNPDOC
HIXNY,KINGSWAYDOC,0,KINGSWAYDOC,HIXNY|KINGSWAYDOC
GRRHIO,UR2329,0,UR2329,GRRHIO|UR2329
TXD,JMHOCC,0,JMHOCC,TXD|JMHOCC
GRRHIO,RRH938,0,RRH938,GRRHIO|RRH938
HIXNY,PRESTON,0,PRESTON,HIXNY|PRESTON
HEALTHIX,CLUBHOUSE,0,CLUBHOUSE,HEALTHIX|CLUBHOUSE
GRRHIO,UR1982,0,UR1982,GRRHIO|UR1982
HECDCS,GROTON-COMMUNITY,0,GROTON-COMMUNITY,HECDCS|GROTON-COMMUNITY
GRRHIO,RR548,0,RR548,GRRHIO|RR548
TXD,FLH,0,FLH,TXD|FLH
TXD,ACH,0,ACH,TXD|ACH
HIXNY,TRINITYREACH,0,TRINITYREACH,HIXNY|TRINITYREACH
HIXNY,SPVPLORT,0,SPVPLORT,HIXNY|SPVPLORT
HEALTHIX,CCM,0,CCM,HEALTHIX|CCM
GRRHIO,RRH673,0,RRH673,GRRHIO|RRH673
HIXNY,LANGE,0,LANGE,HIXNY|LANGE
GRRHIO,UR0228,0,UR0228,GRRHIO|UR0228
HEALTHIX,DPFAFF,0,DPFAFF,HEALTHIX|DPFAFF
GRRHIO,UR0144,0,UR0144,GRRHIO|UR0144
TXD,HNSTMN,0,HNSTMN,TXD|HNSTMN
GRRHIO,UR2091,0,UR2091,GRRHIO|UR2091
HEALTHIX,GTHHHIX,0,GTHHHIX,HEALTHIX|GTHHHIX
HIXNY,CCAFF,0,CCAFF,HIXNY|CCAFF
GRRHIO,UR2131,0,UR2131,GRRHIO|UR2131
HECDCS,LOR-BERNADINE,0,LOR-BERNADINE,HECDCS|LOR-BERNADINE
HIXNY,ESCLTBH,0,ESCLTBH,HIXNY|ESCLTBH
HECDCS,MADISON-MH-DEPT,0,MADISON-MH-DEPT,HECDCS|MADISON-MH-DEPT
TXD,DINDLV,0,DINDLV,TXD|DINDLV
HECDCS,BURD-HOME-HEALTH,0,BURD-HOME-HEALTH,HECDCS|BURD-HOME-HEALTH
GRRHIO,RRH280,0,RRH280,GRRHIO|RRH280
GRRHIO,UR0269,0,UR0269,GRRHIO|UR0269
GRRHIO,UR1325,0,UR1325,GRRHIO|UR1325
GRRHIO,RR94,0,RR94,GRRHIO|RR94
HIXNY,HECPR,0,HECPR,HIXNY|HECPR
HIXNY,MOHAWKFTHLD,0,MOHAWKFTHLD,HIXNY|MOHAWKFTHLD
HECDCS,RIVERSIDE-CTR,0,RIVERSIDE-CTR,HECDCS|RIVERSIDE-CTR
GRRHIO,UR0281,0,UR0281,GRRHIO|UR0281
GRRHIO,LRNH,0,LRNH,GRRHIO|LRNH
HIXNY,AMC837CLAIMS,0,AMC837CLAIMS,HIXNY|AMC837CLAIMS
GRRHIO,RRH861,0,RRH861,GRRHIO|RRH861
TXD,DIAINV,0,DIAINV,TXD|DIAINV
HECDCS,WELLBE-SR,0,WELLBE-SR,HECDCS|WELLBE-SR
GRRHIO,UR0598,0,UR0598,GRRHIO|UR0598
HECDCS,MAPLEWOOD,0,MAPLEWOOD,HECDCS|MAPLEWOOD
GRRHIO,SJPHC,0,SJPHC,GRRHIO|SJPHC
HIXNY,ELDCOLALFDOC,0,ELDCOLALFDOC,HIXNY|ELDCOLALFDOC
GRRHIO,UR1356,0,UR1356,GRRHIO|UR1356
GRRHIO,RR165,0,RR165,GRRHIO|RR165
GRRHIO,UR0339,0,UR0339,GRRHIO|UR0339
HIXNY,WMCOPDEPILEDOC,0,WMCOPDEPILEDOC,HIXNY|WMCOPDEPILEDOC
HECDCS,UCP-CHBS-ART-32,0,UCP-CHBS-ART-32,HECDCS|UCP-CHBS-ART-32
GRRHIO,UR2343,0,UR2343,GRRHIO|UR2343
GRRHIO,UR2416,0,UR2416,GRRHIO|UR2416
GRRHIO,UR2141,0,UR2141,GRRHIO|UR2141
GRRHIO,UR1750,0,UR1750,GRRHIO|UR1750
HIXNY,WARRENCHMCRE,0,WARRENCHMCRE,HIXNY|WARRENCHMCRE
HECDCS,PRIM-CARE-META,0,PRIM-CARE-META,HECDCS|PRIM-CARE-META
HECDCS,REILLEY-PT,0,REILLEY-PT,HECDCS|REILLEY-PT
GRRHIO,SACC,0,SACC,GRRHIO|SACC
GRRHIO,RRH554,0,RRH554,GRRHIO|RRH554
GRRHIO,UR0665,0,UR0665,GRRHIO|UR0665
GRRHIO,RR229,0,RR229,GRRHIO|RR229
HECDCS,CHP-SENECA-VIEW,0,CHP-SENECA-VIEW,HECDCS|CHP-SENECA-VIEW
BRONX,2.16.840.1.113883.3.3388.1.1.1.1108158322.3,0,2.16.840.1.113883.3.3388.1.1.1.1108158322.3,BRONX|2.16.840.1.113883.3.3388.1.1.1.1108158322.3
GRRHIO,UR0357,0,UR0357,GRRHIO|UR0357
GRRHIO,UR1675,0,UR1675,GRRHIO|UR1675
BRONX,RIVERSPRING_SUPPORTIVE_HOUSING,0,RIVERSPRING SUPPORTIVE HOUSING,BRONX|RIVERSPRING SUPPORTIVE HOUSING
HECDCS,CNFDNTL-HLP,0,CNFDNTL-HLP,HECDCS|CNFDNTL-HLP
GRRHIO,RRH605,0,RRH605,GRRHIO|RRH605
HECDCS,ORANGE-MED-CARE,0,ORANGE-MED-CARE,HECDCS|ORANGE-MED-CARE
GRRHIO,UR0777,0,UR0777,GRRHIO|UR0777
GRRHIO,UR1605,0,UR1605,GRRHIO|UR1605
GRRHIO,RR635,0,RR635,GRRHIO|RR635
HIXNY,MHAFM,0,MHAFM,HIXNY|MHAFM
TXD,EWBC,0,EWBC,TXD|EWBC
GRRHIO,UR1644,0,UR1644,GRRHIO|UR1644
GRRHIO,UR2218,0,UR2218,GRRHIO|UR2218
GRRHIO,UR0971,0,UR0971,GRRHIO|UR0971
GRRHIO,RR382,0,RR382,GRRHIO|RR382
GRRHIO,UR0222,0,UR0222,GRRHIO|UR0222
GRRHIO,RR645,0,RR645,GRRHIO|RR645
GRRHIO,UR0503,0,UR0503,GRRHIO|UR0503
GRRHIO,UR1588,0,UR1588,GRRHIO|UR1588
GRRHIO,RR436,0,RR436,GRRHIO|RR436
HEALTHIX,CHDFSF,0,CHDFSF,HEALTHIX|CHDFSF
GRRHIO,MNSO10,0,MNSO10,GRRHIO|MNSO10
GRRHIO,EVP,0,EVP,GRRHIO|EVP
GRRHIO,UR1603,0,UR1603,GRRHIO|UR1603
HEALTHIX,DRMLR,0,DRMLR,HEALTHIX|DRMLR
HEALTHIX,CHDFS,0,CHDFS,HEALTHIX|CHDFS
GRRHIO,MNSO28,0,MNSO28,GRRHIO|MNSO28
GRRHIO,MNSO31,0,MNSO31,GRRHIO|MNSO31
HIXNY,SMHAALCIPR,0,SMHAALCIPR,HIXNY|SMHAALCIPR
HECDCS,OPENGATE,0,OPENGATE,HECDCS|OPENGATE
HECDCS,HOSPICE-JEFF,0,HOSPICE-JEFF,HECDCS|HOSPICE-JEFF
GRRHIO,RRH812,0,RRH812,GRRHIO|RRH812
HECDCS,REFLECT-COUNSEL,0,REFLECT-COUNSEL,HECDCS|REFLECT-COUNSEL
HIXNY,SPALPHARMODOC,0,SPALPHARMODOC,HIXNY|SPALPHARMODOC
GRRHIO,MSMH.DUPLICATE,0,MSMH,GRRHIO|MSMH
HIXNY,HECPS,0,HECPS,HIXNY|HECPS
GRRHIO,UR1321,0,UR1321,GRRHIO|UR1321
GRRHIO,RRH437,0,RRH437,GRRHIO|RRH437
HECDCS,REF-MGMT-CARE,0,REF-MGMT-CARE,HECDCS|REF-MGMT-CARE
HECDCS,FRANZISKA-RACKER,0,FRANZISKA-RACKER,HECDCS|FRANZISKA-RACKER
GRRHIO,RRH223,0,RRH223,GRRHIO|RRH223
GRRHIO,GPP,0,GPP,GRRHIO|GPP
BRONX,NORTHERN_GENERAL_MEDICAL,0,NORTHERN GENERAL MEDICAL,BRONX|NORTHERN GENERAL MEDICAL
HIXNY,WMCAPSHYPHADOC,0,WMCAPSHYPHADOC,HIXNY|WMCAPSHYPHADOC
TXD,STERHC,0,STERHC,TXD|STERHC
BRONX,NASSAU_UNIVERSITY_MEDICAL_CENTER,0,NASSAU UNIVERSITY MEDICAL CENTER,BRONX|NASSAU UNIVERSITY MEDICAL CENTER
HIXNY,WMCAPSMECHADOC,0,WMCAPSMECHADOC,HIXNY|WMCAPSMECHADOC
GRRHIO,MNSO38,0,MNSO38,GRRHIO|MNSO38
GRRHIO,UR0647,0,UR0647,GRRHIO|UR0647
GRRHIO,UR0613,0,UR0613,GRRHIO|UR0613
GRRHIO,MNSO29,0,MNSO29,GRRHIO|MNSO29
GRRHIO,UR1619,0,UR1619,GRRHIO|UR1619
GRRHIO,UR1936,0,UR1936,GRRHIO|UR1936
GRRHIO,UR1693,0,UR1693,GRRHIO|UR1693
GRRHIO,MNSO12,0,MNSO12,GRRHIO|MNSO12
GRRHIO,RR98,0,RR98,GRRHIO|RR98
BRONX,STONY_BROOK_UNIVERSITY_HOSPITAL,0,STONY BROOK UNIVERSITY HOSPITAL,BRONX|STONY BROOK UNIVERSITY HOSPITAL
HIXNY,WMCAPSPSUSU,0,WMCAPSPSUSU,HIXNY|WMCAPSPSUSU
GRRHIO,UR1767,0,UR1767,GRRHIO|UR1767
HIXNY,HECCENTRALUS,0,HECCENTRALUS,HIXNY|HECCENTRALUS
HECDCS,NYACK-HOME,0,NYACK-HOME,HECDCS|NYACK-HOME
GRRHIO,UR0708,0,UR0708,GRRHIO|UR0708
BRONX,NYU_LONG_ISLAND_COMMUNITY_HOSPITAL,0,NYU LONG ISLAND COMMUNITY HOSPITAL,BRONX|NYU LONG ISLAND COMMUNITY HOSPITAL
BRONX,48,0,48,BRONX|48
GRRHIO,UR1449,0,UR1449,GRRHIO|UR1449
TXD,JMHOPC,0,JMHOPC,TXD|JMHOPC
HIXNY,AMGPCCACC,0,AMGPCCACC,HIXNY|AMGPCCACC
HEALTHIX,ECWLIMCS,0,ECWLIMCS,HEALTHIX|ECWLIMCS
HIXNY,HECBO,0,HECBO,HIXNY|HECBO
GRRHIO,UR0394,0,UR0394,GRRHIO|UR0394
GRRHIO,UR2137,0,UR2137,GRRHIO|UR2137
GRRHIO,RRH072,0,RRH072,GRRHIO|RRH072
GRRHIO,UR2279,0,UR2279,GRRHIO|UR2279
GRRHIO,UR1989,0,UR1989,GRRHIO|UR1989
GRRHIO,MNSO66,0,MNSO66,GRRHIO|MNSO66
GRRHIO,UR1304,0,UR1304,GRRHIO|UR1304
HECDCS,CUSECHIRO,0,CUSECHIRO,HECDCS|CUSECHIRO
GRRHIO,RR277,0,RR277,GRRHIO|RR277
GRRHIO,UR1339,0,UR1339,GRRHIO|UR1339
GRRHIO,UR0582,0,UR0582,GRRHIO|UR0582
HEALTHIX,AZMD,0,AZMD,HEALTHIX|AZMD
GRRHIO,RR267,0,RR267,GRRHIO|RR267
HECDCS,STUART-BIRNBAUM,0,STUART-BIRNBAUM,HECDCS|STUART-BIRNBAUM
GRRHIO,AHOP,0,AHOP,GRRHIO|AHOP
HECDCS,BARD-HLTH-SRVCS,0,BARD-HLTH-SRVCS,HECDCS|BARD-HLTH-SRVCS
GRRHIO,IWMA,0,IWMA,GRRHIO|IWMA
GRRHIO,HLC,0,HLC,GRRHIO|HLC
HIXNY,WMCOPDSTRODOC,0,WMCOPDSTRODOC,HIXNY|WMCOPDSTRODOC
GRRHIO,UR2372,0,UR2372,GRRHIO|UR2372
BRONX,RISING_GROUND,0,RISING GROUND,BRONX|RISING GROUND
GRRHIO,UR2003,0,UR2003,GRRHIO|UR2003
GRRHIO,UR0602,0,UR0602,GRRHIO|UR0602
HEALTHIX,EHUSSA,0,EHUSSA,HEALTHIX|EHUSSA
HECDCS,ALTUCARE-PRIMARY,0,ALTUCARE-PRIMARY,HECDCS|ALTUCARE-PRIMARY
GRRHIO,UR2424,0,UR2424,GRRHIO|UR2424
GRRHIO,RRH668,0,RRH668,GRRHIO|RRH668
GRRHIO,RR238,0,RR238,GRRHIO|RR238
GRRHIO,UR0001,0,UR0001,GRRHIO|UR0001
GRRHIO,RR801,0,RR801,GRRHIO|RR801
GRRHIO,UR0866,0,UR0866,GRRHIO|UR0866
HEALTHIX,PMMAP,0,PMMAP,HEALTHIX|PMMAP
HIXNY,HECFTUTICA,0,HECFTUTICA,HIXNY|HECFTUTICA
HEALTHIX,SKPMD,0,SKPMD,HEALTHIX|SKPMD
GRRHIO,RR330,0,RR330,GRRHIO|RR330
HECDCS,HV-EYE-SURGEONS,0,HV-EYE-SURGEONS,HECDCS|HV-EYE-SURGEONS
HECDCS,BLACK-RIVER-AMB,0,BLACK-RIVER-AMB,HECDCS|BLACK-RIVER-AMB
GRRHIO,RRH443,0,RRH443,GRRHIO|RRH443
GRRHIO,RRH508,0,RRH508,GRRHIO|RRH508
GRRHIO,RR562,0,RR562,GRRHIO|RR562
HEALTHIX,StateIdentification,0,StateIdentification,HEALTHIX|StateIdentification
GRRHIO,UR0225,0,UR0225,GRRHIO|UR0225
GRRHIO,UR2107,0,UR2107,GRRHIO|UR2107
HIXNY,HECFMP,0,HECFMP,HIXNY|HECFMP
HIXNY,WMCOPDNVOBDOC,0,WMCOPDNVOBDOC,HIXNY|WMCOPDNVOBDOC
HECDCS,WARNER-PT,0,WARNER-PT,HECDCS|WARNER-PT
GRRHIO,UR1883,0,UR1883,GRRHIO|UR1883
GRRHIO,UR0444,0,UR0444,GRRHIO|UR0444
GRRHIO,RR423,0,RR423,GRRHIO|RR423
HIXNY,WMCOPDN1700DOC,0,WMCOPDN1700DOC,HIXNY|WMCOPDN1700DOC
GRRHIO,UR2380,0,UR2380,GRRHIO|UR2380
GRRHIO,UR0140,0,UR0140,GRRHIO|UR0140
HIXNY,HECMONTEVN,0,HECMONTEVN,HIXNY|HECMONTEVN
HEALTHIX,BSMC,0,BSMC,HEALTHIX|BSMC
HEALTHIX,MRNY,0,MRNY,HEALTHIX|MRNY
HECDCS,SPEC-ONE-DAY,0,SPEC-ONE-DAY,HECDCS|SPEC-ONE-DAY
GRRHIO,RRH132,0,RRH132,GRRHIO|RRH132
HEALTHIX,NRAD,0,NRAD,HEALTHIX|NRAD
GRRHIO,UR1251,0,UR1251,GRRHIO|UR1251
HEALTHIX,RELAY,0,RELAY,HEALTHIX|RELAY
GRRHIO,UR2110,0,UR2110,GRRHIO|UR2110
GRRHIO,UR1589,0,UR1589,GRRHIO|UR1589
HECDCS,ALBNY-IVF-GYN,0,ALBNY-IVF-GYN,HECDCS|ALBNY-IVF-GYN
GRRHIO,UR1366,0,UR1366,GRRHIO|UR1366
GRRHIO,UR0468,0,UR0468,GRRHIO|UR0468
HIXNY,HECVDR,0,HECVDR,HIXNY|HECVDR
BRONX,MOUNT_SINAI_SOUTH_NASSAU,0,MOUNT SINAI SOUTH NASSAU,BRONX|MOUNT SINAI SOUTH NASSAU
GRRHIO,UR1427,0,UR1427,GRRHIO|UR1427
GRRHIO,UR1019,0,UR1019,GRRHIO|UR1019
GRRHIO,RRH692,0,RRH692,GRRHIO|RRH692
GRRHIO,RHIOWD,0,RHIOWD,GRRHIO|RHIOWD
GRRHIO,UR0378,0,UR0378,GRRHIO|UR0378
GRRHIO,RRH333,0,RRH333,GRRHIO|RRH333
GRRHIO,UR0010,0,UR0010,GRRHIO|UR0010
GRRHIO,UR1169,0,UR1169,GRRHIO|UR1169
GRRHIO,RR492,0,RR492,GRRHIO|RR492
GRRHIO,UR0709,0,UR0709,GRRHIO|UR0709
GRRHIO,UR1341,0,UR1341,GRRHIO|UR1341
BRONX,CAREMOUNT_HEALTH_SOLUTIONS,0,CAREMOUNT HEALTH SOLUTIONS,BRONX|CAREMOUNT HEALTH SOLUTIONS
BRONX,NORTHERN_WESTCHESTER_HOSPITAL,0,NORTHERN WESTCHESTER HOSPITAL,BRONX|NORTHERN WESTCHESTER HOSPITAL
TXD,PRVDR6,0,PRVDR6,TXD|PRVDR6
GRRHIO,RRH940,0,RRH940,GRRHIO|RRH940
GRRHIO,UR2049,0,UR2049,GRRHIO|UR2049
GRRHIO,RR118,0,RR118,GRRHIO|RR118
HECDCS,CONT-MED,0,CONT-MED,HECDCS|CONT-MED
GRRHIO,RR151,0,RR151,GRRHIO|RR151
GRRHIO,RRH218,0,RRH218,GRRHIO|RRH218
GRRHIO,RR612,0,RR612,GRRHIO|RR612
HEALTHIX,BXPREMIER,0,BXPREMIER,HEALTHIX|BXPREMIER
BRONX,ST_JOHNS_MEDICAL_SERVICES,0,ST JOHNS MEDICAL SERVICES,BRONX|ST JOHNS MEDICAL SERVICES
GRRHIO,UR2281,0,UR2281,GRRHIO|UR2281
HECDCS,LONGEVITY,0,LONGEVITY,HECDCS|LONGEVITY
GRRHIO,UR1912,0,UR1912,GRRHIO|UR1912
GRRHIO,ECDH,0,ECDH,GRRHIO|ECDH
HEALTHIX,HARLEM,0,HARLEM,HEALTHIX|HARLEM
HEALTHIX,NSLIJMG,0,NSLIJMG,HEALTHIX|NSLIJMG
HIXNY,AMAL,0,AMAL,HIXNY|AMAL
HEALTHIX,DOCPHC,0,DOCPHC,HEALTHIX|DOCPHC
HIXNY,FIDELISNCQA,0,FIDELISNCQA,HIXNY|FIDELISNCQA
HEALTHIX,QKHM,0,QKHM,HEALTHIX|QKHM
TXD,BMG.DUPLICATE1,0,BMG,TXD|BMG
HEALTHIX,ENY,0,ENY,HEALTHIX|ENY
HIXNY,7343,0,7343,HIXNY|7343
HIXNY,COMLAB,0,COMLAB,HIXNY|COMLAB
HEALTHIX,J,0,J,HEALTHIX|J
HECDCS,WELLNOW-EXPERITY,0,WELLNOW-EXPERITY,HECDCS|WELLNOW-EXPERITY
TXD,INDPND,0,INDPND,TXD|INDPND
GRRHIO,UR1825,0,UR1825,GRRHIO|UR1825
HECDCS,OSW-HEALTH,0,OSW-HEALTH,HECDCS|OSW-HEALTH
HEALTHIX,FHMC,0,FHMC,HEALTHIX|FHMC
HEALTHIX,SSFMA,0,SSFMA,HEALTHIX|SSFMA
HIXNY,BASAOFO,0,BASAOFO,HIXNY|BASAOFO
HIXNY,MVP,0,MVP,HIXNY|MVP
TXD,UBNEUR,0,UBNEUR,TXD|UBNEUR
HEALTHIX,ELDERPLAN,0,ELDERPLAN,HEALTHIX|ELDERPLAN
TXD,NFMPC,0,NFMPC,TXD|NFMPC
HEALTHIX,MSNP,0,MSNP,HEALTHIX|MSNP
HEALTHIX,SWS,0,SWS,HEALTHIX|SWS
HEALTHIX,CHNYC,0,CHNYC,HEALTHIX|CHNYC
HIXNY,NYOH,0,NYOH,HIXNY|NYOH
HEALTHIX,TOTALM,0,TOTALM,HEALTHIX|TOTALM
HIXNY,SPTIMTRMEDDOC,0,SPTIMTRMEDDOC,HIXNY|SPTIMTRMEDDOC
BRONX,THOMAS_LYO_MEDICAL,0,THOMAS LYO MEDICAL,BRONX|THOMAS LYO MEDICAL
HEALTHIX,GOUVERNEUR,0,GOUVERNEUR,HEALTHIX|GOUVERNEUR
HEALTHIX,READEPLACE,0,READEPLACE,HEALTHIX|READEPLACE
HEALTHIX,RUTLPED,0,RUTLPED,HEALTHIX|RUTLPED
TXD,GLMI,0,GLMI,TXD|GLMI
HIXNY,8736,0,8736,HIXNY|8736
GRRHIO,LTCH,0,LTCH,GRRHIO|LTCH
BRONX,ROLAND_NYEIN,0,ROLAND NYEIN,BRONX|ROLAND NYEIN
HIXNY,RRHRHS,0,RRHRHS,HIXNY|RRHRHS
HEALTHIX,JEPIPC,0,JEPIPC,HEALTHIX|JEPIPC
HEALTHIX,SOUTHAMPTON,0,SOUTHAMPTON,HEALTHIX|SOUTHAMPTON
GRRHIO,Welnow,0,Welnow,GRRHIO|Welnow
HEALTHIX,PH,0,PH,HEALTHIX|PH
HIXNY,SHURG,0,SHURG,HIXNY|SHURG
HECDCS,SDMG,0,SDMG,HECDCS|SDMG
GRRHIO,MMHCS,0,MMHCS,GRRHIO|MMHCS
HECDCS,CROUSE-MED-PRAC,0,CROUSE-MED-PRAC,HECDCS|CROUSE-MED-PRAC
HEALTHIX,BTC,0,BTC,HEALTHIX|BTC
BRONX,VNS_HEALTH_HEALTH_PLANS,0,VNS HEALTH HEALTH PLANS,BRONX|VNS HEALTH HEALTH PLANS
GRRHIO,FMP,0,FMP,GRRHIO|FMP
HIXNY,EVNRAHCTDOC,0,EVNRAHCTDOC,HIXNY|EVNRAHCTDOC
HIXNY,EFHH,0,EFHH,HIXNY|EFHH
TXD,GSTROA,0,GSTROA,TXD|GSTROA
HIXNY,ADIRMEDDOC,0,ADIRMEDDOC,HIXNY|ADIRMEDDOC
HEALTHIX,NYPWCI,0,NYPWCI,HEALTHIX|NYPWCI
TXD,PCCHH,0,PCCHH,TXD|PCCHH
HECDCS,GENESEE-ORTHO,0,GENESEE-ORTHO,HECDCS|GENESEE-ORTHO
BRONX,RVRDALE_FAM_PRAC,0,RVRDALE FAM PRAC,BRONX|RVRDALE FAM PRAC
TXD,FHMS2PART2,0,FHMS2PART2,TXD|FHMS2PART2
HIXNY,1851341580,0,1851341580,HIXNY|1851341580
GRRHIO,RRH259,0,RRH259,GRRHIO|RRH259
GRRHIO,UR0341,0,UR0341,GRRHIO|UR0341
BRONX,J_AND_J_STAR_MEDICAL,0,J AND J STAR MEDICAL,BRONX|J AND J STAR MEDICAL
HEALTHIX,NYURADIOLOGY,0,NYURADIOLOGY,HEALTHIX|NYURADIOLOGY
HECDCS,ASC-LOURDES,0,ASC-LOURDES,HECDCS|ASC-LOURDES
HEALTHIX,AZSETTLEH,0,AZSETTLEH,HEALTHIX|AZSETTLEH
HIXNY,AGCPCNY,0,AGCPCNY,HIXNY|AGCPCNY
HEALTHIX,WIMD,0,WIMD,HEALTHIX|WIMD
HIXNY,RRHUHS,0,RRHUHS,HIXNY|RRHUHS
HIXNY,BHSN,0,BHSN,HIXNY|BHSN
HEALTHIX,IFH.DUPLICATE1,0,IFH,HEALTHIX|IFH
HIXNY,2,0,2,HIXNY|2
GRRHIO,UR2025,0,UR2025,GRRHIO|UR2025
HEALTHIX,SYDENHAM.DUPLICATE1,0,SYDENHAM,HEALTHIX|SYDENHAM
HEALTHIX,ELIH,0,ELIH,HEALTHIX|ELIH
HIXNY,PAPLDOC,0,PAPLDOC,HIXNY|PAPLDOC
HIXNY,AMHSAURO,0,AMHSAURO,HIXNY|AMHSAURO
GRRHIO,FMP2,0,FMP2,GRRHIO|FMP2
HEALTHIX,NYPALLEN,0,NYPALLEN,HEALTHIX|NYPALLEN
HEALTHIX,OBHSKJMC,0,OBHSKJMC,HEALTHIX|OBHSKJMC
HEALTHIX,AMOP,0,AMOP,HEALTHIX|AMOP
TXD,ONYIPA,0,ONYIPA,TXD|ONYIPA
HECDCS,TRI-STATE-BAR,0,TRI-STATE-BAR,HECDCS|TRI-STATE-BAR
GRRHIO,UR0916,0,UR0916,GRRHIO|UR0916
HEALTHIX,PBMG,0,PBMG,HEALTHIX|PBMG
HIXNY,GFHFM,0,GFHFM,HIXNY|GFHFM
HEALTHIX,BMHMC,0,BMHMC,HEALTHIX|BMHMC
HIXNY,CMH,0,CMH,HIXNY|CMH
TXD,SRA,0,SRA,TXD|SRA
GRRHIO,UR0934,0,UR0934,GRRHIO|UR0934
HECDCS,BS-ST-ANTHONYS,0,BS-ST-ANTHONYS,HECDCS|BS-ST-ANTHONYS
HEALTHIX,BIKH,0,BIKH,HEALTHIX|BIKH
HEALTHIX,NYQCA,0,NYQCA,HEALTHIX|NYQCA
HEALTHIX,RNRH,0,RNRH,HEALTHIX|RNRH
HEALTHIX,MJGHC,0,MJGHC,HEALTHIX|MJGHC
GRRHIO,UR0494,0,UR0494,GRRHIO|UR0494
GRRHIO,RRH320,0,RRH320,GRRHIO|RRH320
HECDCS,GASTRO-HEP,0,GASTRO-HEP,HECDCS|GASTRO-HEP
HIXNY,CCPHRSN,0,CCPHRSN,HIXNY|CCPHRSN
HIXNY,CPIMAGING,0,CPIMAGING,HIXNY|CPIMAGING
TXD,BRMC.DUPLICATE2,0,BRMC,TXD|BRMC
HEALTHIX,AZBMSFHC,0,AZBMSFHC,HEALTHIX|AZBMSFHC
HIXNY,ALBIMAGING,0,ALBIMAGING,HIXNY|ALBIMAGING
HECDCS,CMI,0,CMI,HECDCS|CMI
TXD,AMHRST,0,AMHRST,TXD|AMHRST
HIXNY,SMHA,0,SMHA,HIXNY|SMHA
HIXNY,SNTRRLABDS,0,SNTRRLABDS,HIXNY|SNTRRLABDS
GRRHIO,UR0186,0,UR0186,GRRHIO|UR0186
BRONX,CARDIOLOGY_UNLIMITED,0,CARDIOLOGY UNLIMITED,BRONX|CARDIOLOGY UNLIMITED
HECDCS,WEST-MIDHUDSON,0,WEST-MIDHUDSON,HECDCS|WEST-MIDHUDSON
HEALTHIX,WSMG,0,WSMG,HEALTHIX|WSMG
GRRHIO,UR0453,0,UR0453,GRRHIO|UR0453
GRRHIO,UR2168,0,UR2168,GRRHIO|UR2168
TXD,BUFGYN,0,BUFGYN,TXD|BUFGYN
BRONX,IMPERIAL_MEDICAL,0,IMPERIAL MEDICAL,BRONX|IMPERIAL MEDICAL
HIXNY,SPTIMTRMED,0,SPTIMTRMED,HIXNY|SPTIMTRMED
BRONX,ALVARO_RAMIREZ_PHYSICIAN,0,ALVARO RAMIREZ PHYSICIAN,BRONX|ALVARO RAMIREZ PHYSICIAN
GRRHIO,UMI2,0,UMI2,GRRHIO|UMI2
GRRHIO,UR1482,0,UR1482,GRRHIO|UR1482
HEALTHIX,KCMD,0,KCMD,HEALTHIX|KCMD
HEALTHIX,AZWKS,0,AZWKS,HEALTHIX|AZWKS
TXD,eMOLST.DUPLICATE3,0,eMOLST,TXD|eMOLST
HIXNY,SHPODHL7,0,SHPODHL7,HIXNY|SHPODHL7
GRRHIO,UR0175,0,UR0175,GRRHIO|UR0175
HECDCS,ROME-HLTH-CLIN,0,ROME-HLTH-CLIN,HECDCS|ROME-HLTH-CLIN
GRRHIO,ONAC,0,ONAC,GRRHIO|ONAC
GRRHIO,RRH499,0,RRH499,GRRHIO|RRH499
HEALTHIX,EXSCILGH,0,EXSCILGH,HEALTHIX|EXSCILGH
HEALTHIX,ACSS,0,ACSS,HEALTHIX|ACSS
GRRHIO,UR0607,0,UR0607,GRRHIO|UR0607
GRRHIO,RRH785,0,RRH785,GRRHIO|RRH785
GRRHIO,RRH989,0,RRH989,GRRHIO|RRH989
HEALTHIX,AZBMC,0,AZBMC,HEALTHIX|AZBMC
GRRHIO,RRH208,0,RRH208,GRRHIO|RRH208
GRRHIO,RR422,0,RR422,GRRHIO|RR422
HEALTHIX,TCCF,0,TCCF,HEALTHIX|TCCF
HEALTHIX,APGP,0,APGP,HEALTHIX|APGP
GRRHIO,RRH786,0,RRH786,GRRHIO|RRH786
GRRHIO,UR1738,0,UR1738,GRRHIO|UR1738
TXD,PCSHH,0,PCSHH,TXD|PCSHH
HEALTHIX,PHGO,0,PHGO,HEALTHIX|PHGO
HEALTHIX,HAHP,0,HAHP,HEALTHIX|HAHP
GRRHIO,RRH716,0,RRH716,GRRHIO|RRH716
HEALTHIX,CHLDCNY,0,CHLDCNY,HEALTHIX|CHLDCNY
HEALTHIX,ATME,0,ATME,HEALTHIX|ATME
HIXNY,SMHAJOHNHC,0,SMHAJOHNHC,HIXNY|SMHAJOHNHC
HIXNY,EXCELLUS,0,EXCELLUS,HIXNY|EXCELLUS
HEALTHIX,ACFHC,0,ACFHC,HEALTHIX|ACFHC
GRRHIO,UR2156,0,UR2156,GRRHIO|UR2156
HECDCS,COLON-RECTAL-CNY,0,COLON-RECTAL-CNY,HECDCS|COLON-RECTAL-CNY
GRRHIO,UR1768,0,UR1768,GRRHIO|UR1768
GRRHIO,RRH475,0,RRH475,GRRHIO|RRH475
GRRHIO,RR466,0,RR466,GRRHIO|RR466
GRRHIO,UR0936,0,UR0936,GRRHIO|UR0936
HIXNY,WMCCOVIDDOC,0,WMCCOVIDDOC,HIXNY|WMCCOVIDDOC
HIXNY,A2HBSNENY02,0,A2HBSNENY02,HIXNY|A2HBSNENY02
HIXNY,CMHRAPID,0,CMHRAPID,HIXNY|CMHRAPID
HIXNY,TACR,0,TACR,HIXNY|TACR
HEALTHIX,PG,0,PG,HEALTHIX|PG
HIXNY,AMHSAGAS,0,AMHSAGAS,HIXNY|AMHSAGAS
HEALTHIX,GAL,0,GAL,HEALTHIX|GAL
GRRHIO,RRH797,0,RRH797,GRRHIO|RRH797
BRONX,SM_HASNAYEN_MEDICAL_OFFICE,0,SM HASNAYEN MEDICAL OFFICE,BRONX|SM HASNAYEN MEDICAL OFFICE
GRRHIO,RRH274,0,RRH274,GRRHIO|RRH274
HIXNY,TCHOSCR,0,TCHOSCR,HIXNY|TCHOSCR
GRRHIO,UR0531,0,UR0531,GRRHIO|UR0531
GRRHIO,FLIPAFH,0,FLIPAFH,GRRHIO|FLIPAFH
HIXNY,HEALTHIXDAV,0,HEALTHIXDAV,HIXNY|HEALTHIXDAV
GRRHIO,WCCHS3,0,WCCHS3,GRRHIO|WCCHS3
TXD,AXIS,0,AXIS,TXD|AXIS
HEALTHIX,CCNS,0,CCNS,HEALTHIX|CCNS
HIXNY,WMCAPSENTHA,0,WMCAPSENTHA,HIXNY|WMCAPSENTHA
HECDCS,PULASKI-UC,0,PULASKI-UC,HECDCS|PULASKI-UC
HIXNY,SNTRRADONCDOC,0,SNTRRADONCDOC,HIXNY|SNTRRADONCDOC
GRRHIO,RRH547,0,RRH547,GRRHIO|RRH547
HEALTHIX,SMFPC,0,SMFPC,HEALTHIX|SMFPC
HEALTHIX,PIPC,0,PIPC,HEALTHIX|PIPC
TXD,EAFP,0,EAFP,TXD|EAFP
HIXNY,WMCOPDCORR,0,WMCOPDCORR,HIXNY|WMCOPDCORR
HIXNY,GFHGSHL7,0,GFHGSHL7,HIXNY|GFHGSHL7
GRRHIO,WNYIL.DUPLICATE,0,WNYIL,GRRHIO|WNYIL
GRRHIO,UR0114,0,UR0114,GRRHIO|UR0114
TXD,CAREAH,0,CAREAH,TXD|CAREAH
TXD,JONES,0,JONES,TXD|JONES
HEALTHIX,WHMC.DUPLICATE1,0,WHMC,HEALTHIX|WHMC
TXD,CIPA,0,CIPA,TXD|CIPA
HEALTHIX,ECWPED2000,0,ECWPED2000,HEALTHIX|ECWPED2000
HIXNY,SPHCS,0,SPHCS,HIXNY|SPHCS
GRRHIO,UR0614,0,UR0614,GRRHIO|UR0614
HIXNY,SNTWDPEDDOC,0,SNTWDPEDDOC,HIXNY|SNTWDPEDDOC
GRRHIO,RRH796,0,RRH796,GRRHIO|RRH796
HIXNY,227180,0,227180,HIXNY|227180
TXD,GLPP,0,GLPP,TXD|GLPP
HECDCS,WEST-HEALTH-CARE,0,WEST-HEALTH-CARE,HECDCS|WEST-HEALTH-CARE
TXD,BROOKS,0,BROOKS,TXD|BROOKS
HEALTHIX,ADLAB,0,ADLAB,HEALTHIX|ADLAB
TXD,CEDAR,0,CEDAR,TXD|CEDAR
HEALTHIX,JCRESP,0,JCRESP,HEALTHIX|JCRESP
HIXNY,1801983788,0,1801983788,HIXNY|1801983788
HIXNY,1801969043,0,1801969043,HIXNY|1801969043
TXD,SLPINS,0,SLPINS,TXD|SLPINS
HECDCS,CLAX-HEP-CPSI,0,CLAX-HEP-CPSI,HECDCS|CLAX-HEP-CPSI
GRRHIO,UR0033,0,UR0033,GRRHIO|UR0033
BRONX,JANLIAN_MEDICAL_GROUP,0,JANLIAN MEDICAL GROUP,BRONX|JANLIAN MEDICAL GROUP
GRRHIO,RRH792,0,RRH792,GRRHIO|RRH792
HIXNY,SPPDBPULCCS,0,SPPDBPULCCS,HIXNY|SPPDBPULCCS
TXD,FRSTRM,0,FRSTRM,TXD|FRSTRM
HIXNY,SPMOBHPSURDOC,0,SPMOBHPSURDOC,HIXNY|SPMOBHPSURDOC
TXD,LDPEDS,0,LDPEDS,TXD|LDPEDS
GRRHIO,UR0719,0,UR0719,GRRHIO|UR0719
HEALTHIX,TRMH,0,TRMH,HEALTHIX|TRMH
HECDCS,TOMPKINS-CTY,0,TOMPKINS-CTY,HECDCS|TOMPKINS-CTY
GRRHIO,RR360,0,RR360,GRRHIO|RR360
HIXNY,GANNY,0,GANNY,HIXNY|GANNY
HEALTHIX,HWORKS,0,HWORKS,HEALTHIX|HWORKS
HIXNY,NLIDOC,0,NLIDOC,HIXNY|NLIDOC
GRRHIO,RRH367,0,RRH367,GRRHIO|RRH367
HIXNY,PAPLDIABEND,0,PAPLDIABEND,HIXNY|PAPLDIABEND
TXD,STGAST,0,STGAST,TXD|STGAST
GRRHIO,RRH816,0,RRH816,GRRHIO|RRH816
GRRHIO,RR358,0,RR358,GRRHIO|RR358
TXD,CASATI,0,CASATI,TXD|CASATI
GRRHIO,RRH678,0,RRH678,GRRHIO|RRH678
HEALTHIX,PMEC,0,PMEC,HEALTHIX|PMEC
HEALTHIX,DHH,0,DHH,HEALTHIX|DHH
HEALTHIX,HPMEDI,0,HPMEDI,HEALTHIX|HPMEDI
BRONX,EASTERN_PARK_MEDICAL_SERVICES,0,EASTERN PARK MEDICAL SERVICES,BRONX|EASTERN PARK MEDICAL SERVICES
HEALTHIX,NALI,0,NALI,HEALTHIX|NALI
GRRHIO,RRH425,0,RRH425,GRRHIO|RRH425
GRRHIO,UR0937,0,UR0937,GRRHIO|UR0937
HECDCS,CASA-TRINITY,0,CASA-TRINITY,HECDCS|CASA-TRINITY
HECDCS,CATHY-J-BERRY,0,CATHY-J-BERRY,HECDCS|CATHY-J-BERRY
GRRHIO,EPEDS,0,EPEDS,GRRHIO|EPEDS
TXD,GENPED,0,GENPED,TXD|GENPED
HEALTHIX,AMG.DUPLICATE1,0,AMG,HEALTHIX|AMG
GRRHIO,RRH296,0,RRH296,GRRHIO|RRH296
HIXNY,1770922130,0,1770922130,HIXNY|1770922130
GRRHIO,IPEDS2,0,IPEDS2,GRRHIO|IPEDS2
HECDCS,TRUMANSBURG-FAM,0,TRUMANSBURG-FAM,HECDCS|TRUMANSBURG-FAM
GRRHIO,UR0438,0,UR0438,GRRHIO|UR0438
GRRHIO,RMT2,0,RMT2,GRRHIO|RMT2
HECDCS,21-READE-PLACE,0,21-READE-PLACE,HECDCS|21-READE-PLACE
GRRHIO,UR0190,0,UR0190,GRRHIO|UR0190
GRRHIO,UR1523,0,UR1523,GRRHIO|UR1523
HEALTHIX,GPGPC,0,GPGPC,HEALTHIX|GPGPC
HIXNY,SNMEDMED,0,SNMEDMED,HIXNY|SNMEDMED
BRONX,GREENPOINT_PEDIATRIC,0,GREENPOINT PEDIATRIC,BRONX|GREENPOINT PEDIATRIC
GRRHIO,RRH707,0,RRH707,GRRHIO|RRH707
GRRHIO,RRH313,0,RRH313,GRRHIO|RRH313
GRRHIO,UR0706,0,UR0706,GRRHIO|UR0706
GRRHIO,RRH521,0,RRH521,GRRHIO|RRH521
GRRHIO,RR432,0,RR432,GRRHIO|RR432
GRRHIO,RR658,0,RR658,GRRHIO|RR658
HIXNY,SPPHYSREHABDOC,0,SPPHYSREHABDOC,HIXNY|SPPHYSREHABDOC
HIXNY,WMCAPSNEPHA,0,WMCAPSNEPHA,HIXNY|WMCAPSNEPHA
GRRHIO,RRH807,0,RRH807,GRRHIO|RRH807
TXD,ECMC2PART2,0,ECMC2PART2,TXD|ECMC2PART2
TXD,GLBHC,0,GLBHC,TXD|GLBHC
GRRHIO,RRH298,0,RRH298,GRRHIO|RRH298
TXD,URMED,0,URMED,TXD|URMED
HIXNY,CVPHENDOCRN,0,CVPHENDOCRN,HIXNY|CVPHENDOCRN
GRRHIO,UR0860,0,UR0860,GRRHIO|UR0860
HEALTHIX,ECWDMA,0,ECWDMA,HEALTHIX|ECWDMA
HEALTHIX,PHORNCC,0,PHORNCC,HEALTHIX|PHORNCC
HIXNY,SHSURGHL7,0,SHSURGHL7,HIXNY|SHSURGHL7
GRRHIO,UR2060,0,UR2060,GRRHIO|UR2060
GRRHIO,RRH311,0,RRH311,GRRHIO|RRH311
HIXNY,CVPHCARDIODOC,0,CVPHCARDIODOC,HIXNY|CVPHCARDIODOC
BRONX,HELEN_H_CHEN,0,HELEN H CHEN,BRONX|HELEN H CHEN
GRRHIO,UR2295,0,UR2295,GRRHIO|UR2295
HIXNY,SPIMAMED,0,SPIMAMED,HIXNY|SPIMAMED
HIXNY,1710931837,0,1710931837,HIXNY|1710931837
HIXNY,SHPULHL7,0,SHPULHL7,HIXNY|SHPULHL7
GRRHIO,PPSFL,0,PPSFL,GRRHIO|PPSFL
HEALTHIX,DFHC,0,DFHC,HEALTHIX|DFHC
HEALTHIX,SKWH,0,SKWH,HEALTHIX|SKWH
GRRHIO,RR657,0,RR657,GRRHIO|RR657
HIXNY,AMGPCCCAR,0,AMGPCCCAR,HIXNY|AMGPCCCAR
HIXNY,FOHUDDELTA,0,FOHUDDELTA,HIXNY|FOHUDDELTA
GRRHIO,RR236,0,RR236,GRRHIO|RR236
GRRHIO,UR1946,0,UR1946,GRRHIO|UR1946
GRRHIO,PPAM.DUPLICATE,0,PPAM,GRRHIO|PPAM
GRRHIO,UR0124,0,UR0124,GRRHIO|UR0124
HEALTHIX,DRETF,0,DRETF,HEALTHIX|DRETF
GRRHIO,UR2147,0,UR2147,GRRHIO|UR2147
HECDCS,CIRCARE,0,CIRCARE,HECDCS|CIRCARE
HIXNY,BELONGACO,0,BELONGACO,HIXNY|BELONGACO
HEALTHIX,GFMEP,0,GFMEP,HEALTHIX|GFMEP
HIXNY,IMATCRS,0,IMATCRS,HIXNY|IMATCRS
HIXNY,STPLMAMMODOC,0,STPLMAMMODOC,HIXNY|STPLMAMMODOC
HIXNY,PAPL315,0,PAPL315,HIXNY|PAPL315
HIXNY,BAPTDOC,0,BAPTDOC,HIXNY|BAPTDOC
HEALTHIX,PABK,0,PABK,HEALTHIX|PABK
HIXNY,WMCAPSNEPO,0,WMCAPSNEPO,HIXNY|WMCAPSNEPO
BRONX,L_BUKHMAN,0,L BUKHMAN,BRONX|L BUKHMAN
HEALTHIX,BHH,0,BHH,HEALTHIX|BHH
GRRHIO,RRH509,0,RRH509,GRRHIO|RRH509
GRRHIO,AFCC,0,AFCC,GRRHIO|AFCC
GRRHIO,UR0972,0,UR0972,GRRHIO|UR0972
HIXNY,SPCABLABDS,0,SPCABLABDS,HIXNY|SPCABLABDS
GRRHIO,UMI3,0,UMI3,GRRHIO|UMI3
HIXNY,GFHNEURO,0,GFHNEURO,HIXNY|GFHNEURO
HEALTHIX,KENO,0,KENO,HEALTHIX|KENO
BRONX,BETHEL_MEDICAL_PRACTICE,0,BETHEL MEDICAL PRACTICE,BRONX|BETHEL MEDICAL PRACTICE
HECDCS,FAIRGROUNDS-FAM,0,FAIRGROUNDS-FAM,HECDCS|FAIRGROUNDS-FAM
BRONX,GLOBAL_MEDICAL_CARE_ASSOC,0,GLOBAL MEDICAL CARE ASSOC,BRONX|GLOBAL MEDICAL CARE ASSOC
BRONX,HHAR-LHCSA,0,HHAR-LHCSA,BRONX|HHAR-LHCSA
GRRHIO,TRMMPC,0,TRMMPC,GRRHIO|TRMMPC
HEALTHIX,CSMA,0,CSMA,HEALTHIX|CSMA
HIXNY,CONCERTO,0,CONCERTO,HIXNY|CONCERTO
HIXNY,WMCAPSWHNWI,0,WMCAPSWHNWI,HIXNY|WMCAPSWHNWI
BRONX,MEERA_S_BOPPANA,0,MEERA S BOPPANA,BRONX|MEERA S BOPPANA
GRRHIO,UR1645,0,UR1645,GRRHIO|UR1645
TXD,MIDTEM,0,MIDTEM,TXD|MIDTEM
GRRHIO,UR2059,0,UR2059,GRRHIO|UR2059
HECDCS,CHILD-HOME-JEFF,0,CHILD-HOME-JEFF,HECDCS|CHILD-HOME-JEFF
HEALTHIX,CPMP,0,CPMP,HEALTHIX|CPMP
GRRHIO,WGCA,0,WGCA,GRRHIO|WGCA
GRRHIO,UR0982,0,UR0982,GRRHIO|UR0982
HECDCS,MAN-PSYCH,0,MAN-PSYCH,HECDCS|MAN-PSYCH
GRRHIO,GRN,0,GRN,GRRHIO|GRN
HEALTHIX,BKSP,0,BKSP,HEALTHIX|BKSP
HIXNY,GFHURO,0,GFHURO,HIXNY|GFHURO
HECDCS,OSWEGO-CTY,0,OSWEGO-CTY,HECDCS|OSWEGO-CTY
HIXNY,WMCAPSUROHADOC,0,WMCAPSUROHADOC,HIXNY|WMCAPSUROHADOC
HEALTHIX,ARMCC,0,ARMCC,HEALTHIX|ARMCC
GRRHIO,AMG2,0,AMG2,GRRHIO|AMG2
HECDCS,HUTCHINGS-PSYCH,0,HUTCHINGS-PSYCH,HECDCS|HUTCHINGS-PSYCH
HIXNY,AMHSAPULM,0,AMHSAPULM,HIXNY|AMHSAPULM
GRRHIO,UR2186,0,UR2186,GRRHIO|UR2186
HEALTHIX,DPMPC,0,DPMPC,HEALTHIX|DPMPC
HIXNY,WMCIPBH,0,WMCIPBH,HIXNY|WMCIPBH
HEALTHIX,ELASH,0,ELASH,HEALTHIX|ELASH
GRRHIO,UR2004,0,UR2004,GRRHIO|UR2004
BRONX,CRYSTAL_MEDICAL_CARE,0,CRYSTAL MEDICAL CARE,BRONX|CRYSTAL MEDICAL CARE
GRRHIO,UR0679,0,UR0679,GRRHIO|UR0679
HEALTHIX,XIZH,0,XIZH,HEALTHIX|XIZH
GRRHIO,UR1794,0,UR1794,GRRHIO|UR1794
TXD,BPCACT,0,BPCACT,TXD|BPCACT
GRRHIO,RR623,0,RR623,GRRHIO|RR623
GRRHIO,SCDN,0,SCDN,GRRHIO|SCDN
GRRHIO,UR1611,0,UR1611,GRRHIO|UR1611
HIXNY,WMCAPSNEUHADOC,0,WMCAPSNEUHADOC,HIXNY|WMCAPSNEUHADOC
GRRHIO,UR1702,0,UR1702,GRRHIO|UR1702
GRRHIO,RRH643,0,RRH643,GRRHIO|RRH643
GRRHIO,UR2285,0,UR2285,GRRHIO|UR2285
GRRHIO,VOH,0,VOH,GRRHIO|VOH
HEALTHIX,IPED,0,IPED,HEALTHIX|IPED
BRONX,MAIN_STREET_PEDIATRICS,0,MAIN STREET PEDIATRICS,BRONX|MAIN STREET PEDIATRICS
GRRHIO,UR2098,0,UR2098,GRRHIO|UR2098
GRRHIO,UR0985,0,UR0985,GRRHIO|UR0985
GRRHIO,RR264,0,RR264,GRRHIO|RR264
BRONX,AMSTERDAM_PEDIATRICS,0,AMSTERDAM PEDIATRICS,BRONX|AMSTERDAM PEDIATRICS
GRRHIO,UR0167,0,UR0167,GRRHIO|UR0167
HIXNY,SNTRBEHAVI,0,SNTRBEHAVI,HIXNY|SNTRBEHAVI
HEALTHIX,DEVALV,0,DEVALV,HEALTHIX|DEVALV
BRONX,DAVID_LAZALA,0,DAVID LAZALA,BRONX|DAVID LAZALA
HIXNY,AMGPCCWH,0,AMGPCCWH,HIXNY|AMGPCCWH
HIXNY,CPMGPOBGYN,0,CPMGPOBGYN,HIXNY|CPMGPOBGYN
GRRHIO,RR200,0,RR200,GRRHIO|RR200
HECDCS,CAY-COMM-MH,0,CAY-COMM-MH,HECDCS|CAY-COMM-MH
HIXNY,GOIDOC,0,GOIDOC,HIXNY|GOIDOC
HIXNY,ECHECPC,0,ECHECPC,HIXNY|ECHECPC
HECDCS,GLEN-ISLAND-CTR,0,GLEN-ISLAND-CTR,HECDCS|GLEN-ISLAND-CTR
GRRHIO,UR0997,0,UR0997,GRRHIO|UR0997
HEALTHIX,SLFHN,0,SLFHN,HEALTHIX|SLFHN
GRRHIO,UR1100,0,UR1100,GRRHIO|UR1100
HIXNY,AMHSAPEDHL7,0,AMHSAPEDHL7,HIXNY|AMHSAPEDHL7
TXD,HNSTEV,0,HNSTEV,TXD|HNSTEV
HEALTHIX,AHSL,0,AHSL,HEALTHIX|AHSL
GRRHIO,UR1253,0,UR1253,GRRHIO|UR1253
BRONX,FLUSHING_ANESTHESIA_PAIN_MGMT,0,FLUSHING ANESTHESIA PAIN MGMT,BRONX|FLUSHING ANESTHESIA PAIN MGMT
HEALTHIX,CABSHOME,0,CABSHOME,HEALTHIX|CABSHOME
GRRHIO,RRH990,0,RRH990,GRRHIO|RRH990
HECDCS,FORME-MED,0,FORME-MED,HECDCS|FORME-MED
GRRHIO,TCPED2,0,TCPED2,GRRHIO|TCPED2
HEALTHIX,CHCC,0,CHCC,HEALTHIX|CHCC
GRRHIO,UR1158,0,UR1158,GRRHIO|UR1158
GRRHIO,UR0657,0,UR0657,GRRHIO|UR0657
HIXNY,RRHRHSP2,0,RRHRHSP2,HIXNY|RRHRHSP2
HIXNY,WMCKC19DOC,0,WMCKC19DOC,HIXNY|WMCKC19DOC
HIXNY,MHPSYCHAND,0,MHPSYCHAND,HIXNY|MHPSYCHAND
HIXNY,WMCAPSHOHADOC,0,WMCAPSHOHADOC,HIXNY|WMCAPSHOHADOC
GRRHIO,UR2039,0,UR2039,GRRHIO|UR2039
TXD,PFMD,0,PFMD,TXD|PFMD
HEALTHIX,GLHC.DUPLICATE,0,GLHC,HEALTHIX|GLHC
HIXNY,AMPPCCPED,0,AMPPCCPED,HIXNY|AMPPCCPED
GRRHIO,RRH805,0,RRH805,GRRHIO|RRH805
GRRHIO,RR403,0,RR403,GRRHIO|RR403
GRRHIO,UR0202,0,UR0202,GRRHIO|UR0202
HECDCS,ONEIDA-COUNTY,0,ONEIDA-COUNTY,HECDCS|ONEIDA-COUNTY
GRRHIO,UR0292,0,UR0292,GRRHIO|UR0292
HIXNY,WMCAPSORTPO,0,WMCAPSORTPO,HIXNY|WMCAPSORTPO
HIXNY,6714,0,6714,HIXNY|6714
GRRHIO,UR0221,0,UR0221,GRRHIO|UR0221
BRONX,AHMADUR_RAHMAN,0,AHMADUR RAHMAN,BRONX|AHMADUR RAHMAN
HIXNY,SPVACP,0,SPVACP,HIXNY|SPVACP
HECDCS,CHP-ARLEO-EYE,0,CHP-ARLEO-EYE,HECDCS|CHP-ARLEO-EYE
GRRHIO,UR0159,0,UR0159,GRRHIO|UR0159
HECDCS,PP-NORTH-CTRY,0,PP-NORTH-CTRY,HECDCS|PP-NORTH-CTRY
HIXNY,SHBARIHL7,0,SHBARIHL7,HIXNY|SHBARIHL7
GRRHIO,UR1148,0,UR1148,GRRHIO|UR1148
HECDCS,VISITING-DOCS,0,VISITING-DOCS,HECDCS|VISITING-DOCS
GRRHIO,UR1789,0,UR1789,GRRHIO|UR1789
HEALTHIX,KMSP,0,KMSP,HEALTHIX|KMSP
GRRHIO,UR1671,0,UR1671,GRRHIO|UR1671
GRRHIO,UR1006,0,UR1006,GRRHIO|UR1006
GRRHIO,MFCI,0,MFCI,GRRHIO|MFCI
HEALTHIX,SLBH,0,SLBH,HEALTHIX|SLBH
GRRHIO,RRH078,0,RRH078,GRRHIO|RRH078
GRRHIO,UR1670,0,UR1670,GRRHIO|UR1670
HEALTHIX,EAMO,0,EAMO,HEALTHIX|EAMO
HIXNY,SPRHCHLTHCDOC,0,SPRHCHLTHCDOC,HIXNY|SPRHCHLTHCDOC
BRONX,AKASH_MEDICAL_CARE,0,AKASH MEDICAL CARE,BRONX|AKASH MEDICAL CARE
HEALTHIX,OZHALL,0,OZHALL,HEALTHIX|OZHALL
HIXNY,6199ALERT,0,6199ALERT,HIXNY|6199ALERT
GRRHIO,RR471,0,RR471,GRRHIO|RR471
TXD,NGRAPT,0,NGRAPT,TXD|NGRAPT
HIXNY,VNA,0,VNA,HIXNY|VNA
HIXNY,GRANDPAWLDOC,0,GRANDPAWLDOC,HIXNY|GRANDPAWLDOC
BRONX,SUNRISE_MEDICAL,0,SUNRISE MEDICAL,BRONX|SUNRISE MEDICAL
HEALTHIX,SYCHIN,0,SYCHIN,HEALTHIX|SYCHIN
GRRHIO,RRH633,0,RRH633,GRRHIO|RRH633
HIXNY,CDNYCR,0,CDNYCR,HIXNY|CDNYCR
GRRHIO,RRH402,0,RRH402,GRRHIO|RRH402
BRONX,AMAZING_MEDICAL_SRVCS,0,AMAZING MEDICAL SRVCS,BRONX|AMAZING MEDICAL SRVCS
BRONX,UHP,0,UHP,BRONX|UHP
HEALTHIX,AAMH,0,AAMH,HEALTHIX|AAMH
GRRHIO,UR0406,0,UR0406,GRRHIO|UR0406
TXD,UNV,0,UNV,TXD|UNV
HIXNY,AMALDOC,0,AMALDOC,HIXNY|AMALDOC
BRONX,VINAY_J_SHAH,0,VINAY J SHAH,BRONX|VINAY J SHAH
GRRHIO,RR473,0,RR473,GRRHIO|RR473
TXD,HNWLSB,0,HNWLSB,TXD|HNWLSB
GRRHIO,RR578,0,RR578,GRRHIO|RR578
GRRHIO,UR0859,0,UR0859,GRRHIO|UR0859
GRRHIO,PPG,0,PPG,GRRHIO|PPG
HIXNY,SPNEUNEUDOC,0,SPNEUNEUDOC,HIXNY|SPNEUNEUDOC
GRRHIO,RRH308,0,RRH308,GRRHIO|RRH308
HIXNY,GUILDEMS,0,GUILDEMS,HIXNY|GUILDEMS
GRRHIO,UR0826,0,UR0826,GRRHIO|UR0826
HEALTHIX,ECWJGBRC,0,ECWJGBRC,HEALTHIX|ECWJGBRC
HIXNY,1700966801SA,0,1700966801SA,HIXNY|1700966801SA
HIXNY,1932279049,0,1932279049,HIXNY|1932279049
GRRHIO,UR0131,0,UR0131,GRRHIO|UR0131
HIXNY,SPWABMEDDOC,0,SPWABMEDDOC,HIXNY|SPWABMEDDOC
GRRHIO,RR407,0,RR407,GRRHIO|RR407
BRONX,EAST_HAVEN_NURSING_AND_REHAB,0,EAST HAVEN NURSING AND REHAB,BRONX|EAST HAVEN NURSING AND REHAB
GRRHIO,UR0217,0,UR0217,GRRHIO|UR0217
HIXNY,NASCENTIAHO,0,NASCENTIAHO,HIXNY|NASCENTIAHO
HEALTHIX,BBALO,0,BBALO,HEALTHIX|BBALO
GRRHIO,RRH597,0,RRH597,GRRHIO|RRH597
HIXNY,CPFAMPRACDOC,0,CPFAMPRACDOC,HIXNY|CPFAMPRACDOC
BRONX,ORG_MEDICAL,0,ORG MEDICAL,BRONX|ORG MEDICAL
HIXNY,WMCAPSENTP,0,WMCAPSENTP,HIXNY|WMCAPSENTP
GRRHIO,SHHEC,0,SHHEC,GRRHIO|SHHEC
HIXNY,SHBARI,0,SHBARI,HIXNY|SHBARI
GRRHIO,RRH338,0,RRH338,GRRHIO|RRH338
HIXNY,1528283132,0,1528283132,HIXNY|1528283132
GRRHIO,CENTL,0,CENTL,GRRHIO|CENTL
HIXNY,SMHAGLOVHC,0,SMHAGLOVHC,HIXNY|SMHAGLOVHC
GRRHIO,RRH665,0,RRH665,GRRHIO|RRH665
HEALTHIX,ECWHHHFQHC,0,ECWHHHFQHC,HEALTHIX|ECWHHHFQHC
GRRHIO,UR2166,0,UR2166,GRRHIO|UR2166
HEALTHIX,WMP,0,WMP,HEALTHIX|WMP
GRRHIO,UR2014,0,UR2014,GRRHIO|UR2014
HEALTHIX,MEND,0,MEND,HEALTHIX|MEND
TXD,SHERMG,0,SHERMG,TXD|SHERMG
HEALTHIX,MORNNR,0,MORNNR,HEALTHIX|MORNNR
GRRHIO,RRH370,0,RRH370,GRRHIO|RRH370
HIXNY,AMHSANSRHL7,0,AMHSANSRHL7,HIXNY|AMHSANSRHL7
HEALTHIX,PED2000,0,PED2000,HEALTHIX|PED2000
GRRHIO,RRH091,0,RRH091,GRRHIO|RRH091
HECDCS,ST-JOHNS-RIVER-2,0,ST-JOHNS-RIVER-2,HECDCS|ST-JOHNS-RIVER-2
HIXNY,SARATOGFAM,0,SARATOGFAM,HIXNY|SARATOGFAM
GRRHIO,RR445,0,RR445,GRRHIO|RR445
HIXNY,1386730752,0,1386730752,HIXNY|1386730752
BRONX,ESSEN_NH,0,ESSEN NH,BRONX|ESSEN NH
BRONX,VIP_BH,0,VIP BH,BRONX|VIP BH
HIXNY,AMHSAOBMFM,0,AMHSAOBMFM,HIXNY|AMHSAOBMFM
GRRHIO,MSMDP,0,MSMDP,GRRHIO|MSMDP
GRRHIO,RR51,0,RR51,GRRHIO|RR51
HEALTHIX,BRSMD,0,BRSMD,HEALTHIX|BRSMD
HEALTHIX,STHEALTH,0,STHEALTH,HEALTHIX|STHEALTH
GRRHIO,UR1584,0,UR1584,GRRHIO|UR1584
HEALTHIX,WEZH,0,WEZH,HEALTHIX|WEZH
GRRHIO,UR0769,0,UR0769,GRRHIO|UR0769
HIXNY,WILTONEMS,0,WILTONEMS,HIXNY|WILTONEMS
HEALTHIX,PMKP,0,PMKP,HEALTHIX|PMKP
HEALTHIX,ENNRC,0,ENNRC,HEALTHIX|ENNRC
TXD,TMGAUT,0,TMGAUT,TXD|TMGAUT
HEALTHIX,CCOB,0,CCOB,HEALTHIX|CCOB
HIXNY,SPHRBBARIAT,0,SPHRBBARIAT,HIXNY|SPHRBBARIAT
BRONX,SVTN,0,SVTN,BRONX|SVTN
GRRHIO,UR1800,0,UR1800,GRRHIO|UR1800
GRRHIO,UR1940,0,UR1940,GRRHIO|UR1940
GRRHIO,GGR,0,GGR,GRRHIO|GGR
GRRHIO,UR0126,0,UR0126,GRRHIO|UR0126
HEALTHIX,BCCS,0,BCCS,HEALTHIX|BCCS
GRRHIO,UR1730,0,UR1730,GRRHIO|UR1730
GRRHIO,UR0192,0,UR0192,GRRHIO|UR0192
TXD,ECDOH2PART2,0,ECDOH2PART2,TXD|ECDOH2PART2
GRRHIO,FLPJTP,0,FLPJTP,GRRHIO|FLPJTP
HECDCS,VNS-ITHACA-TOMP,0,VNS-ITHACA-TOMP,HECDCS|VNS-ITHACA-TOMP
GRRHIO,UR0218,0,UR0218,GRRHIO|UR0218
HIXNY,SHENTHL7,0,SHENTHL7,HIXNY|SHENTHL7
HIXNY,SPHRBBARIATDOC,0,SPHRBBARIATDOC,HIXNY|SPHRBBARIATDOC
HIXNY,SPCCTRADONC,0,SPCCTRADONC,HIXNY|SPCCTRADONC
HECDCS,HURLEY-AVE-FAM,0,HURLEY-AVE-FAM,HECDCS|HURLEY-AVE-FAM
HEALTHIX,ECWOHPP,0,ECWOHPP,HEALTHIX|ECWOHPP
GRRHIO,RR283,0,RR283,GRRHIO|RR283
BRONX,YUAN_CONG_WANG,0,YUAN CONG WANG,BRONX|YUAN CONG WANG
GRRHIO,RR378,0,RR378,GRRHIO|RR378
GRRHIO,RR554,0,RR554,GRRHIO|RR554
BRONX,TIGA_PEDIATRICS,0,TIGA PEDIATRICS,BRONX|TIGA PEDIATRICS
HIXNY,1992350961,0,1992350961,HIXNY|1992350961
HECDCS,THRIVE,0,THRIVE,HECDCS|THRIVE
GRRHIO,UR0612,0,UR0612,GRRHIO|UR0612
HIXNY,18107,0,18107,HIXNY|18107
GRRHIO,BNSPC2,0,BNSPC2,GRRHIO|BNSPC2
GRRHIO,VMFD,0,VMFD,GRRHIO|VMFD
GRRHIO,UR2319,0,UR2319,GRRHIO|UR2319
HIXNY,WMCAPSOBSUDOC,0,WMCAPSOBSUDOC,HIXNY|WMCAPSOBSUDOC
GRRHIO,RRH412,0,RRH412,GRRHIO|RRH412
HIXNY,ELLENVILLEDOC,0,ELLENVILLEDOC,HIXNY|ELLENVILLEDOC
GRRHIO,RRH790,0,RRH790,GRRHIO|RRH790
GRRHIO,UR0741,0,UR0741,GRRHIO|UR0741
HIXNY,SPMGPSTPBRSDOC,0,SPMGPSTPBRSDOC,HIXNY|SPMGPSTPBRSDOC
BRONX,GEORGE_HALL,0,GEORGE HALL,BRONX|GEORGE HALL
HIXNY,HECTCMG,0,HECTCMG,HIXNY|HECTCMG
HEALTHIX,HCDO,0,HCDO,HEALTHIX|HCDO
GRRHIO,UR0566,0,UR0566,GRRHIO|UR0566
BRONX,YAN_FENG_CHEN,0,YAN FENG CHEN,BRONX|YAN FENG CHEN
HIXNY,WMCOPDMEDS,0,WMCOPDMEDS,HIXNY|WMCOPDMEDS
GRRHIO,UR1728,0,UR1728,GRRHIO|UR1728
GRRHIO,RRH469,0,RRH469,GRRHIO|RRH469
GRRHIO,RR527,0,RR527,GRRHIO|RR527
HEALTHIX,ASDNY,0,ASDNY,HEALTHIX|ASDNY
HIXNY,WMCBSMGHFP,0,WMCBSMGHFP,HIXNY|WMCBSMGHFP
GRRHIO,UR0959,0,UR0959,GRRHIO|UR0959
GRRHIO,RR388,0,RR388,GRRHIO|RR388
HIXNY,TERESIAN,0,TERESIAN,HIXNY|TERESIAN
GRRHIO,RRH708,0,RRH708,GRRHIO|RRH708
GRRHIO,UR0356,0,UR0356,GRRHIO|UR0356
BRONX,MS_ALAM_MEDICAL_CARE,0,MS ALAM MEDICAL CARE,BRONX|MS ALAM MEDICAL CARE
GRRHIO,RRH800,0,RRH800,GRRHIO|RRH800
GRRHIO,UR1715,0,UR1715,GRRHIO|UR1715
HIXNY,SETONREHABCPDOC,0,SETONREHABCPDOC,HIXNY|SETONREHABCPDOC
GRRHIO,UR0232,0,UR0232,GRRHIO|UR0232
GRRHIO,UR0128,0,UR0128,GRRHIO|UR0128
HIXNY,SHALLER,0,SHALLER,HIXNY|SHALLER
GRRHIO,RRH381,0,RRH381,GRRHIO|RRH381
GRRHIO,RRH056,0,RRH056,GRRHIO|RRH056
HIXNY,ELLSBHIPC,0,ELLSBHIPC,HIXNY|ELLSBHIPC
HIXNY,WMCAPSOBPODOC,0,WMCAPSOBPODOC,HIXNY|WMCAPSOBPODOC
GRRHIO,RRH579,0,RRH579,GRRHIO|RRH579
HIXNY,WMCAPSENDKIDOC,0,WMCAPSENDKIDOC,HIXNY|WMCAPSENDKIDOC
HIXNY,SNTPSLABDS,0,SNTPSLABDS,HIXNY|SNTPSLABDS
HEALTHIX,PPCPC,0,PPCPC,HEALTHIX|PPCPC
GRRHIO,UR1742,0,UR1742,GRRHIO|UR1742
HECDCS,NORTH-LIGHTS,0,NORTH-LIGHTS,HECDCS|NORTH-LIGHTS
HEALTHIX,ZPZHOU,0,ZPZHOU,HEALTHIX|ZPZHOU
GRRHIO,UR2169,0,UR2169,GRRHIO|UR2169
HEALTHIX,CHVA,0,CHVA,HEALTHIX|CHVA
GRRHIO,EMSGRCAS,0,EMSGRCAS,GRRHIO|EMSGRCAS
HECDCS,NAJI-EL-KHOURY,0,NAJI-EL-KHOURY,HECDCS|NAJI-EL-KHOURY
GRRHIO,RR588,0,RR588,GRRHIO|RR588
HECDCS,NORTH-WEST-REST,0,NORTH-WEST-REST,HECDCS|NORTH-WEST-REST
HEALTHIX,ECWLESFM,0,ECWLESFM,HEALTHIX|ECWLESFM
HEALTHIX,ECWWITA,0,ECWWITA,HEALTHIX|ECWWITA
GRRHIO,RR7,0,RR7,GRRHIO|RR7
GRRHIO,UR0773,0,UR0773,GRRHIO|UR0773
HIXNY,MMGLOUISFH,0,MMGLOUISFH,HIXNY|MMGLOUISFH
GRRHIO,RRH914,0,RRH914,GRRHIO|RRH914
HEALTHIX,PAVQRN,0,PAVQRN,HEALTHIX|PAVQRN
HECDCS,CNY-FACIAL-SURG,0,CNY-FACIAL-SURG,HECDCS|CNY-FACIAL-SURG
HEALTHIX,RHILLS,0,RHILLS,HEALTHIX|RHILLS
BRONX,TRUE_CARE_MEDICAL,0,TRUE CARE MEDICAL,BRONX|TRUE CARE MEDICAL
HIXNY,WMCAPSCSVA,0,WMCAPSCSVA,HIXNY|WMCAPSCSVA
GRRHIO,EMS,0,EMS,GRRHIO|EMS
HIXNY,210720,0,210720,HIXNY|210720
GRRHIO,RR362,0,RR362,GRRHIO|RR362
GRRHIO,UR2152,0,UR2152,GRRHIO|UR2152
GRRHIO,RR602,0,RR602,GRRHIO|RR602
HECDCS,SOUTHER-TIER-CON,0,SOUTHER-TIER-CON,HECDCS|SOUTHER-TIER-CON
GRRHIO,UR2115,0,UR2115,GRRHIO|UR2115
BRONX,PEDIATRIC_FAMILY,0,PEDIATRIC FAMILY,BRONX|PEDIATRIC FAMILY
HECDCS,ACR-HEALTH,0,ACR-HEALTH,HECDCS|ACR-HEALTH
HEALTHIX,SMH.DUPLICATE1,0,SMH,HEALTHIX|SMH
GRRHIO,RRH361,0,RRH361,GRRHIO|RRH361
HEALTHIX,PCLI,0,PCLI,HEALTHIX|PCLI
BRONX,ADULTS_MEDICAL_CARE,0,ADULTS MEDICAL CARE,BRONX|ADULTS MEDICAL CARE
HIXNY,SPDCHDENTAL,0,SPDCHDENTAL,HIXNY|SPDCHDENTAL
HECDCS,RABIA-RIZWANA,0,RABIA-RIZWANA,HECDCS|RABIA-RIZWANA
GRRHIO,UR1516,0,UR1516,GRRHIO|UR1516
GRRHIO,RR690,0,RR690,GRRHIO|RR690
HEALTHIX,ECWHLMC,0,ECWHLMC,HEALTHIX|ECWHLMC
HEALTHIX,SBMOMENS,0,SBMOMENS,HEALTHIX|SBMOMENS
HIXNY,GREENPOREMS,0,GREENPOREMS,HIXNY|GREENPOREMS
GRRHIO,WCDN,0,WCDN,GRRHIO|WCDN
HEALTHIX,MARTC,0,MARTC,HEALTHIX|MARTC
GRRHIO,UR0999,0,UR0999,GRRHIO|UR0999
HIXNY,SPALED,0,SPALED,HIXNY|SPALED
HEALTHIX,PHOLI,0,PHOLI,HEALTHIX|PHOLI
HEALTHIX,URBPATH,0,URBPATH,HEALTHIX|URBPATH
HIXNY,ROTTEREMS,0,ROTTEREMS,HIXNY|ROTTEREMS
GRRHIO,RR590,0,RR590,GRRHIO|RR590
HEALTHIX,SYTM,0,SYTM,HEALTHIX|SYTM
HIXNY,SVMCLab,0,SVMCLab,HIXNY|SVMCLab
HIXNY,SPCPMURODOC,0,SPCPMURODOC,HIXNY|SPCPMURODOC
HECDCS,SITRIN-HEALTH,0,SITRIN-HEALTH,HECDCS|SITRIN-HEALTH
HEALTHIX,IDCCH,0,IDCCH,HEALTHIX|IDCCH
GRRHIO,RRH084,0,RRH084,GRRHIO|RRH084
GRRHIO,RRH962,0,RRH962,GRRHIO|RRH962
HIXNY,SPHPNRCDOC,0,SPHPNRCDOC,HIXNY|SPHPNRCDOC
HEALTHIX,SSAS,0,SSAS,HEALTHIX|SSAS
GRRHIO,RR361,0,RR361,GRRHIO|RR361
HIXNY,SPCPMURO,0,SPCPMURO,HIXNY|SPCPMURO
GRRHIO,UR0449,0,UR0449,GRRHIO|UR0449
HEALTHIX,LMDNY,0,LMDNY,HEALTHIX|LMDNY
GRRHIO,RPC,0,RPC,GRRHIO|RPC
HIXNY,OMHRCPC26,0,OMHRCPC26,HIXNY|OMHRCPC26
HEALTHIX,LAMDMG,0,LAMDMG,HEALTHIX|LAMDMG
TXD,SHHC,0,SHHC,TXD|SHHC
HEALTHIX,ONRC,0,ONRC,HEALTHIX|ONRC
GRRHIO,UR0549,0,UR0549,GRRHIO|UR0549
HIXNY,WMCOPDGI,0,WMCOPDGI,HIXNY|WMCOPDGI
HIXNY,WMCAPSESSHA,0,WMCAPSESSHA,HIXNY|WMCAPSESSHA
HIXNY,SHCPFANTICGDOC,0,SHCPFANTICGDOC,HIXNY|SHCPFANTICGDOC
GRRHIO,SIM,0,SIM,GRRHIO|SIM
GRRHIO,RRH992,0,RRH992,GRRHIO|RRH992
HIXNY,ECHCPPC,0,ECHCPPC,HIXNY|ECHCPPC
BRONX,HZ_NP_FAMILY_HEALTH,0,HZ NP FAMILY HEALTH,BRONX|HZ NP FAMILY HEALTH
HIXNY,SPVPLMED,0,SPVPLMED,HIXNY|SPVPLMED
HIXNY,WMCAPSIDHAWDOC,0,WMCAPSIDHAWDOC,HIXNY|WMCAPSIDHAWDOC
GRRHIO,RR366,0,RR366,GRRHIO|RR366
GRRHIO,UR2193,0,UR2193,GRRHIO|UR2193
HEALTHIX,USTH,0,USTH,HEALTHIX|USTH
GRRHIO,OCMH.DUPLICATE,0,OCMH,GRRHIO|OCMH
HIXNY,CPMGENDO,0,CPMGENDO,HIXNY|CPMGENDO
HEALTHIX,IGPEDS,0,IGPEDS,HEALTHIX|IGPEDS
GRRHIO,UR1628,0,UR1628,GRRHIO|UR1628
HEALTHIX,RNH,0,RNH,HEALTHIX|RNH
HIXNY,SPALPULMDOC,0,SPALPULMDOC,HIXNY|SPALPULMDOC
GRRHIO,OFM,0,OFM,GRRHIO|OFM
BRONX,BAINBRIDGE_NURSING_AND_REHAB,0,BAINBRIDGE NURSING AND REHAB,BRONX|BAINBRIDGE NURSING AND REHAB
HIXNY,SHCPFFMCPDOC,0,SHCPFFMCPDOC,HIXNY|SHCPFFMCPDOC
GRRHIO,UR0948,0,UR0948,GRRHIO|UR0948
HEALTHIX,BMMD,0,BMMD,HEALTHIX|BMMD
HEALTHIX,TIDO,0,TIDO,HEALTHIX|TIDO
HEALTHIX,ABMP,0,ABMP,HEALTHIX|ABMP
GRRHIO,RRH729,0,RRH729,GRRHIO|RRH729
GRRHIO,UR1707,0,UR1707,GRRHIO|UR1707
BRONX,COMPREHENSIVE_PRIMARY_FAM_MED_CARE_OF_NY,0,COMPREHENSIVE PRIMARY FAM MED CARE OF NY,BRONX|COMPREHENSIVE PRIMARY FAM MED CARE OF NY
HIXNY,CPMGNEURO,0,CPMGNEURO,HIXNY|CPMGNEURO
HIXNY,GFHSALEM,0,GFHSALEM,HIXNY|GFHSALEM
TXD,HADDAD,0,HADDAD,TXD|HADDAD
HIXNY,CIRCLEMED,0,CIRCLEMED,HIXNY|CIRCLEMED
HIXNY,WMCAPSORTPODOC,0,WMCAPSORTPODOC,HIXNY|WMCAPSORTPODOC
BRONX,SOUTH_BRONX_PEDIATRICS,0,SOUTH BRONX PEDIATRICS,BRONX|SOUTH BRONX PEDIATRICS
HECDCS,COMP-WOM-HEALTH,0,COMP-WOM-HEALTH,HECDCS|COMP-WOM-HEALTH
GRRHIO,RRH101,0,RRH101,GRRHIO|RRH101
BRONX,TRACY_TOWERS,0,TRACY TOWERS,BRONX|TRACY TOWERS
HIXNY,MLC,0,MLC,HIXNY|MLC
GRRHIO,RR769,0,RR769,GRRHIO|RR769
GRRHIO,MCHCCD,0,MCHCCD,GRRHIO|MCHCCD
HIXNY,SVMCC,0,SVMCC,HIXNY|SVMCC
HEALTHIX,ECWALK,0,ECWALK,HEALTHIX|ECWALK
HIXNY,SHSLMHL7,0,SHSLMHL7,HIXNY|SHSLMHL7
GRRHIO,RR710,0,RR710,GRRHIO|RR710
GRRHIO,UR2429,0,UR2429,GRRHIO|UR2429
HEALTHIX,TFCE,0,TFCE,HEALTHIX|TFCE
HEALTHIX,HIGHCC,0,HIGHCC,HEALTHIX|HIGHCC
TXD,AMHSUR,0,AMHSUR,TXD|AMHSUR
HEALTHIX,MHNR,0,MHNR,HEALTHIX|MHNR
GRRHIO,YCPH,0,YCPH,GRRHIO|YCPH
HEALTHIX,ASLC,0,ASLC,HEALTHIX|ASLC
HEALTHIX,GOODW,0,GOODW,HEALTHIX|GOODW
HEALTHIX,SINCERE,0,SINCERE,HEALTHIX|SINCERE
HIXNY,CPMGCARDIO,0,CPMGCARDIO,HIXNY|CPMGCARDIO
BRONX,ADVANCED_PREVENTIVE_MEDICINE,0,ADVANCED PREVENTIVE MEDICINE,BRONX|ADVANCED PREVENTIVE MEDICINE
BRONX,WENDY_W_CHUNG,0,WENDY W CHUNG,BRONX|WENDY W CHUNG
HIXNY,WMCAPSPRCSVDOC,0,WMCAPSPRCSVDOC,HIXNY|WMCAPSPRCSVDOC
GRRHIO,RR174,0,RR174,GRRHIO|RR174
HECDCS,HV-HEALTH-GROUP,0,HV-HEALTH-GROUP,HECDCS|HV-HEALTH-GROUP
HIXNY,PINESCAT,0,PINESCAT,HIXNY|PINESCAT
HECDCS,SAM-MED-KEEP,0,SAM-MED-KEEP,HECDCS|SAM-MED-KEEP
HEALTHIX,WCMCC,0,WCMCC,HEALTHIX|WCMCC
GRRHIO,UR1649,0,UR1649,GRRHIO|UR1649
HIXNY,SNTRMICAIPDOC,0,SNTRMICAIPDOC,HIXNY|SNTRMICAIPDOC
GRRHIO,UR0758,0,UR0758,GRRHIO|UR0758
GRRHIO,RR630,0,RR630,GRRHIO|RR630
HEALTHIX,ECWSNM,0,ECWSNM,HEALTHIX|ECWSNM
HIXNY,WMCBSMGONC,0,WMCBSMGONC,HIXNY|WMCBSMGONC
HEALTHIX,CCMED,0,CCMED,HEALTHIX|CCMED
HIXNY,CPMGALLIMM,0,CPMGALLIMM,HIXNY|CPMGALLIMM
GRRHIO,UR0567,0,UR0567,GRRHIO|UR0567
GRRHIO,UR1026,0,UR1026,GRRHIO|UR1026
HECDCS,MVHS-REHAB,0,MVHS-REHAB,HECDCS|MVHS-REHAB
HIXNY,OMHSLPC17,0,OMHSLPC17,HIXNY|OMHSLPC17
TXD,CWEST,0,CWEST,TXD|CWEST
HEALTHIX,EWRN,0,EWRN,HEALTHIX|EWRN
GRRHIO,UR0031,0,UR0031,GRRHIO|UR0031
GRRHIO,UR2197,0,UR2197,GRRHIO|UR2197
HEALTHIX,BCPC,0,BCPC,HEALTHIX|BCPC
HIXNY,HCRCM,0,HCRCM,HIXNY|HCRCM
HEALTHIX,METROPM,0,METROPM,HEALTHIX|METROPM
GRRHIO,RRH647,0,RRH647,GRRHIO|RRH647
BRONX,ROBERT_MORROW,0,ROBERT MORROW,BRONX|ROBERT MORROW
GRRHIO,UR2182,0,UR2182,GRRHIO|UR2182
GRRHIO,UR0801,0,UR0801,GRRHIO|UR0801
HEALTHIX,GEKG,0,GEKG,HEALTHIX|GEKG
HEALTHIX,GMCA,0,GMCA,HEALTHIX|GMCA
HIXNY,WMCAPSFAMPO,0,WMCAPSFAMPO,HIXNY|WMCAPSFAMPO
HIXNY,CMHPAINHL7,0,CMHPAINHL7,HIXNY|CMHPAINHL7
HIXNY,AMHSARHEUHL7,0,AMHSARHEUHL7,HIXNY|AMHSARHEUHL7
GRRHIO,RRH903,0,RRH903,GRRHIO|RRH903
GRRHIO,GDMP,0,GDMP,GRRHIO|GDMP
GRRHIO,LPED2,0,LPED2,GRRHIO|LPED2
GRRHIO,LGPED,0,LGPED,GRRHIO|LGPED
GRRHIO,RRH788,0,RRH788,GRRHIO|RRH788
HEALTHIX,MMEMS,0,MMEMS,HEALTHIX|MMEMS
HEALTHIX,JMALIE,0,JMALIE,HEALTHIX|JMALIE
HEALTHIX,RPVFD,0,RPVFD,HEALTHIX|RPVFD
GRRHIO,UR1652,0,UR1652,GRRHIO|UR1652
HECDCS,IJAZ-RASHID,0,IJAZ-RASHID,HECDCS|IJAZ-RASHID
HEALTHIX,HOLCC,0,HOLCC,HEALTHIX|HOLCC
HEALTHIX,ECWOEFMD,0,ECWOEFMD,HEALTHIX|ECWOEFMD
HIXNY,WESLEY,0,WESLEY,HIXNY|WESLEY
GRRHIO,TNA,0,TNA,GRRHIO|TNA
HECDCS,BISHOP-REHAB,0,BISHOP-REHAB,HECDCS|BISHOP-REHAB
GRRHIO,UR2354,0,UR2354,GRRHIO|UR2354
GRRHIO,BFM,0,BFM,GRRHIO|BFM
HIXNY,OMHMPC10,0,OMHMPC10,HIXNY|OMHMPC10
GRRHIO,RR438,0,RR438,GRRHIO|RR438
GRRHIO,UR0783,0,UR0783,GRRHIO|UR0783
HEALTHIX,MBMA,0,MBMA,HEALTHIX|MBMA
GRRHIO,CITZN,0,CITZN,GRRHIO|CITZN
GRRHIO,UR1745,0,UR1745,GRRHIO|UR1745
HEALTHIX,AAMDP,0,AAMDP,HEALTHIX|AAMDP
HEALTHIX,MSNM,0,MSNM,HEALTHIX|MSNM
GRRHIO,RR17,0,RR17,GRRHIO|RR17
HEALTHIX,MHMED,0,MHMED,HEALTHIX|MHMED
GRRHIO,UR0720,0,UR0720,GRRHIO|UR0720
HECDCS,MED-PAIN-CON,0,MED-PAIN-CON,HECDCS|MED-PAIN-CON
GRRHIO,RRH799,0,RRH799,GRRHIO|RRH799
GRRHIO,FLPN,0,FLPN,GRRHIO|FLPN
HEALTHIX,CAREDX,0,CAREDX,HEALTHIX|CAREDX
HEALTHIX,MPMPC,0,MPMPC,HEALTHIX|MPMPC
HIXNY,FOLTSBROOK,0,FOLTSBROOK,HIXNY|FOLTSBROOK
GRRHIO,RR600,0,RR600,GRRHIO|RR600
GRRHIO,RR697,0,RR697,GRRHIO|RR697
HEALTHIX,DAMS,0,DAMS,HEALTHIX|DAMS
HIXNY,MMGWOMENS,0,MMGWOMENS,HIXNY|MMGWOMENS
BRONX,SAFE_MEDICAL_CARE,0,SAFE MEDICAL CARE,BRONX|SAFE MEDICAL CARE
TXD,ARCEC,0,ARCEC,TXD|ARCEC
HEALTHIX,PPPP,0,PPPP,HEALTHIX|PPPP
HIXNY,CPMGPODGOV,0,CPMGPODGOV,HIXNY|CPMGPODGOV
GRRHIO,RRH679,0,RRH679,GRRHIO|RRH679
GRRHIO,UR0844,0,UR0844,GRRHIO|UR0844
HEALTHIX,PMMM,0,PMMM,HEALTHIX|PMMM
HIXNY,AMHSAHIV,0,AMHSAHIV,HIXNY|AMHSAHIV
GRRHIO,UR0722,0,UR0722,GRRHIO|UR0722
BRONX,DAP_MEDICAL_CARE,0,DAP MEDICAL CARE,BRONX|DAP MEDICAL CARE
HIXNY,WMCAPSVASCA,0,WMCAPSVASCA,HIXNY|WMCAPSVASCA
BRONX,FIRST_CHOICE_PEDIATRICS,0,FIRST CHOICE PEDIATRICS,BRONX|FIRST CHOICE PEDIATRICS
GRRHIO,UR2135,0,UR2135,GRRHIO|UR2135
HIXNY,LNDNR,0,LNDNR,HIXNY|LNDNR
HEALTHIX,SCWE,0,SCWE,HEALTHIX|SCWE
HEALTHIX,FMCP,0,FMCP,HEALTHIX|FMCP
BRONX,BRIDGE_BACK_TO_LIFE_CENTER,0,BRIDGE BACK TO LIFE CENTER,BRONX|BRIDGE BACK TO LIFE CENTER
HIXNY,ECHWILLSPC,0,ECHWILLSPC,HIXNY|ECHWILLSPC
GRRHIO,IMBC2,0,IMBC2,GRRHIO|IMBC2
HEALTHIX,OMHKFPC,0,OMHKFPC,HEALTHIX|OMHKFPC
HIXNY,AHMCGASTRO,0,AHMCGASTRO,HIXNY|AHMCGASTRO
HIXNY,CVCDTYCCD,0,CVCDTYCCD,HIXNY|CVCDTYCCD
GRRHIO,UR1574,0,UR1574,GRRHIO|UR1574
BRONX,SRINIVASA_MEDICAL,0,SRINIVASA MEDICAL,BRONX|SRINIVASA MEDICAL
BRONX,HEIGHTS_PHYSICIAN_MEDICAL_CARE,0,HEIGHTS PHYSICIAN MEDICAL CARE,BRONX|HEIGHTS PHYSICIAN MEDICAL CARE
HEALTHIX,786M,0,786M,HEALTHIX|786M
HEALTHIX,YANLI,0,YANLI,HEALTHIX|YANLI
HEALTHIX,DRJLT,0,DRJLT,HEALTHIX|DRJLT
BRONX,FIRST_CARE_MEDICAL_GROUP,0,FIRST CARE MEDICAL GROUP,BRONX|FIRST CARE MEDICAL GROUP
HIXNY,GFHAC,0,GFHAC,HIXNY|GFHAC
GRRHIO,UR1231,0,UR1231,GRRHIO|UR1231
HEALTHIX,CBCIPA,0,CBCIPA,HEALTHIX|CBCIPA
HIXNY,HECASP,0,HECASP,HIXNY|HECASP
HEALTHIX,SCRNC,0,SCRNC,HEALTHIX|SCRNC
HEALTHIX,SDHI,0,SDHI,HEALTHIX|SDHI
HEALTHIX,IRMS,0,IRMS,HEALTHIX|IRMS
HECDCS,DAVID-J-DAVIN,0,DAVID-J-DAVIN,HECDCS|DAVID-J-DAVIN
HIXNY,WMCOPDNEURS,0,WMCOPDNEURS,HIXNY|WMCOPDNEURS
BRONX,WILLIAM_E_KALAFATIC,0,WILLIAM E KALAFATIC,BRONX|WILLIAM E KALAFATIC
HIXNY,WMCAPSOPHKI,0,WMCAPSOPHKI,HIXNY|WMCAPSOPHKI
HIXNY,4965PART2,0,4965PART2,HIXNY|4965PART2
HIXNY,GREENFDEMS,0,GREENFDEMS,HIXNY|GREENFDEMS
HIXNY,CCCCS,0,CCCCS,HIXNY|CCCCS
GRRHIO,UR0092,0,UR0092,GRRHIO|UR0092
HIXNY,WMCHAHBC19VDOC,0,WMCHAHBC19VDOC,HIXNY|WMCHAHBC19VDOC
TXD,HRNLMV,0,HRNLMV,TXD|HRNLMV
HECDCS,KIRBY-FPC,0,KIRBY-FPC,HECDCS|KIRBY-FPC
HEALTHIX,ATWA,0,ATWA,HEALTHIX|ATWA
GRRHIO,UR0486,0,UR0486,GRRHIO|UR0486
HECDCS,GUTHRIE-EXTENDED,0,GUTHRIE-EXTENDED,HECDCS|GUTHRIE-EXTENDED
HECDCS,BRONX-PSYCH,0,BRONX-PSYCH,HECDCS|BRONX-PSYCH
HEALTHIX,SOGR,0,SOGR,HEALTHIX|SOGR
HEALTHIX,PAECF,0,PAECF,HEALTHIX|PAECF
HIXNY,SRTSCAUD,0,SRTSCAUD,HIXNY|SRTSCAUD
HEALTHIX,ECWNUMJ,0,ECWNUMJ,HEALTHIX|ECWNUMJ
HEALTHIX,RCC,0,RCC,HEALTHIX|RCC
GRRHIO,UR0587,0,UR0587,GRRHIO|UR0587
GRRHIO,ZOLWYCES,0,ZOLWYCES,GRRHIO|ZOLWYCES
HECDCS,ARC-ROCKLAND,0,ARC-ROCKLAND,HECDCS|ARC-ROCKLAND
HEALTHIX,DRSKM,0,DRSKM,HEALTHIX|DRSKM
TXD,ELDACK,0,ELDACK,TXD|ELDACK
HEALTHIX,SUFCRN,0,SUFCRN,HEALTHIX|SUFCRN
HEALTHIX,YKMPC,0,YKMPC,HEALTHIX|YKMPC
GRRHIO,RRH733,0,RRH733,GRRHIO|RRH733
GRRHIO,RRH468,0,RRH468,GRRHIO|RRH468
GRRHIO,UR1562,0,UR1562,GRRHIO|UR1562
HECDCS,CAPSTONE-CTR,0,CAPSTONE-CTR,HECDCS|CAPSTONE-CTR
HIXNY,WMCANTCOVIDDOC,0,WMCANTCOVIDDOC,HIXNY|WMCANTCOVIDDOC
GRRHIO,RR348,0,RR348,GRRHIO|RR348
HIXNY,CPMGENTSUR,0,CPMGENTSUR,HIXNY|CPMGENTSUR
HECDCS,NASC-COMM-CARE,0,NASC-COMM-CARE,HECDCS|NASC-COMM-CARE
HEALTHIX,FCHOICE,0,FCHOICE,HEALTHIX|FCHOICE
HIXNY,PINESCATDOC,0,PINESCATDOC,HIXNY|PINESCATDOC
HEALTHIX,GEME,0,GEME,HEALTHIX|GEME
HEALTHIX,ECWHNMD,0,ECWHNMD,HEALTHIX|ECWHNMD
HECDCS,DESTA-ANTHONY,0,DESTA-ANTHONY,HECDCS|DESTA-ANTHONY
BRONX,CORINTHIAN_MEDICAL,0,CORINTHIAN MEDICAL,BRONX|CORINTHIAN MEDICAL
GRRHIO,PPEDS,0,PPEDS,GRRHIO|PPEDS
GRRHIO,RRH326,0,RRH326,GRRHIO|RRH326
BRONX,COMPLETE_CARE_MEDICAL,0,COMPLETE CARE MEDICAL,BRONX|COMPLETE CARE MEDICAL
HEALTHIX,PSMC,0,PSMC,HEALTHIX|PSMC
HEALTHIX,RRGMP,0,RRGMP,HEALTHIX|RRGMP
HECDCS,SECURE-TREATMENT,0,SECURE-TREATMENT,HECDCS|SECURE-TREATMENT
HECDCS,CC-BROOME,0,CC-BROOME,HECDCS|CC-BROOME
HEALTHIX,SICC,0,SICC,HEALTHIX|SICC
GRRHIO,RRH257,0,RRH257,GRRHIO|RRH257
HIXNY,EDDYMGC,0,EDDYMGC,HIXNY|EDDYMGC
HIXNY,STPLCARD,0,STPLCARD,HIXNY|STPLCARD
HIXNY,WMCOPDALLY,0,WMCOPDALLY,HIXNY|WMCOPDALLY
HECDCS,SULL-DEPT-COMM,0,SULL-DEPT-COMM,HECDCS|SULL-DEPT-COMM
HEALTHIX,ECWIMPED,0,ECWIMPED,HEALTHIX|ECWIMPED
HECDCS,POUGH-PEDS,0,POUGH-PEDS,HECDCS|POUGH-PEDS
HIXNY,WMCAPSHARNP,0,WMCAPSHARNP,HIXNY|WMCAPSHARNP
HEALTHIX,SLSCC,0,SLSCC,HEALTHIX|SLSCC
HEALTHIX,EMMD,0,EMMD,HEALTHIX|EMMD
BRONX,GOOD_SHEPHERD_SERVICES,0,GOOD SHEPHERD SERVICES,BRONX|GOOD SHEPHERD SERVICES
HIXNY,WMCAPSGASKI,0,WMCAPSGASKI,HIXNY|WMCAPSGASKI
HEALTHIX,AMHARB,0,AMHARB,HEALTHIX|AMHARB
GRRHIO,UR2373,0,UR2373,GRRHIO|UR2373
HEALTHIX,SPCHR,0,SPCHR,HEALTHIX|SPCHR
TXD,HIXNY,0,HIXNY,TXD|HIXNY
GRRHIO,RR173,0,RR173,GRRHIO|RR173
HECDCS,O-ROSE-ONYEMA,0,O-ROSE-ONYEMA,HECDCS|O-ROSE-ONYEMA
HIXNY,WMCOPDPULMDOC,0,WMCOPDPULMDOC,HIXNY|WMCOPDPULMDOC
GRRHIO,UR1164,0,UR1164,GRRHIO|UR1164
HEALTHIX,CCDRUG,0,CCDRUG,HEALTHIX|CCDRUG
GRRHIO,UR1266,0,UR1266,GRRHIO|UR1266
GRRHIO,UR0260,0,UR0260,GRRHIO|UR0260
GRRHIO,RRH261,0,RRH261,GRRHIO|RRH261
HEALTHIX,SURGERN,0,SURGERN,HEALTHIX|SURGERN
GRRHIO,UR1487,0,UR1487,GRRHIO|UR1487
HIXNY,WMCOPDGYNECDOC,0,WMCOPDGYNECDOC,HIXNY|WMCOPDGYNECDOC
GRRHIO,JLDOP,0,JLDOP,GRRHIO|JLDOP
HEALTHIX,HZCC,0,HZCC,HEALTHIX|HZCC
HEALTHIX,CYMD,0,CYMD,HEALTHIX|CYMD
HIXNY,CVPHIDDOC,0,CVPHIDDOC,HIXNY|CVPHIDDOC
GRRHIO,RR789,0,RR789,GRRHIO|RR789
GRRHIO,RRH328,0,RRH328,GRRHIO|RRH328
HEALTHIX,ODMP,0,ODMP,HEALTHIX|ODMP
HECDCS,WESTCHESTER-PULM,0,WESTCHESTER-PULM,HECDCS|WESTCHESTER-PULM
HIXNY,HECPCFM,0,HECPCFM,HIXNY|HECPCFM
GRRHIO,UR1197,0,UR1197,GRRHIO|UR1197
HIXNY,CLINCONURHO,0,CLINCONURHO,HIXNY|CLINCONURHO
HIXNY,WMCOPDGENOR,0,WMCOPDGENOR,HIXNY|WMCOPDGENOR
HECDCS,NEW-HART-CHIRO,0,NEW-HART-CHIRO,HECDCS|NEW-HART-CHIRO
HEALTHIX,ECWJROMAN,0,ECWJROMAN,HEALTHIX|ECWJROMAN
GRRHIO,ACR,0,ACR,GRRHIO|ACR
GRRHIO,RR594,0,RR594,GRRHIO|RR594
HIXNY,HECNNP,0,HECNNP,HIXNY|HECNNP
HEALTHIX,WMINH,0,WMINH,HEALTHIX|WMINH
GRRHIO,JFM2,0,JFM2,GRRHIO|JFM2
HIXNY,WMCAPSBSHA,0,WMCAPSBSHA,HIXNY|WMCAPSBSHA
GRRHIO,UR1769,0,UR1769,GRRHIO|UR1769
BRONX,MAGNUM_PHYSICIANS,0,MAGNUM PHYSICIANS,BRONX|MAGNUM PHYSICIANS
HIXNY,137,0,137,HIXNY|137
HIXNY,GREENMA,0,GREENMA,HIXNY|GREENMA
GRRHIO,UR0490,0,UR0490,GRRHIO|UR0490
HIXNY,HECAMMS,0,HECAMMS,HIXNY|HECAMMS
BRONX,SHAUNA_PODIATRY,0,SHAUNA PODIATRY,BRONX|SHAUNA PODIATRY
GRRHIO,RRH943,0,RRH943,GRRHIO|RRH943
HEALTHIX,ECWGLUM,0,ECWGLUM,HEALTHIX|ECWGLUM
GRRHIO,UR2104,0,UR2104,GRRHIO|UR2104
GRRHIO,RR647,0,RR647,GRRHIO|RR647
GRRHIO,EMSBYRONFD,0,EMSBYRONFD,GRRHIO|EMSBYRONFD
GRRHIO,UR0700,0,UR0700,GRRHIO|UR0700
GRRHIO,UR1546,0,UR1546,GRRHIO|UR1546
TXD,WYCSNF,0,WYCSNF,TXD|WYCSNF
GRRHIO,UR0630,0,UR0630,GRRHIO|UR0630
HEALTHIX,MSNS,0,MSNS,HEALTHIX|MSNS
HEALTHIX,PMPC,0,PMPC,HEALTHIX|PMPC
HEALTHIX,GBVF,0,GBVF,HEALTHIX|GBVF
GRRHIO,UR1324,0,UR1324,GRRHIO|UR1324
HIXNY,WES,0,WES,HIXNY|WES
HECDCS,BS-ST-JO-PLACE,0,BS-ST-JO-PLACE,HECDCS|BS-ST-JO-PLACE
GRRHIO,UR2363,0,UR2363,GRRHIO|UR2363
GRRHIO,UR0553,0,UR0553,GRRHIO|UR0553
HECDCS,CLASSEN-HME-HLTH,0,CLASSEN-HME-HLTH,HECDCS|CLASSEN-HME-HLTH
HECDCS,JEFFER-CORRECT,0,JEFFER-CORRECT,HECDCS|JEFFER-CORRECT
HECDCS,EVERCARE-HOME,0,EVERCARE-HOME,HECDCS|EVERCARE-HOME
HEALTHIX,IDHHIX,0,IDHHIX,HEALTHIX|IDHHIX
GRRHIO,UR2005,0,UR2005,GRRHIO|UR2005
GRRHIO,UR1955,0,UR1955,GRRHIO|UR1955
HEALTHIX,RSNR,0,RSNR,HEALTHIX|RSNR
GRRHIO,UR1029,0,UR1029,GRRHIO|UR1029
HEALTHIX,JWMP,0,JWMP,HEALTHIX|JWMP
GRRHIO,RRH933,0,RRH933,GRRHIO|RRH933
GRRHIO,UR0799,0,UR0799,GRRHIO|UR0799
GRRHIO,RRH810,0,RRH810,GRRHIO|RRH810
GRRHIO,RRH460,0,RRH460,GRRHIO|RRH460
GRRHIO,WNYJFM,0,WNYJFM,GRRHIO|WNYJFM
HIXNY,BBLC,0,BBLC,HIXNY|BBLC
HECDCS,CC-CHEM-SCH,0,CC-CHEM-SCH,HECDCS|CC-CHEM-SCH
HEALTHIX,RESNH,0,RESNH,HEALTHIX|RESNH
GRRHIO,AALMD,0,AALMD,GRRHIO|AALMD
TXD,ELDAWI,0,ELDAWI,TXD|ELDAWI
HECDCS,PINE-VALLEY,0,PINE-VALLEY,HECDCS|PINE-VALLEY
HEALTHIX,AMERINA,0,AMERINA,HEALTHIX|AMERINA
GRRHIO,UR0270,0,UR0270,GRRHIO|UR0270
HEALTHIX,ECWSSP,0,ECWSSP,HEALTHIX|ECWSSP
HIXNY,SPSRBURO,0,SPSRBURO,HIXNY|SPSRBURO
GRRHIO,RR295,0,RR295,GRRHIO|RR295
HECDCS,PUTNAM-CTY,0,PUTNAM-CTY,HECDCS|PUTNAM-CTY
GRRHIO,PINC,0,PINC,GRRHIO|PINC
TXD,HOSPOC,0,HOSPOC,TXD|HOSPOC
HEALTHIX,MJLMD,0,MJLMD,HEALTHIX|MJLMD
TXD,BPCRES,0,BPCRES,TXD|BPCRES
GRRHIO,RR545,0,RR545,GRRHIO|RR545
GRRHIO,UR1650,0,UR1650,GRRHIO|UR1650
GRRHIO,UR0477,0,UR0477,GRRHIO|UR0477
HEALTHIX,BRMPC,0,BRMPC,HEALTHIX|BRMPC
GRRHIO,UR1131,0,UR1131,GRRHIO|UR1131
HIXNY,WARWASALBARC,0,WARWASALBARC,HIXNY|WARWASALBARC
BRONX,ZOVA_Z_LIU,0,ZOVA Z LIU,BRONX|ZOVA Z LIU
HEALTHIX,EVMD,0,EVMD,HEALTHIX|EVMD
HEALTHIX,EHA,0,EHA,HEALTHIX|EHA
GRRHIO,UR0927,0,UR0927,GRRHIO|UR0927
GRRHIO,UR0387,0,UR0387,GRRHIO|UR0387
GRRHIO,UR1087,0,UR1087,GRRHIO|UR1087
HIXNY,GFHITHL7,0,GFHITHL7,HIXNY|GFHITHL7
GRRHIO,UR1200,0,UR1200,GRRHIO|UR1200
GRRHIO,UR2191,0,UR2191,GRRHIO|UR2191
HEALTHIX,DSHD,0,DSHD,HEALTHIX|DSHD
HEALTHIX,BCNRHIX,0,BCNRHIX,HEALTHIX|BCNRHIX
GRRHIO,UR0690,0,UR0690,GRRHIO|UR0690
HECDCS,JAI-K-JALAJ,0,JAI-K-JALAJ,HECDCS|JAI-K-JALAJ
TXD,TSIWNY,0,TSIWNY,TXD|TSIWNY
HIXNY,VANDERHEYDEN,0,VANDERHEYDEN,HIXNY|VANDERHEYDEN
GRRHIO,UR0618,0,UR0618,GRRHIO|UR0618
GRRHIO,RR793,0,RR793,GRRHIO|RR793
HECDCS,RIVERVIEW-REHAB,0,RIVERVIEW-REHAB,HECDCS|RIVERVIEW-REHAB
TXD,ABSHOU,0,ABSHOU,TXD|ABSHOU
TXD,JMHCP1,0,JMHCP1,TXD|JMHCP1
GRRHIO,RR639,0,RR639,GRRHIO|RR639
HECDCS,SIMS-ASSOC-POD,0,SIMS-ASSOC-POD,HECDCS|SIMS-ASSOC-POD
HIXNY,WMCOPDMEDGDOC,0,WMCOPDMEDGDOC,HIXNY|WMCOPDMEDGDOC
HEALTHIX,ECWGIMS,0,ECWGIMS,HEALTHIX|ECWGIMS
GRRHIO,UR2345,0,UR2345,GRRHIO|UR2345
HECDCS,UHS-SR-LIVING,0,UHS-SR-LIVING,HECDCS|UHS-SR-LIVING
HECDCS,CAYUGA-HD,0,CAYUGA-HD,HECDCS|CAYUGA-HD
GRRHIO,RR511,0,RR511,GRRHIO|RR511
HEALTHIX,JGBMH,0,JGBMH,HEALTHIX|JGBMH
HEALTHIX,SEMS,0,SEMS,HEALTHIX|SEMS
GRRHIO,RRH391,0,RRH391,GRRHIO|RRH391
HIXNY,MOPP,0,MOPP,HIXNY|MOPP
HEALTHIX,HCNRHIX,0,HCNRHIX,HEALTHIX|HCNRHIX
GRRHIO,ESNH,0,ESNH,GRRHIO|ESNH
HEALTHIX,MAPO,0,MAPO,HEALTHIX|MAPO
HECDCS,TEN-BROECK-CTR,0,TEN-BROECK-CTR,HECDCS|TEN-BROECK-CTR
GRRHIO,UR1689,0,UR1689,GRRHIO|UR1689
HECDCS,LEXINGTON-CTR,0,LEXINGTON-CTR,HECDCS|LEXINGTON-CTR
HIXNY,MAVENCLIN,0,MAVENCLIN,HIXNY|MAVENCLIN
GRRHIO,UR1027,0,UR1027,GRRHIO|UR1027
HEALTHIX,SBWDHVN,0,SBWDHVN,HEALTHIX|SBWDHVN
HIXNY,WMCHAHMC19VDOC,0,WMCHAHMC19VDOC,HIXNY|WMCHAHMC19VDOC
GRRHIO,UR1596,0,UR1596,GRRHIO|UR1596
HECDCS,CHRIS-ADUBOR,0,CHRIS-ADUBOR,HECDCS|CHRIS-ADUBOR
BRONX,MEDCAREPLUS,0,MEDCAREPLUS,BRONX|MEDCAREPLUS
HIXNY,WMCKANTC19,0,WMCKANTC19,HIXNY|WMCKANTC19
HECDCS,NYACK-RIDGE,0,NYACK-RIDGE,HECDCS|NYACK-RIDGE
GRRHIO,RR682,0,RR682,GRRHIO|RR682
GRRHIO,UR1502,0,UR1502,GRRHIO|UR1502
GRRHIO,UR1030,0,UR1030,GRRHIO|UR1030
HEALTHIX,ALK,0,ALK,HEALTHIX|ALK
GRRHIO,UR0237,0,UR0237,GRRHIO|UR0237
GRRHIO,UR0527,0,UR0527,GRRHIO|UR0527
HIXNY,ESCLTBHDOC,0,ESCLTBHDOC,HIXNY|ESCLTBHDOC
GRRHIO,UR2415,0,UR2415,GRRHIO|UR2415
GRRHIO,UR0820,0,UR0820,GRRHIO|UR0820
GRRHIO,EVG,0,EVG,GRRHIO|EVG
HEALTHIX,RMCP,0,RMCP,HEALTHIX|RMCP
GRRHIO,RRH842,0,RRH842,GRRHIO|RRH842
HIXNY,ENNOBLE,0,ENNOBLE,HIXNY|ENNOBLE
GRRHIO,RRH342,0,RRH342,GRRHIO|RRH342
HECDCS,HOME-HLTH-JERVIS,0,HOME-HLTH-JERVIS,HECDCS|HOME-HLTH-JERVIS
HEALTHIX,IESNP,0,IESNP,HEALTHIX|IESNP
HECDCS,STAFKINGS,0,STAFKINGS,HECDCS|STAFKINGS
GRRHIO,UR0448,0,UR0448,GRRHIO|UR0448
GRRHIO,RRH715,0,RRH715,GRRHIO|RRH715
GRRHIO,UR0974,0,UR0974,GRRHIO|UR0974
TXD,GBNBFN,0,GBNBFN,TXD|GBNBFN
GRRHIO,RRH042,0,RRH042,GRRHIO|RRH042
GRRHIO,UR1036,0,UR1036,GRRHIO|UR1036
HECDCS,ACCESS-TO-HOME,0,ACCESS-TO-HOME,HECDCS|ACCESS-TO-HOME
HEALTHIX,NYUGSM,0,NYUGSM,HEALTHIX|NYUGSM
GRRHIO,UR2081,0,UR2081,GRRHIO|UR2081
HECDCS,UPSTATE-GYN,0,UPSTATE-GYN,HECDCS|UPSTATE-GYN
GRRHIO,UR2026,0,UR2026,GRRHIO|UR2026
HEALTHIX,SSP,0,SSP,HEALTHIX|SSP
GRRHIO,UR0346,0,UR0346,GRRHIO|UR0346
GRRHIO,MNSO57,0,MNSO57,GRRHIO|MNSO57
GRRHIO,UR1198,0,UR1198,GRRHIO|UR1198
GRRHIO,UR0150,0,UR0150,GRRHIO|UR0150
GRRHIO,UR0931,0,UR0931,GRRHIO|UR0931
HIXNY,SAESD,0,SAESD,HIXNY|SAESD
GRRHIO,UR0282,0,UR0282,GRRHIO|UR0282
GRRHIO,UR0851,0,UR0851,GRRHIO|UR0851
HEALTHIX,ASCSBH,0,ASCSBH,HEALTHIX|ASCSBH
HIXNY,SHSMIMAGEDOC,0,SHSMIMAGEDOC,HIXNY|SHSMIMAGEDOC
HEALTHIX,VSHAH,0,VSHAH,HEALTHIX|VSHAH
HEALTHIX,DRMA,0,DRMA,HEALTHIX|DRMA
GRRHIO,RR175,0,RR175,GRRHIO|RR175
GRRHIO,UR0280,0,UR0280,GRRHIO|UR0280
HIXNY,WMCAPSORTST,0,WMCAPSORTST,HIXNY|WMCAPSORTST
HEALTHIX,ECWJHPMD,0,ECWJHPMD,HEALTHIX|ECWJHPMD
GRRHIO,RR756,0,RR756,GRRHIO|RR756
HECDCS,UMH-ST-LOUISE,0,UMH-ST-LOUISE,HECDCS|UMH-ST-LOUISE
HECDCS,MHA-ULSTER,0,MHA-ULSTER,HECDCS|MHA-ULSTER
GRRHIO,UR0668,0,UR0668,GRRHIO|UR0668
GRRHIO,UR1101,0,UR1101,GRRHIO|UR1101
HEALTHIX,SPDOMINGO,0,SPDOMINGO,HEALTHIX|SPDOMINGO
HEALTHIX,LXHHGV,0,LXHHGV,HEALTHIX|LXHHGV
TXD,HSTCRC,0,HSTCRC,TXD|HSTCRC
HIXNY,CPHNEPHRGY,0,CPHNEPHRGY,HIXNY|CPHNEPHRGY
GRRHIO,UR0141,0,UR0141,GRRHIO|UR0141
GRRHIO,RRH711,0,RRH711,GRRHIO|RRH711
HIXNY,WMCOPDSPINE,0,WMCOPDSPINE,HIXNY|WMCOPDSPINE
GRRHIO,UR1171,0,UR1171,GRRHIO|UR1171
GRRHIO,UR2017,0,UR2017,GRRHIO|UR2017
GRRHIO,UR0243,0,UR0243,GRRHIO|UR0243
GRRHIO,MNSO15,0,MNSO15,GRRHIO|MNSO15
GRRHIO,MNSO2,0,MNSO2,GRRHIO|MNSO2
GRRHIO,RRH612,0,RRH612,GRRHIO|RRH612
HECDCS,CEDAR-VILL,0,CEDAR-VILL,HECDCS|CEDAR-VILL
GRRHIO,UR2250,0,UR2250,GRRHIO|UR2250
HECDCS,HERITAGE-FARM,0,HERITAGE-FARM,HECDCS|HERITAGE-FARM
HECDCS,KENDAL-ON-HUDSON,0,KENDAL-ON-HUDSON,HECDCS|KENDAL-ON-HUDSON
HEALTHIX,PGCMH,0,PGCMH,HEALTHIX|PGCMH
GRRHIO,UR0348,0,UR0348,GRRHIO|UR0348
HIXNY,WMCAPSGORSG,0,WMCAPSGORSG,HIXNY|WMCAPSGORSG
HIXNY,CPMGPULMGV,0,CPMGPULMGV,HIXNY|CPMGPULMGV
HIXNY,HECAEA,0,HECAEA,HIXNY|HECAEA
GRRHIO,RR258,0,RR258,GRRHIO|RR258
HIXNY,SRAAUAUDIODOC,0,SRAAUAUDIODOC,HIXNY|SRAAUAUDIODOC
HEALTHIX,ECWKEPE,0,ECWKEPE,HEALTHIX|ECWKEPE
GRRHIO,RR775,0,RR775,GRRHIO|RR775
GRRHIO,UR1674,0,UR1674,GRRHIO|UR1674
GRRHIO,MNSO21,0,MNSO21,GRRHIO|MNSO21
GRRHIO,RRH955,0,RRH955,GRRHIO|RRH955
GRRHIO,UR1091,0,UR1091,GRRHIO|UR1091
GRRHIO,UR1714,0,UR1714,GRRHIO|UR1714
GRRHIO,UR1846,0,UR1846,GRRHIO|UR1846
GRRHIO,UR2239,0,UR2239,GRRHIO|UR2239
GRRHIO,WAYARC,0,WAYARC,GRRHIO|WAYARC
TXD,HUNGMH,0,HUNGMH,TXD|HUNGMH
HIXNY,HECSGMG,0,HECSGMG,HIXNY|HECSGMG
GRRHIO,BMG.DUPLICATE,0,BMG,GRRHIO|BMG
GRRHIO,UR1862,0,UR1862,GRRHIO|UR1862
HECDCS,SYR-PLAS-SURG,0,SYR-PLAS-SURG,HECDCS|SYR-PLAS-SURG
GRRHIO,UR0621,0,UR0621,GRRHIO|UR0621
HIXNY,6122,0,6122,HIXNY|6122
TXD,NFTBI,0,NFTBI,TXD|NFTBI
HIXNY,OSIKASCAR,0,OSIKASCAR,HIXNY|OSIKASCAR
HIXNY,ALBDCYF,0,ALBDCYF,HIXNY|ALBDCYF
GRRHIO,UR2183,0,UR2183,GRRHIO|UR2183
HIXNY,HECWPS,0,HECWPS,HIXNY|HECWPS
BRONX,JOHN_T._MATHER_MEMORIAL_HOSPITAL,0,JOHN T. MATHER MEMORIAL HOSPITAL,BRONX|JOHN T. MATHER MEMORIAL HOSPITAL
HECDCS,CORTLAND-PARK,0,CORTLAND-PARK,HECDCS|CORTLAND-PARK
GRRHIO,CLEP,0,CLEP,GRRHIO|CLEP
GRRHIO,RRH858,0,RRH858,GRRHIO|RRH858
GRRHIO,RR649,0,RR649,GRRHIO|RR649
GRRHIO,RR773,0,RR773,GRRHIO|RR773
HECDCS,MUSCULOSKEL-MED,0,MUSCULOSKEL-MED,HECDCS|MUSCULOSKEL-MED
GRRHIO,TRMUSQ,0,TRMUSQ,GRRHIO|TRMUSQ
GRRHIO,UR2235,0,UR2235,GRRHIO|UR2235
GRRHIO,SJHP,0,SJHP,GRRHIO|SJHP
HECDCS,SU-HEALTH,0,SU-HEALTH,HECDCS|SU-HEALTH
HEALTHIX,DCHC,0,DCHC,HEALTHIX|DCHC
GRRHIO,UR0686,0,UR0686,GRRHIO|UR0686
GRRHIO,UR1847,0,UR1847,GRRHIO|UR1847
GRRHIO,UR1043,0,UR1043,GRRHIO|UR1043
HECDCS,TRANQUIL-WAYS,0,TRANQUIL-WAYS,HECDCS|TRANQUIL-WAYS
HECDCS,CHIRO-SPRT-SPINE,0,CHIRO-SPRT-SPINE,HECDCS|CHIRO-SPRT-SPINE
GRRHIO,UR0067,0,UR0067,GRRHIO|UR0067
GRRHIO,UR0881,0,UR0881,GRRHIO|UR0881
HEALTHIX,GFMP,0,GFMP,HEALTHIX|GFMP
GRRHIO,UR2016,0,UR2016,GRRHIO|UR2016
GRRHIO,UR1204,0,UR1204,GRRHIO|UR1204
GRRHIO,UR1518,0,UR1518,GRRHIO|UR1518
GRRHIO,RR760,0,RR760,GRRHIO|RR760
HIXNY,CNS,0,CNS,HIXNY|CNS
GRRHIO,UR2132,0,UR2132,GRRHIO|UR2132
HIXNY,CHRISBRADY,0,CHRISBRADY,HIXNY|CHRISBRADY
TXD,FRESEN,0,FRESEN,TXD|FRESEN
GRRHIO,UR2071,0,UR2071,GRRHIO|UR2071
HECDCS,N-CNTRY-FAM-MED,0,N-CNTRY-FAM-MED,HECDCS|N-CNTRY-FAM-MED
GRRHIO,UR0163,0,UR0163,GRRHIO|UR0163
GRRHIO,UR2361,0,UR2361,GRRHIO|UR2361
HECDCS,CONNECT-LIFE,0,CONNECT-LIFE,HECDCS|CONNECT-LIFE
GRRHIO,UR1048,0,UR1048,GRRHIO|UR1048
GRRHIO,UR0584,0,UR0584,GRRHIO|UR0584
GRRHIO,UR2340,0,UR2340,GRRHIO|UR2340
HECDCS,PED-NOW-MED,0,PED-NOW-MED,HECDCS|PED-NOW-MED
GRRHIO,RR62,0,RR62,GRRHIO|RR62
HECDCS,JUDITH-H-FAGER,0,JUDITH-H-FAGER,HECDCS|JUDITH-H-FAGER
BRONX,PECONIC_BAY_MEDICAL_CENTER,0,PECONIC BAY MEDICAL CENTER,BRONX|PECONIC BAY MEDICAL CENTER
BRONX,NYC_H+H_QUEENS,0,NYC H+H QUEENS,BRONX|NYC H+H QUEENS
HEALTHIX,MASSMUTUAL,0,MASSMUTUAL,HEALTHIX|MASSMUTUAL
HIXNY,HECDHC,0,HECDHC,HIXNY|HECDHC
GRRHIO,RR693,0,RR693,GRRHIO|RR693
GRRHIO,UR1587,0,UR1587,GRRHIO|UR1587
HECDCS,HUMANITARIAN,0,HUMANITARIAN,HECDCS|HUMANITARIAN
HIXNY,SHCPFMIDWCPDOC,0,SHCPFMIDWCPDOC,HIXNY|SHCPFMIDWCPDOC
HIXNY,HECONHD,0,HECONHD,HIXNY|HECONHD
GRRHIO,UR0555,0,UR0555,GRRHIO|UR0555
HIXNY,HECFFM,0,HECFFM,HIXNY|HECFFM
HIXNY,HECCHPMPC,0,HECCHPMPC,HIXNY|HECCHPMPC
GRRHIO,UR0791,0,UR0791,GRRHIO|UR0791
HEALTHIX,CWMC,0,CWMC,HEALTHIX|CWMC
GRRHIO,UR1206,0,UR1206,GRRHIO|UR1206
GRRHIO,RRH088,0,RRH088,GRRHIO|RRH088
HECDCS,SOBHY-ELECTRO,0,SOBHY-ELECTRO,HECDCS|SOBHY-ELECTRO
GRRHIO,RR591,0,RR591,GRRHIO|RR591
GRRHIO,MNSO48,0,MNSO48,GRRHIO|MNSO48
HECDCS,PEREGRN-SNR-LVG,0,PEREGRN-SNR-LVG,HECDCS|PEREGRN-SNR-LVG
HEALTHIX,BCVFD,0,BCVFD,HEALTHIX|BCVFD
GRRHIO,RR726,0,RR726,GRRHIO|RR726
GRRHIO,UR2428,0,UR2428,GRRHIO|UR2428
GRRHIO,RR408,0,RR408,GRRHIO|RR408
HECDCS,HOUSEL-DERM,0,HOUSEL-DERM,HECDCS|HOUSEL-DERM
HIXNY,HECBFP,0,HECBFP,HIXNY|HECBFP
GRRHIO,RRH704,0,RRH704,GRRHIO|RRH704
HEALTHIX,PROH,0,PROH,HEALTHIX|PROH
GRRHIO,UR1604,0,UR1604,GRRHIO|UR1604
HEALTHIX,BMHBH,0,BMHBH,HEALTHIX|BMHBH
BRONX,NSLIJ_MEDICAL_GROUP,0,NSLIJ MEDICAL GROUP,BRONX|NSLIJ MEDICAL GROUP
GRRHIO,UR0389,0,UR0389,GRRHIO|UR0389
GRRHIO,RR574,0,RR574,GRRHIO|RR574
BRONX,2.16.840.1.113883.4.391.192.11038,0,2.16.840.1.113883.4.391.192.11038,BRONX|2.16.840.1.113883.4.391.192.11038
GRRHIO,UR2233,0,UR2233,GRRHIO|UR2233
GRRHIO,UR2219,0,UR2219,GRRHIO|UR2219
GRRHIO,UR0540,0,UR0540,GRRHIO|UR0540
GRRHIO,UR2296,0,UR2296,GRRHIO|UR2296
GRRHIO,UR1153,0,UR1153,GRRHIO|UR1153
HECDCS,REGENCY-EXT-CARE,0,REGENCY-EXT-CARE,HECDCS|REGENCY-EXT-CARE
GRRHIO,UR2246,0,UR2246,GRRHIO|UR2246
HECDCS,JAROSZ-CHIRO,0,JAROSZ-CHIRO,HECDCS|JAROSZ-CHIRO
HIXNY,5890,0,5890,HIXNY|5890
GRRHIO,RRH306,0,RRH306,GRRHIO|RRH306
HIXNY,SMHAHOLL,0,SMHAHOLL,HIXNY|SMHAHOLL
HEALTHIX,MKMP,0,MKMP,HEALTHIX|MKMP
GRRHIO,UR0831,0,UR0831,GRRHIO|UR0831
GRRHIO,RR390,0,RR390,GRRHIO|RR390
GRRHIO,UR1391,0,UR1391,GRRHIO|UR1391
GRRHIO,MNSO60,0,MNSO60,GRRHIO|MNSO60
HIXNY,HECMONTEBR,0,HECMONTEBR,HIXNY|HECMONTEBR
GRRHIO,UR1841,0,UR1841,GRRHIO|UR1841
HIXNY,PCHOPECON,0,PCHOPECON,HIXNY|PCHOPECON
GRRHIO,UR2079,0,UR2079,GRRHIO|UR2079
BRONX,SAINT_JOHNS_EPISCOPAL_HOSPITAL,0,SAINT JOHNS EPISCOPAL HOSPITAL,BRONX|SAINT JOHNS EPISCOPAL HOSPITAL
GRRHIO,RRH356,0,RRH356,GRRHIO|RRH356
HIXNY,GFHMONITOR,0,GFHMONITOR,HIXNY|GFHMONITOR
HIXNY,WMCAPSPSYKI,0,WMCAPSPSYKI,HIXNY|WMCAPSPSYKI
GRRHIO,RRH710,0,RRH710,GRRHIO|RRH710
GRRHIO,UR0234,0,UR0234,GRRHIO|UR0234
GRRHIO,UR0083,0,UR0083,GRRHIO|UR0083
GRRHIO,RRH128,0,RRH128,GRRHIO|RRH128
GRRHIO,UR2376,0,UR2376,GRRHIO|UR2376
HIXNY,DOHTB,0,DOHTB,HIXNY|DOHTB
HIXNY,SPNRCREHABNDOC,0,SPNRCREHABNDOC,HIXNY|SPNRCREHABNDOC
TXD,IHIE,0,IHIE,TXD|IHIE
GRRHIO,NDPMD,0,NDPMD,GRRHIO|NDPMD
GRRHIO,UR1394,0,UR1394,GRRHIO|UR1394
HIXNY,AMAPCCCAR,0,AMAPCCCAR,HIXNY|AMAPCCCAR
BRONX,NYP_CORNELL,0,NYP CORNELL,BRONX|NYP CORNELL
TXD,TEST,0,TEST,TXD|TEST
GRRHIO,UR0693,0,UR0693,GRRHIO|UR0693
GRRHIO,RR437,0,RR437,GRRHIO|RR437
GRRHIO,UR2223,0,UR2223,GRRHIO|UR2223
GRRHIO,RRH205,0,RRH205,GRRHIO|RRH205
HECDCS,RICHARD-C-WARD,0,RICHARD-C-WARD,HECDCS|RICHARD-C-WARD
GRRHIO,UR2023,0,UR2023,GRRHIO|UR2023
BRONX,NYP_MILSTEIN_HOSPITAL,0,NYP MILSTEIN HOSPITAL,BRONX|NYP MILSTEIN HOSPITAL
HEALTHIX,LIPA,0,LIPA,HEALTHIX|LIPA
GRRHIO,UR1613,0,UR1613,GRRHIO|UR1613
BRONX,ORLIN_AND_COHEN_REHAB_AT_MERRICK,0,ORLIN AND COHEN REHAB AT MERRICK,BRONX|ORLIN AND COHEN REHAB AT MERRICK
GRRHIO,UR1397,0,UR1397,GRRHIO|UR1397
GRRHIO,RRH562,0,RRH562,GRRHIO|RRH562
TXD,NFMPPL,0,NFMPPL,TXD|NFMPPL
BRONX,EHR_ECW.109001008002057051.1638343536672.168166,0,EHR ECW.109001008002057051.1638343536672.168166,BRONX|EHR ECW.109001008002057051.1638343536672.168166
GRRHIO,UR1461,0,UR1461,GRRHIO|UR1461
GRRHIO,RR450,0,RR450,GRRHIO|RR450
HIXNY,CCHD,0,CCHD,HIXNY|CCHD
GRRHIO,UR1126,0,UR1126,GRRHIO|UR1126
GRRHIO,UR0290,0,UR0290,GRRHIO|UR0290
HIXNY,DOHSI,0,DOHSI,HIXNY|DOHSI
TXD,FULGEN,0,FULGEN,TXD|FULGEN
HECDCS,LANSING-CHIRO,0,LANSING-CHIRO,HECDCS|LANSING-CHIRO
GRRHIO,RR158,0,RR158,GRRHIO|RR158
GRRHIO,RR692,0,RR692,GRRHIO|RR692
GRRHIO,UR1314,0,UR1314,GRRHIO|UR1314
GRRHIO,UR2253,0,UR2253,GRRHIO|UR2253
GRRHIO,UR1216,0,UR1216,GRRHIO|UR1216
GRRHIO,UR0107,0,UR0107,GRRHIO|UR0107
GRRHIO,UR2280,0,UR2280,GRRHIO|UR2280
GRRHIO,UR1423,0,UR1423,GRRHIO|UR1423
GRRHIO,UR2440,0,UR2440,GRRHIO|UR2440
BRONX,2.16.840.1.113883.4.391.89.6196,0,2.16.840.1.113883.4.391.89.6196,BRONX|2.16.840.1.113883.4.391.89.6196
TXD,DEAHN,0,DEAHN,TXD|DEAHN
GRRHIO,UR2175,0,UR2175,GRRHIO|UR2175
GRRHIO,RRH327,0,RRH327,GRRHIO|RRH327
TXD,SLA,0,SLA,TXD|SLA
HEALTHIX,ECWLATIMO,0,ECWLATIMO,HEALTHIX|ECWLATIMO
GRRHIO,RR596,0,RR596,GRRHIO|RR596
GRRHIO,UR2283,0,UR2283,GRRHIO|UR2283
GRRHIO,UR0907,0,UR0907,GRRHIO|UR0907
TXD,CHSCL,0,CHSCL,TXD|CHSCL
BRONX,SENTOSA$_GARDEN_CARE_CENTER,0,SENTOSA$ GARDEN CARE CENTER,BRONX|SENTOSA$ GARDEN CARE CENTER
GRRHIO,RR241,0,RR241,GRRHIO|RR241
GRRHIO,UR1446,0,UR1446,GRRHIO|UR1446
GRRHIO,UR1320,0,UR1320,GRRHIO|UR1320
BRONX,FIRST_STEP_MEDICAL,0,FIRST STEP MEDICAL,BRONX|FIRST STEP MEDICAL
TXD,UPMCHA,0,UPMCHA,TXD|UPMCHA
HEALTHIX,CORELAB,0,CORELAB,HEALTHIX|CORELAB
HEALTHIX,SIUHN,0,SIUHN,HEALTHIX|SIUHN
GRRHIO,UR1384,0,UR1384,GRRHIO|UR1384
HEALTHIX,SNCH,0,SNCH,HEALTHIX|SNCH
TXD,X-CELL,0,X-CELL,TXD|X-CELL
HIXNY,9344,0,9344,HIXNY|9344
HEALTHIX,NYUMC,0,NYUMC,HEALTHIX|NYUMC
HIXNY,1821164096,0,1821164096,HIXNY|1821164096
HEALTHIX,JHMC,0,JHMC,HEALTHIX|JHMC
TXD,UAHSPN,0,UAHSPN,TXD|UAHSPN
HIXNY,RENSCO,0,RENSCO,HIXNY|RENSCO
HIXNY,SHFGW,0,SHFGW,HIXNY|SHFGW
BRONX,ESSEN_MEDICAL,0,ESSEN MEDICAL,BRONX|ESSEN MEDICAL
HIXNY,AMPPCC,0,AMPPCC,HIXNY|AMPPCC
HEALTHIX,LIJ,0,LIJ,HEALTHIX|LIJ
HEALTHIX,NYUPN,0,NYUPN,HEALTHIX|NYUPN
HEALTHIX,WHMCIPA,0,WHMCIPA,HEALTHIX|WHMCIPA
BRONX,CINQ,0,CINQ,BRONX|CINQ
GRRHIO,RRH576,0,RRH576,GRRHIO|RRH576
BRONX,SOMOS_HF,0,SOMOS HF,BRONX|SOMOS HF
HEALTHIX,MSKCC,0,MSKCC,HEALTHIX|MSKCC
HECDCS,HAHV,0,HAHV,HECDCS|HAHV
HEALTHIX,NYPQUEENS,0,NYPQUEENS,HEALTHIX|NYPQUEENS
HECDCS,ENT-ALLERGY,0,ENT-ALLERGY,HECDCS|ENT-ALLERGY
HECDCS,ONEIDA-HLTH-MED,0,ONEIDA-HLTH-MED,HECDCS|ONEIDA-HLTH-MED
HECDCS,SJIA,0,SJIA,HECDCS|SJIA
GRRHIO,UR0970,0,UR0970,GRRHIO|UR0970
HEALTHIX,DHSH,0,DHSH,HEALTHIX|DHSH
HECDCS,MONTEFIORE,0,MONTEFIORE,HECDCS|MONTEFIORE
HEALTHIX,CMHS,0,CMHS,HEALTHIX|CMHS
HEALTHIX,NYQCACO,0,NYQCACO,HEALTHIX|NYQCACO
HEALTHIX,MIDNASPEDS,0,MIDNASPEDS,HEALTHIX|MIDNASPEDS
HECDCS,MVHS,0,MVHS,HECDCS|MVHS
HIXNY,CVPHED,0,CVPHED,HIXNY|CVPHED
BRONX,GENERAL_MEDICAL_SRVCS_OF_QUEENS,0,GENERAL MEDICAL SRVCS OF QUEENS,BRONX|GENERAL MEDICAL SRVCS OF QUEENS
HEALTHIX,MEETH,0,MEETH,HEALTHIX|MEETH
TXD,EVGRN2PART2,0,EVGRN2PART2,TXD|EVGRN2PART2
GRRHIO,SIMA,0,SIMA,GRRHIO|SIMA
HECDCS,WEST-MARIAFARERI,0,WEST-MARIAFARERI,HECDCS|WEST-MARIAFARERI
HECDCS,HV-FOOT-LLP,0,HV-FOOT-LLP,HECDCS|HV-FOOT-LLP
HIXNY,WMCBSSACHDOC,0,WMCBSSACHDOC,HIXNY|WMCBSSACHDOC
BRONX,ASONE.DUPLICATE,0,ASONE,BRONX|ASONE
HEALTHIX,CEMS,0,CEMS,HEALTHIX|CEMS
GRRHIO,EPC,0,EPC,GRRHIO|EPC
GRRHIO,RRH484,0,RRH484,GRRHIO|RRH484
TXD,GP,0,GP,TXD|GP
TXD,BUFHAS,0,BUFHAS,TXD|BUFHAS
BRONX,1211_WPR_MEDICAL_SERVICES,0,1211 WPR MEDICAL SERVICES,BRONX|1211 WPR MEDICAL SERVICES
HECDCS,CROUSE-HOSP-3,0,CROUSE-HOSP-3,HECDCS|CROUSE-HOSP-3
TXD,OAKORC,0,OAKORC,TXD|OAKORC
GRRHIO,UR0796,0,UR0796,GRRHIO|UR0796
TXD,BUFRHE,0,BUFRHE,TXD|BUFRHE
HEALTHIX,CHMG,0,CHMG,HEALTHIX|CHMG
GRRHIO,RR373,0,RR373,GRRHIO|RR373
GRRHIO,RRH645,0,RRH645,GRRHIO|RRH645
HECDCS,SMITH-ALLERGY,0,SMITH-ALLERGY,HECDCS|SMITH-ALLERGY
HECDCS,CORNERSTONE-FAM,0,CORNERSTONE-FAM,HECDCS|CORNERSTONE-FAM
HECDCS,PEDIATRIC-ASSOC,0,PEDIATRIC-ASSOC,HECDCS|PEDIATRIC-ASSOC
GRRHIO,UR2034,0,UR2034,GRRHIO|UR2034
HIXNY,WMCBSCH,0,WMCBSCH,HIXNY|WMCBSCH
HIXNY,GFHGREENWICH,0,GFHGREENWICH,HIXNY|GFHGREENWICH
GRRHIO,UR0368,0,UR0368,GRRHIO|UR0368
TXD,ECMC.DUPLICATE1,0,ECMC,TXD|ECMC
HEALTHIX,PHS,0,PHS,HEALTHIX|PHS
TXD,UPMCEP,0,UPMCEP,TXD|UPMCEP
TXD,NFMSH,0,NFMSH,TXD|NFMSH
HEALTHIX,RBKP,0,RBKP,HEALTHIX|RBKP
TXD,GBUACO,0,GBUACO,TXD|GBUACO
GRRHIO,UR0304,0,UR0304,GRRHIO|UR0304
GRRHIO,DOMINO,0,DOMINO,GRRHIO|DOMINO
HEALTHIX,S,0,S,HEALTHIX|S
HECDCS,OPTUM-MED-CARE,0,OPTUM-MED-CARE,HECDCS|OPTUM-MED-CARE
HIXNY,STPL,0,STPL,HIXNY|STPL
GRRHIO,RCRS2,0,RCRS2,GRRHIO|RCRS2
HEALTHIX,FIME,0,FIME,HEALTHIX|FIME
HECDCS,LAB-ALLIANCE-CNY,0,LAB-ALLIANCE-CNY,HECDCS|LAB-ALLIANCE-CNY
HEALTHIX,CVSAETNA,0,CVSAETNA,HEALTHIX|CVSAETNA
HEALTHIX,LIFQHC,0,LIFQHC,HEALTHIX|LIFQHC
HEALTHIX,NHSUH,0,NHSUH,HEALTHIX|NHSUH
HIXNY,STPLDOC,0,STPLDOC,HIXNY|STPLDOC
TXD,WNYCMC,0,WNYCMC,TXD|WNYCMC
HEALTHIX,UPGM,0,UPGM,HEALTHIX|UPGM
HEALTHIX,ASONE.DUPLICATE1,0,ASONE,HEALTHIX|ASONE
HECDCS,CMH.DUPLICATE,0,CMH,HECDCS|CMH
GRRHIO,UR0868,0,UR0868,GRRHIO|UR0868
HEALTHIX,INPP,0,INPP,HEALTHIX|INPP
HIXNY,AHIPCMH,0,AHIPCMH,HIXNY|AHIPCMH
TXD,SETON,0,SETON,TXD|SETON
HEALTHIX,LIPC,0,LIPC,HEALTHIX|LIPC
HEALTHIX,ECWHWORKS,0,ECWHWORKS,HEALTHIX|ECWHWORKS
HEALTHIX,SCMG,0,SCMG,HEALTHIX|SCMG
HEALTHIX,AMSNH,0,AMSNH,HEALTHIX|AMSNH
HEALTHIX,SPOPC,0,SPOPC,HEALTHIX|SPOPC
HIXNY,RRHCSHDOC,0,RRHCSHDOC,HIXNY|RRHCSHDOC
HIXNY,ADKACO,0,ADKACO,HIXNY|ADKACO
GRRHIO,UR2185,0,UR2185,GRRHIO|UR2185
HEALTHIX,BHMC,0,BHMC,HEALTHIX|BHMC
HEALTHIX,TMMD,0,TMMD,HEALTHIX|TMMD
HEALTHIX,OBHS,0,OBHS,HEALTHIX|OBHS
GRRHIO,RRH595,0,RRH595,GRRHIO|RRH595
TXD,UBORTH,0,UBORTH,TXD|UBORTH
TXD,CLARKE,0,CLARKE,TXD|CLARKE
HIXNY,AMHSSCCDOC,0,AMHSSCCDOC,HIXNY|AMHSSCCDOC
TXD,HNNY,0,HNNY,TXD|HNNY
GRRHIO,UR2171,0,UR2171,GRRHIO|UR2171
HECDCS,HARMONYHEALTHLI,0,HARMONYHEALTHLI,HECDCS|HARMONYHEALTHLI
GRRHIO,FLHA2,0,FLHA2,GRRHIO|FLHA2
HIXNY,WMCAPSORTHADOC,0,WMCAPSORTHADOC,HIXNY|WMCAPSORTHADOC
GRRHIO,UR1162,0,UR1162,GRRHIO|UR1162
HIXNY,PAPLFHCDOC,0,PAPLFHCDOC,HIXNY|PAPLFHCDOC
GRRHIO,WI,0,WI,GRRHIO|WI
HIXNY,DOS,0,DOS,HIXNY|DOS
HIXNY,SPHCSDOC,0,SPHCSDOC,HIXNY|SPHCSDOC
GRRHIO,RR8,0,RR8,GRRHIO|RR8
GRRHIO,GGR2,0,GGR2,GRRHIO|GGR2
HIXNY,SPHPMONITORDOC,0,SPHPMONITORDOC,HIXNY|SPHPMONITORDOC
HEALTHIX,NYPLOWERM,0,NYPLOWERM,HEALTHIX|NYPLOWERM
HIXNY,1568492247,0,1568492247,HIXNY|1568492247
HEALTHIX,CMCPC,0,CMCPC,HEALTHIX|CMCPC
HIXNY,ELLSBWC,0,ELLSBWC,HIXNY|ELLSBWC
GRRHIO,CMIHC,0,CMIHC,GRRHIO|CMIHC
HIXNY,AMHSAOBONCHL7,0,AMHSAOBONCHL7,HIXNY|AMHSAOBONCHL7
HIXNY,1518136001,0,1518136001,HIXNY|1518136001
TXD,WNYUro,0,WNYUro,TXD|WNYUro
TXD,MBped,0,MBped,TXD|MBped
HIXNY,1619922218,0,1619922218,HIXNY|1619922218
GRRHIO,RRH960,0,RRH960,GRRHIO|RRH960
HIXNY,SPHPSPARC,0,SPHPSPARC,HIXNY|SPHPSPARC
HECDCS,CNY-FAM-CARE,0,CNY-FAM-CARE,HECDCS|CNY-FAM-CARE
BRONX,FAMILY_AND_CHILDRENS_ASSOC,0,FAMILY AND CHILDRENS ASSOC,BRONX|FAMILY AND CHILDRENS ASSOC
HEALTHIX,NOHH,0,NOHH,HEALTHIX|NOHH
GRRHIO,UR0496,0,UR0496,GRRHIO|UR0496
GRRHIO,UR0891,0,UR0891,GRRHIO|UR0891
HEALTHIX,UOMC,0,UOMC,HEALTHIX|UOMC
GRRHIO,RR314,0,RR314,GRRHIO|RR314
TXD,ENDV2PART2,0,ENDV2PART2,TXD|ENDV2PART2
HEALTHIX,FULPED,0,FULPED,HEALTHIX|FULPED
HIXNY,WMCAPSTRAVA,0,WMCAPSTRAVA,HIXNY|WMCAPSTRAVA
GRRHIO,UR0871,0,UR0871,GRRHIO|UR0871
GRRHIO,RRH074,0,RRH074,GRRHIO|RRH074
HIXNY,SPSMSLEEP,0,SPSMSLEEP,HIXNY|SPSMSLEEP
HEALTHIX,BJIANG,0,BJIANG,HEALTHIX|BJIANG
HEALTHIX,ZCMPC,0,ZCMPC,HEALTHIX|ZCMPC
HECDCS,GROTON-FAM-PRAC,0,GROTON-FAM-PRAC,HECDCS|GROTON-FAM-PRAC
GRRHIO,RR624,0,RR624,GRRHIO|RR624
HECDCS,HHUNY.DUPLICATE1,0,HHUNY,HECDCS|HHUNY
HEALTHIX,WMPPC,0,WMPPC,HEALTHIX|WMPPC
GRRHIO,UR0435,0,UR0435,GRRHIO|UR0435
HECDCS,INT-MED-AUBURN,0,INT-MED-AUBURN,HECDCS|INT-MED-AUBURN
HIXNY,GFHENT,0,GFHENT,HIXNY|GFHENT
BRONX,JUNCTION_MEDICAL_OFFICE,0,JUNCTION MEDICAL OFFICE,BRONX|JUNCTION MEDICAL OFFICE
GRRHIO,UR1754,0,UR1754,GRRHIO|UR1754
GRRHIO,RRH693,0,RRH693,GRRHIO|RRH693
GRRHIO,ORLCH,0,ORLCH,GRRHIO|ORLCH
HIXNY,ECHTIOPED,0,ECHTIOPED,HIXNY|ECHTIOPED
GRRHIO,RRH471,0,RRH471,GRRHIO|RRH471
HIXNY,WMCAPSUROHA,0,WMCAPSUROHA,HIXNY|WMCAPSUROHA
HIXNY,CVPHPULMDOC,0,CVPHPULMDOC,HIXNY|CVPHPULMDOC
GRRHIO,UR0790,0,UR0790,GRRHIO|UR0790
GRRHIO,UR0257,0,UR0257,GRRHIO|UR0257
GRRHIO,UR1299,0,UR1299,GRRHIO|UR1299
GRRHIO,RR259,0,RR259,GRRHIO|RR259
HIXNY,SRSCSVAUDIO,0,SRSCSVAUDIO,HIXNY|SRSCSVAUDIO
HECDCS,HAHRSN.DUPLICATE1,0,HAHRSN,HECDCS|HAHRSN
HEALTHIX,NYFP,0,NYFP,HEALTHIX|NYFP
GRRHIO,RRH062,0,RRH062,GRRHIO|RRH062
GRRHIO,RRH680,0,RRH680,GRRHIO|RRH680
HEALTHIX,PCMH1,0,PCMH1,HEALTHIX|PCMH1
HEALTHIX,ECWAFMP,0,ECWAFMP,HEALTHIX|ECWAFMP
HEALTHIX,JKANG,0,JKANG,HEALTHIX|JKANG
HIXNY,AHMCPEDS,0,AHMCPEDS,HIXNY|AHMCPEDS
HIXNY,252850,0,252850,HIXNY|252850
HIXNY,SRPLWEST,0,SRPLWEST,HIXNY|SRPLWEST
GRRHIO,RRH135,0,RRH135,GRRHIO|RRH135
HIXNY,HECHVFP,0,HECHVFP,HIXNY|HECHVFP
HEALTHIX,ILUMED,0,ILUMED,HEALTHIX|ILUMED
GRRHIO,UR0197,0,UR0197,GRRHIO|UR0197
HEALTHIX,GPRRC,0,GPRRC,HEALTHIX|GPRRC
GRRHIO,UR1099,0,UR1099,GRRHIO|UR1099
TXD,AMPEDS,0,AMPEDS,TXD|AMPEDS
HEALTHIX,ADCAL,0,ADCAL,HEALTHIX|ADCAL
HEALTHIX,HASA.DUPLICATE,0,HASA,HEALTHIX|HASA
TXD,LKM,0,LKM,TXD|LKM
HIXNY,CVPHPLASTICDOC,0,CVPHPLASTICDOC,HIXNY|CVPHPLASTICDOC
GRRHIO,JMH,0,JMH,GRRHIO|JMH
HIXNY,WMCAPSIMHADOC,0,WMCAPSIMHADOC,HIXNY|WMCAPSIMHADOC
HIXNY,HAHVN,0,HAHVN,HIXNY|HAHVN
GRRHIO,UR2165,0,UR2165,GRRHIO|UR2165
HEALTHIX,ACFM,0,ACFM,HEALTHIX|ACFM
HEALTHIX,BRIDGE,0,BRIDGE,HEALTHIX|BRIDGE
HIXNY,CARECOMPXR,0,CARECOMPXR,HIXNY|CARECOMPXR
TXD,GLPPCE,0,GLPPCE,TXD|GLPPCE
HEALTHIX,VLZO,0,VLZO,HEALTHIX|VLZO
HIXNY,WMCCOVID,0,WMCCOVID,HIXNY|WMCCOVID
TXD,OPPEDS,0,OPPEDS,TXD|OPPEDS
HIXNY,CPH,0,CPH,HIXNY|CPH
HEALTHIX,NWPE,0,NWPE,HEALTHIX|NWPE
GRRHIO,UR0675,0,UR0675,GRRHIO|UR0675
HIXNY,PAPLALBCARDDOC,0,PAPLALBCARDDOC,HIXNY|PAPLALBCARDDOC
HECDCS,FAMILYCARE-MED,0,FAMILYCARE-MED,HECDCS|FAMILYCARE-MED
HEALTHIX,NPPC,0,NPPC,HEALTHIX|NPPC
GRRHIO,UR0726,0,UR0726,GRRHIO|UR0726
HIXNY,SETONREHABCP,0,SETONREHABCP,HIXNY|SETONREHABCP
TXD,VJNDLA,0,VJNDLA,TXD|VJNDLA
HECDCS,DRAKOS-PEDS,0,DRAKOS-PEDS,HECDCS|DRAKOS-PEDS
HIXNY,SHEMERGHL7,0,SHEMERGHL7,HIXNY|SHEMERGHL7
HIXNY,AMHSAMEDPED,0,AMHSAMEDPED,HIXNY|AMHSAMEDPED
GRRHIO,AHCCDA,0,AHCCDA,GRRHIO|AHCCDA
HIXNY,SMHAMEMPCP,0,SMHAMEMPCP,HIXNY|SMHAMEMPCP
GRRHIO,UR0366,0,UR0366,GRRHIO|UR0366
HIXNY,SPNLBLABDS,0,SPNLBLABDS,HIXNY|SPNLBLABDS
GRRHIO,UR1295,0,UR1295,GRRHIO|UR1295
HIXNY,WMCAPSNSHA,0,WMCAPSNSHA,HIXNY|WMCAPSNSHA
HIXNY,CRFHCDOC,0,CRFHCDOC,HIXNY|CRFHCDOC
HIXNY,1396959110,0,1396959110,HIXNY|1396959110
HIXNY,1154428431,0,1154428431,HIXNY|1154428431
HEALTHIX,ECWODA,0,ECWODA,HEALTHIX|ECWODA
BRONX,ASTOR_SERVICES,0,ASTOR SERVICES,BRONX|ASTOR SERVICES
HEALTHIX,IMC,0,IMC,HEALTHIX|IMC
GRRHIO,RRH377,0,RRH377,GRRHIO|RRH377
GRRHIO,UR0611,0,UR0611,GRRHIO|UR0611
HEALTHIX,AMCI,0,AMCI,HEALTHIX|AMCI
TXD,BUFFSC,0,BUFFSC,TXD|BUFFSC
TXD,NEMDPC,0,NEMDPC,TXD|NEMDPC
GRRHIO,RRH483,0,RRH483,GRRHIO|RRH483
HEALTHIX,MCRNC,0,MCRNC,HEALTHIX|MCRNC
GRRHIO,UR1762,0,UR1762,GRRHIO|UR1762
HEALTHIX,JASA,0,JASA,HEALTHIX|JASA
GRRHIO,UR0437,0,UR0437,GRRHIO|UR0437
HIXNY,15391ALERT,0,15391ALERT,HIXNY|15391ALERT
HIXNY,PAPLLABDOC,0,PAPLLABDOC,HIXNY|PAPLLABDOC
HEALTHIX,GMSCQ,0,GMSCQ,HEALTHIX|GMSCQ
BRONX,MMC-ACO,0,MMC-ACO,BRONX|MMC-ACO
HIXNY,CRHC,0,CRHC,HIXNY|CRHC
TXD,CCHD.DUPLICATE1,0,CCHD,TXD|CCHD
HEALTHIX,BOROPEDS,0,BOROPEDS,HEALTHIX|BOROPEDS
HIXNY,PAPL315DOC,0,PAPL315DOC,HIXNY|PAPL315DOC
HEALTHIX,CARTER,0,CARTER,HEALTHIX|CARTER
TXD,SOMMED,0,SOMMED,TXD|SOMMED
BRONX,SPRINGFIELD_PEDIATRICS,0,SPRINGFIELD PEDIATRICS,BRONX|SPRINGFIELD PEDIATRICS
GRRHIO,CTC,0,CTC,GRRHIO|CTC
GRRHIO,UR0125,0,UR0125,GRRHIO|UR0125
HEALTHIX,BROADLAWN,0,BROADLAWN,HEALTHIX|BROADLAWN
GRRHIO,PPEDS2,0,PPEDS2,GRRHIO|PPEDS2
GRRHIO,UR2063,0,UR2063,GRRHIO|UR2063
GRRHIO,UR1758,0,UR1758,GRRHIO|UR1758
HIXNY,SPSWCWELLDOC,0,SPSWCWELLDOC,HIXNY|SPSWCWELLDOC
BRONX,JOSEPH_P_ADDABBO_FAMILY_HEALTH,0,JOSEPH P ADDABBO FAMILY HEALTH,BRONX|JOSEPH P ADDABBO FAMILY HEALTH
HIXNY,SHENDO,0,SHENDO,HIXNY|SHENDO
HIXNY,WMCMFKIDHOS,0,WMCMFKIDHOS,HIXNY|WMCMFKIDHOS
HECDCS,MED-ASSOC-HV,0,MED-ASSOC-HV,HECDCS|MED-ASSOC-HV
BRONX,MJHS-PALLIATIVE_CARE,0,MJHS-PALLIATIVE CARE,BRONX|MJHS-PALLIATIVE CARE
HEALTHIX,CAS,0,CAS,HEALTHIX|CAS
HIXNY,1851326326,0,1851326326,HIXNY|1851326326
HECDCS,DIG-HEALTH-CARE,0,DIG-HEALTH-CARE,HECDCS|DIG-HEALTH-CARE
GRRHIO,UR0595,0,UR0595,GRRHIO|UR0595
HIXNY,CONCERTOCARE,0,CONCERTOCARE,HIXNY|CONCERTOCARE
TXD,JEMED,0,JEMED,TXD|JEMED
GRRHIO,UR0795,0,UR0795,GRRHIO|UR0795
HIXNY,SMHAGIFHC,0,SMHAGIFHC,HIXNY|SMHAGIFHC
HECDCS,FAM-HLTH-CNY,0,FAM-HLTH-CNY,HECDCS|FAM-HLTH-CNY
BRONX,EMPIRE_BLUECROSS_BLUESHIELD,0,EMPIRE BLUECROSS BLUESHIELD,BRONX|EMPIRE BLUECROSS BLUESHIELD
GRRHIO,UR1630,0,UR1630,GRRHIO|UR1630
GRRHIO,RRH477,0,RRH477,GRRHIO|RRH477
HIXNY,PAPLSLEEPDOC,0,PAPLSLEEPDOC,HIXNY|PAPLSLEEPDOC
GRRHIO,RRH094,0,RRH094,GRRHIO|RRH094
HEALTHIX,HISP,0,HISP,HEALTHIX|HISP
GRRHIO,RRH385,0,RRH385,GRRHIO|RRH385
HECDCS,WEST-HLTH-OUT-3,0,WEST-HLTH-OUT-3,HECDCS|WEST-HLTH-OUT-3
GRRHIO,UR0424,0,UR0424,GRRHIO|UR0424
GRRHIO,UR0818,0,UR0818,GRRHIO|UR0818
HIXNY,SHEMERG,0,SHEMERG,HIXNY|SHEMERG
HIXNY,ELLSFHC,0,ELLSFHC,HIXNY|ELLSFHC
HEALTHIX,ECWSPME,0,ECWSPME,HEALTHIX|ECWSPME
HIXNY,SPCRUURO,0,SPCRUURO,HIXNY|SPCRUURO
GRRHIO,UR0347,0,UR0347,GRRHIO|UR0347
HIXNY,CMHSURG,0,CMHSURG,HIXNY|CMHSURG
HECDCS,CHP-CAYUGA-MED,0,CHP-CAYUGA-MED,HECDCS|CHP-CAYUGA-MED
HIXNY,PAPLALBCARD,0,PAPLALBCARD,HIXNY|PAPLALBCARD
HIXNY,1487600326,0,1487600326,HIXNY|1487600326
BRONX,BABUBHAI_I_PATEL_PHYSICIAN,0,BABUBHAI I PATEL PHYSICIAN,BRONX|BABUBHAI I PATEL PHYSICIAN
TXD,LEWPED,0,LEWPED,TXD|LEWPED
BRONX,PEDIATRIC_NEUROLOGY_OF_QUEENS,0,PEDIATRIC NEUROLOGY OF QUEENS,BRONX|PEDIATRIC NEUROLOGY OF QUEENS
HIXNY,CMHBONE,0,CMHBONE,HIXNY|CMHBONE
TXD,AZCHCB,0,AZCHCB,TXD|AZCHCB
HEALTHIX,MDTC,0,MDTC,HEALTHIX|MDTC
GRRHIO,RR26,0,RR26,GRRHIO|RR26
BRONX,DYCKMAN_MEDICAL_CARE,0,DYCKMAN MEDICAL CARE,BRONX|DYCKMAN MEDICAL CARE
GRRHIO,RRH697,0,RRH697,GRRHIO|RRH697
GRRHIO,UR0750,0,UR0750,GRRHIO|UR0750
GRRHIO,ROCO,0,ROCO,GRRHIO|ROCO
HEALTHIX,JBFACS,0,JBFACS,HEALTHIX|JBFACS
HEALTHIX,PAGO,0,PAGO,HEALTHIX|PAGO
BRONX,BOSTON_PEDIATRICS,0,BOSTON PEDIATRICS,BRONX|BOSTON PEDIATRICS
HEALTHIX,MARYMW,0,MARYMW,HEALTHIX|MARYMW
HECDCS,MAD-CTY-HEALTH,0,MAD-CTY-HEALTH,HECDCS|MAD-CTY-HEALTH
HEALTHIX,CAIPA,0,CAIPA,HEALTHIX|CAIPA
BRONX,WAKEFIELD_PEDIATRICS,0,WAKEFIELD PEDIATRICS,BRONX|WAKEFIELD PEDIATRICS
HECDCS,CCHRSN,0,CCHRSN,HECDCS|CCHRSN
HIXNY,GFHWELLHL7,0,GFHWELLHL7,HIXNY|GFHWELLHL7
GRRHIO,RR526,0,RR526,GRRHIO|RR526
BRONX,HAMASPIK.DUPLICATE,0,HAMASPIK,BRONX|HAMASPIK
GRRHIO,RR323,0,RR323,GRRHIO|RR323
TXD,AZUPC,0,AZUPC,TXD|AZUPC
HIXNY,AMHSAGENSUR,0,AMHSAGENSUR,HIXNY|AMHSAGENSUR
HIXNY,ELLSGSNS,0,ELLSGSNS,HIXNY|ELLSGSNS
GRRHIO,RRH180,0,RRH180,GRRHIO|RRH180
HEALTHIX,NYF,0,NYF,HEALTHIX|NYF
TXD,BURKE,0,BURKE,TXD|BURKE
HEALTHIX,ODYSSEYH,0,ODYSSEYH,HEALTHIX|ODYSSEYH
HEALTHIX,SHAS,0,SHAS,HEALTHIX|SHAS
GRRHIO,RRH365,0,RRH365,GRRHIO|RRH365
HEALTHIX,LINC,0,LINC,HEALTHIX|LINC
TXD,FCNY,0,FCNY,TXD|FCNY
HIXNY,WMCAPSPSHADOC,0,WMCAPSPSHADOC,HIXNY|WMCAPSPSHADOC
GRRHIO,UR0701,0,UR0701,GRRHIO|UR0701
HECDCS,WATERTOWN-PEDS,0,WATERTOWN-PEDS,HECDCS|WATERTOWN-PEDS
GRRHIO,OCDN,0,OCDN,GRRHIO|OCDN
HEALTHIX,EAPE,0,EAPE,HEALTHIX|EAPE
GRRHIO,RRH382,0,RRH382,GRRHIO|RRH382
GRRHIO,RRH472,0,RRH472,GRRHIO|RRH472
GRRHIO,UR0649,0,UR0649,GRRHIO|UR0649
HEALTHIX,GMHC,0,GMHC,HEALTHIX|GMHC
HEALTHIX,YHOOI,0,YHOOI,HEALTHIX|YHOOI
HEALTHIX,HHMCK,0,HHMCK,HEALTHIX|HHMCK
HIXNY,1982674917,0,1982674917,HIXNY|1982674917
BRONX,PEDIATRICS_PLUS_–_DR._INDRANIL_GUPTA,0,PEDIATRICS PLUS – DR. INDRANIL GUPTA,BRONX|PEDIATRICS PLUS – DR. INDRANIL GUPTA
GRRHIO,RRH935,0,RRH935,GRRHIO|RRH935
GRRHIO,RRH593,0,RRH593,GRRHIO|RRH593
HIXNY,SPMOBCOLREC,0,SPMOBCOLREC,HIXNY|SPMOBCOLREC
GRRHIO,REAS,0,REAS,GRRHIO|REAS
HECDCS,PARK-AVE-HEALTH,0,PARK-AVE-HEALTH,HECDCS|PARK-AVE-HEALTH
GRRHIO,UR2037,0,UR2037,GRRHIO|UR2037
HEALTHIX,ECWJLTE,0,ECWJLTE,HEALTHIX|ECWJLTE
HEALTHIX,TOPOON,0,TOPOON,HEALTHIX|TOPOON
HEALTHIX,JWEM,0,JWEM,HEALTHIX|JWEM
HIXNY,WMCOPDALLYDOC,0,WMCOPDALLYDOC,HIXNY|WMCOPDALLYDOC
BRONX,OPTIMUM_FM,0,OPTIMUM FM,BRONX|OPTIMUM FM
GRRHIO,UR0377,0,UR0377,GRRHIO|UR0377
GRRHIO,UR1160,0,UR1160,GRRHIO|UR1160
GRRHIO,RR700,0,RR700,GRRHIO|RR700
HEALTHIX,UESRNC,0,UESRNC,HEALTHIX|UESRNC
HIXNY,SPCCTMEDONCDOC,0,SPCCTMEDONCDOC,HIXNY|SPCCTMEDONCDOC
HIXNY,WMCAPSENDHADOC,0,WMCAPSENDHADOC,HIXNY|WMCAPSENDHADOC
HIXNY,SHSMHPEDTRODOC,0,SHSMHPEDTRODOC,HIXNY|SHSMHPEDTRODOC
HIXNY,SPBABSUR,0,SPBABSUR,HIXNY|SPBABSUR
HIXNY,CFDS2,0,CFDS2,HIXNY|CFDS2
GRRHIO,PIVA,0,PIVA,GRRHIO|PIVA
GRRHIO,UR2022,0,UR2022,GRRHIO|UR2022
HEALTHIX,SOPM,0,SOPM,HEALTHIX|SOPM
BRONX,FORT_WASHINGTON_MEDICAL_OFFICE,0,FORT WASHINGTON MEDICAL OFFICE,BRONX|FORT WASHINGTON MEDICAL OFFICE
GRRHIO,RRH129,0,RRH129,GRRHIO|RRH129
GRRHIO,UR0875,0,UR0875,GRRHIO|UR0875
TXD,TONMED,0,TONMED,TXD|TONMED
HEALTHIX,AELY,0,AELY,HEALTHIX|AELY
HECDCS,FOOTDOC-UTICA,0,FOOTDOC-UTICA,HECDCS|FOOTDOC-UTICA
GRRHIO,RR415,0,RR415,GRRHIO|RR415
HIXNY,SPCSBPRIMEDOC,0,SPCSBPRIMEDOC,HIXNY|SPCSBPRIMEDOC
HIXNY,AMHSANEU,0,AMHSANEU,HIXNY|AMHSANEU
HEALTHIX,IMCP,0,IMCP,HEALTHIX|IMCP
HEALTHIX,NQSC,0,NQSC,HEALTHIX|NQSC
HIXNY,AMGPCC,0,AMGPCC,HIXNY|AMGPCC
HEALTHIX,MMUSSO,0,MMUSSO,HEALTHIX|MMUSSO
HECDCS,MV-NEPH-ASSOC,0,MV-NEPH-ASSOC,HECDCS|MV-NEPH-ASSOC
TXD,CMPACO,0,CMPACO,TXD|CMPACO
GRRHIO,GCDN,0,GCDN,GRRHIO|GCDN
GRRHIO,RRH930,0,RRH930,GRRHIO|RRH930
HEALTHIX,BMFHC,0,BMFHC,HEALTHIX|BMFHC
BRONX,ADVANCED_PEDIATRICS,0,ADVANCED PEDIATRICS,BRONX|ADVANCED PEDIATRICS
GRRHIO,UR2316,0,UR2316,GRRHIO|UR2316
BRONX,CHINATOWN_KIDNEY_CARE,0,CHINATOWN KIDNEY CARE,BRONX|CHINATOWN KIDNEY CARE
GRRHIO,RRH378,0,RRH378,GRRHIO|RRH378
HIXNY,WMCAPSTRPVADOC,0,WMCAPSTRPVADOC,HIXNY|WMCAPSTRPVADOC
GRRHIO,UR2011,0,UR2011,GRRHIO|UR2011
HEALTHIX,OPPPC,0,OPPPC,HEALTHIX|OPPPC
HIXNY,AMPPCCPOD,0,AMPPCCPOD,HIXNY|AMPPCCPOD
TXD,BSCWNY,0,BSCWNY,TXD|BSCWNY
HEALTHIX,WPEDA,0,WPEDA,HEALTHIX|WPEDA
HECDCS,AMMIR-RABADI,0,AMMIR-RABADI,HECDCS|AMMIR-RABADI
HIXNY,1376673319,0,1376673319,HIXNY|1376673319
HEALTHIX,CCPP,0,CCPP,HEALTHIX|CCPP
HIXNY,AHMCDHC,0,AHMCDHC,HIXNY|AHMCDHC
GRRHIO,RRH038,0,RRH038,GRRHIO|RRH038
HEALTHIX,ASPC,0,ASPC,HEALTHIX|ASPC
GRRHIO,UR0272,0,UR0272,GRRHIO|UR0272
GRRHIO,UR0841,0,UR0841,GRRHIO|UR0841
BRONX,AMERICA_MEDICAL_GROUP,0,AMERICA MEDICAL GROUP,BRONX|AMERICA MEDICAL GROUP
GRRHIO,USCD,0,USCD,GRRHIO|USCD
HIXNY,SHNEURHL7,0,SHNEURHL7,HIXNY|SHNEURHL7
GRRHIO,CVFP2,0,CVFP2,GRRHIO|CVFP2
GRRHIO,UR1549,0,UR1549,GRRHIO|UR1549
GRRHIO,UR0605,0,UR0605,GRRHIO|UR0605
HIXNY,AMHSANSR,0,AMHSANSR,HIXNY|AMHSANSR
HIXNY,SHCARD,0,SHCARD,HIXNY|SHCARD
TXD,ALEDAD,0,ALEDAD,TXD|ALEDAD
HEALTHIX,ARSMED,0,ARSMED,HEALTHIX|ARSMED
GRRHIO,RR694,0,RR694,GRRHIO|RR694
HEALTHIX,WOODC,0,WOODC,HEALTHIX|WOODC
GRRHIO,UR0840,0,UR0840,GRRHIO|UR0840
HIXNY,SPCPMDIAENDDOC,0,SPCPMDIAENDDOC,HIXNY|SPCPMDIAENDDOC
HIXNY,SURJOHN,0,SURJOHN,HIXNY|SURJOHN
HECDCS,GOLD-HILL,0,GOLD-HILL,HECDCS|GOLD-HILL
GRRHIO,RRH194,0,RRH194,GRRHIO|RRH194
GRRHIO,RRH389,0,RRH389,GRRHIO|RRH389
GRRHIO,UR2119,0,UR2119,GRRHIO|UR2119
GRRHIO,RR774,0,RR774,GRRHIO|RR774
GRRHIO,UR0548,0,UR0548,GRRHIO|UR0548
HEALTHIX,EMCPC,0,EMCPC,HEALTHIX|EMCPC
HEALTHIX,UMPC,0,UMPC,HEALTHIX|UMPC
GRRHIO,RRH200,0,RRH200,GRRHIO|RRH200
HECDCS,S-BEACH-PSYCH,0,S-BEACH-PSYCH,HECDCS|S-BEACH-PSYCH
HECDCS,ELDER-LIVERPOOL,0,ELDER-LIVERPOOL,HECDCS|ELDER-LIVERPOOL
TXD,CARMAR,0,CARMAR,TXD|CARMAR
HEALTHIX,ECWKNICK,0,ECWKNICK,HEALTHIX|ECWKNICK
HIXNY,UHPP,0,UHPP,HIXNY|UHPP
BRONX,SPRING_SEA_PHYSICIAN,0,SPRING SEA PHYSICIAN,BRONX|SPRING SEA PHYSICIAN
HECDCS,ROCK-CHILD-PSYCH,0,ROCK-CHILD-PSYCH,HECDCS|ROCK-CHILD-PSYCH
HEALTHIX,TCPM,0,TCPM,HEALTHIX|TCPM
HEALTHIX,GMSC,0,GMSC,HEALTHIX|GMSC
GRRHIO,RRH102,0,RRH102,GRRHIO|RRH102
GRRHIO,ESP2,0,ESP2,GRRHIO|ESP2
GRRHIO,RR629,0,RR629,GRRHIO|RR629
GRRHIO,RR785,0,RR785,GRRHIO|RR785
HECDCS,WELL-BEING-PEDS,0,WELL-BEING-PEDS,HECDCS|WELL-BEING-PEDS
HIXNY,SPRSBIMVALDOC,0,SPRSBIMVALDOC,HIXNY|SPRSBIMVALDOC
GRRHIO,UR0018,0,UR0018,GRRHIO|UR0018
HEALTHIX,NYMOBG,0,NYMOBG,HEALTHIX|NYMOBG
HEALTHIX,RPCS,0,RPCS,HEALTHIX|RPCS
GRRHIO,UR2125,0,UR2125,GRRHIO|UR2125
HEALTHIX,FPMC,0,FPMC,HEALTHIX|FPMC
TXD,AMGRHE,0,AMGRHE,TXD|AMGRHE
TXD,CONCER,0,CONCER,TXD|CONCER
GRRHIO,UR0363,0,UR0363,GRRHIO|UR0363
HECDCS,BS-HOSP-3,0,BS-HOSP-3,HECDCS|BS-HOSP-3
BRONX,BARRY_BAKER,0,BARRY BAKER,BRONX|BARRY BAKER
HIXNY,AMHSAEMURG,0,AMHSAEMURG,HIXNY|AMHSAEMURG
GRRHIO,UR0285,0,UR0285,GRRHIO|UR0285
HEALTHIX,PRHOSP,0,PRHOSP,HEALTHIX|PRHOSP
GRRHIO,UR1414,0,UR1414,GRRHIO|UR1414
GRRHIO,UR0329,0,UR0329,GRRHIO|UR0329
HIXNY,AMHSAPED,0,AMHSAPED,HIXNY|AMHSAPED
BRONX,BRIGGS_FAMILY_PEDIATRICS,0,BRIGGS FAMILY PEDIATRICS,BRONX|BRIGGS FAMILY PEDIATRICS
BRONX,LOVING_CARE_MEDICAL,0,LOVING CARE MEDICAL,BRONX|LOVING CARE MEDICAL
HIXNY,WMCAPSTRPVA,0,WMCAPSTRPVA,HIXNY|WMCAPSTRPVA
HEALTHIX,WOODHM,0,WOODHM,HEALTHIX|WOODHM
BRONX,EAST_SUNRISE_MEDICAL,0,EAST SUNRISE MEDICAL,BRONX|EAST SUNRISE MEDICAL
GRRHIO,UR0608,0,UR0608,GRRHIO|UR0608
HECDCS,ROCK-HEALTH-MH,0,ROCK-HEALTH-MH,HECDCS|ROCK-HEALTH-MH
HEALTHIX,WMUI,0,WMUI,HEALTHIX|WMUI
HIXNY,NLHDOC,0,NLHDOC,HIXNY|NLHDOC
HEALTHIX,CACNS,0,CACNS,HEALTHIX|CACNS
GRRHIO,UR0672,0,UR0672,GRRHIO|UR0672
HIXNY,OMNESIPA,0,OMNESIPA,HIXNY|OMNESIPA
HEALTHIX,UWMP,0,UWMP,HEALTHIX|UWMP
HEALTHIX,ECWBRKHC,0,ECWBRKHC,HEALTHIX|ECWBRKHC
TXD,INTMED,0,INTMED,TXD|INTMED
HECDCS,LIBERTY-RES-NET,0,LIBERTY-RES-NET,HECDCS|LIBERTY-RES-NET
HEALTHIX,ESSEC,0,ESSEC,HEALTHIX|ESSEC
HIXNY,SPCCTRADONCDOC,0,SPCCTRADONCDOC,HIXNY|SPCCTRADONCDOC
HIXNY,WILLPED,0,WILLPED,HIXNY|WILLPED
GRRHIO,RRH171,0,RRH171,GRRHIO|RRH171
GRRHIO,UR0334,0,UR0334,GRRHIO|UR0334
HIXNY,1255360046,0,1255360046,HIXNY|1255360046
HEALTHIX,ECWMCPLLC,0,ECWMCPLLC,HEALTHIX|ECWMCPLLC
TXD,MOBPCR,0,MOBPCR,TXD|MOBPCR
HECDCS,NEPHROLOGY-HYPER,0,NEPHROLOGY-HYPER,HECDCS|NEPHROLOGY-HYPER
HEALTHIX,STAGESPC,0,STAGESPC,HEALTHIX|STAGESPC
HECDCS,MVMP,0,MVMP,HECDCS|MVMP
GRRHIO,RR9,0,RR9,GRRHIO|RR9
GRRHIO,UR0073,0,UR0073,GRRHIO|UR0073
HIXNY,SPBPMBRMEDDOC,0,SPBPMBRMEDDOC,HIXNY|SPBPMBRMEDDOC
HECDCS,SOUTH-WEST-NEPH,0,SOUTH-WEST-NEPH,HECDCS|SOUTH-WEST-NEPH
HEALTHIX,BMCP,0,BMCP,HEALTHIX|BMCP
HEALTHIX,EYAAQI,0,EYAAQI,HEALTHIX|EYAAQI
HIXNY,SPVAALBDOC,0,SPVAALBDOC,HIXNY|SPVAALBDOC
GRRHIO,RRH654,0,RRH654,GRRHIO|RRH654
GRRHIO,PPSHC,0,PPSHC,GRRHIO|PPSHC
HEALTHIX,EXTENDEDMLTC,0,EXTENDEDMLTC,HEALTHIX|EXTENDEDMLTC
GRRHIO,RRH147,0,RRH147,GRRHIO|RRH147
GRRHIO,UR0134,0,UR0134,GRRHIO|UR0134
GRRHIO,RR683,0,RR683,GRRHIO|RR683
HEALTHIX,MGPE,0,MGPE,HEALTHIX|MGPE
HEALTHIX,JGMP,0,JGMP,HEALTHIX|JGMP
HIXNY,SMHACANAPCP,0,SMHACANAPCP,HIXNY|SMHACANAPCP
HEALTHIX,HECTRUETOX,0,HECTRUETOX,HEALTHIX|HECTRUETOX
GRRHIO,UR1801,0,UR1801,GRRHIO|UR1801
HIXNY,AMHSAHEMONHL7,0,AMHSAHEMONHL7,HIXNY|AMHSAHEMONHL7
HEALTHIX,TERGO,0,TERGO,HEALTHIX|TERGO
HIXNY,CVPHGENSURG,0,CVPHGENSURG,HIXNY|CVPHGENSURG
GRRHIO,UR0331,0,UR0331,GRRHIO|UR0331
HIXNY,AMKPCCGI,0,AMKPCCGI,HIXNY|AMKPCCGI
GRRHIO,UR1778,0,UR1778,GRRHIO|UR1778
BRONX,PRIMARY_MEDICAL_CARE,0,PRIMARY MEDICAL CARE,BRONX|PRIMARY MEDICAL CARE
HECDCS,ONEIDA-INDIAN,0,ONEIDA-INDIAN,HECDCS|ONEIDA-INDIAN
GRRHIO,RRH466,0,RRH466,GRRHIO|RRH466
HEALTHIX,HECA,0,HECA,HEALTHIX|HECA
HECDCS,PARK-AVE-RADIO,0,PARK-AVE-RADIO,HECDCS|PARK-AVE-RADIO
HEALTHIX,HMRNS,0,HMRNS,HEALTHIX|HMRNS
HIXNY,1083256564,0,1083256564,HIXNY|1083256564
HECDCS,FAM-PRAC-PC,0,FAM-PRAC-PC,HECDCS|FAM-PRAC-PC
HEALTHIX,ECWCEVANS,0,ECWCEVANS,HEALTHIX|ECWCEVANS
GRRHIO,UMMC2,0,UMMC2,GRRHIO|UMMC2
HIXNY,SHGESUHL7,0,SHGESUHL7,HIXNY|SHGESUHL7
BRONX,BRENA_DESAI_PEDIATRICIAN,0,BRENA DESAI PEDIATRICIAN,BRONX|BRENA DESAI PEDIATRICIAN
HEALTHIX,COLDSPRING,0,COLDSPRING,HEALTHIX|COLDSPRING
HIXNY,SPRT9AACCPDOC,0,SPRT9AACCPDOC,HIXNY|SPRT9AACCPDOC
HIXNY,CPHDERMM,0,CPHDERMM,HIXNY|CPHDERMM
GRRHIO,UR0515,0,UR0515,GRRHIO|UR0515
HECDCS,POUGH-MED-GRP,0,POUGH-MED-GRP,HECDCS|POUGH-MED-GRP
GRRHIO,SCCCC,0,SCCCC,GRRHIO|SCCCC
BRONX,QUEENS_STAR_MEDICAL,0,QUEENS STAR MEDICAL,BRONX|QUEENS STAR MEDICAL
BRONX,HHAR-CHHA,0,HHAR-CHHA,BRONX|HHAR-CHHA
BRONX,COZ_PEDIATRICS,0,COZ PEDIATRICS,BRONX|COZ PEDIATRICS
GRRHIO,UR1726,0,UR1726,GRRHIO|UR1726
GRRHIO,RR661,0,RR661,GRRHIO|RR661
GRRHIO,UR0923,0,UR0923,GRRHIO|UR0923
GRRHIO,UR1560,0,UR1560,GRRHIO|UR1560
HECDCS,CLIFTON-FINE,0,CLIFTON-FINE,HECDCS|CLIFTON-FINE
GRRHIO,UR0991,0,UR0991,GRRHIO|UR0991
GRRHIO,SOGPC,0,SOGPC,GRRHIO|SOGPC
TXD,ELDSLK,0,ELDSLK,TXD|ELDSLK
HIXNY,AMHSAEMURGHL7,0,AMHSAEMURGHL7,HIXNY|AMHSAEMURGHL7
HIXNY,AMHSACAR,0,AMHSACAR,HIXNY|AMHSACAR
GRRHIO,PFMB2,0,PFMB2,GRRHIO|PFMB2
TXD,SLATER,0,SLATER,TXD|SLATER
HECDCS,DIG-DIS-MED-CNY,0,DIG-DIS-MED-CNY,HECDCS|DIG-DIS-MED-CNY
GRRHIO,UR2386,0,UR2386,GRRHIO|UR2386
GRRHIO,UR0206,0,UR0206,GRRHIO|UR0206
BRONX,FIRST_STEP_PEDIATRICS,0,FIRST STEP PEDIATRICS,BRONX|FIRST STEP PEDIATRICS
HIXNY,SHURO,0,SHURO,HIXNY|SHURO
HECDCS,HV-HOSPICE,0,HV-HOSPICE,HECDCS|HV-HOSPICE
HIXNY,GFHADKURO,0,GFHADKURO,HIXNY|GFHADKURO
HIXNY,SPEPBLABDSDOC,0,SPEPBLABDSDOC,HIXNY|SPEPBLABDSDOC
GRRHIO,UR0920,0,UR0920,GRRHIO|UR0920
GRRHIO,RRH345,0,RRH345,GRRHIO|RRH345
GRRHIO,RR133,0,RR133,GRRHIO|RR133
HIXNY,SPSRBMSHACDOC,0,SPSRBMSHACDOC,HIXNY|SPSRBMSHACDOC
BRONX,COLUMBUS_CENTER_FOR_MED_REHAB,0,COLUMBUS CENTER FOR MED REHAB,BRONX|COLUMBUS CENTER FOR MED REHAB
HIXNY,ELLSPCG,0,ELLSPCG,HIXNY|ELLSPCG
GRRHIO,HTMDI,0,HTMDI,GRRHIO|HTMDI
HEALTHIX,ARAC,0,ARAC,HEALTHIX|ARAC
HIXNY,SMHAADUMH,0,SMHAADUMH,HIXNY|SMHAADUMH
HEALTHIX,RDELM,0,RDELM,HEALTHIX|RDELM
HIXNY,SHBCHL7,0,SHBCHL7,HIXNY|SHBCHL7
GRRHIO,UR0423,0,UR0423,GRRHIO|UR0423
GRRHIO,RRH659,0,RRH659,GRRHIO|RRH659
BRONX,ALLERGY_ASTHMA_CARE_OF_MANHATTAN,0,ALLERGY ASTHMA CARE OF MANHATTAN,BRONX|ALLERGY ASTHMA CARE OF MANHATTAN
HIXNY,WARRENCPUBHE,0,WARRENCPUBHE,HIXNY|WARRENCPUBHE
BRONX,QUEENS_WELLNESS_MEDICAL_CARE,0,QUEENS WELLNESS MEDICAL CARE,BRONX|QUEENS WELLNESS MEDICAL CARE
GRRHIO,RR395,0,RR395,GRRHIO|RR395
HEALTHIX,AWM,0,AWM,HEALTHIX|AWM
GRRHIO,RRH953,0,RRH953,GRRHIO|RRH953
BRONX,SOUNDVIEW_MEDICAL,0,SOUNDVIEW MEDICAL,BRONX|SOUNDVIEW MEDICAL
GRRHIO,UR0208,0,UR0208,GRRHIO|UR0208
HEALTHIX,BPED,0,BPED,HEALTHIX|BPED
BRONX,ADRIAN_GONZALEZ,0,ADRIAN GONZALEZ,BRONX|ADRIAN GONZALEZ
GRRHIO,RRH657,0,RRH657,GRRHIO|RRH657
HEALTHIX,TRICOUNTYCARE,0,TRICOUNTYCARE,HEALTHIX|TRICOUNTYCARE
BRONX,JERICHO_PROJECT,0,JERICHO PROJECT,BRONX|JERICHO PROJECT
HECDCS,RENATO-MANDANAS,0,RENATO-MANDANAS,HECDCS|RENATO-MANDANAS
HIXNY,MMGKIDSK,0,MMGKIDSK,HIXNY|MMGKIDSK
GRRHIO,UR1139,0,UR1139,GRRHIO|UR1139
GRRHIO,RR392,0,RR392,GRRHIO|RR392
HEALTHIX,HHASS,0,HHASS,HEALTHIX|HHASS
HEALTHIX,MYLT,0,MYLT,HEALTHIX|MYLT
HEALTHIX,AXPC,0,AXPC,HEALTHIX|AXPC
BRONX,VSVL_RETIRED,0,VSVL RETIRED,BRONX|VSVL RETIRED
HEALTHIX,STPH,0,STPH,HEALTHIX|STPH
BRONX,YUSUFS_GETWELL_PEDIATRICS_OF_NY,0,YUSUFS GETWELL PEDIATRICS OF NY,BRONX|YUSUFS GETWELL PEDIATRICS OF NY
HEALTHIX,PALISADES,0,PALISADES,HEALTHIX|PALISADES
HIXNY,TROYMEDDOC,0,TROYMEDDOC,HIXNY|TROYMEDDOC
HIXNY,WMCAPSREMHA,0,WMCAPSREMHA,HIXNY|WMCAPSREMHA
TXD,HRGPC,0,HRGPC,TXD|HRGPC
HIXNY,AMHSAALG,0,AMHSAALG,HIXNY|AMHSAALG
GRRHIO,WNYPC,0,WNYPC,GRRHIO|WNYPC
GRRHIO,RR354,0,RR354,GRRHIO|RR354
HEALTHIX,HRNAVA,0,HRNAVA,HEALTHIX|HRNAVA
GRRHIO,UR1983,0,UR1983,GRRHIO|UR1983
GRRHIO,RR45,0,RR45,GRRHIO|RR45
HEALTHIX,KFP.DUPLICATE1,0,KFP,HEALTHIX|KFP
GRRHIO,RRH937,0,RRH937,GRRHIO|RRH937
BRONX,HAVEN_PEDIATRIC_OFFICE,0,HAVEN PEDIATRIC OFFICE,BRONX|HAVEN PEDIATRIC OFFICE
HEALTHIX,EDEN,0,EDEN,HEALTHIX|EDEN
GRRHIO,UR0981,0,UR0981,GRRHIO|UR0981
HIXNY,SHCARDHL7,0,SHCARDHL7,HIXNY|SHCARDHL7
HECDCS,FALLSBURG-PEDS,0,FALLSBURG-PEDS,HECDCS|FALLSBURG-PEDS
BRONX,OLIVE_OSBORNE,0,OLIVE OSBORNE,BRONX|OLIVE OSBORNE
BRONX,XIANG_SHENG_MEDICINE,0,XIANG SHENG MEDICINE,BRONX|XIANG SHENG MEDICINE
HEALTHIX,EALMD,0,EALMD,HEALTHIX|EALMD
GRRHIO,UR1648,0,UR1648,GRRHIO|UR1648
HEALTHIX,HDPH,0,HDPH,HEALTHIX|HDPH
HECDCS,OSW-OPPS,0,OSW-OPPS,HECDCS|OSW-OPPS
HEALTHIX,ECWRPCS,0,ECWRPCS,HEALTHIX|ECWRPCS
HEALTHIX,OEFMD,0,OEFMD,HEALTHIX|OEFMD
GRRHIO,UR0037,0,UR0037,GRRHIO|UR0037
GRRHIO,RRH383,0,RRH383,GRRHIO|RRH383
GRRHIO,RRH193,0,RRH193,GRRHIO|RRH193
GRRHIO,FP,0,FP,GRRHIO|FP
HECDCS,HV-ENDOCRINOLOGY,0,HV-ENDOCRINOLOGY,HECDCS|HV-ENDOCRINOLOGY
GRRHIO,RR404,0,RR404,GRRHIO|RR404
HEALTHIX,SMHM,0,SMHM,HEALTHIX|SMHM
HIXNY,FHHS,0,FHHS,HIXNY|FHHS
GRRHIO,RRH523,0,RRH523,GRRHIO|RRH523
HEALTHIX,YMYU,0,YMYU,HEALTHIX|YMYU
GRRHIO,UR0786,0,UR0786,GRRHIO|UR0786
GRRHIO,RR181,0,RR181,GRRHIO|RR181
HEALTHIX,CMMP,0,CMMP,HEALTHIX|CMMP
GRRHIO,RRH652,0,RRH652,GRRHIO|RRH652
GRRHIO,RR552,0,RR552,GRRHIO|RR552
GRRHIO,UR1156,0,UR1156,GRRHIO|UR1156
TXD,GEEMOO,0,GEEMOO,TXD|GEEMOO
HIXNY,WMCMHRHOHC,0,WMCMHRHOHC,HIXNY|WMCMHRHOHC
BRONX,KEVIN_J_GUO_MEDICAL,0,KEVIN J GUO MEDICAL,BRONX|KEVIN J GUO MEDICAL
HIXNY,AHMCCHEMO,0,AHMCCHEMO,HIXNY|AHMCCHEMO
BRONX,NYC_COMMUNITY_MEDICAL_CARE,0,NYC COMMUNITY MEDICAL CARE,BRONX|NYC COMMUNITY MEDICAL CARE
HECDCS,A-S-GILL,0,A-S-GILL,HECDCS|A-S-GILL
HIXNY,WELLS,0,WELLS,HIXNY|WELLS
HIXNY,ACSOEMS,0,ACSOEMS,HIXNY|ACSOEMS
HECDCS,CENTER-SIGHT,0,CENTER-SIGHT,HECDCS|CENTER-SIGHT
GRRHIO,UR0895,0,UR0895,GRRHIO|UR0895
GRRHIO,RRH407,0,RRH407,GRRHIO|RRH407
TXD,KHAWAR,0,KHAWAR,TXD|KHAWAR
HIXNY,CVPHSLEEP,0,CVPHSLEEP,HIXNY|CVPHSLEEP
GRRHIO,RRH632,0,RRH632,GRRHIO|RRH632
TXD,DENAFP,0,DENAFP,TXD|DENAFP
BRONX,PEDIATRIC_PLUS,0,PEDIATRIC PLUS,BRONX|PEDIATRIC PLUS
GRRHIO,GKM,0,GKM,GRRHIO|GKM
GRRHIO,UR2414,0,UR2414,GRRHIO|UR2414
GRRHIO,RR544,0,RR544,GRRHIO|RR544
GRRHIO,UR1224,0,UR1224,GRRHIO|UR1224
HEALTHIX,LFDO,0,LFDO,HEALTHIX|LFDO
GRRHIO,RRH503,0,RRH503,GRRHIO|RRH503
HIXNY,SMHAHEAD,0,SMHAHEAD,HIXNY|SMHAHEAD
GRRHIO,UR1999,0,UR1999,GRRHIO|UR1999
GRRHIO,UR0474,0,UR0474,GRRHIO|UR0474
GRRHIO,FLHGS,0,FLHGS,GRRHIO|FLHGS
GRRHIO,UR1347,0,UR1347,GRRHIO|UR1347
HEALTHIX,FPARAS,0,FPARAS,HEALTHIX|FPARAS
HECDCS,SALV-ARMY-EMPIRE,0,SALV-ARMY-EMPIRE,HECDCS|SALV-ARMY-EMPIRE
HEALTHIX,ECWAMG,0,ECWAMG,HEALTHIX|ECWAMG
HEALTHIX,RJAC,0,RJAC,HEALTHIX|RJAC
BRONX,PARK_SLOPE_MENTAL_HEALTH,0,PARK SLOPE MENTAL HEALTH,BRONX|PARK SLOPE MENTAL HEALTH
GRRHIO,UR2211,0,UR2211,GRRHIO|UR2211
HEALTHIX,EACRW,0,EACRW,HEALTHIX|EACRW
GRRHIO,UR2323,0,UR2323,GRRHIO|UR2323
HIXNY,WMCOPDGENPE,0,WMCOPDGENPE,HIXNY|WMCOPDGENPE
HEALTHIX,PPMEDPC,0,PPMEDPC,HEALTHIX|PPMEDPC
GRRHIO,UR2208,0,UR2208,GRRHIO|UR2208
HEALTHIX,NAC.DUPLICATE,0,NAC,HEALTHIX|NAC
GRRHIO,RR356,0,RR356,GRRHIO|RR356
GRRHIO,UR0302,0,UR0302,GRRHIO|UR0302
GRRHIO,UR1731,0,UR1731,GRRHIO|UR1731
GRRHIO,UR1662,0,UR1662,GRRHIO|UR1662
HIXNY,SHBC,0,SHBC,HIXNY|SHBC
GRRHIO,UR1152,0,UR1152,GRRHIO|UR1152
HEALTHIX,JAMFP,0,JAMFP,HEALTHIX|JAMFP
GRRHIO,RRH795,0,RRH795,GRRHIO|RRH795
GRRHIO,RR507,0,RR507,GRRHIO|RR507
BRONX,MESBAH_MEDICAL,0,MESBAH MEDICAL,BRONX|MESBAH MEDICAL
HECDCS,DELEO-FAM-MED,0,DELEO-FAM-MED,HECDCS|DELEO-FAM-MED
HEALTHIX,ECWCRPP,0,ECWCRPP,HEALTHIX|ECWCRPP
GRRHIO,ESP,0,ESP,GRRHIO|ESP
HIXNY,SHENT,0,SHENT,HIXNY|SHENT
HECDCS,SULL-COUNTY,0,SULL-COUNTY,HECDCS|SULL-COUNTY
HEALTHIX,SFH,0,SFH,HEALTHIX|SFH
HIXNY,ECHAFPC,0,ECHAFPC,HIXNY|ECHAFPC
HIXNY,AMHSANEPH,0,AMHSANEPH,HIXNY|AMHSANEPH
HIXNY,WMCAPSFAMNWDOC,0,WMCAPSFAMNWDOC,HIXNY|WMCAPSFAMNWDOC
GRRHIO,UR0506,0,UR0506,GRRHIO|UR0506
HEALTHIX,SSFMPC,0,SSFMPC,HEALTHIX|SSFMPC
GRRHIO,UR2164,0,UR2164,GRRHIO|UR2164
GRRHIO,UR1147,0,UR1147,GRRHIO|UR1147
HIXNY,WMCAPSWHKIDOC,0,WMCAPSWHKIDOC,HIXNY|WMCAPSWHKIDOC
GRRHIO,UR1193,0,UR1193,GRRHIO|UR1193
GRRHIO,UR1682,0,UR1682,GRRHIO|UR1682
HEALTHIX,CHHAYA,0,CHHAYA,HEALTHIX|CHHAYA
TXD,JAFFRI,0,JAFFRI,TXD|JAFFRI
HIXNY,WMCBSMGGAST,0,WMCBSMGGAST,HIXNY|WMCBSMGGAST
HECDCS,PUTNAM-RIDGE,0,PUTNAM-RIDGE,HECDCS|PUTNAM-RIDGE
GRRHIO,RRH076,0,RRH076,GRRHIO|RRH076
GRRHIO,UR0353,0,UR0353,GRRHIO|UR0353
GRRHIO,UR0781,0,UR0781,GRRHIO|UR0781
GRRHIO,MWCCHS,0,MWCCHS,GRRHIO|MWCCHS
HEALTHIX,MEAD,0,MEAD,HEALTHIX|MEAD
HEALTHIX,LICC,0,LICC,HEALTHIX|LICC
GRRHIO,UR1985,0,UR1985,GRRHIO|UR1985
GRRHIO,RR70,0,RR70,GRRHIO|RR70
HECDCS,CENTER-DISCOVERY,0,CENTER-DISCOVERY,HECDCS|CENTER-DISCOVERY
HEALTHIX,CMGQ,0,CMGQ,HEALTHIX|CMGQ
HEALTHIX,GCP,0,GCP,HEALTHIX|GCP
GRRHIO,GRFM2,0,GRFM2,GRRHIO|GRFM2
HIXNY,AMHSATRAHL7,0,AMHSATRAHL7,HIXNY|AMHSATRAHL7
HEALTHIX,FRBA,0,FRBA,HEALTHIX|FRBA
GRRHIO,RRH487,0,RRH487,GRRHIO|RRH487
HEALTHIX,MSMMD,0,MSMMD,HEALTHIX|MSMMD
HEALTHIX,FPMDMC,0,FPMDMC,HEALTHIX|FPMDMC
HEALTHIX,HHSEA,0,HHSEA,HEALTHIX|HHSEA
BRONX,BROADWAY_I_MEDICINE,0,BROADWAY I MEDICINE,BRONX|BROADWAY I MEDICINE
GRRHIO,UR0096,0,UR0096,GRRHIO|UR0096
HIXNY,AHMCBHC,0,AHMCBHC,HIXNY|AHMCBHC
GRRHIO,VMG,0,VMG,GRRHIO|VMG
HIXNY,SMHASTJOHN,0,SMHASTJOHN,HIXNY|SMHASTJOHN
GRRHIO,UR2441,0,UR2441,GRRHIO|UR2441
HIXNY,WMCAPSRHEHA,0,WMCAPSRHEHA,HIXNY|WMCAPSRHEHA
HEALTHIX,LSMD,0,LSMD,HEALTHIX|LSMD
HIXNY,CVPHENDOCRNDOC,0,CVPHENDOCRNDOC,HIXNY|CVPHENDOCRNDOC
GRRHIO,RR505,0,RR505,GRRHIO|RR505
GRRHIO,WCFM,0,WCFM,GRRHIO|WCFM
GRRHIO,SYCDN,0,SYCDN,GRRHIO|SYCDN
GRRHIO,UR0821,0,UR0821,GRRHIO|UR0821
HIXNY,SMHASLEEP,0,SMHASLEEP,HIXNY|SMHASLEEP
HIXNY,AHMCLHC,0,AHMCLHC,HIXNY|AHMCLHC
BRONX,CKC_MEDICAL_OFFICE,0,CKC MEDICAL OFFICE,BRONX|CKC MEDICAL OFFICE
HEALTHIX,CMFC,0,CMFC,HEALTHIX|CMFC
HEALTHIX,GVRNC,0,GVRNC,HEALTHIX|GVRNC
HECDCS,CAY-FAM-MED,0,CAY-FAM-MED,HECDCS|CAY-FAM-MED
HIXNY,WMCOPDGIDOC,0,WMCOPDGIDOC,HIXNY|WMCOPDGIDOC
GRRHIO,RR470,0,RR470,GRRHIO|RR470
HIXNY,CVPHID,0,CVPHID,HIXNY|CVPHID
HEALTHIX,BKGMD,0,BKGMD,HEALTHIX|BKGMD
HECDCS,LOEB-HOUSE,0,LOEB-HOUSE,HECDCS|LOEB-HOUSE
HIXNY,CVPHLD,0,CVPHLD,HIXNY|CVPHLD
GRRHIO,RR458,0,RR458,GRRHIO|RR458
HIXNY,WMCBSMGPM,0,WMCBSMGPM,HIXNY|WMCBSMGPM
HEALTHIX,OZPM,0,OZPM,HEALTHIX|OZPM
HEALTHIX,KHBM,0,KHBM,HEALTHIX|KHBM
GRRHIO,UR0497,0,UR0497,GRRHIO|UR0497
HEALTHIX,HLMC,0,HLMC,HEALTHIX|HLMC
HEALTHIX,XIXU,0,XIXU,HEALTHIX|XIXU
HEALTHIX,QLIRI,0,QLIRI,HEALTHIX|QLIRI
HECDCS,OGDENSBURG-FAM,0,OGDENSBURG-FAM,HECDCS|OGDENSBURG-FAM
TXD,RAPHA,0,RAPHA,TXD|RAPHA
HECDCS,UMH-ELIZABETH,0,UMH-ELIZABETH,HECDCS|UMH-ELIZABETH
TXD,WNYPCA,0,WNYPCA,TXD|WNYPCA
HEALTHIX,OHPP,0,OHPP,HEALTHIX|OHPP
HIXNY,ECHWESTPC,0,ECHWESTPC,HIXNY|ECHWESTPC
GRRHIO,RR50,0,RR50,GRRHIO|RR50
GRRHIO,RR481,0,RR481,GRRHIO|RR481
GRRHIO,HAB,0,HAB,GRRHIO|HAB
HECDCS,KING-STREET,0,KING-STREET,HECDCS|KING-STREET
GRRHIO,UR2291,0,UR2291,GRRHIO|UR2291
GRRHIO,UR0835,0,UR0835,GRRHIO|UR0835
HEALTHIX,CPMD,0,CPMD,HEALTHIX|CPMD
GRRHIO,UR0462,0,UR0462,GRRHIO|UR0462
HEALTHIX,ECWMRMD,0,ECWMRMD,HEALTHIX|ECWMRMD
HEALTHIX,CSNY,0,CSNY,HEALTHIX|CSNY
GRRHIO,UR1991,0,UR1991,GRRHIO|UR1991
HIXNY,WMCAPSHCMVA,0,WMCAPSHCMVA,HIXNY|WMCAPSHCMVA
TXD,ELDATN,0,ELDATN,TXD|ELDATN
GRRHIO,EMSDANFD,0,EMSDANFD,GRRHIO|EMSDANFD
BRONX,RITA_KHANIJOU_PHYSICIAN,0,RITA KHANIJOU PHYSICIAN,BRONX|RITA KHANIJOU PHYSICIAN
GRRHIO,UR1561,0,UR1561,GRRHIO|UR1561
GRRHIO,UR1766,0,UR1766,GRRHIO|UR1766
GRRHIO,MSCCH,0,MSCCH,GRRHIO|MSCCH
GRRHIO,RR484,0,RR484,GRRHIO|RR484
HEALTHIX,ECWRPHC,0,ECWRPHC,HEALTHIX|ECWRPHC
HIXNY,EHISREG,0,EHISREG,HIXNY|EHISREG
GRRHIO,UR0485,0,UR0485,GRRHIO|UR0485
GRRHIO,UR1372,0,UR1372,GRRHIO|UR1372
GRRHIO,UR0374,0,UR0374,GRRHIO|UR0374
GRRHIO,UR2302,0,UR2302,GRRHIO|UR2302
GRRHIO,RR379,0,RR379,GRRHIO|RR379
GRRHIO,UR2000,0,UR2000,GRRHIO|UR2000
HEALTHIX,SHF,0,SHF,HEALTHIX|SHF
HIXNY,SPRT9FMRT9DOC,0,SPRT9FMRT9DOC,HIXNY|SPRT9FMRT9DOC
GRRHIO,RR659,0,RR659,GRRHIO|RR659
GRRHIO,UR0483,0,UR0483,GRRHIO|UR0483
HEALTHIX,ASCFS,0,ASCFS,HEALTHIX|ASCFS
HIXNY,AHMCGENSURG,0,AHMCGENSURG,HIXNY|AHMCGENSURG
HEALTHIX,GRSP,0,GRSP,HEALTHIX|GRSP
GRRHIO,UR0884,0,UR0884,GRRHIO|UR0884
HEALTHIX,BMSP,0,BMSP,HEALTHIX|BMSP
HIXNY,HECCMHHC,0,HECCMHHC,HIXNY|HECCMHHC
GRRHIO,UR2120,0,UR2120,GRRHIO|UR2120
GRRHIO,UR1120,0,UR1120,GRRHIO|UR1120
HEALTHIX,CORNC.DUPLICATE1,0,CORNC,HEALTHIX|CORNC
GRRHIO,UR2143,0,UR2143,GRRHIO|UR2143
HECDCS,CAY-CTRS,0,CAY-CTRS,HECDCS|CAY-CTRS
GRRHIO,UR0458,0,UR0458,GRRHIO|UR0458
HIXNY,COPAKEEMS,0,COPAKEEMS,HIXNY|COPAKEEMS
GRRHIO,UR1004,0,UR1004,GRRHIO|UR1004
GRRHIO,RRH818,0,RRH818,GRRHIO|RRH818
HIXNY,SPMEAFETAL2DOC,0,SPMEAFETAL2DOC,HIXNY|SPMEAFETAL2DOC
GRRHIO,RRH187,0,RRH187,GRRHIO|RRH187
GRRHIO,RRH558,0,RRH558,GRRHIO|RRH558
HEALTHIX,MTMD,0,MTMD,HEALTHIX|MTMD
GRRHIO,BNSCP,0,BNSCP,GRRHIO|BNSCP
GRRHIO,RRH808,0,RRH808,GRRHIO|RRH808
HEALTHIX,AGMDP,0,AGMDP,HEALTHIX|AGMDP
HEALTHIX,ECWDRSKM,0,ECWDRSKM,HEALTHIX|ECWDRSKM
HECDCS,ST-LAW-CORRECT,0,ST-LAW-CORRECT,HECDCS|ST-LAW-CORRECT
HECDCS,UCP-BH-ART-31,0,UCP-BH-ART-31,HECDCS|UCP-BH-ART-31
GRRHIO,UR1009,0,UR1009,GRRHIO|UR1009
HEALTHIX,CHI,0,CHI,HEALTHIX|CHI
HEALTHIX,HUCAC,0,HUCAC,HEALTHIX|HUCAC
GRRHIO,RR460,0,RR460,GRRHIO|RR460
HEALTHIX,SSPHYS,0,SSPHYS,HEALTHIX|SSPHYS
HIXNY,GRANDCHITTDOC,0,GRANDCHITTDOC,HIXNY|GRANDCHITTDOC
HEALTHIX,CGCNR,0,CGCNR,HEALTHIX|CGCNR
HEALTHIX,CCKM,0,CCKM,HEALTHIX|CCKM
HIXNY,WMCOPDCARDDOC,0,WMCOPDCARDDOC,HIXNY|WMCOPDCARDDOC
HEALTHIX,CURC,0,CURC,HEALTHIX|CURC
HIXNY,SPALEDDOC,0,SPALEDDOC,HIXNY|SPALEDDOC
BRONX,COMMUNITY_PEDIATRICS,0,COMMUNITY PEDIATRICS,BRONX|COMMUNITY PEDIATRICS
HEALTHIX,NUHEALTH,0,NUHEALTH,HEALTHIX|NUHEALTH
GRRHIO,UR0036,0,UR0036,GRRHIO|UR0036
GRRHIO,UR0105,0,UR0105,GRRHIO|UR0105
BRONX,ENDOCRINE_MEDICAL_CARE,0,ENDOCRINE MEDICAL CARE,BRONX|ENDOCRINE MEDICAL CARE
HIXNY,WMCAPSENTPODOC,0,WMCAPSENTPODOC,HIXNY|WMCAPSENTPODOC
GRRHIO,RRH462,0,RRH462,GRRHIO|RRH462
HIXNY,WMCWRHIPR,0,WMCWRHIPR,HIXNY|WMCWRHIPR
HECDCS,LEWIS-HOSPICE,0,LEWIS-HOSPICE,HECDCS|LEWIS-HOSPICE
HIXNY,SPCCTTUMOR,0,SPCCTTUMOR,HIXNY|SPCCTTUMOR
GRRHIO,UR0724,0,UR0724,GRRHIO|UR0724
GRRHIO,UR0846,0,UR0846,GRRHIO|UR0846
GRRHIO,BIM,0,BIM,GRRHIO|BIM
GRRHIO,UR2307,0,UR2307,GRRHIO|UR2307
GRRHIO,RR656,0,RR656,GRRHIO|RR656
GRRHIO,RRH674,0,RRH674,GRRHIO|RRH674
TXD,BOLFM,0,BOLFM,TXD|BOLFM
HIXNY,CVPHSLEEPDOC,0,CVPHSLEEPDOC,HIXNY|CVPHSLEEPDOC
HEALTHIX,TNRN,0,TNRN,HEALTHIX|TNRN
GRRHIO,UR2247,0,UR2247,GRRHIO|UR2247
GRRHIO,UR0264,0,UR0264,GRRHIO|UR0264
GRRHIO,RR634,0,RR634,GRRHIO|RR634
GRRHIO,RR364,0,RR364,GRRHIO|RR364
HEALTHIX,GOUR,0,GOUR,HEALTHIX|GOUR
HECDCS,CRSE-COMM-PCC,0,CRSE-COMM-PCC,HECDCS|CRSE-COMM-PCC
GRRHIO,UR2370,0,UR2370,GRRHIO|UR2370
GRRHIO,MSCCF,0,MSCCF,GRRHIO|MSCCF
BRONX,SHELDON_B_LIPPMAN,0,SHELDON B LIPPMAN,BRONX|SHELDON B LIPPMAN
HIXNY,SRPLTHERAPYDOC,0,SRPLTHERAPYDOC,HIXNY|SRPLTHERAPYDOC
HEALTHIX,ECWTBMS,0,ECWTBMS,HEALTHIX|ECWTBMS
GRRHIO,UR0957,0,UR0957,GRRHIO|UR0957
HIXNY,KUYEMS,0,KUYEMS,HIXNY|KUYEMS
GRRHIO,RRH572,0,RRH572,GRRHIO|RRH572
HEALTHIX,ANLPC,0,ANLPC,HEALTHIX|ANLPC
BRONX,TRIBORO_PEDIATRICS,0,TRIBORO PEDIATRICS,BRONX|TRIBORO PEDIATRICS
HEALTHIX,SBACADIA,0,SBACADIA,HEALTHIX|SBACADIA
HIXNY,EDDYHH,0,EDDYHH,HIXNY|EDDYHH
HIXNY,CMHPAIN,0,CMHPAIN,HIXNY|CMHPAIN
HEALTHIX,FCR,0,FCR,HEALTHIX|FCR
HECDCS,ROME-HLTH-RHCF,0,ROME-HLTH-RHCF,HECDCS|ROME-HLTH-RHCF
HEALTHIX,ECWDEBHC,0,ECWDEBHC,HEALTHIX|ECWDEBHC
TXD,HRNNER,0,HRNNER,TXD|HRNNER
HEALTHIX,DTREAT,0,DTREAT,HEALTHIX|DTREAT
BRONX,FIRST_CHOICE_PHYSICIANS,0,FIRST CHOICE PHYSICIANS,BRONX|FIRST CHOICE PHYSICIANS
GRRHIO,UR2410,0,UR2410,GRRHIO|UR2410
HIXNY,AMALCARREHDOC,0,AMALCARREHDOC,HIXNY|AMALCARREHDOC
HEALTHIX,ECWYVMPC,0,ECWYVMPC,HEALTHIX|ECWYVMPC
HECDCS,HILLSIDE-CHILD,0,HILLSIDE-CHILD,HECDCS|HILLSIDE-CHILD
HIXNY,MHACGC,0,MHACGC,HIXNY|MHACGC
HEALTHIX,RBMD,0,RBMD,HEALTHIX|RBMD
TXD,JMHMRI,0,JMHMRI,TXD|JMHMRI
GRRHIO,UR1621,0,UR1621,GRRHIO|UR1621
HEALTHIX,NRNC,0,NRNC,HEALTHIX|NRNC
HEALTHIX,DSAMD,0,DSAMD,HEALTHIX|DSAMD
GRRHIO,UR0213,0,UR0213,GRRHIO|UR0213
HIXNY,WMCAPSENTPO,0,WMCAPSENTPO,HIXNY|WMCAPSENTPO
GRRHIO,UR1118,0,UR1118,GRRHIO|UR1118
GRRHIO,FLG,0,FLG,GRRHIO|FLG
HIXNY,CORINTHEMS,0,CORINTHEMS,HIXNY|CORINTHEMS
GRRHIO,DSCN2,0,DSCN2,GRRHIO|DSCN2
HIXNY,ELLSID,0,ELLSID,HIXNY|ELLSID
GRRHIO,RRH401,0,RRH401,GRRHIO|RRH401
HIXNY,AMHSAINF,0,AMHSAINF,HIXNY|AMHSAINF
HIXNY,WMCAPSVASNWDOC,0,WMCAPSVASNWDOC,HIXNY|WMCAPSVASNWDOC
HEALTHIX,LCNRHIX,0,LCNRHIX,HEALTHIX|LCNRHIX
GRRHIO,RR254,0,RR254,GRRHIO|RR254
HECDCS,MHA-IN-ORANGE,0,MHA-IN-ORANGE,HECDCS|MHA-IN-ORANGE
TXD,HNYPIN,0,HNYPIN,TXD|HNYPIN
GRRHIO,ABLE2,0,ABLE2,GRRHIO|ABLE2
HIXNY,HECASGMS,0,HECASGMS,HIXNY|HECASGMS
GRRHIO,UR2155,0,UR2155,GRRHIO|UR2155
TXD,ARCHES,0,ARCHES,TXD|ARCHES
HECDCS,IROQUOIS-NURSING,0,IROQUOIS-NURSING,HECDCS|IROQUOIS-NURSING
GRRHIO,RRH095,0,RRH095,GRRHIO|RRH095
BRONX,RAFIQUE_BHUIYAN_MEDICAL,0,RAFIQUE BHUIYAN MEDICAL,BRONX|RAFIQUE BHUIYAN MEDICAL
HIXNY,WMCAPSVAPOU,0,WMCAPSVAPOU,HIXNY|WMCAPSVAPOU
GRRHIO,CRDMD,0,CRDMD,GRRHIO|CRDMD
HIXNY,WMCAPSPRCSG,0,WMCAPSPRCSG,HIXNY|WMCAPSPRCSG
HECDCS,CUNNINGHAM-CHIRO,0,CUNNINGHAM-CHIRO,HECDCS|CUNNINGHAM-CHIRO
GRRHIO,RRH048,0,RRH048,GRRHIO|RRH048
HIXNY,SPTRUURO,0,SPTRUURO,HIXNY|SPTRUURO
HIXNY,SMHAMETHTX,0,SMHAMETHTX,HIXNY|SMHAMETHTX
HEALTHIX,TROYRN,0,TROYRN,HEALTHIX|TROYRN
GRRHIO,ACDN,0,ACDN,GRRHIO|ACDN
HIXNY,SMHAADOLMH,0,SMHAADOLMH,HIXNY|SMHAADOLMH
HEALTHIX,ECWPUBHEALTHSOL,0,ECWPUBHEALTHSOL,HEALTHIX|ECWPUBHEALTHSOL
HIXNY,SHADDICHL7,0,SHADDICHL7,HIXNY|SHADDICHL7
GRRHIO,RR636,0,RR636,GRRHIO|RR636
GRRHIO,UR0644,0,UR0644,GRRHIO|UR0644
HEALTHIX,BBCS,0,BBCS,HEALTHIX|BBCS
GRRHIO,UR1021,0,UR1021,GRRHIO|UR1021
GRRHIO,RR327,0,RR327,GRRHIO|RR327
HEALTHIX,ECWTOCP,0,ECWTOCP,HEALTHIX|ECWTOCP
HIXNY,WMCAPSWHMADOC,0,WMCAPSWHMADOC,HIXNY|WMCAPSWHMADOC
GRRHIO,UR1033,0,UR1033,GRRHIO|UR1033
BRONX,HEIGHTS_PHYSICIANS_GROUP_QUEENS,0,HEIGHTS PHYSICIANS GROUP QUEENS,BRONX|HEIGHTS PHYSICIANS GROUP QUEENS
GRRHIO,CNMD,0,CNMD,GRRHIO|CNMD
GRRHIO,RRH557,0,RRH557,GRRHIO|RRH557
GRRHIO,RR357,0,RR357,GRRHIO|RR357
GRRHIO,RR256,0,RR256,GRRHIO|RR256
HIXNY,HECMBP,0,HECMBP,HIXNY|HECMBP
GRRHIO,ALIMS,0,ALIMS,GRRHIO|ALIMS
HIXNY,WMCOPDPEDPU,0,WMCOPDPEDPU,HIXNY|WMCOPDPEDPU
HIXNY,REACHCKD,0,REACHCKD,HIXNY|REACHCKD
GRRHIO,UR2294,0,UR2294,GRRHIO|UR2294
HECDCS,GEROULDS-PHARM,0,GEROULDS-PHARM,HECDCS|GEROULDS-PHARM
GRRHIO,ONTARC,0,ONTARC,GRRHIO|ONTARC
GRRHIO,UR0689,0,UR0689,GRRHIO|UR0689
HECDCS,PALATINE-NURSING,0,PALATINE-NURSING,HECDCS|PALATINE-NURSING
GRRHIO,UR2140,0,UR2140,GRRHIO|UR2140
HIXNY,SPALEEGDOC,0,SPALEEGDOC,HIXNY|SPALEEGDOC
GRRHIO,RRH087,0,RRH087,GRRHIO|RRH087
HIXNY,TRILLIUM,0,TRILLIUM,HIXNY|TRILLIUM
HECDCS,PED-DENT-ORTHO,0,PED-DENT-ORTHO,HECDCS|PED-DENT-ORTHO
GRRHIO,UR2325,0,UR2325,GRRHIO|UR2325
GRRHIO,RR247,0,RR247,GRRHIO|RR247
GRRHIO,RRH956,0,RRH956,GRRHIO|RRH956
HIXNY,ADIRNPAHXR,0,ADIRNPAHXR,HIXNY|ADIRNPAHXR
GRRHIO,UR2349,0,UR2349,GRRHIO|UR2349
HIXNY,HECCNYEC,0,HECCNYEC,HIXNY|HECCNYEC
HIXNY,SPEMDOBGYN,0,SPEMDOBGYN,HIXNY|SPEMDOBGYN
HIXNY,WMCAPSENTHJ,0,WMCAPSENTHJ,HIXNY|WMCAPSENTHJ
GRRHIO,UR0271,0,UR0271,GRRHIO|UR0271
HEALTHIX,WWCH,0,WWCH,HEALTHIX|WWCH
GRRHIO,DMTMCPC,0,DMTMCPC,GRRHIO|DMTMCPC
GRRHIO,UR2232,0,UR2232,GRRHIO|UR2232
BRONX,BELLEROSE_MEDICAL_CARE,0,BELLEROSE MEDICAL CARE,BRONX|BELLEROSE MEDICAL CARE
GRRHIO,RRH713,0,RRH713,GRRHIO|RRH713
HIXNY,SPVPLORTHLHDOC,0,SPVPLORTHLHDOC,HIXNY|SPVPLORTHLHDOC
GRRHIO,RR506,0,RR506,GRRHIO|RR506
GRRHIO,UR2226,0,UR2226,GRRHIO|UR2226
HEALTHIX,JZHM,0,JZHM,HEALTHIX|JZHM
GRRHIO,UR2170,0,UR2170,GRRHIO|UR2170
GRRHIO,RR63,0,RR63,GRRHIO|RR63
HIXNY,1356792717,0,1356792717,HIXNY|1356792717
HIXNY,SMHAFCOPAD,0,SMHAFCOPAD,HIXNY|SMHAFCOPAD
BRONX,ADULT_AND_SENIOR_HEALTH,0,ADULT AND SENIOR HEALTH,BRONX|ADULT AND SENIOR HEALTH
HIXNY,SPVABXRDOC,0,SPVABXRDOC,HIXNY|SPVABXRDOC
BRONX,GOLDEN_CARE,0,GOLDEN CARE,BRONX|GOLDEN CARE
HECDCS,I-VIEW-PSYCH,0,I-VIEW-PSYCH,HECDCS|I-VIEW-PSYCH
HIXNY,SPHPPCPDOC,0,SPHPPCPDOC,HIXNY|SPHPPCPDOC
HEALTHIX,LESFM,0,LESFM,HEALTHIX|LESFM
BRONX,AUSTIN_LU_MEDICAL,0,AUSTIN LU MEDICAL,BRONX|AUSTIN LU MEDICAL
HIXNY,CPMGNCHC,0,CPMGNCHC,HIXNY|CPMGNCHC
GRRHIO,UR1410,0,UR1410,GRRHIO|UR1410
HECDCS,VALLEY-VIEW,0,VALLEY-VIEW,HECDCS|VALLEY-VIEW
HECDCS,MONTGOMERY,0,MONTGOMERY,HECDCS|MONTGOMERY
HEALTHIX,EDPED,0,EDPED,HEALTHIX|EDPED
GRRHIO,UR1879,0,UR1879,GRRHIO|UR1879
HIXNY,HECHVPC,0,HECHVPC,HIXNY|HECHVPC
GRRHIO,UR0478,0,UR0478,GRRHIO|UR0478
GRRHIO,UR0032,0,UR0032,GRRHIO|UR0032
HIXNY,WMCAPSBSHADOC,0,WMCAPSBSHADOC,HIXNY|WMCAPSBSHADOC
HIXNY,CVPHPAIN,0,CVPHPAIN,HIXNY|CVPHPAIN
GRRHIO,RR643,0,RR643,GRRHIO|RR643
GRRHIO,UR0730,0,UR0730,GRRHIO|UR0730
HIXNY,AMHSAINFPE,0,AMHSAINFPE,HIXNY|AMHSAINFPE
GRRHIO,UR1018,0,UR1018,GRRHIO|UR1018
HECDCS,TACONIC-HOPEWELL,0,TACONIC-HOPEWELL,HECDCS|TACONIC-HOPEWELL
BRONX,2.16.840.1.113883.3.3388.1.1.1.1657052269.3,0,2.16.840.1.113883.3.3388.1.1.1.1657052269.3,BRONX|2.16.840.1.113883.3.3388.1.1.1.1657052269.3
HECDCS,COVECARE-CTR,0,COVECARE-CTR,HECDCS|COVECARE-CTR
GRRHIO,UR1550,0,UR1550,GRRHIO|UR1550
HIXNY,CPHPSYSVC,0,CPHPSYSVC,HIXNY|CPHPSYSVC
GRRHIO,UR1382,0,UR1382,GRRHIO|UR1382
GRRHIO,UR2385,0,UR2385,GRRHIO|UR2385
HEALTHIX,CROSIP,0,CROSIP,HEALTHIX|CROSIP
HIXNY,NGEMS,0,NGEMS,HIXNY|NGEMS
HECDCS,TRUETOX,0,TRUETOX,HECDCS|TRUETOX
HEALTHIX,BAWMD,0,BAWMD,HEALTHIX|BAWMD
GRRHIO,RR530,0,RR530,GRRHIO|RR530
TXD,JMHBC,0,JMHBC,TXD|JMHBC
GRRHIO,UR2015,0,UR2015,GRRHIO|UR2015
GRRHIO,RR274,0,RR274,GRRHIO|RR274
HEALTHIX,YUFP,0,YUFP,HEALTHIX|YUFP
HEALTHIX,JHPMD,0,JHPMD,HEALTHIX|JHPMD
HEALTHIX,DLEVIN,0,DLEVIN,HEALTHIX|DLEVIN
GRRHIO,UR0276,0,UR0276,GRRHIO|UR0276
GRRHIO,MEDI,0,MEDI,GRRHIO|MEDI
TXD,TSISHP,0,TSISHP,TXD|TSISHP
BRONX,ARISTA_CENTER,0,ARISTA CENTER,BRONX|ARISTA CENTER
HIXNY,FHHSDOC,0,FHHSDOC,HIXNY|FHHSDOC
HEALTHIX,OMPE,0,OMPE,HEALTHIX|OMPE
TXD,OLWRI,0,OLWRI,TXD|OLWRI
HEALTHIX,ECWEGGP,0,ECWEGGP,HEALTHIX|ECWEGGP
GRRHIO,MHAGO,0,MHAGO,GRRHIO|MHAGO
HIXNY,SPHBBLABDS,0,SPHBBLABDS,HIXNY|SPHBBLABDS
GRRHIO,RRH817,0,RRH817,GRRHIO|RRH817
BRONX,HARLEM_FIRST_AID_MEDICAL,0,HARLEM FIRST AID MEDICAL,BRONX|HARLEM FIRST AID MEDICAL
HECDCS,ELITE-HEALTHCARE,0,ELITE-HEALTHCARE,HECDCS|ELITE-HEALTHCARE
HEALTHIX,GFCRN,0,GFCRN,HEALTHIX|GFCRN
HEALTHIX,DSWMD,0,DSWMD,HEALTHIX|DSWMD
GRRHIO,ABLE,0,ABLE,GRRHIO|ABLE
GRRHIO,UR1803,0,UR1803,GRRHIO|UR1803
GRRHIO,UR1643,0,UR1643,GRRHIO|UR1643
HECDCS,SUNY-CANTON,0,SUNY-CANTON,HECDCS|SUNY-CANTON
BRONX,VERSITI,0,VERSITI,BRONX|VERSITI
HEALTHIX,MADC,0,MADC,HEALTHIX|MADC
GRRHIO,MARC,0,MARC,GRRHIO|MARC
HEALTHIX,SAIL,0,SAIL,HEALTHIX|SAIL
HIXNY,HECUFHC,0,HECUFHC,HIXNY|HECUFHC
HIXNY,OMHMHPC38,0,OMHMHPC38,HIXNY|OMHMHPC38
HIXNY,WMCOPDPEDPUDOC,0,WMCOPDPEDPUDOC,HIXNY|WMCOPDPEDPUDOC
GRRHIO,RRH846,0,RRH846,GRRHIO|RRH846
HEALTHIX,PLSMD,0,PLSMD,HEALTHIX|PLSMD
GRRHIO,TRMMAC,0,TRMMAC,GRRHIO|TRMMAC
TXD,HHM,0,HHM,TXD|HHM
HIXNY,FLRRALERT,0,FLRRALERT,HIXNY|FLRRALERT
GRRHIO,UR1677,0,UR1677,GRRHIO|UR1677
HECDCS,SAM-MED-SUMMIT,0,SAM-MED-SUMMIT,HECDCS|SAM-MED-SUMMIT
GRRHIO,UR1122,0,UR1122,GRRHIO|UR1122
HIXNY,WMCAPSVASKI,0,WMCAPSVASKI,HIXNY|WMCAPSVASKI
GRRHIO,RRH417,0,RRH417,GRRHIO|RRH417
GRRHIO,PFY,0,PFY,GRRHIO|PFY
HIXNY,SPTRUURODOC,0,SPTRUURODOC,HIXNY|SPTRUURODOC
HIXNY,HECCWH,0,HECCWH,HIXNY|HECCWH
HEALTHIX,FNCC,0,FNCC,HEALTHIX|FNCC
GRRHIO,SWEMS,0,SWEMS,GRRHIO|SWEMS
HECDCS,ZARINA-SMITH,0,ZARINA-SMITH,HECDCS|ZARINA-SMITH
HEALTHIX,ECWDTREAT,0,ECWDTREAT,HEALTHIX|ECWDTREAT
TXD,JMHSLE,0,JMHSLE,TXD|JMHSLE
GRRHIO,UR1933,0,UR1933,GRRHIO|UR1933
GRRHIO,FLHTH,0,FLHTH,GRRHIO|FLHTH
GRRHIO,UR0390,0,UR0390,GRRHIO|UR0390
BRONX,SHILOH,0,SHILOH,BRONX|SHILOH
HECDCS,CARDIO-ASSOC-NNY,0,CARDIO-ASSOC-NNY,HECDCS|CARDIO-ASSOC-NNY
GRRHIO,UR1050,0,UR1050,GRRHIO|UR1050
GRRHIO,MNSO1,0,MNSO1,GRRHIO|MNSO1
GRRHIO,CCNF,0,CCNF,GRRHIO|CCNF
HECDCS,BEECHTREE,0,BEECHTREE,HECDCS|BEECHTREE
HIXNY,SPVABXR,0,SPVABXR,HIXNY|SPVABXR
HIXNY,WMCOPDNEURMDOC,0,WMCOPDNEURMDOC,HIXNY|WMCOPDNEURMDOC
GRRHIO,UR0076,0,UR0076,GRRHIO|UR0076
HIXNY,HECMSFHNP,0,HECMSFHNP,HIXNY|HECMSFHNP
HEALTHIX,RWCS,0,RWCS,HEALTHIX|RWCS
GRRHIO,UR0692,0,UR0692,GRRHIO|UR0692
HEALTHIX,ECWSARO,0,ECWSARO,HEALTHIX|ECWSARO
GRRHIO,RR670,0,RR670,GRRHIO|RR670
HEALTHIX,GMHCF,0,GMHCF,HEALTHIX|GMHCF
TXD,MCSTN,0,MCSTN,TXD|MCSTN
GRRHIO,UR1376,0,UR1376,GRRHIO|UR1376
GRRHIO,CHEARC,0,CHEARC,GRRHIO|CHEARC
HEALTHIX,OXFORDNH,0,OXFORDNH,HEALTHIX|OXFORDNH
HECDCS,TOLSTOY,0,TOLSTOY,HECDCS|TOLSTOY
HEALTHIX,RMAKO,0,RMAKO,HEALTHIX|RMAKO
GRRHIO,TRMMOC,0,TRMMOC,GRRHIO|TRMMOC
GRRHIO,UR2121,0,UR2121,GRRHIO|UR2121
HIXNY,WMCAPSTAVNWDOC,0,WMCAPSTAVNWDOC,HIXNY|WMCAPSTAVNWDOC
GRRHIO,RRH717,0,RRH717,GRRHIO|RRH717
TXD,BPPN,0,BPPN,TXD|BPPN
GRRHIO,RRH044,0,RRH044,GRRHIO|RRH044
GRRHIO,SJHB,0,SJHB,GRRHIO|SJHB
HIXNY,MOISAN,0,MOISAN,HIXNY|MOISAN
BRONX,BEACON_OF_HOPE_HOUSE,0,BEACON OF HOPE HOUSE,BRONX|BEACON OF HOPE HOUSE
HEALTHIX,NSAOS,0,NSAOS,HEALTHIX|NSAOS
GRRHIO,RR71,0,RR71,GRRHIO|RR71
HEALTHIX,MBPA,0,MBPA,HEALTHIX|MBPA
HECDCS,WELL-CARE-NEURO,0,WELL-CARE-NEURO,HECDCS|WELL-CARE-NEURO
HIXNY,WMCAPSIPHA,0,WMCAPSIPHA,HIXNY|WMCAPSIPHA
GRRHIO,UR1037,0,UR1037,GRRHIO|UR1037
GRRHIO,WCCW2,0,WCCW2,GRRHIO|WCCW2
HIXNY,EDDYVGB,0,EDDYVGB,HIXNY|EDDYVGB
HIXNY,WMCOPDSPINEDOC,0,WMCOPDSPINEDOC,HIXNY|WMCOPDSPINEDOC
HEALTHIX,LIMCS,0,LIMCS,HEALTHIX|LIMCS
HEALTHIX,AWBMD,0,AWBMD,HEALTHIX|AWBMD
HIXNY,WMCAPSAESSH,0,WMCAPSAESSH,HIXNY|WMCAPSAESSH
GRRHIO,UR0505,0,UR0505,GRRHIO|UR0505
GRRHIO,UR0258,0,UR0258,GRRHIO|UR0258
HIXNY,20670,0,20670,HIXNY|20670
GRRHIO,UR0876,0,UR0876,GRRHIO|UR0876
TXD,ACFS,0,ACFS,TXD|ACFS
HECDCS,SENTINEL-ROCK,0,SENTINEL-ROCK,HECDCS|SENTINEL-ROCK
GRRHIO,RRH901,0,RRH901,GRRHIO|RRH901
HIXNY,WMCKANTC19DOC,0,WMCKANTC19DOC,HIXNY|WMCKANTC19DOC
GRRHIO,RRH242,0,RRH242,GRRHIO|RRH242
GRRHIO,RRH348,0,RRH348,GRRHIO|RRH348
GRRHIO,ECMC.DUPLICATE,0,ECMC,GRRHIO|ECMC
TXD,GBNCSD,0,GBNCSD,TXD|GBNCSD
GRRHIO,UR1431,0,UR1431,GRRHIO|UR1431
GRRHIO,RR738,0,RR738,GRRHIO|RR738
HIXNY,SARTGABRDGS,0,SARTGABRDGS,HIXNY|SARTGABRDGS
HECDCS,ARC-CHMNG-SCHLR,0,ARC-CHMNG-SCHLR,HECDCS|ARC-CHMNG-SCHLR
GRRHIO,RRH255,0,RRH255,GRRHIO|RRH255
HIXNY,WMCOPDDIAOBDOC,0,WMCOPDDIAOBDOC,HIXNY|WMCOPDDIAOBDOC
GRRHIO,UR0420,0,UR0420,GRRHIO|UR0420
HEALTHIX,ECWMBPA,0,ECWMBPA,HEALTHIX|ECWMBPA
GRRHIO,RR681,0,RR681,GRRHIO|RR681
GRRHIO,UR1822,0,UR1822,GRRHIO|UR1822
GRRHIO,UR0238,0,UR0238,GRRHIO|UR0238
GRRHIO,TRMDTS,0,TRMDTS,GRRHIO|TRMDTS
HIXNY,WMCAPSCSLI,0,WMCAPSCSLI,HIXNY|WMCAPSCSLI
HEALTHIX,ECWNYMHPC,0,ECWNYMHPC,HEALTHIX|ECWNYMHPC
HIXNY,HECCVP,0,HECCVP,HIXNY|HECCVP
HECDCS,ACACIA-LICENSED,0,ACACIA-LICENSED,HECDCS|ACACIA-LICENSED
GRRHIO,RR648,0,RR648,GRRHIO|RR648
GRRHIO,RRH292,0,RRH292,GRRHIO|RRH292
GRRHIO,UR2287,0,UR2287,GRRHIO|UR2287
GRRHIO,RRH834,0,RRH834,GRRHIO|RRH834
GRRHIO,UR1497,0,UR1497,GRRHIO|UR1497
GRRHIO,RR329,0,RR329,GRRHIO|RR329
HIXNY,6199,0,6199,HIXNY|6199
GRRHIO,UR0210,0,UR0210,GRRHIO|UR0210
GRRHIO,RRH889,0,RRH889,GRRHIO|RRH889
HIXNY,WMCAPSVASBRDOC,0,WMCAPSVASBRDOC,HIXNY|WMCAPSVASBRDOC
GRRHIO,UR0091,0,UR0091,GRRHIO|UR0091
GRRHIO,RR740,0,RR740,GRRHIO|RR740
HEALTHIX,ECWDRETF,0,ECWDRETF,HEALTHIX|ECWDRETF
GRRHIO,RR668,0,RR668,GRRHIO|RR668
GRRHIO,UR2339,0,UR2339,GRRHIO|UR2339
GRRHIO,RR685,0,RR685,GRRHIO|RR685
HECDCS,PONTIAC-NURSING,0,PONTIAC-NURSING,HECDCS|PONTIAC-NURSING
GRRHIO,RRH258,0,RRH258,GRRHIO|RRH258
HEALTHIX,COVENANT,0,COVENANT,HEALTHIX|COVENANT
GRRHIO,SACRAL,0,SACRAL,GRRHIO|SACRAL
HIXNY,HECNEK,0,HECNEK,HIXNY|HECNEK
HIXNY,VNSWEPR,0,VNSWEPR,HIXNY|VNSWEPR
HECDCS,RESEARCH-CENT,0,RESEARCH-CENT,HECDCS|RESEARCH-CENT
HIXNY,LHF,0,LHF,HIXNY|LHF
HIXNY,WMCMHRHACOV,0,WMCMHRHACOV,HIXNY|WMCMHRHACOV
GRRHIO,RR157,0,RR157,GRRHIO|RR157
GRRHIO,MNSO45,0,MNSO45,GRRHIO|MNSO45
GRRHIO,RRH010,0,RRH010,GRRHIO|RRH010
HECDCS,LE-MOYNE,0,LE-MOYNE,HECDCS|LE-MOYNE
HECDCS,SHELLY-PETERS,0,SHELLY-PETERS,HECDCS|SHELLY-PETERS
GRRHIO,RRH845,0,RRH845,GRRHIO|RRH845
HECDCS,CONCERTO.DUPLICATE1,0,CONCERTO,HECDCS|CONCERTO
HEALTHIX,ECWSPDOMINGO,0,ECWSPDOMINGO,HEALTHIX|ECWSPDOMINGO
HECDCS,INTER-HLTH-BING,0,INTER-HLTH-BING,HECDCS|INTER-HLTH-BING
HIXNY,HECCAHA,0,HECCAHA,HIXNY|HECCAHA
GRRHIO,RRH951,0,RRH951,GRRHIO|RRH951
HECDCS,SENTINEL-PT-JERV,0,SENTINEL-PT-JERV,HECDCS|SENTINEL-PT-JERV
GRRHIO,UR2397,0,UR2397,GRRHIO|UR2397
GRRHIO,UR1617,0,UR1617,GRRHIO|UR1617
GRRHIO,UR0861,0,UR0861,GRRHIO|UR0861
GRRHIO,UR0441,0,UR0441,GRRHIO|UR0441
GRRHIO,UR2348,0,UR2348,GRRHIO|UR2348
GRRHIO,UR2159,0,UR2159,GRRHIO|UR2159
HIXNY,SPRINGBROOK,0,SPRINGBROOK,HIXNY|SPRINGBROOK
GRRHIO,RR582,0,RR582,GRRHIO|RR582
GRRHIO,UR2408,0,UR2408,GRRHIO|UR2408
GRRHIO,RRH424,0,RRH424,GRRHIO|RRH424
GRRHIO,BOHT,0,BOHT,GRRHIO|BOHT
HIXNY,LINCOLN,0,LINCOLN,HIXNY|LINCOLN
GRRHIO,UR1927,0,UR1927,GRRHIO|UR1927
HIXNY,WMCAPSCTSPODOC,0,WMCAPSCTSPODOC,HIXNY|WMCAPSCTSPODOC
BRONX,MOUNT_SINAI_QUEENS,0,MOUNT SINAI QUEENS,BRONX|MOUNT SINAI QUEENS
GRRHIO,UR2401,0,UR2401,GRRHIO|UR2401
GRRHIO,RR593,0,RR593,GRRHIO|RR593
HECDCS,EYE-SURGEONS-CNY,0,EYE-SURGEONS-CNY,HECDCS|EYE-SURGEONS-CNY
GRRHIO,UR0609,0,UR0609,GRRHIO|UR0609
HIXNY,DUNHAM,0,DUNHAM,HIXNY|DUNHAM
GRRHIO,UR1222,0,UR1222,GRRHIO|UR1222
HECDCS,CC-CHENANGO,0,CC-CHENANGO,HECDCS|CC-CHENANGO
HIXNY,AMHSAENDIN,0,AMHSAENDIN,HIXNY|AMHSAENDIN
GRRHIO,RR273,0,RR273,GRRHIO|RR273
HECDCS,ELVIS-W-REMA,0,ELVIS-W-REMA,HECDCS|ELVIS-W-REMA
GRRHIO,UR1960,0,UR1960,GRRHIO|UR1960
HIXNY,WMCAPSBSUPO,0,WMCAPSBSUPO,HIXNY|WMCAPSBSUPO
GRRHIO,RRH276,0,RRH276,GRRHIO|RRH276
HECDCS,APALACHIN-PT,0,APALACHIN-PT,HECDCS|APALACHIN-PT
HIXNY,WMCOPDMS,0,WMCOPDMS,HIXNY|WMCOPDMS
HIXNY,HUDVALPED,0,HUDVALPED,HIXNY|HUDVALPED
BRONX,NORTH_SHORE_UNIVERSITY_HOSPITAL,0,NORTH SHORE UNIVERSITY HOSPITAL,BRONX|NORTH SHORE UNIVERSITY HOSPITAL
GRRHIO,RRH610,0,RRH610,GRRHIO|RRH610
GRRHIO,UR1568,0,UR1568,GRRHIO|UR1568
GRRHIO,RRH982,0,RRH982,GRRHIO|RRH982
GRRHIO,UR0136,0,UR0136,GRRHIO|UR0136
HECDCS,CHP-COMP-FAM,0,CHP-COMP-FAM,HECDCS|CHP-COMP-FAM
HECDCS,MTG-BIOLOGICS,0,MTG-BIOLOGICS,HECDCS|MTG-BIOLOGICS
HECDCS,INT-HEALTH-SYR,0,INT-HEALTH-SYR,HECDCS|INT-HEALTH-SYR
GRRHIO,UR1466,0,UR1466,GRRHIO|UR1466
GRRHIO,RR615,0,RR615,GRRHIO|RR615
GRRHIO,UR0046,0,UR0046,GRRHIO|UR0046
GRRHIO,UR0774,0,UR0774,GRRHIO|UR0774
HIXNY,HECMVWHA,0,HECMVWHA,HIXNY|HECMVWHA
HIXNY,HECNPAM,0,HECNPAM,HIXNY|HECNPAM
GRRHIO,RRH840,0,RRH840,GRRHIO|RRH840
HECDCS,ANCHOR-FAMILY,0,ANCHOR-FAMILY,HECDCS|ANCHOR-FAMILY
HIXNY,AMAPCCAUD,0,AMAPCCAUD,HIXNY|AMAPCCAUD
TXD,OSHGWL,0,OSHGWL,TXD|OSHGWL
HEALTHIX,ECWHBELLUTTA,0,ECWHBELLUTTA,HEALTHIX|ECWHBELLUTTA
GRRHIO,MNSO47,0,MNSO47,GRRHIO|MNSO47
HIXNY,WMCAPSUROMA,0,WMCAPSUROMA,HIXNY|WMCAPSUROMA
GRRHIO,MNSO11,0,MNSO11,GRRHIO|MNSO11
GRRHIO,RRH977,0,RRH977,GRRHIO|RRH977
GRRHIO,UR1624,0,UR1624,GRRHIO|UR1624
GRRHIO,UR2212,0,UR2212,GRRHIO|UR2212
GRRHIO,UR0439,0,UR0439,GRRHIO|UR0439
BRONX,SOUTH_SHORE_UNIVERSITY_HOSPITAL,0,SOUTH SHORE UNIVERSITY HOSPITAL,BRONX|SOUTH SHORE UNIVERSITY HOSPITAL
BRONX,INWOOD,0,INWOOD,BRONX|INWOOD
HECDCS,DONNA-K-HEITZMAN,0,DONNA-K-HEITZMAN,HECDCS|DONNA-K-HEITZMAN
HECDCS,JAY-S-SAUNDERS,0,JAY-S-SAUNDERS,HECDCS|JAY-S-SAUNDERS
BRONX,MOUNT_SINAI_WEST,0,MOUNT SINAI WEST,BRONX|MOUNT SINAI WEST
HIXNY,HECHVRC,0,HECHVRC,HIXNY|HECHVRC
HIXNY,8038,0,8038,HIXNY|8038
HEALTHIX,SUNRISELB,0,SUNRISELB,HEALTHIX|SUNRISELB
GRRHIO,UR2196,0,UR2196,GRRHIO|UR2196
GRRHIO,RRH550,0,RRH550,GRRHIO|RRH550
GRRHIO,RR688,0,RR688,GRRHIO|RR688
HEALTHIX,DFEG,0,DFEG,HEALTHIX|DFEG
GRRHIO,UR0307,0,UR0307,GRRHIO|UR0307
GRRHIO,UR0863,0,UR0863,GRRHIO|UR0863
HIXNY,SPBABTESUR,0,SPBABTESUR,HIXNY|SPBABTESUR
BRONX,2.16.840.1.113883.3.3301,0,2.16.840.1.113883.3.3301,BRONX|2.16.840.1.113883.3.3301
BRONX,ELMHURST.DUPLICATE,0,ELMHURST,BRONX|ELMHURST
GRRHIO,UR2240,0,UR2240,GRRHIO|UR2240
GRRHIO,UR0392,0,UR0392,GRRHIO|UR0392
HECDCS,APALACHIN-FIRE,0,APALACHIN-FIRE,HECDCS|APALACHIN-FIRE
HIXNY,SPNRCREHABN,0,SPNRCREHABN,HIXNY|SPNRCREHABN
GRRHIO,UR2375,0,UR2375,GRRHIO|UR2375
HECDCS,BRUCE-E-BAKER,0,BRUCE-E-BAKER,HECDCS|BRUCE-E-BAKER
HIXNY,ELLSPCBS,0,ELLSPCBS,HIXNY|ELLSPCBS
GRRHIO,RR121,0,RR121,GRRHIO|RR121
TXD,MASENA,0,MASENA,TXD|MASENA
BRONX,2.16.840.1.113883.4.391.89.31310,0,2.16.840.1.113883.4.391.89.31310,BRONX|2.16.840.1.113883.4.391.89.31310
BRONX,NYC_H+H_KINGS_COUNTY,0,NYC H+H KINGS COUNTY,BRONX|NYC H+H KINGS COUNTY
HECDCS,PARK-TERRACE,0,PARK-TERRACE,HECDCS|PARK-TERRACE
BRONX,NYP_BROOKLYN_METHODIST_HOSPITAL,0,NYP BROOKLYN METHODIST HOSPITAL,BRONX|NYP BROOKLYN METHODIST HOSPITAL
GRRHIO,UR2028,0,UR2028,GRRHIO|UR2028
HIXNY,CONNECTRX,0,CONNECTRX,HIXNY|CONNECTRX
GRRHIO,RR100,0,RR100,GRRHIO|RR100
HIXNY,1932100393,0,1932100393,HIXNY|1932100393
GRRHIO,UR1529,0,UR1529,GRRHIO|UR1529
BRONX,ST._CHARLES_HOSPITAL,0,ST. CHARLES HOSPITAL,BRONX|ST. CHARLES HOSPITAL
GRRHIO,UR0274,0,UR0274,GRRHIO|UR0274
GRRHIO,NFMMC.DUPLICATE,0,NFMMC,GRRHIO|NFMMC
GRRHIO,UR0014,0,UR0014,GRRHIO|UR0014
TXD,WCA,0,WCA,TXD|WCA
HIXNY,CAPREGAESTH,0,CAPREGAESTH,HIXNY|CAPREGAESTH
BRONX,METROPOLITAN.DUPLICATE,0,METROPOLITAN,BRONX|METROPOLITAN
GRRHIO,UR0810,0,UR0810,GRRHIO|UR0810
GRRHIO,UR1286,0,UR1286,GRRHIO|UR1286
GRRHIO,UR0910,0,UR0910,GRRHIO|UR0910
GRRHIO,RR271,0,RR271,GRRHIO|RR271
HEALTHIX,HACC,0,HACC,HEALTHIX|HACC
GRRHIO,UR0440,0,UR0440,GRRHIO|UR0440
HEALTHIX,ARCAMD,0,ARCAMD,HEALTHIX|ARCAMD
HECDCS,MASSENA-FAM-PRAC,0,MASSENA-FAM-PRAC,HECDCS|MASSENA-FAM-PRAC
HIXNY,HECGARNET,0,HECGARNET,HIXNY|HECGARNET
GRRHIO,RRH277,0,RRH277,GRRHIO|RRH277
HEALTHIX,OEMPC,0,OEMPC,HEALTHIX|OEMPC
HIXNY,ROSWELLPK,0,ROSWELLPK,HIXNY|ROSWELLPK
GRRHIO,RRH324,0,RRH324,GRRHIO|RRH324
GRRHIO,RR597,0,RR597,GRRHIO|RR597
GRRHIO,EMSC,0,EMSC,GRRHIO|EMSC
TXD,MSMHC,0,MSMHC,TXD|MSMHC
GRRHIO,UR2254,0,UR2254,GRRHIO|UR2254
HECDCS,WESTMORELAND-ASC,0,WESTMORELAND-ASC,HECDCS|WESTMORELAND-ASC
GRRHIO,UR1608,0,UR1608,GRRHIO|UR1608
HEALTHIX,ELEV8,0,ELEV8,HEALTHIX|ELEV8
GRRHIO,RR426,0,RR426,GRRHIO|RR426
GRRHIO,2.16.840.1.113883.3.,0,2.16.840.1.113883.3.,GRRHIO|2.16.840.1.113883.3.
GRRHIO,RR695,0,RR695,GRRHIO|RR695
BRONX,2.16.840.1.113883.4.391.89.8081,0,2.16.840.1.113883.4.391.89.8081,BRONX|2.16.840.1.113883.4.391.89.8081
TXD,CRISP,0,CRISP,TXD|CRISP
HEALTHIX,ECWARCAMD,0,ECWARCAMD,HEALTHIX|ECWARCAMD
GRRHIO,RR536,0,RR536,GRRHIO|RR536
HEALTHIX,TNVAC,0,TNVAC,HEALTHIX|TNVAC
GRRHIO,UR1210,0,UR1210,GRRHIO|UR1210
HIXNY,HECHERKFAM,0,HECHERKFAM,HIXNY|HECHERKFAM
HIXNY,1457895278SA,0,1457895278SA,HIXNY|1457895278SA
GRRHIO,UR0004,0,UR0004,GRRHIO|UR0004
GRRHIO,UR0762,0,UR0762,GRRHIO|UR0762
GRRHIO,RRH702,0,RRH702,GRRHIO|RRH702
GRRHIO,RR583,0,RR583,GRRHIO|RR583
TXD,QUADRT,0,QUADRT,TXD|QUADRT
BRONX,HOSPITAL_FOR_SPECIAL_SURGERY,0,HOSPITAL FOR SPECIAL SURGERY,BRONX|HOSPITAL FOR SPECIAL SURGERY
GRRHIO,UR2261,0,UR2261,GRRHIO|UR2261
GRRHIO,UR2032,0,UR2032,GRRHIO|UR2032
GRRHIO,UR1289,0,UR1289,GRRHIO|UR1289
HEALTHIX,GSI,0,GSI,HEALTHIX|GSI
GRRHIO,UR1403,0,UR1403,GRRHIO|UR1403
HECDCS,IND-LIV-CONS,0,IND-LIV-CONS,HECDCS|IND-LIV-CONS
GRRHIO,RR441,0,RR441,GRRHIO|RR441
HECDCS,HIGH-POINT-CHIRO,0,HIGH-POINT-CHIRO,HECDCS|HIGH-POINT-CHIRO
GRRHIO,UR1899,0,UR1899,GRRHIO|UR1899
HIXNY,CHERRYVAL,0,CHERRYVAL,HIXNY|CHERRYVAL
GRRHIO,RRH109,0,RRH109,GRRHIO|RRH109
GRRHIO,UR0054,0,UR0054,GRRHIO|UR0054
HEALTHIX,RVTH,0,RVTH,HEALTHIX|RVTH
TXD,KHSEPI,0,KHSEPI,TXD|KHSEPI
HEALTHIX,NYPCD,0,NYPCD,HEALTHIX|NYPCD
HECDCS,UPSTATE,0,UPSTATE,HECDCS|UPSTATE
HEALTHIX,NYUFGP,0,NYUFGP,HEALTHIX|NYUFGP
HIXNY,MEDICAID,0,MEDICAID,HIXNY|MEDICAID
HIXNY,RRH,0,RRH,HIXNY|RRH
TXD,UBMD,0,UBMD,TXD|UBMD
HEALTHIX,ELMHURST.DUPLICATE1,0,ELMHURST,HEALTHIX|ELMHURST
HECDCS,N-CTRY-FAM-CCD,0,N-CTRY-FAM-CCD,HECDCS|N-CTRY-FAM-CCD
HEALTHIX,BSHC,0,BSHC,HEALTHIX|BSHC
HIXNY,PAPLIMAGEDOC,0,PAPLIMAGEDOC,HIXNY|PAPLIMAGEDOC
HEALTHIX,LATIMO,0,LATIMO,HEALTHIX|LATIMO
HIXNY,CDPHP,0,CDPHP,HIXNY|CDPHP
HIXNY,1124039607,0,1124039607,HIXNY|1124039607
HEALTHIX,DEL,0,DEL,HEALTHIX|DEL
HECDCS,NUV-HEART,0,NUV-HEART,HECDCS|NUV-HEART
HECDCS,OPTUM-CRH,0,OPTUM-CRH,HECDCS|OPTUM-CRH
HIXNY,1366872244,0,1366872244,HIXNY|1366872244
HEALTHIX,CIH,0,CIH,HEALTHIX|CIH
GRRHIO,HH,0,HH,GRRHIO|HH
HEALTHIX,AZLIFQHC,0,AZLIFQHC,HEALTHIX|AZLIFQHC
HEALTHIX,EDENH,0,EDENH,HEALTHIX|EDENH
HIXNY,5355,0,5355,HIXNY|5355
HEALTHIX,SJEH,0,SJEH,HEALTHIX|SJEH
HEALTHIX,PPC,0,PPC,HEALTHIX|PPC
TXD,FORGAC,0,FORGAC,TXD|FORGAC
HIXNY,ECH,0,ECH,HIXNY|ECH
GRRHIO,UR1701,0,UR1701,GRRHIO|UR1701
BRONX,IFH.DUPLICATE,0,IFH,BRONX|IFH
HIXNY,28317,0,28317,HIXNY|28317
HEALTHIX,HEALTHIX,0,HEALTHIX,HEALTHIX|HEALTHIX
HIXNY,SHSURG,0,SHSURG,HIXNY|SHSURG
BRONX,METROPLUS.DUPLICATE,0,METROPLUS,BRONX|METROPLUS
HIXNY,AMHSMONITOR,0,AMHSMONITOR,HIXNY|AMHSMONITOR
HEALTHIX,LMDC,0,LMDC,HEALTHIX|LMDC
BRONX,MJHS-HOSPICE,0,MJHS-HOSPICE,BRONX|MJHS-HOSPICE
GRRHIO,CCDN,0,CCDN,GRRHIO|CCDN
HECDCS,ROME-HLTH,0,ROME-HLTH,HECDCS|ROME-HLTH
HEALTHIX,MMHC,0,MMHC,HEALTHIX|MMHC
HECDCS,ST-LUKES-CORN,0,ST-LUKES-CORN,HECDCS|ST-LUKES-CORN
HECDCS,AUBURN-COMMUNITY,0,AUBURN-COMMUNITY,HECDCS|AUBURN-COMMUNITY
HEALTHIX,NYULICH,0,NYULICH,HEALTHIX|NYULICH
HECDCS,BS-HOSP,0,BS-HOSP,HECDCS|BS-HOSP
TXD,INVISI,0,INVISI,TXD|INVISI
GRRHIO,UR0856,0,UR0856,GRRHIO|UR0856
GRRHIO,UR0951,0,UR0951,GRRHIO|UR0951
HEALTHIX,QMOPC,0,QMOPC,HEALTHIX|QMOPC
TXD,JEM,0,JEM,TXD|JEM
HECDCS,ARTHRITIS-SPEC,0,ARTHRITIS-SPEC,HECDCS|ARTHRITIS-SPEC
GRRHIO,RR565,0,RR565,GRRHIO|RR565
HEALTHIX,USDOOR,0,USDOOR,HEALTHIX|USDOOR
BRONX,CONIFER_PARK,0,CONIFER PARK,BRONX|CONIFER PARK
HECDCS,NORTH-AREA-PEDS,0,NORTH-AREA-PEDS,HECDCS|NORTH-AREA-PEDS
HEALTHIX,CCBIPA,0,CCBIPA,HEALTHIX|CCBIPA
TXD,LCKPED,0,LCKPED,TXD|LCKPED
HIXNY,ELLSMUCMH,0,ELLSMUCMH,HIXNY|ELLSMUCMH
GRRHIO,UR0164,0,UR0164,GRRHIO|UR0164
GRRHIO,UR1492,0,UR1492,GRRHIO|UR1492
HEALTHIX,NYHQ,0,NYHQ,HEALTHIX|NYHQ
GRRHIO,ICRL,0,ICRL,GRRHIO|ICRL
HECDCS,NUV-VBMC,0,NUV-VBMC,HECDCS|NUV-VBMC
HECDCS,GUTHRIE,0,GUTHRIE,HECDCS|GUTHRIE
HECDCS,BS-GOOD-SAM-3,0,BS-GOOD-SAM-3,HECDCS|BS-GOOD-SAM-3
HIXNY,WMCAPSOBSU,0,WMCAPSOBSU,HIXNY|WMCAPSOBSU
HIXNY,ALLIED,0,ALLIED,HIXNY|ALLIED
HEALTHIX,ACPNY,0,ACPNY,HEALTHIX|ACPNY
HIXNY,4965ALERTS,0,4965ALERTS,HIXNY|4965ALERTS
HECDCS,MONTE-NYACK,0,MONTE-NYACK,HECDCS|MONTE-NYACK
HECDCS,SOS,0,SOS,HECDCS|SOS
HIXNY,SPHMA,0,SPHMA,HIXNY|SPHMA
HEALTHIX,PLV,0,PLV,HEALTHIX|PLV
HIXNY,GFHIMHL7,0,GFHIMHL7,HIXNY|GFHIMHL7
HEALTHIX,HRHBPH,0,HRHBPH,HEALTHIX|HRHBPH
TXD,CLYMER,0,CLYMER,TXD|CLYMER
HEALTHIX,LXHH,0,LXHH,HEALTHIX|LXHH
HIXNY,SSGASTRO,0,SSGASTRO,HIXNY|SSGASTRO
HIXNY,GOLUBRX,0,GOLUBRX,HIXNY|GOLUBRX
HEALTHIX,JCLLC,0,JCLLC,HEALTHIX|JCLLC
HIXNY,SPHPSJH,0,SPHPSJH,HIXNY|SPHPSJH
HEALTHIX,BRKGA,0,BRKGA,HEALTHIX|BRKGA
HECDCS,ONEIDA-HLTH,0,ONEIDA-HLTH,HECDCS|ONEIDA-HLTH
HECDCS,GARNET-HEALTH-3,0,GARNET-HEALTH-3,HECDCS|GARNET-HEALTH-3
GRRHIO,UR0312,0,UR0312,GRRHIO|UR0312
HIXNY,A2HUHC,0,A2HUHC,HIXNY|A2HUHC
TXD,JRCHC,0,JRCHC,TXD|JRCHC
GRRHIO,MA,0,MA,GRRHIO|MA
HECDCS,MONTE-MEACC,0,MONTE-MEACC,HECDCS|MONTE-MEACC
TXD,KSL,0,KSL,TXD|KSL
HIXNY,PAPLPCCS,0,PAPLPCCS,HIXNY|PAPLPCCS
HECDCS,CARTHAGE-HOSP,0,CARTHAGE-HOSP,HECDCS|CARTHAGE-HOSP
HIXNY,NLIMONITOR,0,NLIMONITOR,HIXNY|NLIMONITOR
GRRHIO,UR1440,0,UR1440,GRRHIO|UR1440
GRRHIO,UR0973,0,UR0973,GRRHIO|UR0973
HEALTHIX,HUNT,0,HUNT,HEALTHIX|HUNT
HECDCS,N-CTRY-FAM,0,N-CTRY-FAM,HECDCS|N-CTRY-FAM
GRRHIO,UR1712,0,UR1712,GRRHIO|UR1712
HIXNY,SMADOC,0,SMADOC,HIXNY|SMADOC
GRRHIO,RRH501,0,RRH501,GRRHIO|RRH501
HIXNY,WMCAPSENTARDOC,0,WMCAPSENTARDOC,HIXNY|WMCAPSENTARDOC
HIXNY,SPEVNHVPTHM,0,SPEVNHVPTHM,HIXNY|SPEVNHVPTHM
GRRHIO,RRH801,0,RRH801,GRRHIO|RRH801
HEALTHIX,FCMED,0,FCMED,HEALTHIX|FCMED
GRRHIO,UR2061,0,UR2061,GRRHIO|UR2061
HEALTHIX,SUS,0,SUS,HEALTHIX|SUS
HIXNY,CPIMAGINGDOC,0,CPIMAGINGDOC,HIXNY|CPIMAGINGDOC
HEALTHIX,RITECM,0,RITECM,HEALTHIX|RITECM
HECDCS,CNY-DX-IMAGING,0,CNY-DX-IMAGING,HECDCS|CNY-DX-IMAGING
HEALTHIX,MAND,0,MAND,HEALTHIX|MAND
HIXNY,AMHSACARHL7,0,AMHSACARHL7,HIXNY|AMHSACARHL7
HEALTHIX,ISGC,0,ISGC,HEALTHIX|ISGC
HIXNY,SCMHC,0,SCMHC,HIXNY|SCMHC
HIXNY,EDDYCHHA,0,EDDYCHHA,HIXNY|EDDYCHHA
TXD,LEMSPC,0,LEMSPC,TXD|LEMSPC
HEALTHIX,CAL,0,CAL,HEALTHIX|CAL
HECDCS,CHP-PETER-SCHWTZ,0,CHP-PETER-SCHWTZ,HECDCS|CHP-PETER-SCHWTZ
HECDCS,FINGER-LAKES,0,FINGER-LAKES,HECDCS|FINGER-LAKES
GRRHIO,UR0177,0,UR0177,GRRHIO|UR0177
HIXNY,CHHUNY,0,CHHUNY,HIXNY|CHHUNY
HECDCS,PREMIERHEALTH,0,PREMIERHEALTH,HECDCS|PREMIERHEALTH
GRRHIO,UR1997,0,UR1997,GRRHIO|UR1997
GRRHIO,UR0308,0,UR0308,GRRHIO|UR0308
GRRHIO,RRH360,0,RRH360,GRRHIO|RRH360
GRRHIO,UR0681,0,UR0681,GRRHIO|UR0681
HEALTHIX,LIJVS,0,LIJVS,HEALTHIX|LIJVS
GRRHIO,RRH286,0,RRH286,GRRHIO|RRH286
HEALTHIX,WIPED,0,WIPED,HEALTHIX|WIPED
HIXNY,CVPHPLASTIC,0,CVPHPLASTIC,HIXNY|CVPHPLASTIC
GRRHIO,UR0171,0,UR0171,GRRHIO|UR0171
TXD,BRSPNC,0,BRSPNC,TXD|BRSPNC
HIXNY,ADKPCMH,0,ADKPCMH,HIXNY|ADKPCMH
HIXNY,SPNHAVAS,0,SPNHAVAS,HIXNY|SPNHAVAS
HIXNY,WMCOPDDENTADOC,0,WMCOPDDENTADOC,HIXNY|WMCOPDDENTADOC
HIXNY,WMCOPDMEBLUDOC,0,WMCOPDMEBLUDOC,HIXNY|WMCOPDMEBLUDOC
HEALTHIX,JBFCS,0,JBFCS,HEALTHIX|JBFCS
TXD,PRKVW,0,PRKVW,TXD|PRKVW
GRRHIO,UR0350,0,UR0350,GRRHIO|UR0350
GRRHIO,UR0311,0,UR0311,GRRHIO|UR0311
HEALTHIX,BCEMG,0,BCEMG,HEALTHIX|BCEMG
GRRHIO,UR0979,0,UR0979,GRRHIO|UR0979
HECDCS,COMP-FAM-MED,0,COMP-FAM-MED,HECDCS|COMP-FAM-MED
HECDCS,LIBERTY-RES,0,LIBERTY-RES,HECDCS|LIBERTY-RES
HECDCS,CHP-N-EAST-PEDS,0,CHP-N-EAST-PEDS,HECDCS|CHP-N-EAST-PEDS
HEALTHIX,QZMPC,0,QZMPC,HEALTHIX|QZMPC
GRRHIO,RRH236,0,RRH236,GRRHIO|RRH236
GRRHIO,UR1705,0,UR1705,GRRHIO|UR1705
HEALTHIX,MRMD,0,MRMD,HEALTHIX|MRMD
HEALTHIX,PCMB,0,PCMB,HEALTHIX|PCMB
HIXNY,SPRSBOBGYNVDOC,0,SPRSBOBGYNVDOC,HIXNY|SPRSBOBGYNVDOC
GRRHIO,EMSC2,0,EMSC2,GRRHIO|EMSC2
HIXNY,GFHIM,0,GFHIM,HIXNY|GFHIM
HIXNY,HECSP,0,HECSP,HIXNY|HECSP
HEALTHIX,BMSFHC,0,BMSFHC,HEALTHIX|BMSFHC
GRRHIO,UR0371,0,UR0371,GRRHIO|UR0371
GRRHIO,UR0252,0,UR0252,GRRHIO|UR0252
HEALTHIX,ECWCWMC,0,ECWCWMC,HEALTHIX|ECWCWMC
GRRHIO,UR0785,0,UR0785,GRRHIO|UR0785
GRRHIO,RR328,0,RR328,GRRHIO|RR328
BRONX,COMPREHENSIVE_MEDICAL_WORLD,0,COMPREHENSIVE MEDICAL WORLD,BRONX|COMPREHENSIVE MEDICAL WORLD
GRRHIO,RRH314,0,RRH314,GRRHIO|RRH314
HEALTHIX,SVCMC,0,SVCMC,HEALTHIX|SVCMC
HIXNY,SPNEUNEU,0,SPNEUNEU,HIXNY|SPNEUNEU
GRRHIO,UR0187,0,UR0187,GRRHIO|UR0187
TXD,SHARMA,0,SHARMA,TXD|SHARMA
HECDCS,SYR-ENT-SURG,0,SYR-ENT-SURG,HECDCS|SYR-ENT-SURG
GRRHIO,UR1784,0,UR1784,GRRHIO|UR1784
GRRHIO,UR0022,0,UR0022,GRRHIO|UR0022
HIXNY,CPMGBFHC,0,CPMGBFHC,HIXNY|CPMGBFHC
GRRHIO,UR0678,0,UR0678,GRRHIO|UR0678
HEALTHIX,ARGUS,0,ARGUS,HEALTHIX|ARGUS
GRRHIO,UR0674,0,UR0674,GRRHIO|UR0674
GRRHIO,UR1787,0,UR1787,GRRHIO|UR1787
HIXNY,1407289077,0,1407289077,HIXNY|1407289077
BRONX,FELIX_FLORIMON,0,FELIX FLORIMON,BRONX|FELIX FLORIMON
GRRHIO,IWMA2,0,IWMA2,GRRHIO|IWMA2
GRRHIO,RRH578,0,RRH578,GRRHIO|RRH578
TXD,WHTPED,0,WHTPED,TXD|WHTPED
TXD,AZNHC,0,AZNHC,TXD|AZNHC
HEALTHIX,RPMDPC,0,RPMDPC,HEALTHIX|RPMDPC
HECDCS,CNY-CARDIO,0,CNY-CARDIO,HECDCS|CNY-CARDIO
HEALTHIX,BIPD,0,BIPD,HEALTHIX|BIPD
HEALTHIX,MHLMP,0,MHLMP,HEALTHIX|MHLMP
HEALTHIX,NYUTRINITY,0,NYUTRINITY,HEALTHIX|NYUTRINITY
HECDCS,WEST-MED-CTR-3,0,WEST-MED-CTR-3,HECDCS|WEST-MED-CTR-3
GRRHIO,UR0064,0,UR0064,GRRHIO|UR0064
BRONX,HISPANIOLA_MEDICAL_CARE,0,HISPANIOLA MEDICAL CARE,BRONX|HISPANIOLA MEDICAL CARE
HIXNY,PPMH,0,PPMH,HIXNY|PPMH
GRRHIO,UR0966,0,UR0966,GRRHIO|UR0966
HIXNY,FIDELIS,0,FIDELIS,HIXNY|FIDELIS
HIXNY,RRHMONITOR,0,RRHMONITOR,HIXNY|RRHMONITOR
GRRHIO,UR1733,0,UR1733,GRRHIO|UR1733
HEALTHIX,BSFCHA,0,BSFCHA,HEALTHIX|BSFCHA
HIXNY,HAHVTKHBC,0,HAHVTKHBC,HIXNY|HAHVTKHBC
HEALTHIX,PTHDI,0,PTHDI,HEALTHIX|PTHDI
HIXNY,AMHSAOTO,0,AMHSAOTO,HIXNY|AMHSAOTO
GRRHIO,UR1184,0,UR1184,GRRHIO|UR1184
HEALTHIX,ECWBISLR,0,ECWBISLR,HEALTHIX|ECWBISLR
BRONX,AMIDACARE,0,AMIDACARE,BRONX|AMIDACARE
GRRHIO,UR0176,0,UR0176,GRRHIO|UR0176
HEALTHIX,JANAHC,0,JANAHC,HEALTHIX|JANAHC
GRRHIO,UR1312,0,UR1312,GRRHIO|UR1312
GRRHIO,UR2113,0,UR2113,GRRHIO|UR2113
GRRHIO,RRH192,0,RRH192,GRRHIO|RRH192
HIXNY,HONESTCCP,0,HONESTCCP,HIXNY|HONESTCCP
GRRHIO,UR1459,0,UR1459,GRRHIO|UR1459
HIXNY,AHMC,0,AHMC,HIXNY|AHMC
GRRHIO,RRH031,0,RRH031,GRRHIO|RRH031
HECDCS,CHP-CMA,0,CHP-CMA,HECDCS|CHP-CMA
GRRHIO,UR0351,0,UR0351,GRRHIO|UR0351
GRRHIO,UR0183,0,UR0183,GRRHIO|UR0183
HIXNY,AMHSAMEDPEDHL7,0,AMHSAMEDPEDHL7,HIXNY|AMHSAMEDPEDHL7
HIXNY,HIXNYPORTAL,0,HIXNYPORTAL,HIXNY|HIXNYPORTAL
GRRHIO,UR0901,0,UR0901,GRRHIO|UR0901
HEALTHIX,JZDP,0,JZDP,HEALTHIX|JZDP
GRRHIO,RR443,0,RR443,GRRHIO|RR443
HIXNY,PAPLMEDPEDDOC,0,PAPLMEDPEDDOC,HIXNY|PAPLMEDPEDDOC
HEALTHIX,LHPP,0,LHPP,HEALTHIX|LHPP
HEALTHIX,JGBRC,0,JGBRC,HEALTHIX|JGBRC
GRRHIO,RRH512,0,RRH512,GRRHIO|RRH512
GRRHIO,UR0028,0,UR0028,GRRHIO|UR0028
HEALTHIX,FSHA,0,FSHA,HEALTHIX|FSHA
BRONX,CHILDRENS_VILLAGE,0,CHILDRENS VILLAGE,BRONX|CHILDRENS VILLAGE
GRRHIO,UR0900,0,UR0900,GRRHIO|UR0900
BRONX,QAZI_K_HAIDER,0,QAZI K HAIDER,BRONX|QAZI K HAIDER
HEALTHIX,SCAC,0,SCAC,HEALTHIX|SCAC
BRONX,WOODSIDE_MEDICAL_PRAC,0,WOODSIDE MEDICAL PRAC,BRONX|WOODSIDE MEDICAL PRAC
HIXNY,PINESGLENS,0,PINESGLENS,HIXNY|PINESGLENS
BRONX,OLA_PEDIATRICS,0,OLA PEDIATRICS,BRONX|OLA PEDIATRICS
GRRHIO,UR0035,0,UR0035,GRRHIO|UR0035
HIXNY,1184634297,0,1184634297,HIXNY|1184634297
TXD,HRNPC9,0,HRNPC9,TXD|HRNPC9
GRRHIO,UR1187,0,UR1187,GRRHIO|UR1187
HIXNY,1902816473,0,1902816473,HIXNY|1902816473
GRRHIO,UR1756,0,UR1756,GRRHIO|UR1756
HECDCS,FAIRMOUNT-FAM,0,FAIRMOUNT-FAM,HECDCS|FAIRMOUNT-FAM
HIXNY,SPEPBLABDS,0,SPEPBLABDS,HIXNY|SPEPBLABDS
HIXNY,SPSMLABDOC,0,SPSMLABDOC,HIXNY|SPSMLABDOC
HEALTHIX,BEMC,0,BEMC,HEALTHIX|BEMC
HEALTHIX,PCCHN,0,PCCHN,HEALTHIX|PCCHN
GRRHIO,ALIMS2,0,ALIMS2,GRRHIO|ALIMS2
GRRHIO,JMHCCD,0,JMHCCD,GRRHIO|JMHCCD
HIXNY,AMALLAB,0,AMALLAB,HIXNY|AMALLAB
TXD,GBNIL,0,GBNIL,TXD|GBNIL
TXD,GBN,0,GBN,TXD|GBN
TXD,AZTCC,0,AZTCC,TXD|AZTCC
HIXNY,RRHNWHOUT,0,RRHNWHOUT,HIXNY|RRHNWHOUT
GRRHIO,UR2187,0,UR2187,GRRHIO|UR2187
HIXNY,SMHAUROAMST,0,SMHAUROAMST,HIXNY|SMHAUROAMST
BRONX,CRUZ_HERRERA,0,CRUZ HERRERA,BRONX|CRUZ HERRERA
HEALTHIX,KAMPC,0,KAMPC,HEALTHIX|KAMPC
GRRHIO,RRH219,0,RRH219,GRRHIO|RRH219
GRRHIO,RRH683,0,RRH683,GRRHIO|RRH683
HIXNY,CMHBONEHL7,0,CMHBONEHL7,HIXNY|CMHBONEHL7
GRRHIO,UR0593,0,UR0593,GRRHIO|UR0593
GRRHIO,RRH804,0,RRH804,GRRHIO|RRH804
HIXNY,1851353882,0,1851353882,HIXNY|1851353882
HEALTHIX,CJMP,0,CJMP,HEALTHIX|CJMP
HEALTHIX,AMMS,0,AMMS,HEALTHIX|AMMS
HEALTHIX,SFACO,0,SFACO,HEALTHIX|SFACO
BRONX,HARLEM_MEDICAL_GROUP,0,HARLEM MEDICAL GROUP,BRONX|HARLEM MEDICAL GROUP
HIXNY,HECMAHV,0,HECMAHV,HIXNY|HECMAHV
GRRHIO,RRH732,0,RRH732,GRRHIO|RRH732
GRRHIO,UR1180,0,UR1180,GRRHIO|UR1180
HIXNY,WMCAPS,0,WMCAPS,HIXNY|WMCAPS
HEALTHIX,ECWSUFPED,0,ECWSUFPED,HEALTHIX|ECWSUFPED
HIXNY,COLONIEEMS,0,COLONIEEMS,HIXNY|COLONIEEMS
GRRHIO,RRH626,0,RRH626,GRRHIO|RRH626
HEALTHIX,LYPE,0,LYPE,HEALTHIX|LYPE
BRONX,JANNY_A_OZUNA_MENDEZ,0,JANNY A OZUNA MENDEZ,BRONX|JANNY A OZUNA MENDEZ
GRRHIO,RR44,0,RR44,GRRHIO|RR44
GRRHIO,RR529,0,RR529,GRRHIO|RR529
HIXNY,SHEYE,0,SHEYE,HIXNY|SHEYE
GRRHIO,UR0174,0,UR0174,GRRHIO|UR0174
HEALTHIX,EGHEALTHC,0,EGHEALTHC,HEALTHIX|EGHEALTHC
HIXNY,EMOLST,0,EMOLST,HIXNY|EMOLST
GRRHIO,WPEDS2,0,WPEDS2,GRRHIO|WPEDS2
HEALTHIX,TPNR,0,TPNR,HEALTHIX|TPNR
HIXNY,SPCSBPRIME,0,SPCSBPRIME,HIXNY|SPCSBPRIME
TXD,BUFNEU,0,BUFNEU,TXD|BUFNEU
TXD,ECDOH,0,ECDOH,TXD|ECDOH
GRRHIO,UR0914,0,UR0914,GRRHIO|UR0914
HEALTHIX,ECWFRBA,0,ECWFRBA,HEALTHIX|ECWFRBA
GRRHIO,UR2036,0,UR2036,GRRHIO|UR2036
HEALTHIX,RSMO,0,RSMO,HEALTHIX|RSMO
HECDCS,MOSAIC-HEALTH,0,MOSAIC-HEALTH,HECDCS|MOSAIC-HEALTH
HIXNY,SMHPCXDOC,0,SMHPCXDOC,HIXNY|SMHPCXDOC
GRRHIO,UR2090,0,UR2090,GRRHIO|UR2090
GRRHIO,UR0157,0,UR0157,GRRHIO|UR0157
HEALTHIX,MMCPC,0,MMCPC,HEALTHIX|MMCPC
HIXNY,RRHGH,0,RRHGH,HIXNY|RRHGH
HEALTHIX,RIPE,0,RIPE,HEALTHIX|RIPE
BRONX,CUIDADO_MEDICO_AND_GERIATRICO_OF_QUEENS,0,CUIDADO MEDICO AND GERIATRICO OF QUEENS,BRONX|CUIDADO MEDICO AND GERIATRICO OF QUEENS
HEALTHIX,EMPSM,0,EMPSM,HEALTHIX|EMPSM
HIXNY,GFHUROHL7,0,GFHUROHL7,HIXNY|GFHUROHL7
BRONX,JUNCTION_MEDICAL,0,JUNCTION MEDICAL,BRONX|JUNCTION MEDICAL
GRRHIO,RR321,0,RR321,GRRHIO|RR321
HIXNY,WMCAPSNSHADOC,0,WMCAPSNSHADOC,HIXNY|WMCAPSNSHADOC
GRRHIO,XCELL,0,XCELL,GRRHIO|XCELL
GRRHIO,RRH783,0,RRH783,GRRHIO|RRH783
GRRHIO,RR469,0,RR469,GRRHIO|RR469
HIXNY,1396856530,0,1396856530,HIXNY|1396856530
HEALTHIX,VIPH,0,VIPH,HEALTHIX|VIPH
HECDCS,CNY-ASTH-ALLERGY,0,CNY-ASTH-ALLERGY,HECDCS|CNY-ASTH-ALLERGY
HIXNY,MMGMEDGRP,0,MMGMEDGRP,HIXNY|MMGMEDGRP
HIXNY,1023581717,0,1023581717,HIXNY|1023581717
GRRHIO,RRH482,0,RRH482,GRRHIO|RRH482
GRRHIO,RRH254,0,RRH254,GRRHIO|RRH254
HEALTHIX,HIHS,0,HIHS,HEALTHIX|HIHS
HEALTHIX,ANH,0,ANH,HEALTHIX|ANH
HIXNY,10859,0,10859,HIXNY|10859
GRRHIO,RR478,0,RR478,GRRHIO|RR478
HEALTHIX,GMLP,0,GMLP,HEALTHIX|GMLP
GRRHIO,RRH563,0,RRH563,GRRHIO|RRH563
HIXNY,SMHAURGGLOV,0,SMHAURGGLOV,HIXNY|SMHAURGGLOV
GRRHIO,RRH154,0,RRH154,GRRHIO|RRH154
GRRHIO,QUEST.DUPLICATE,0,QUEST,GRRHIO|QUEST
GRRHIO,SCPC,0,SCPC,GRRHIO|SCPC
HIXNY,OMHCNYFPC43,0,OMHCNYFPC43,HIXNY|OMHCNYFPC43
HEALTHIX,ZLMO,0,ZLMO,HEALTHIX|ZLMO
GRRHIO,UR0757,0,UR0757,GRRHIO|UR0757
HECDCS,ADV-ASTHMA,0,ADV-ASTHMA,HECDCS|ADV-ASTHMA
TXD,WSTFLDCE,0,WSTFLDCE,TXD|WSTFLDCE
HEALTHIX,SRLMD,0,SRLMD,HEALTHIX|SRLMD
GRRHIO,RRH952,0,RRH952,GRRHIO|RRH952
GRRHIO,RRH380,0,RRH380,GRRHIO|RRH380
GRRHIO,RRH592,0,RRH592,GRRHIO|RRH592
HIXNY,SNMEDMEDDOC,0,SNMEDMEDDOC,HIXNY|SNMEDMEDDOC
HIXNY,DFMASP,0,DFMASP,HIXNY|DFMASP
HEALTHIX,GURWIN,0,GURWIN,HEALTHIX|GURWIN
GRRHIO,UR1203,0,UR1203,GRRHIO|UR1203
HIXNY,1477589901,0,1477589901,HIXNY|1477589901
HECDCS,KAREN-A-WILLIAMS,0,KAREN-A-WILLIAMS,HECDCS|KAREN-A-WILLIAMS
GRRHIO,RRH598,0,RRH598,GRRHIO|RRH598
BRONX,SALUD_MEDICAL,0,SALUD MEDICAL,BRONX|SALUD MEDICAL
HEALTHIX,NSCFGC,0,NSCFGC,HEALTHIX|NSCFGC
HIXNY,ELLSGYNS,0,ELLSGYNS,HIXNY|ELLSGYNS
HEALTHIX,WASSA,0,WASSA,HEALTHIX|WASSA
TXD,CATFBM,0,CATFBM,TXD|CATFBM
HEALTHIX,BRKHC,0,BRKHC,HEALTHIX|BRKHC
GRRHIO,RRH403,0,RRH403,GRRHIO|RRH403
HIXNY,AMAPCCENT,0,AMAPCCENT,HIXNY|AMAPCCENT
GRRHIO,UR1593,0,UR1593,GRRHIO|UR1593
BRONX,BENJAMIN_WU,0,BENJAMIN WU,BRONX|BENJAMIN WU
GRRHIO,UR0941,0,UR0941,GRRHIO|UR0941
GRRHIO,RR703,0,RR703,GRRHIO|RR703
GRRHIO,UR1987,0,UR1987,GRRHIO|UR1987
HIXNY,3747,0,3747,HIXNY|3747
HIXNY,SPBABURO,0,SPBABURO,HIXNY|SPBABURO
BRONX,SAULIUS_J_SKEIVYS,0,SAULIUS J SKEIVYS,BRONX|SAULIUS J SKEIVYS
HIXNY,SMHAMEMPED,0,SMHAMEMPED,HIXNY|SMHAMEMPED
GRRHIO,RR137,0,RR137,GRRHIO|RR137
HEALTHIX,ECWCHCR,0,ECWCHCR,HEALTHIX|ECWCHCR
HIXNY,SPMOBTESURDOC,0,SPMOBTESURDOC,HIXNY|SPMOBTESURDOC
HIXNY,CMHWOMEN,0,CMHWOMEN,HIXNY|CMHWOMEN
HEALTHIX,JDDO,0,JDDO,HEALTHIX|JDDO
HIXNY,TEMPUSLAB,0,TEMPUSLAB,HIXNY|TEMPUSLAB
HEALTHIX,MANHQP,0,MANHQP,HEALTHIX|MANHQP
TXD,716HM,0,716HM,TXD|716HM
HIXNY,WMCOPDMERED,0,WMCOPDMERED,HIXNY|WMCOPDMERED
GRRHIO,RR498,0,RR498,GRRHIO|RR498
HECDCS,MHA-WESTCHESTER,0,MHA-WESTCHESTER,HECDCS|MHA-WESTCHESTER
HEALTHIX,MSHH,0,MSHH,HEALTHIX|MSHH
GRRHIO,UR0118,0,UR0118,GRRHIO|UR0118
HIXNY,WMCBSMGMCAR,0,WMCBSMGMCAR,HIXNY|WMCBSMGMCAR
BRONX,BRONX_WORKS,0,BRONX WORKS,BRONX|BRONX WORKS
HIXNY,RIV,0,RIV,HIXNY|RIV
BRONX,BROADWAY_PEDIATRICS,0,BROADWAY PEDIATRICS,BRONX|BROADWAY PEDIATRICS
HIXNY,CVPHADULTMD,0,CVPHADULTMD,HIXNY|CVPHADULTMD
BRONX,ELLIOT_LEDERMAN,0,ELLIOT LEDERMAN,BRONX|ELLIOT LEDERMAN
GRRHIO,PEVA,0,PEVA,GRRHIO|PEVA
HIXNY,1962527630,0,1962527630,HIXNY|1962527630
GRRHIO,UR1783,0,UR1783,GRRHIO|UR1783
GRRHIO,LVASI,0,LVASI,GRRHIO|LVASI
GRRHIO,RR279,0,RR279,GRRHIO|RR279
HIXNY,SRPLCARMAN,0,SRPLCARMAN,HIXNY|SRPLCARMAN
GRRHIO,RRH991,0,RRH991,GRRHIO|RRH991
GRRHIO,RR425,0,RR425,GRRHIO|RR425
GRRHIO,RR196,0,RR196,GRRHIO|RR196
HEALTHIX,ECWQCAMC,0,ECWQCAMC,HEALTHIX|ECWQCAMC
HEALTHIX,GWMC,0,GWMC,HEALTHIX|GWMC
BRONX,LA_CASA_DE_SALUD,0,LA CASA DE SALUD,BRONX|LA CASA DE SALUD
HEALTHIX,ECWPROR,0,ECWPROR,HEALTHIX|ECWPROR
GRRHIO,DDMD2,0,DDMD2,GRRHIO|DDMD2
HEALTHIX,ECWTCPC,0,ECWTCPC,HEALTHIX|ECWTCPC
HIXNY,WMCAPSENTHADOC,0,WMCAPSENTHADOC,HIXNY|WMCAPSENTHADOC
HIXNY,DELBETHEMS,0,DELBETHEMS,HIXNY|DELBETHEMS
HEALTHIX,CHOWD,0,CHOWD,HEALTHIX|CHOWD
TXD,CASEY,0,CASEY,TXD|CASEY
HIXNY,HECCRH,0,HECCRH,HIXNY|HECCRH
GRRHIO,UR0894,0,UR0894,GRRHIO|UR0894
HEALTHIX,ECWFPMPC,0,ECWFPMPC,HEALTHIX|ECWFPMPC
HIXNY,STPLCFCDOC,0,STPLCFCDOC,HIXNY|STPLCFCDOC
HECDCS,SKY-VIEW-REHAB,0,SKY-VIEW-REHAB,HECDCS|SKY-VIEW-REHAB
GRRHIO,RR532,0,RR532,GRRHIO|RR532
GRRHIO,RRH238,0,RRH238,GRRHIO|RRH238
HIXNY,SPCCTINFUSI,0,SPCCTINFUSI,HIXNY|SPCCTINFUSI
HEALTHIX,ROKCPC,0,ROKCPC,HEALTHIX|ROKCPC
HEALTHIX,SCREN,0,SCREN,HEALTHIX|SCREN
BRONX,OSBORNE_ASSOCIATION,0,OSBORNE ASSOCIATION,BRONX|OSBORNE ASSOCIATION
GRRHIO,UR0199,0,UR0199,GRRHIO|UR0199
HEALTHIX,EAMDPC,0,EAMDPC,HEALTHIX|EAMDPC
BRONX,MOSAIC,0,MOSAIC,BRONX|MOSAIC
TXD,NCDMH2PART2,0,NCDMH2PART2,TXD|NCDMH2PART2
HEALTHIX,SKAMD,0,SKAMD,HEALTHIX|SKAMD
HIXNY,CMHRHEUM,0,CMHRHEUM,HIXNY|CMHRHEUM
HIXNY,1053303826,0,1053303826,HIXNY|1053303826
HEALTHIX,ABCI,0,ABCI,HEALTHIX|ABCI
GRRHIO,AMG.DUPLICATE,0,AMG,GRRHIO|AMG
HEALTHIX,GUGA,0,GUGA,HEALTHIX|GUGA
HIXNY,CITADV,0,CITADV,HIXNY|CITADV
GRRHIO,RR604,0,RR604,GRRHIO|RR604
HEALTHIX,CCHP,0,CCHP,HEALTHIX|CCHP
HIXNY,HECSJMP,0,HECSJMP,HIXNY|HECSJMP
GRRHIO,RR669,0,RR669,GRRHIO|RR669
HEALTHIX,SNM,0,SNM,HEALTHIX|SNM
TXD,NFMOBG,0,NFMOBG,TXD|NFMOBG
HIXNY,AMHSAENDPE,0,AMHSAENDPE,HIXNY|AMHSAENDPE
HEALTHIX,ECWAPPC,0,ECWAPPC,HEALTHIX|ECWAPPC
BRONX,BREAKING_GROUND,0,BREAKING GROUND,BRONX|BREAKING GROUND
GRRHIO,UR1571,0,UR1571,GRRHIO|UR1571
HECDCS,TRI-CARE,0,TRI-CARE,HECDCS|TRI-CARE
HIXNY,SPDCHDENTALDOC,0,SPDCHDENTALDOC,HIXNY|SPDCHDENTALDOC
TXD,PPLCHH,0,PPLCHH,TXD|PPLCHH
HIXNY,WATEREMS,0,WATEREMS,HIXNY|WATEREMS
HEALTHIX,SMEDC,0,SMEDC,HEALTHIX|SMEDC
HEALTHIX,TBMS,0,TBMS,HEALTHIX|TBMS
HEALTHIX,MPRHC,0,MPRHC,HEALTHIX|MPRHC
HIXNY,SPMEAPEDS,0,SPMEAPEDS,HIXNY|SPMEAPEDS
GRRHIO,UR2305,0,UR2305,GRRHIO|UR2305
GRRHIO,UR1811,0,UR1811,GRRHIO|UR1811
BRONX,VNSNY.DUPLICATE,0,VNSNY,BRONX|VNSNY
HEALTHIX,OMHSBC,0,OMHSBC,HEALTHIX|OMHSBC
BRONX,SINCERE_MEDICAL_CARE,0,SINCERE MEDICAL CARE,BRONX|SINCERE MEDICAL CARE
TXD,STPED,0,STPED,TXD|STPED
HECDCS,WEST-HLTH-OUT,0,WEST-HLTH-OUT,HECDCS|WEST-HLTH-OUT
HIXNY,1679691745,0,1679691745,HIXNY|1679691745
HEALTHIX,WEMA,0,WEMA,HEALTHIX|WEMA
HEALTHIX,HPPC,0,HPPC,HEALTHIX|HPPC
HEALTHIX,BMEDPC,0,BMEDPC,HEALTHIX|BMEDPC
BRONX,SLB_MEDICAL_ASSOC,0,SLB MEDICAL ASSOC,BRONX|SLB MEDICAL ASSOC
HEALTHIX,BKMC,0,BKMC,HEALTHIX|BKMC
HIXNY,SRPL,0,SRPL,HIXNY|SRPL
HEALTHIX,COMPED,0,COMPED,HEALTHIX|COMPED
HEALTHIX,INDECARESYS,0,INDECARESYS,HEALTHIX|INDECARESYS
HIXNY,STPLMASSRY,0,STPLMASSRY,HIXNY|STPLMASSRY
HIXNY,EVNRAHCT,0,EVNRAHCT,HIXNY|EVNRAHCT
HIXNY,SPACPEWCCAR,0,SPACPEWCCAR,HIXNY|SPACPEWCCAR
HIXNY,SRPLDOC,0,SRPLDOC,HIXNY|SRPLDOC
GRRHIO,UR0542,0,UR0542,GRRHIO|UR0542
GRRHIO,UR0833,0,UR0833,GRRHIO|UR0833
TXD,KALOS,0,KALOS,TXD|KALOS
GRRHIO,UR1945,0,UR1945,GRRHIO|UR1945
HEALTHIX,GNYCG,0,GNYCG,HEALTHIX|GNYCG
GRRHIO,UR1802,0,UR1802,GRRHIO|UR1802
BRONX,ANIL_GUPTA,0,ANIL GUPTA,BRONX|ANIL GUPTA
GRRHIO,RRH485,0,RRH485,GRRHIO|RRH485
HEALTHIX,AZEHCF,0,AZEHCF,HEALTHIX|AZEHCF
BRONX,OSCAR_FUKILMAN,0,OSCAR FUKILMAN,BRONX|OSCAR FUKILMAN
BRONX,RAJESH_PATEL,0,RAJESH PATEL,BRONX|RAJESH PATEL
HIXNY,249,0,249,HIXNY|249
GRRHIO,UR0048,0,UR0048,GRRHIO|UR0048
BRONX,NORTHPOINT_MEDICAL_ASSOCIATES,0,NORTHPOINT MEDICAL ASSOCIATES,BRONX|NORTHPOINT MEDICAL ASSOCIATES
GRRHIO,RR245,0,RR245,GRRHIO|RR245
GRRHIO,RR586,0,RR586,GRRHIO|RR586
HIXNY,HECEAA,0,HECEAA,HIXNY|HECEAA
GRRHIO,RR292,0,RR292,GRRHIO|RR292
HIXNY,STMSBLABDS,0,STMSBLABDS,HIXNY|STMSBLABDS
GRRHIO,UR1770,0,UR1770,GRRHIO|UR1770
GRRHIO,RR367,0,RR367,GRRHIO|RR367
HEALTHIX,TCC,0,TCC,HEALTHIX|TCC
GRRHIO,RRH203,0,RRH203,GRRHIO|RRH203
BRONX,ADVANCED_HEMATOLOGY_ONCOLOGY,0,ADVANCED HEMATOLOGY ONCOLOGY,BRONX|ADVANCED HEMATOLOGY ONCOLOGY
GRRHIO,UR0027,0,UR0027,GRRHIO|UR0027
HECDCS,JEFFERSON-PH,0,JEFFERSON-PH,HECDCS|JEFFERSON-PH
HEALTHIX,FTCHC,0,FTCHC,HEALTHIX|FTCHC
GRRHIO,UR0495,0,UR0495,GRRHIO|UR0495
GRRHIO,UR2407,0,UR2407,GRRHIO|UR2407
HIXNY,CMHCARD,0,CMHCARD,HIXNY|CMHCARD
HECDCS,HAMILTON-ORTHO,0,HAMILTON-ORTHO,HECDCS|HAMILTON-ORTHO
HEALTHIX,WUXM,0,WUXM,HEALTHIX|WUXM
GRRHIO,RMT,0,RMT,GRRHIO|RMT
GRRHIO,UR0428,0,UR0428,GRRHIO|UR0428
HEALTHIX,SSPH,0,SSPH,HEALTHIX|SSPH
GRRHIO,BMPLLC,0,BMPLLC,GRRHIO|BMPLLC
HECDCS,CHP-SCHUYLER,0,CHP-SCHUYLER,HECDCS|CHP-SCHUYLER
HEALTHIX,GHCI,0,GHCI,HEALTHIX|GHCI
HEALTHIX,HAQMO,0,HAQMO,HEALTHIX|HAQMO
HEALTHIX,APMPC,0,APMPC,HEALTHIX|APMPC
HIXNY,KENSPEDSXR,0,KENSPEDSXR,HIXNY|KENSPEDSXR
GRRHIO,UR2300,0,UR2300,GRRHIO|UR2300
HIXNY,WMCHAHBC19V,0,WMCHAHBC19V,HIXNY|WMCHAHBC19V
TXD,CMP,0,CMP,TXD|CMP
HEALTHIX,ECWJKMD,0,ECWJKMD,HEALTHIX|ECWJKMD
GRRHIO,RRH833,0,RRH833,GRRHIO|RRH833
GRRHIO,UR2118,0,UR2118,GRRHIO|UR2118
BRONX,FW_COMPREHENSIVE_MEDICAL_CARE,0,FW COMPREHENSIVE MEDICAL CARE,BRONX|FW COMPREHENSIVE MEDICAL CARE
HEALTHIX,FHOUSE,0,FHOUSE,HEALTHIX|FHOUSE
GRRHIO,UMI4,0,UMI4,GRRHIO|UMI4
GRRHIO,UR0792,0,UR0792,GRRHIO|UR0792
HECDCS,BHUPINDER-SINGH,0,BHUPINDER-SINGH,HECDCS|BHUPINDER-SINGH
HIXNY,SHNEPH,0,SHNEPH,HIXNY|SHNEPH
GRRHIO,PEPEDS,0,PEPEDS,GRRHIO|PEPEDS
GRRHIO,RR359,0,RR359,GRRHIO|RR359
GRRHIO,UR0365,0,UR0365,GRRHIO|UR0365
GRRHIO,UR1034,0,UR1034,GRRHIO|UR1034
GRRHIO,UR1663,0,UR1663,GRRHIO|UR1663
HIXNY,WMCAPSHOHA,0,WMCAPSHOHA,HIXNY|WMCAPSHOHA
GRRHIO,UR0359,0,UR0359,GRRHIO|UR0359
HIXNY,AMGPCCNEU,0,AMGPCCNEU,HIXNY|AMGPCCNEU
GRRHIO,UR0899,0,UR0899,GRRHIO|UR0899
GRRHIO,UR0396,0,UR0396,GRRHIO|UR0396
HIXNY,SPALPULM,0,SPALPULM,HIXNY|SPALPULM
TXD,TMO,0,TMO,TXD|TMO
GRRHIO,RRH230,0,RRH230,GRRHIO|RRH230
GRRHIO,UR1772,0,UR1772,GRRHIO|UR1772
HIXNY,OMHCDPC24,0,OMHCDPC24,HIXNY|OMHCDPC24
GRRHIO,UR1791,0,UR1791,GRRHIO|UR1791
HEALTHIX,CORTH,0,CORTH,HEALTHIX|CORTH
HIXNY,GFHWELL,0,GFHWELL,HIXNY|GFHWELL
BRONX,ENGAGEWELL,0,ENGAGEWELL,BRONX|ENGAGEWELL
HEALTHIX,ECWGMS,0,ECWGMS,HEALTHIX|ECWGMS
HEALTHIX,ECWUWSMA,0,ECWUWSMA,HEALTHIX|ECWUWSMA
HECDCS,ERROL-MCKENZIE,0,ERROL-MCKENZIE,HECDCS|ERROL-MCKENZIE
HEALTHIX,ECWMHFHC,0,ECWMHFHC,HEALTHIX|ECWMHFHC
HECDCS,ACHIEVE-REHAB,0,ACHIEVE-REHAB,HECDCS|ACHIEVE-REHAB
GRRHIO,RRH188,0,RRH188,GRRHIO|RRH188
HECDCS,MV-WOM,0,MV-WOM,HECDCS|MV-WOM
HEALTHIX,CAREFIRST,0,CAREFIRST,HEALTHIX|CAREFIRST
HEALTHIX,GLMPC,0,GLMPC,HEALTHIX|GLMPC
BRONX,HEIGHTS_PHYSICIANS_GROUP_MANHATTAN,0,HEIGHTS PHYSICIANS GROUP MANHATTAN,BRONX|HEIGHTS PHYSICIANS GROUP MANHATTAN
BRONX,STAGES_PEDIATRICS,0,STAGES PEDIATRICS,BRONX|STAGES PEDIATRICS
GRRHIO,RR528,0,RR528,GRRHIO|RR528
GRRHIO,UR1612,0,UR1612,GRRHIO|UR1612
TXD,SASI2PART2,0,SASI2PART2,TXD|SASI2PART2
HECDCS,N-CTRY-ADULT,0,N-CTRY-ADULT,HECDCS|N-CTRY-ADULT
GRRHIO,UR1740,0,UR1740,GRRHIO|UR1740
GRRHIO,EKK2,0,EKK2,GRRHIO|EKK2
HIXNY,WMCAPSENDHA,0,WMCAPSENDHA,HIXNY|WMCAPSENDHA
GRRHIO,UR0249,0,UR0249,GRRHIO|UR0249
HIXNY,AMPPCCWH,0,AMPPCCWH,HIXNY|AMPPCCWH
TXD,BUFPC,0,BUFPC,TXD|BUFPC
HEALTHIX,JPMDP,0,JPMDP,HEALTHIX|JPMDP
HEALTHIX,BMHHC,0,BMHHC,HEALTHIX|BMHHC
HEALTHIX,HAMPEDS,0,HAMPEDS,HEALTHIX|HAMPEDS
GRRHIO,UR0194,0,UR0194,GRRHIO|UR0194
TXD,ALFGS,0,ALFGS,TXD|ALFGS
BRONX,WADSWORTH_MEDICAL_GROUP,0,WADSWORTH MEDICAL GROUP,BRONX|WADSWORTH MEDICAL GROUP
GRRHIO,UR0990,0,UR0990,GRRHIO|UR0990
HEALTHIX,GPPC,0,GPPC,HEALTHIX|GPPC
HEALTHIX,UMMH,0,UMMH,HEALTHIX|UMMH
BRONX,JIANSHENG_ZHAO,0,JIANSHENG ZHAO,BRONX|JIANSHENG ZHAO
HIXNY,WMCAPSPMHA,0,WMCAPSPMHA,HIXNY|WMCAPSPMHA
HEALTHIX,NSNH,0,NSNH,HEALTHIX|NSNH
HEALTHIX,AAMED,0,AAMED,HEALTHIX|AAMED
GRRHIO,RR622,0,RR622,GRRHIO|RR622
HECDCS,HV-PRIMARY-CARE,0,HV-PRIMARY-CARE,HECDCS|HV-PRIMARY-CARE
HEALTHIX,NAMD,0,NAMD,HEALTHIX|NAMD
TXD,IVYLEA,0,IVYLEA,TXD|IVYLEA
GRRHIO,RR655,0,RR655,GRRHIO|RR655
HECDCS,MIDHUD-FOR-PSYCH,0,MIDHUD-FOR-PSYCH,HECDCS|MIDHUD-FOR-PSYCH
HIXNY,32763,0,32763,HIXNY|32763
TXD,NFMLPC,0,NFMLPC,TXD|NFMLPC
HEALTHIX,WGJMD,0,WGJMD,HEALTHIX|WGJMD
GRRHIO,UR0682,0,UR0682,GRRHIO|UR0682
GRRHIO,RRH162,0,RRH162,GRRHIO|RRH162
GRRHIO,UR0380,0,UR0380,GRRHIO|UR0380
TXD,ELDSWH,0,ELDSWH,TXD|ELDSWH
GRRHIO,RRH372,0,RRH372,GRRHIO|RRH372
HEALTHIX,AHALL,0,AHALL,HEALTHIX|AHALL
GRRHIO,UR1565,0,UR1565,GRRHIO|UR1565
HIXNY,SPHPUIDA,0,SPHPUIDA,HIXNY|SPHPUIDA
GRRHIO,KFP2,0,KFP2,GRRHIO|KFP2
HEALTHIX,GAMD,0,GAMD,HEALTHIX|GAMD
HIXNY,WMCOPDMEDY,0,WMCOPDMEDY,HIXNY|WMCOPDMEDY
HEALTHIX,RICRSH,0,RICRSH,HEALTHIX|RICRSH
HEALTHIX,EBSI,0,EBSI,HEALTHIX|EBSI
HECDCS,BROADWAY-MED,0,BROADWAY-MED,HECDCS|BROADWAY-MED
HEALTHIX,PCRC,0,PCRC,HEALTHIX|PCRC
HIXNY,HECCNYFC,0,HECCNYFC,HIXNY|HECCNYFC
HEALTHIX,CFH,0,CFH,HEALTHIX|CFH
GRRHIO,UR0517,0,UR0517,GRRHIO|UR0517
GRRHIO,UR1655,0,UR1655,GRRHIO|UR1655
HIXNY,SPINMMEDDOC,0,SPINMMEDDOC,HIXNY|SPINMMEDDOC
HEALTHIX,CFMDPC1,0,CFMDPC1,HEALTHIX|CFMDPC1
HEALTHIX,ECWEAMO,0,ECWEAMO,HEALTHIX|ECWEAMO
BRONX,SERVICES_FOR_THE_UNDERSERVED,0,SERVICES FOR THE UNDERSERVED,BRONX|SERVICES FOR THE UNDERSERVED
HEALTHIX,QPEDSS,0,QPEDSS,HEALTHIX|QPEDSS
GRRHIO,UR1993,0,UR1993,GRRHIO|UR1993
GRRHIO,UR2144,0,UR2144,GRRHIO|UR2144
HEALTHIX,JEGMD,0,JEGMD,HEALTHIX|JEGMD
BRONX,RAFAEL_A_GUILLEN,0,RAFAEL A GUILLEN,BRONX|RAFAEL A GUILLEN
TXD,HRMCC2PART2,0,HRMCC2PART2,TXD|HRMCC2PART2
BRONX,HEALTHY_CHILDREN_PEDIATRIC_MEDICINE,0,HEALTHY CHILDREN PEDIATRIC MEDICINE,BRONX|HEALTHY CHILDREN PEDIATRIC MEDICINE
HIXNY,HECTVFP,0,HECTVFP,HIXNY|HECTVFP
HEALTHIX,BRIM,0,BRIM,HEALTHIX|BRIM
BRONX,COUNSELING_SERVICES_OF_EDNY,0,COUNSELING SERVICES OF EDNY,BRONX|COUNSELING SERVICES OF EDNY
HIXNY,GRANDBARN,0,GRANDBARN,HIXNY|GRANDBARN
GRRHIO,RRH670,0,RRH670,GRRHIO|RRH670
HEALTHIX,ALAAELDIN,0,ALAAELDIN,HEALTHIX|ALAAELDIN
HECDCS,SJH-CARDIOLOGY,0,SJH-CARDIOLOGY,HECDCS|SJH-CARDIOLOGY
GRRHIO,RRH179,0,RRH179,GRRHIO|RRH179
HIXNY,AMGPCCSUR,0,AMGPCCSUR,HIXNY|AMGPCCSUR
HIXNY,AMHSARHEU,0,AMHSARHEU,HIXNY|AMHSARHEU
HIXNY,ACCA,0,ACCA,HIXNY|ACCA
HEALTHIX,DPRH,0,DPRH,HEALTHIX|DPRH
HEALTHIX,LMPNRC,0,LMPNRC,HEALTHIX|LMPNRC
HIXNY,OMHMVPC45,0,OMHMVPC45,HIXNY|OMHMVPC45
HECDCS,HAHV-KINGSTON-2,0,HAHV-KINGSTON-2,HECDCS|HAHV-KINGSTON-2
HECDCS,VA-HV,0,VA-HV,HECDCS|VA-HV
GRRHIO,UR0717,0,UR0717,GRRHIO|UR0717
GRRHIO,DELPR,0,DELPR,GRRHIO|DELPR
BRONX,DOCTOR_DIEGO,0,DOCTOR DIEGO,BRONX|DOCTOR DIEGO
HIXNY,SPLPCPRIMEDOC,0,SPLPCPRIMEDOC,HIXNY|SPLPCPRIMEDOC
HIXNY,WMCAPSVASNW,0,WMCAPSVASNW,HIXNY|WMCAPSVASNW
HEALTHIX,RENH,0,RENH,HEALTHIX|RENH
GRRHIO,UR2151,0,UR2151,GRRHIO|UR2151
TXD,ELDSAM,0,ELDSAM,TXD|ELDSAM
GRRHIO,UR1190,0,UR1190,GRRHIO|UR1190
HIXNY,EGBREHABDOC,0,EGBREHABDOC,HIXNY|EGBREHABDOC
HEALTHIX,OFCL,0,OFCL,HEALTHIX|OFCL
BRONX,HOWARD_J_HOCHSTER,0,HOWARD J HOCHSTER,BRONX|HOWARD J HOCHSTER
BRONX,LUIS_C_NINA_ORTEGA,0,LUIS C NINA ORTEGA,BRONX|LUIS C NINA ORTEGA
GRRHIO,UR1615,0,UR1615,GRRHIO|UR1615
GRRHIO,UR0442,0,UR0442,GRRHIO|UR0442
HECDCS,PINES-UTICA,0,PINES-UTICA,HECDCS|PINES-UTICA
HEALTHIX,ROXU,0,ROXU,HEALTHIX|ROXU
HEALTHIX,ISLHLTH,0,ISLHLTH,HEALTHIX|ISLHLTH
HEALTHIX,ECWICAP,0,ECWICAP,HEALTHIX|ECWICAP
HEALTHIX,JLTE,0,JLTE,HEALTHIX|JLTE
GRRHIO,UR1569,0,UR1569,GRRHIO|UR1569
HIXNY,TADCI,0,TADCI,HIXNY|TADCI
GRRHIO,RR485,0,RR485,GRRHIO|RR485
HECDCS,ST-LAW-PSYCH,0,ST-LAW-PSYCH,HECDCS|ST-LAW-PSYCH
HIXNY,6293,0,6293,HIXNY|6293
BRONX,THROGS_NECK_MEDICAL_SERVICES,0,THROGS NECK MEDICAL SERVICES,BRONX|THROGS NECK MEDICAL SERVICES
BRONX,SUPREME_MEDICAL_CARE_OLD,0,SUPREME MEDICAL CARE OLD,BRONX|SUPREME MEDICAL CARE OLD
GRRHIO,RRH260,0,RRH260,GRRHIO|RRH260
GRRHIO,PCS2,0,PCS2,GRRHIO|PCS2
HEALTHIX,SSMP,0,SSMP,HEALTHIX|SSMP
GRRHIO,UR1833,0,UR1833,GRRHIO|UR1833
TXD,NDYFS,0,NDYFS,TXD|NDYFS
GRRHIO,UR2342,0,UR2342,GRRHIO|UR2342
HECDCS,UCP-ASSOC-NORTH,0,UCP-ASSOC-NORTH,HECDCS|UCP-ASSOC-NORTH
HIXNY,AMHSANEPPEHL7,0,AMHSANEPPEHL7,HIXNY|AMHSANEPPEHL7
HEALTHIX,FVAC,0,FVAC,HEALTHIX|FVAC
GRRHIO,BPIM,0,BPIM,GRRHIO|BPIM
HECDCS,MORNINGSTAR-RES,0,MORNINGSTAR-RES,HECDCS|MORNINGSTAR-RES
BRONX,INWOOD_COMMUNITY_SERVICES,0,INWOOD COMMUNITY SERVICES,BRONX|INWOOD COMMUNITY SERVICES
HIXNY,BURDETTBIRTHDOC,0,BURDETTBIRTHDOC,HIXNY|BURDETTBIRTHDOC
BRONX,ANNA_PAWLIK,0,ANNA PAWLIK,BRONX|ANNA PAWLIK
HEALTHIX,SHCS,0,SHCS,HEALTHIX|SHCS
HIXNY,WMCAPSIDHAW,0,WMCAPSIDHAW,HIXNY|WMCAPSIDHAW
HIXNY,RAVENAEMS,0,RAVENAEMS,HIXNY|RAVENAEMS
HECDCS,NEPHROLOGY-PLLC,0,NEPHROLOGY-PLLC,HECDCS|NEPHROLOGY-PLLC
GRRHIO,UR1580,0,UR1580,GRRHIO|UR1580
HEALTHIX,HUMANAPI,0,HUMANAPI,HEALTHIX|HUMANAPI
HIXNY,HECOMP,0,HECOMP,HIXNY|HECOMP
HEALTHIX,VIEYTEZ,0,VIEYTEZ,HEALTHIX|VIEYTEZ
HIXNY,SPMOBBARIATDOC,0,SPMOBBARIATDOC,HIXNY|SPMOBBARIATDOC
GRRHIO,RR131,0,RR131,GRRHIO|RR131
GRRHIO,RR772,0,RR772,GRRHIO|RR772
HECDCS,PP-HUDSON-PEC,0,PP-HUDSON-PEC,HECDCS|PP-HUDSON-PEC
HIXNY,WMCOPDHROBDOC,0,WMCOPDHROBDOC,HIXNY|WMCOPDHROBDOC
GRRHIO,UR2074,0,UR2074,GRRHIO|UR2074
GRRHIO,UR2309,0,UR2309,GRRHIO|UR2309
HEALTHIX,HEMC,0,HEMC,HEALTHIX|HEMC
HEALTHIX,CYUNHEE,0,CYUNHEE,HEALTHIX|CYUNHEE
HIXNY,HECHLR,0,HECHLR,HIXNY|HECHLR
TXD,BWCHOM,0,BWCHOM,TXD|BWCHOM
HEALTHIX,OMHSCPC,0,OMHSCPC,HEALTHIX|OMHSCPC
HEALTHIX,JANICEPC,0,JANICEPC,HEALTHIX|JANICEPC
HEALTHIX,AHCA,0,AHCA,HEALTHIX|AHCA
HEALTHIX,ECWACDTC,0,ECWACDTC,HEALTHIX|ECWACDTC
GRRHIO,RR644,0,RR644,GRRHIO|RR644
HIXNY,GFHGS,0,GFHGS,HIXNY|GFHGS
HIXNY,WMCAPSHOKIDOC,0,WMCAPSHOKIDOC,HIXNY|WMCAPSHOKIDOC
HEALTHIX,NCSNF,0,NCSNF,HEALTHIX|NCSNF
HIXNY,WMCAPSORTSTDOC,0,WMCAPSORTSTDOC,HIXNY|WMCAPSORTSTDOC
HECDCS,MB-PEDS,0,MB-PEDS,HECDCS|MB-PEDS
HIXNY,1144315367,0,1144315367,HIXNY|1144315367
BRONX,CATHERINE_ALIKOR_MPI_PHYSICIAN,0,CATHERINE ALIKOR MPI PHYSICIAN,BRONX|CATHERINE ALIKOR MPI PHYSICIAN
GRRHIO,UR0090,0,UR0090,GRRHIO|UR0090
GRRHIO,RR319,0,RR319,GRRHIO|RR319
HEALTHIX,SSCF,0,SSCF,HEALTHIX|SSCF
HECDCS,LUTHERAN-CTR,0,LUTHERAN-CTR,HECDCS|LUTHERAN-CTR
HEALTHIX,YXMP,0,YXMP,HEALTHIX|YXMP
HIXNY,SPCCTINFUSIDOC,0,SPCCTINFUSIDOC,HIXNY|SPCCTINFUSIDOC
GRRHIO,UR1761,0,UR1761,GRRHIO|UR1761
GRRHIO,UR0853,0,UR0853,GRRHIO|UR0853
GRRHIO,RR503,0,RR503,GRRHIO|RR503
HIXNY,MALONEEMS,0,MALONEEMS,HIXNY|MALONEEMS
HIXNY,CAIDD,0,CAIDD,HIXNY|CAIDD
GRRHIO,LPED,0,LPED,GRRHIO|LPED
GRRHIO,RR349,0,RR349,GRRHIO|RR349
HEALTHIX,NYRCM,0,NYRCM,HEALTHIX|NYRCM
HECDCS,CROUSE-COMM-CTR,0,CROUSE-COMM-CTR,HECDCS|CROUSE-COMM-CTR
HIXNY,CPMCPOD,0,CPMCPOD,HIXNY|CPMCPOD
HIXNY,325878ALERT,0,325878ALERT,HIXNY|325878ALERT
GRRHIO,CMLRC,0,CMLRC,GRRHIO|CMLRC
BRONX,JOSEPH_S_HAIMI,0,JOSEPH S HAIMI,BRONX|JOSEPH S HAIMI
HIXNY,WMCOPDRHEUM,0,WMCOPDRHEUM,HIXNY|WMCOPDRHEUM
GRRHIO,STEUC.DUPLICATE,0,STEUC,GRRHIO|STEUC
HEALTHIX,IMPED,0,IMPED,HEALTHIX|IMPED
HEALTHIX,LXMM,0,LXMM,HEALTHIX|LXMM
HEALTHIX,SYJA,0,SYJA,HEALTHIX|SYJA
BRONX,XIAO_QIN_SARAH_YIN_MEDICAL,0,XIAO QIN SARAH YIN MEDICAL,BRONX|XIAO QIN SARAH YIN MEDICAL
HEALTHIX,ECWDWTW,0,ECWDWTW,HEALTHIX|ECWDWTW
GRRHIO,LCMHCS,0,LCMHCS,GRRHIO|LCMHCS
HEALTHIX,WOMBA,0,WOMBA,HEALTHIX|WOMBA
GRRHIO,RRH427,0,RRH427,GRRHIO|RRH427
BRONX,LONG_ISLAND_CONSULTATION_CENTER,0,LONG ISLAND CONSULTATION CENTER,BRONX|LONG ISLAND CONSULTATION CENTER
BRONX,JOSE_D_ARISTY,0,JOSE D ARISTY,BRONX|JOSE D ARISTY
HEALTHIX,MARIAREGINA,0,MARIAREGINA,HEALTHIX|MARIAREGINA
GRRHIO,RRH730,0,RRH730,GRRHIO|RRH730
HEALTHIX,SRPC,0,SRPC,HEALTHIX|SRPC
GRRHIO,UR0836,0,UR0836,GRRHIO|UR0836
HEALTHIX,MDRHMS,0,MDRHMS,HEALTHIX|MDRHMS
HIXNY,PINESUTICA,0,PINESUTICA,HIXNY|PINESUTICA
HIXNY,WMCOPDNEURO,0,WMCOPDNEURO,HIXNY|WMCOPDNEURO
HECDCS,DKTPHYSICIAN,0,DKTPHYSICIAN,HECDCS|DKTPHYSICIAN
HIXNY,SPALEEG,0,SPALEEG,HIXNY|SPALEEG
HIXNY,AMHSARHEPEHL7,0,AMHSARHEPEHL7,HIXNY|AMHSARHEPEHL7
GRRHIO,EMSCANAS,0,EMSCANAS,GRRHIO|EMSCANAS
HIXNY,CAHAPC,0,CAHAPC,HIXNY|CAHAPC
TXD,UNI,0,UNI,TXD|UNI
GRRHIO,RR230,0,RR230,GRRHIO|RR230
HECDCS,VA-MED,0,VA-MED,HECDCS|VA-MED
HEALTHIX,SNRCPPC,0,SNRCPPC,HEALTHIX|SNRCPPC
GRRHIO,UR0975,0,UR0975,GRRHIO|UR0975
HEALTHIX,OARN,0,OARN,HEALTHIX|OARN
HIXNY,AMALPELVDOC,0,AMALPELVDOC,HIXNY|AMALPELVDOC
GRRHIO,UR1176,0,UR1176,GRRHIO|UR1176
GRRHIO,RRH235,0,RRH235,GRRHIO|RRH235
HIXNY,AMALEDDOC,0,AMALEDDOC,HIXNY|AMALEDDOC
GRRHIO,RRH414,0,RRH414,GRRHIO|RRH414
HECDCS,UNITED-HOME-AGED,0,UNITED-HOME-AGED,HECDCS|UNITED-HOME-AGED
HIXNY,STPLIMAGEDOC,0,STPLIMAGEDOC,HIXNY|STPLIMAGEDOC
HEALTHIX,LBMD,0,LBMD,HEALTHIX|LBMD
HEALTHIX,SHININDHEAL,0,SHININDHEAL,HEALTHIX|SHININDHEAL
HIXNY,FLLHALERT,0,FLLHALERT,HIXNY|FLLHALERT
HEALTHIX,ECWMAFR,0,ECWMAFR,HEALTHIX|ECWMAFR
HECDCS,BRIDGEWATER-CTR,0,BRIDGEWATER-CTR,HECDCS|BRIDGEWATER-CTR
BRONX,BOOM!HEALTH,0,BOOM!HEALTH,BRONX|BOOM!HEALTH
GRRHIO,RR687,0,RR687,GRRHIO|RR687
GRRHIO,UR1815,0,UR1815,GRRHIO|UR1815
HEALTHIX,QMPS,0,QMPS,HEALTHIX|QMPS
TXD,NFMWOH,0,NFMWOH,TXD|NFMWOH
GRRHIO,RR487,0,RR487,GRRHIO|RR487
GRRHIO,RR381,0,RR381,GRRHIO|RR381
HIXNY,SPVPLORTHLH,0,SPVPLORTHLH,HIXNY|SPVPLORTHLH
GRRHIO,FLI,0,FLI,GRRHIO|FLI
TXD,OSHKID,0,OSHKID,TXD|OSHKID
HIXNY,AMHSATRA,0,AMHSATRA,HIXNY|AMHSATRA
HIXNY,SMHH,0,SMHH,HIXNY|SMHH
GRRHIO,UR1720,0,UR1720,GRRHIO|UR1720
TXD,WLSPUL,0,WLSPUL,TXD|WLSPUL
HEALTHIX,PROVH,0,PROVH,HEALTHIX|PROVH
HIXNY,ESCRDPCL,0,ESCRDPCL,HIXNY|ESCRDPCL
HEALTHIX,KEPE,0,KEPE,HEALTHIX|KEPE
GRRHIO,UR0659,0,UR0659,GRRHIO|UR0659
HECDCS,SUSQUEHANNA,0,SUSQUEHANNA,HECDCS|SUSQUEHANNA
TXD,ABSHUM,0,ABSHUM,TXD|ABSHUM
GRRHIO,UR2066,0,UR2066,GRRHIO|UR2066
HEALTHIX,VBRU,0,VBRU,HEALTHIX|VBRU
TXD,JFSBEC,0,JFSBEC,TXD|JFSBEC
GRRHIO,RRH158,0,RRH158,GRRHIO|RRH158
GRRHIO,RR281,0,RR281,GRRHIO|RR281
HIXNY,AMHSDOC,0,AMHSDOC,HIXNY|AMHSDOC
GRRHIO,UR1528,0,UR1528,GRRHIO|UR1528
HIXNY,26491,0,26491,HIXNY|26491
HIXNY,WMCMHRHIPR,0,WMCMHRHIPR,HIXNY|WMCMHRHIPR
GRRHIO,FLHGN,0,FLHGN,GRRHIO|FLHGN
GRRHIO,RR739,0,RR739,GRRHIO|RR739
HIXNY,AHMCENDOCR,0,AHMCENDOCR,HIXNY|AHMCENDOCR
GRRHIO,UR2162,0,UR2162,GRRHIO|UR2162
HEALTHIX,FERNCLIFF,0,FERNCLIFF,HEALTHIX|FERNCLIFF
HIXNY,CPHSURGMH,0,CPHSURGMH,HIXNY|CPHSURGMH
GRRHIO,UR0488,0,UR0488,GRRHIO|UR0488
HECDCS,WHITE-PLAINS-CTR,0,WHITE-PLAINS-CTR,HECDCS|WHITE-PLAINS-CTR
HIXNY,CARING,0,CARING,HIXNY|CARING
GRRHIO,UR1669,0,UR1669,GRRHIO|UR1669
BRONX,HEALTH_DEVELOPMENT_AND_RESTORATIVE_MED,0,HEALTH DEVELOPMENT AND RESTORATIVE MED,BRONX|HEALTH DEVELOPMENT AND RESTORATIVE MED
HIXNY,WMCAPSENTNWDOC,0,WMCAPSENTNWDOC,HIXNY|WMCAPSENTNWDOC
HEALTHIX,ACMD,0,ACMD,HEALTHIX|ACMD
HECDCS,ALCOHOL-DRUG,0,ALCOHOL-DRUG,HECDCS|ALCOHOL-DRUG
GRRHIO,DMA.DUPLICATE,0,DMA,GRRHIO|DMA
HIXNY,SPBABINDDOC,0,SPBABINDDOC,HIXNY|SPBABINDDOC
GRRHIO,UR0250,0,UR0250,GRRHIO|UR0250
HEALTHIX,DOVEPS,0,DOVEPS,HEALTHIX|DOVEPS
HECDCS,HBL-SNF,0,HBL-SNF,HECDCS|HBL-SNF
GRRHIO,UR0393,0,UR0393,GRRHIO|UR0393
HEALTHIX,NCRN,0,NCRN,HEALTHIX|NCRN
HECDCS,CATANIA-CHIRO,0,CATANIA-CHIRO,HECDCS|CATANIA-CHIRO
TXD,CLIFF,0,CLIFF,TXD|CLIFF
HEALTHIX,ECWMMDPC,0,ECWMMDPC,HEALTHIX|ECWMMDPC
GRRHIO,UR2359,0,UR2359,GRRHIO|UR2359
HECDCS,NORTHEAST-REHAB,0,NORTHEAST-REHAB,HECDCS|NORTHEAST-REHAB
GRRHIO,UR1683,0,UR1683,GRRHIO|UR1683
GRRHIO,RR621,0,RR621,GRRHIO|RR621
GRRHIO,HABC,0,HABC,GRRHIO|HABC
GRRHIO,RRH027,0,RRH027,GRRHIO|RRH027
HIXNY,HECWI,0,HECWI,HIXNY|HECWI
GRRHIO,UR2409,0,UR2409,GRRHIO|UR2409
GRRHIO,UR2173,0,UR2173,GRRHIO|UR2173
GRRHIO,UR0381,0,UR0381,GRRHIO|UR0381
HEALTHIX,ELNUNU,0,ELNUNU,HEALTHIX|ELNUNU
GRRHIO,UR0409,0,UR0409,GRRHIO|UR0409
GRRHIO,UR0256,0,UR0256,GRRHIO|UR0256
TXD,ELDABP,0,ELDABP,TXD|ELDABP
GRRHIO,UR1207,0,UR1207,GRRHIO|UR1207
GRRHIO,GRFM,0,GRFM,GRRHIO|GRFM
HECDCS,MED-WALL-ST,0,MED-WALL-ST,HECDCS|MED-WALL-ST
GRRHIO,UR1942,0,UR1942,GRRHIO|UR1942
HEALTHIX,GFMC,0,GFMC,HEALTHIX|GFMC
GRRHIO,RR31,0,RR31,GRRHIO|RR31
HIXNY,WMCAPSIPUKIDOC,0,WMCAPSIPUKIDOC,HIXNY|WMCAPSIPUKIDOC
HIXNY,GRANDMOVALDOC,0,GRANDMOVALDOC,HIXNY|GRANDMOVALDOC
HIXNY,ELDERTIC,0,ELDERTIC,HIXNY|ELDERTIC
HECDCS,CC-LIVINGSTON,0,CC-LIVINGSTON,HECDCS|CC-LIVINGSTON
HEALTHIX,PGRNC,0,PGRNC,HEALTHIX|PGRNC
TXD,SAFNRT,0,SAFNRT,TXD|SAFNRT
HIXNY,ELDERUIHDOC,0,ELDERUIHDOC,HIXNY|ELDERUIHDOC
HECDCS,SAM-MED-SR,0,SAM-MED-SR,HECDCS|SAM-MED-SR
HEALTHIX,SCHUNG,0,SCHUNG,HEALTHIX|SCHUNG
GRRHIO,UR0763,0,UR0763,GRRHIO|UR0763
GRRHIO,UR1413,0,UR1413,GRRHIO|UR1413
GRRHIO,RRH945,0,RRH945,GRRHIO|RRH945
HEALTHIX,ECWAGMDP,0,ECWAGMDP,HEALTHIX|ECWAGMDP
TXD,OLINF,0,OLINF,TXD|OLINF
GRRHIO,RR400,0,RR400,GRRHIO|RR400
HEALTHIX,SHINN,0,SHINN,HEALTHIX|SHINN
HIXNY,SNTRLABSCRDOC,0,SNTRLABSCRDOC,HIXNY|SNTRLABSCRDOC
GRRHIO,UR1760,0,UR1760,GRRHIO|UR1760
HIXNY,HECNCAM,0,HECNCAM,HIXNY|HECNCAM
GRRHIO,UR2142,0,UR2142,GRRHIO|UR2142
GRRHIO,RR671,0,RR671,GRRHIO|RR671
HECDCS,US-RENAL-CARE,0,US-RENAL-CARE,HECDCS|US-RENAL-CARE
BRONX,WUHUA_JING,0,WUHUA JING,BRONX|WUHUA JING
GRRHIO,BMH.DUPLICATE,0,BMH,GRRHIO|BMH
GRRHIO,UR0297,0,UR0297,GRRHIO|UR0297
GRRHIO,UR0298,0,UR0298,GRRHIO|UR0298
GRRHIO,EH,0,EH,GRRHIO|EH
GRRHIO,UR0223,0,UR0223,GRRHIO|UR0223
GRRHIO,UR1813,0,UR1813,GRRHIO|UR1813
GRRHIO,UR0872,0,UR0872,GRRHIO|UR0872
HIXNY,HECWUC,0,HECWUC,HIXNY|HECWUC
HEALTHIX,TOCP,0,TOCP,HEALTHIX|TOCP
GRRHIO,UR0043,0,UR0043,GRRHIO|UR0043
HEALTHIX,NHGPC,0,NHGPC,HEALTHIX|NHGPC
GRRHIO,RRH343,0,RRH343,GRRHIO|RRH343
HIXNY,WMCOPDORTHADOC,0,WMCOPDORTHADOC,HIXNY|WMCOPDORTHADOC
HECDCS,AWM.DUPLICATE1,0,AWM,HECDCS|AWM
HEALTHIX,ECWHSHUKLA,0,ECWHSHUKLA,HEALTHIX|ECWHSHUKLA
GRRHIO,UR0318,0,UR0318,GRRHIO|UR0318
GRRHIO,UR2027,0,UR2027,GRRHIO|UR2027
HECDCS,EVERGREEN,0,EVERGREEN,HECDCS|EVERGREEN
GRRHIO,FLCPHH,0,FLCPHH,GRRHIO|FLCPHH
GRRHIO,RRH065,0,RRH065,GRRHIO|RRH065
GRRHIO,UR1686,0,UR1686,GRRHIO|UR1686
HEALTHIX,AWALFI,0,AWALFI,HEALTHIX|AWALFI
HIXNY,HECSMP,0,HECSMP,HIXNY|HECSMP
GRRHIO,UR0742,0,UR0742,GRRHIO|UR0742
HECDCS,RM-UTICA,0,RM-UTICA,HECDCS|RM-UTICA
HEALTHIX,DCI.DUPLICATE1,0,DCI,HEALTHIX|DCI
GRRHIO,RR765,0,RR765,GRRHIO|RR765
HECDCS,JM-MURRAY,0,JM-MURRAY,HECDCS|JM-MURRAY
GRRHIO,SBMD.DUPLICATE,0,SBMD,GRRHIO|SBMD
HIXNY,HECPAW,0,HECPAW,HIXNY|HECPAW
GRRHIO,UR0886,0,UR0886,GRRHIO|UR0886
HIXNY,SPHPMEXTFLM,0,SPHPMEXTFLM,HIXNY|SPHPMEXTFLM
GRRHIO,UR1786,0,UR1786,GRRHIO|UR1786
HIXNY,SPWRBALSDOC,0,SPWRBALSDOC,HIXNY|SPWRBALSDOC
GRRHIO,HABD,0,HABD,GRRHIO|HABD
GRRHIO,UR0580,0,UR0580,GRRHIO|UR0580
HECDCS,RIVER-RADIOLOGY,0,RIVER-RADIOLOGY,HECDCS|RIVER-RADIOLOGY
GRRHIO,UR2012,0,UR2012,GRRHIO|UR2012
HIXNY,WMCAPSHEOPODOC,0,WMCAPSHEOPODOC,HIXNY|WMCAPSHEOPODOC
GRRHIO,UR0864,0,UR0864,GRRHIO|UR0864
HIXNY,AMPCC46WH,0,AMPCC46WH,HIXNY|AMPCC46WH
GRRHIO,RRH888,0,RRH888,GRRHIO|RRH888
GRRHIO,UR1201,0,UR1201,GRRHIO|UR1201
GRRHIO,UR0590,0,UR0590,GRRHIO|UR0590
TXD,MHCOVL,0,MHCOVL,TXD|MHCOVL
HEALTHIX,JPSM,0,JPSM,HEALTHIX|JPSM
HIXNY,HECCMA,0,HECCMA,HIXNY|HECCMA
HECDCS,ULSTER-CO-DH,0,ULSTER-CO-DH,HECDCS|ULSTER-CO-DH
TXD,FIKA,0,FIKA,TXD|FIKA
HIXNY,WMCAPSMFMSUDOC,0,WMCAPSMFMSUDOC,HIXNY|WMCAPSMFMSUDOC
HIXNY,WMCAPSCSLIDOC,0,WMCAPSCSLIDOC,HIXNY|WMCAPSCSLIDOC
HIXNY,HECTFH,0,HECTFH,HIXNY|HECTFH
GRRHIO,MNSO43,0,MNSO43,GRRHIO|MNSO43
HECDCS,INTERFAITH-WORKS,0,INTERFAITH-WORKS,HECDCS|INTERFAITH-WORKS
HIXNY,WMCMHRHACOVDOC,0,WMCMHRHACOVDOC,HIXNY|WMCMHRHACOVDOC
HECDCS,CARING-FAM-NP,0,CARING-FAM-NP,HECDCS|CARING-FAM-NP
GRRHIO,RR698,0,RR698,GRRHIO|RR698
GRRHIO,RRH827,0,RRH827,GRRHIO|RRH827
HEALTHIX,RMMD,0,RMMD,HEALTHIX|RMMD
GRRHIO,UR2430,0,UR2430,GRRHIO|UR2430
GRRHIO,UR2299,0,UR2299,GRRHIO|UR2299
GRRHIO,UR0479,0,UR0479,GRRHIO|UR0479
HIXNY,SNTRBEHAVIDOC,0,SNTRBEHAVIDOC,HIXNY|SNTRBEHAVIDOC
GRRHIO,JFM,0,JFM,GRRHIO|JFM
GRRHIO,UR2383,0,UR2383,GRRHIO|UR2383
TXD,CSMED,0,CSMED,TXD|CSMED
HIXNY,GFHAUDHL7,0,GFHAUDHL7,HIXNY|GFHAUDHL7
HEALTHIX,IMMPC,0,IMMPC,HEALTHIX|IMMPC
HECDCS,SCHYLR-HEAD-STRT,0,SCHYLR-HEAD-STRT,HECDCS|SCHYLR-HEAD-STRT
HIXNY,GMGDKHC,0,GMGDKHC,HIXNY|GMGDKHC
GRRHIO,UR0214,0,UR0214,GRRHIO|UR0214
BRONX,SBH_BPHC_CARE_MGMT,0,SBH BPHC CARE MGMT,BRONX|SBH BPHC CARE MGMT
BRONX,ANITA_I_AHUJA,0,ANITA I AHUJA,BRONX|ANITA I AHUJA
HECDCS,BRENT-S-KNIGHT,0,BRENT-S-KNIGHT,HECDCS|BRENT-S-KNIGHT
GRRHIO,UR2114,0,UR2114,GRRHIO|UR2114
HIXNY,WILDWOODPGRM,0,WILDWOODPGRM,HIXNY|WILDWOODPGRM
GRRHIO,UR1966,0,UR1966,GRRHIO|UR1966
GRRHIO,UR2085,0,UR2085,GRRHIO|UR2085
GRRHIO,UR1583,0,UR1583,GRRHIO|UR1583
HEALTHIX,SAPPFC,0,SAPPFC,HEALTHIX|SAPPFC
HEALTHIX,OMHKPC,0,OMHKPC,HEALTHIX|OMHKPC
HECDCS,LAVESA-CESANA,0,LAVESA-CESANA,HECDCS|LAVESA-CESANA
GRRHIO,RR776,0,RR776,GRRHIO|RR776
GRRHIO,RRH961,0,RRH961,GRRHIO|RRH961
TXD,CATMNF,0,CATMNF,TXD|CATMNF
HIXNY,SHSMHNUTRNDOC,0,SHSMHNUTRNDOC,HIXNY|SHSMHNUTRNDOC
GRRHIO,RR58,0,RR58,GRRHIO|RR58
HIXNY,SNTRMICAIP,0,SNTRMICAIP,HIXNY|SNTRMICAIP
GRRHIO,RR228,0,RR228,GRRHIO|RR228
TXD,LMH,0,LMH,TXD|LMH
HECDCS,INTGRT-RHEUM-CR,0,INTGRT-RHEUM-CR,HECDCS|INTGRT-RHEUM-CR
HIXNY,ELDERTICDOC,0,ELDERTICDOC,HIXNY|ELDERTICDOC
GRRHIO,UR0391,0,UR0391,GRRHIO|UR0391
HEALTHIX,JBJMD,0,JBJMD,HEALTHIX|JBJMD
GRRHIO,UR2102,0,UR2102,GRRHIO|UR2102
HIXNY,RSS,0,RSS,HIXNY|RSS
HIXNY,WMCOPDTHYR,0,WMCOPDTHYR,HIXNY|WMCOPDTHYR
HEALTHIX,RSCHWIM,0,RSCHWIM,HEALTHIX|RSCHWIM
HIXNY,MARSH,0,MARSH,HIXNY|MARSH
HEALTHIX,SMC,0,SMC,HEALTHIX|SMC
HEALTHIX,GOODWILL,0,GOODWILL,HEALTHIX|GOODWILL
GRRHIO,UR0873,0,UR0873,GRRHIO|UR0873
GRRHIO,RR33,0,RR33,GRRHIO|RR33
GRRHIO,RR282,0,RR282,GRRHIO|RR282
GRRHIO,RR674,0,RR674,GRRHIO|RR674
HECDCS,NABIL-AZIZ,0,NABIL-AZIZ,HECDCS|NABIL-AZIZ
TXD,OSHND,0,OSHND,TXD|OSHND
GRRHIO,UR0335,0,UR0335,GRRHIO|UR0335
HECDCS,RETINA-VITREOUS,0,RETINA-VITREOUS,HECDCS|RETINA-VITREOUS
GRRHIO,HNH,0,HNH,GRRHIO|HNH
HIXNY,MLCDOC,0,MLCDOC,HIXNY|MLCDOC
HIXNY,WMCOPDADOLE,0,WMCOPDADOLE,HIXNY|WMCOPDADOLE
GRRHIO,UR1108,0,UR1108,GRRHIO|UR1108
HIXNY,HECAG,0,HECAG,HIXNY|HECAG
HEALTHIX,SNRC,0,SNRC,HEALTHIX|SNRC
HIXNY,PITTSEMS,0,PITTSEMS,HIXNY|PITTSEMS
GRRHIO,MNSO5,0,MNSO5,GRRHIO|MNSO5
TXD,CHHYES,0,CHHYES,TXD|CHHYES
GRRHIO,RR261,0,RR261,GRRHIO|RR261
HEALTHIX,IRIS,0,IRIS,HEALTHIX|IRIS
HECDCS,HEARTH-GREEN,0,HEARTH-GREEN,HECDCS|HEARTH-GREEN
GRRHIO,TRMCTS,0,TRMCTS,GRRHIO|TRMCTS
HECDCS,SUNNYSIDE,0,SUNNYSIDE,HECDCS|SUNNYSIDE
HIXNY,MVNHEALTH,0,MVNHEALTH,HIXNY|MVNHEALTH
HIXNY,AMHSANEPPE,0,AMHSANEPPE,HIXNY|AMHSANEPPE
HEALTHIX,CCRN,0,CCRN,HEALTHIX|CCRN
HEALTHIX,BMPCCS,0,BMPCCS,HEALTHIX|BMPCCS
TXD,ESI,0,ESI,TXD|ESI
GRRHIO,SADAM,0,SADAM,GRRHIO|SADAM
GRRHIO,WGC,0,WGC,GRRHIO|WGC
HIXNY,SPHRBDIAEND,0,SPHRBDIAEND,HIXNY|SPHRBDIAEND
GRRHIO,RRH944,0,RRH944,GRRHIO|RRH944
HIXNY,SHBHHL7,0,SHBHHL7,HIXNY|SHBHHL7
GRRHIO,RR763,0,RR763,GRRHIO|RR763
HIXNY,WMCAPSHCMLI,0,WMCAPSHCMLI,HIXNY|WMCAPSHCMLI
HIXNY,SPTWBHEMONCDOC,0,SPTWBHEMONCDOC,HIXNY|SPTWBHEMONCDOC
GRRHIO,UR0893,0,UR0893,GRRHIO|UR0893
GRRHIO,UR1967,0,UR1967,GRRHIO|UR1967
TXD,GAFAM,0,GAFAM,TXD|GAFAM
HIXNY,SHIDHL7,0,SHIDHL7,HIXNY|SHIDHL7
GRRHIO,UR0412,0,UR0412,GRRHIO|UR0412
GRRHIO,UR1369,0,UR1369,GRRHIO|UR1369
HEALTHIX,SHRA,0,SHRA,HEALTHIX|SHRA
GRRHIO,UR0576,0,UR0576,GRRHIO|UR0576
HIXNY,SPALHOSPICEDOC,0,SPALHOSPICEDOC,HIXNY|SPALHOSPICEDOC
HECDCS,DEL-COMM-SRVCS,0,DEL-COMM-SRVCS,HECDCS|DEL-COMM-SRVCS
GRRHIO,UR1486,0,UR1486,GRRHIO|UR1486
HIXNY,WMCAPSOBMA,0,WMCAPSOBMA,HIXNY|WMCAPSOBMA
HIXNY,HECWPC,0,HECWPC,HIXNY|HECWPC
HIXNY,MILC,0,MILC,HIXNY|MILC
GRRHIO,UR1526,0,UR1526,GRRHIO|UR1526
HECDCS,SARA-PERIN,0,SARA-PERIN,HECDCS|SARA-PERIN
GRRHIO,UR2002,0,UR2002,GRRHIO|UR2002
GRRHIO,RRH828,0,RRH828,GRRHIO|RRH828
GRRHIO,UR2436,0,UR2436,GRRHIO|UR2436
BRONX,2.16.840.1.113883.4.391.89.4104,0,2.16.840.1.113883.4.391.89.4104,BRONX|2.16.840.1.113883.4.391.89.4104
HECDCS,LOR-SEDGWICK,0,LOR-SEDGWICK,HECDCS|LOR-SEDGWICK
HEALTHIX,AHMS,0,AHMS,HEALTHIX|AHMS
GRRHIO,RR778,0,RR778,GRRHIO|RR778
GRRHIO,ACCCD,0,ACCCD,GRRHIO|ACCCD
GRRHIO,UR1349,0,UR1349,GRRHIO|UR1349
GRRHIO,UR1090,0,UR1090,GRRHIO|UR1090
GRRHIO,RRH860,0,RRH860,GRRHIO|RRH860
HIXNY,WMCAPSMFMMADOC,0,WMCAPSMFMMADOC,HIXNY|WMCAPSMFMMADOC
GRRHIO,UR1248,0,UR1248,GRRHIO|UR1248
GRRHIO,RRH820,0,RRH820,GRRHIO|RRH820
GRRHIO,UR0660,0,UR0660,GRRHIO|UR0660
HEALTHIX,EDMD,0,EDMD,HEALTHIX|EDMD
HIXNY,HIXNYCONSENT,0,HIXNYCONSENT,HIXNY|HIXNYCONSENT
HECDCS,GATEWAY-HV,0,GATEWAY-HV,HECDCS|GATEWAY-HV
HIXNY,WMCAPSOPHVADOC,0,WMCAPSOPHVADOC,HIXNY|WMCAPSOPHVADOC
GRRHIO,RR599,0,RR599,GRRHIO|RR599
HECDCS,ABILITY-BEYOND,0,ABILITY-BEYOND,HECDCS|ABILITY-BEYOND
GRRHIO,UR1240,0,UR1240,GRRHIO|UR1240
GRRHIO,UR2229,0,UR2229,GRRHIO|UR2229
GRRHIO,UR1380,0,UR1380,GRRHIO|UR1380
GRRHIO,RRH859,0,RRH859,GRRHIO|RRH859
HECDCS,ST-LAW-HLTH,0,ST-LAW-HLTH,HECDCS|ST-LAW-HLTH
HECDCS,LOURDES-HH,0,LOURDES-HH,HECDCS|LOURDES-HH
HEALTHIX,LDCAC,0,LDCAC,HEALTHIX|LDCAC
HIXNY,WMCAPSUROSUDOC,0,WMCAPSUROSUDOC,HIXNY|WMCAPSUROSUDOC
HEALTHIX,BCVAC,0,BCVAC,HEALTHIX|BCVAC
GRRHIO,MNSO40,0,MNSO40,GRRHIO|MNSO40
GRRHIO,UR0583,0,UR0583,GRRHIO|UR0583
HIXNY,HECHVE,0,HECHVE,HIXNY|HECHVE
HEALTHIX,ECWLSSNY,0,ECWLSSNY,HEALTHIX|ECWLSSNY
HIXNY,MFS,0,MFS,HIXNY|MFS
HECDCS,PEOPLE-USA,0,PEOPLE-USA,HECDCS|PEOPLE-USA
GRRHIO,UR0569,0,UR0569,GRRHIO|UR0569
HECDCS,ADRNDK-HLTH,0,ADRNDK-HLTH,HECDCS|ADRNDK-HLTH
HECDCS,OND-HLTH-RWL-ONC,0,OND-HLTH-RWL-ONC,HECDCS|OND-HLTH-RWL-ONC
TXD,HNWBFN,0,HNWBFN,TXD|HNWBFN
HIXNY,WMCOPDCOLSU,0,WMCOPDCOLSU,HIXNY|WMCOPDCOLSU
HECDCS,HEC.DUPLICATE1,0,HEC,HECDCS|HEC
GRRHIO,UR0338,0,UR0338,GRRHIO|UR0338
GRRHIO,UR2275,0,UR2275,GRRHIO|UR2275
GRRHIO,UR2221,0,UR2221,GRRHIO|UR2221
GRRHIO,RRH837,0,RRH837,GRRHIO|RRH837
GRRHIO,MNSO62,0,MNSO62,GRRHIO|MNSO62
GRRHIO,UR2072,0,UR2072,GRRHIO|UR2072
GRRHIO,UR0123,0,UR0123,GRRHIO|UR0123
TXD,FCSNGR,0,FCSNGR,TXD|FCSNGR
GRRHIO,UR1713,0,UR1713,GRRHIO|UR1713
GRRHIO,RR134,0,RR134,GRRHIO|RR134
GRRHIO,RRH041,0,RRH041,GRRHIO|RRH041
GRRHIO,RR377,0,RR377,GRRHIO|RR377
GRRHIO,RRH525,0,RRH525,GRRHIO|RRH525
HECDCS,CINQ-NY-IPA,0,CINQ-NY-IPA,HECDCS|CINQ-NY-IPA
GRRHIO,UR1931,0,UR1931,GRRHIO|UR1931
GRRHIO,RRH312,0,RRH312,GRRHIO|RRH312
GRRHIO,UR1806,0,UR1806,GRRHIO|UR1806
GRRHIO,MNSO41,0,MNSO41,GRRHIO|MNSO41
TXD,HLS,0,HLS,TXD|HLS
GRRHIO,SSMDP,0,SSMDP,GRRHIO|SSMDP
HIXNY,WMCAPSPESMI,0,WMCAPSPESMI,HIXNY|WMCAPSPESMI
HIXNY,CMHRHEUMHL7,0,CMHRHEUMHL7,HIXNY|CMHRHEUMHL7
HECDCS,CROSS-VALLEY,0,CROSS-VALLEY,HECDCS|CROSS-VALLEY
GRRHIO,UR2243,0,UR2243,GRRHIO|UR2243
GRRHIO,UR1575,0,UR1575,GRRHIO|UR1575
HECDCS,PURNACHANDRA,0,PURNACHANDRA,HECDCS|PURNACHANDRA
HIXNY,MAGPHARM,0,MAGPHARM,HIXNY|MAGPHARM
BRONX,MERCY_MEDICAL_CENTER,0,MERCY MEDICAL CENTER,BRONX|MERCY MEDICAL CENTER
GRRHIO,RRH599,0,RRH599,GRRHIO|RRH599
HECDCS,MINDFUL-PSYCH,0,MINDFUL-PSYCH,HECDCS|MINDFUL-PSYCH
GRRHIO,RR723,0,RR723,GRRHIO|RR723
HECDCS,BRYAN-G-POPOVICI,0,BRYAN-G-POPOVICI,HECDCS|BRYAN-G-POPOVICI
HEALTHIX,SELMD,0,SELMD,HEALTHIX|SELMD
GRRHIO,RR375,0,RR375,GRRHIO|RR375
HECDCS,FINGER-LAKES-ENT,0,FINGER-LAKES-ENT,HECDCS|FINGER-LAKES-ENT
GRRHIO,UR0372,0,UR0372,GRRHIO|UR0372
GRRHIO,MNSO54,0,MNSO54,GRRHIO|MNSO54
GRRHIO,MNSO35,0,MNSO35,GRRHIO|MNSO35
TXD,LEWS,0,LEWS,TXD|LEWS
GRRHIO,UR0524,0,UR0524,GRRHIO|UR0524
HECDCS,H-J-OBEID,0,H-J-OBEID,HECDCS|H-J-OBEID
GRRHIO,UR0253,0,UR0253,GRRHIO|UR0253
HEALTHIX,NMPP,0,NMPP,HEALTHIX|NMPP
GRRHIO,RR573,0,RR573,GRRHIO|RR573
HECDCS,THOMAS-SMALLMAN,0,THOMAS-SMALLMAN,HECDCS|THOMAS-SMALLMAN
HIXNY,WMCAPSRHEVA,0,WMCAPSRHEVA,HIXNY|WMCAPSRHEVA
TXD,UPMCCH,0,UPMCCH,TXD|UPMCCH
GRRHIO,UR1390,0,UR1390,GRRHIO|UR1390
HEALTHIX,MIHE,0,MIHE,HEALTHIX|MIHE
HEALTHIX,ECWKAZE,0,ECWKAZE,HEALTHIX|ECWKAZE
GRRHIO,UR1625,0,UR1625,GRRHIO|UR1625
HECDCS,ST-JOHNS-RIVER-DQ,0,ST-JOHNS-RIVER-DQ,HECDCS|ST-JOHNS-RIVER-DQ
HIXNY,SHSMHAMBDETDOC,0,SHSMHAMBDETDOC,HIXNY|SHSMHAMBDETDOC
GRRHIO,RRH130,0,RRH130,GRRHIO|RRH130
GRRHIO,RRH803,0,RRH803,GRRHIO|RRH803
HECDCS,HEALTH-SRVCS-NNY,0,HEALTH-SRVCS-NNY,HECDCS|HEALTH-SRVCS-NNY
GRRHIO,UR0544,0,UR0544,GRRHIO|UR0544
HIXNY,HECRHFPC,0,HECRHFPC,HIXNY|HECRHFPC
GRRHIO,RR59,0,RR59,GRRHIO|RR59
GRRHIO,UR2400,0,UR2400,GRRHIO|UR2400
GRRHIO,UR1485,0,UR1485,GRRHIO|UR1485
GRRHIO,UR0615,0,UR0615,GRRHIO|UR0615
GRRHIO,RR489,0,RR489,GRRHIO|RR489
HECDCS,COPPER-CTY-CHIRO,0,COPPER-CTY-CHIRO,HECDCS|COPPER-CTY-CHIRO
HIXNY,SPHBBLABDSDOC,0,SPHBBLABDSDOC,HIXNY|SPHBBLABDSDOC
HECDCS,HOWARD-ORTH-PROS,0,HOWARD-ORTH-PROS,HECDCS|HOWARD-ORTH-PROS
GRRHIO,UR2192,0,UR2192,GRRHIO|UR2192
HEALTHIX,GBVFD,0,GBVFD,HEALTHIX|GBVFD
GRRHIO,UR0268,0,UR0268,GRRHIO|UR0268
GRRHIO,RRH567,0,RRH567,GRRHIO|RRH567
GRRHIO,UR2395,0,UR2395,GRRHIO|UR2395
GRRHIO,UR2422,0,UR2422,GRRHIO|UR2422
HIXNY,PROMESA,0,PROMESA,HIXNY|PROMESA
GRRHIO,UR0236,0,UR0236,GRRHIO|UR0236
HECDCS,WOOD-PALTZ-ALF,0,WOOD-PALTZ-ALF,HECDCS|WOOD-PALTZ-ALF
GRRHIO,UR2282,0,UR2282,GRRHIO|UR2282
GRRHIO,RRH825,0,RRH825,GRRHIO|RRH825
GRRHIO,MNSO44,0,MNSO44,GRRHIO|MNSO44
HECDCS,MCPIKE-ADDICTION,0,MCPIKE-ADDICTION,HECDCS|MCPIKE-ADDICTION
GRRHIO,UR1824,0,UR1824,GRRHIO|UR1824
GRRHIO,RR564,0,RR564,GRRHIO|RR564
GRRHIO,MNSO32,0,MNSO32,GRRHIO|MNSO32
GRRHIO,UR1884,0,UR1884,GRRHIO|UR1884
TXD,PRVDR,0,PRVDR,TXD|PRVDR
HEALTHIX,VNR,0,VNR,HEALTHIX|VNR
GRRHIO,MNSO52,0,MNSO52,GRRHIO|MNSO52
HECDCS,AUBURN-AGT,0,AUBURN-AGT,HECDCS|AUBURN-AGT
GRRHIO,UR1116,0,UR1116,GRRHIO|UR1116
GRRHIO,UR1692,0,UR1692,GRRHIO|UR1692
GRRHIO,RRH728,0,RRH728,GRRHIO|RRH728
HIXNY,HECMMA,0,HECMMA,HIXNY|HECMMA
GRRHIO,UR0052,0,UR0052,GRRHIO|UR0052
HIXNY,WMCBSMGINCA,0,WMCBSMGINCA,HIXNY|WMCBSMGINCA
BRONX,THE_BROOKLYN_HOSPITAL_CENTER,0,THE BROOKLYN HOSPITAL CENTER,BRONX|THE BROOKLYN HOSPITAL CENTER
GRRHIO,UR2075,0,UR2075,GRRHIO|UR2075
HECDCS,CROUSE-HOSPITAL,0,CROUSE-HOSPITAL,HECDCS|CROUSE-HOSPITAL
GRRHIO,UR0316,0,UR0316,GRRHIO|UR0316
HIXNY,13638,0,13638,HIXNY|13638
GRRHIO,UR0148,0,UR0148,GRRHIO|UR0148
GRRHIO,UR2244,0,UR2244,GRRHIO|UR2244
GRRHIO,UR0727,0,UR0727,GRRHIO|UR0727
HECDCS,LOR-COMM-RES,0,LOR-COMM-RES,HECDCS|LOR-COMM-RES
HEALTHIX,GPEDS,0,GPEDS,HEALTHIX|GPEDS
HIXNY,CPP,0,CPP,HIXNY|CPP
HECDCS,RESTORATIVE-MGMT,0,RESTORATIVE-MGMT,HECDCS|RESTORATIVE-MGMT
GRRHIO,RR235,0,RR235,GRRHIO|RR235
TXD,NAC.DUPLICATE1,0,NAC,TXD|NAC
BRONX,NYU_FACULTY_GROUP_PRACTICE,0,NYU FACULTY GROUP PRACTICE,BRONX|NYU FACULTY GROUP PRACTICE
GRRHIO,RRH164,0,RRH164,GRRHIO|RRH164
GRRHIO,RRH703,0,RRH703,GRRHIO|RRH703
GRRHIO,UR2333,0,UR2333,GRRHIO|UR2333
GRRHIO,MNSO65,0,MNSO65,GRRHIO|MNSO65
GRRHIO,UR0499,0,UR0499,GRRHIO|UR0499
HIXNY,CAPREGO,0,CAPREGO,HIXNY|CAPREGO
HIXNY,HECSLP,0,HECSLP,HIXNY|HECSLP
HEALTHIX,HAMAKC,0,HAMAKC,HEALTHIX|HAMAKC
GRRHIO,UR0469,0,UR0469,GRRHIO|UR0469
GRRHIO,UR0761,0,UR0761,GRRHIO|UR0761
HECDCS,HAMASPIK-ROCK,0,HAMASPIK-ROCK,HECDCS|HAMASPIK-ROCK
HECDCS,TEST-ORG-1,0,TEST-ORG-1,HECDCS|TEST-ORG-1
HIXNY,TRICOUNTY,0,TRICOUNTY,HIXNY|TRICOUNTY
TXD,BIOREF.DUPLICATE1,0,BIOREF,TXD|BIOREF
GRRHIO,UR1838,0,UR1838,GRRHIO|UR1838
HEALTHIX,AINY,0,AINY,HEALTHIX|AINY
HIXNY,SHSMHAMBDET,0,SHSMHAMBDET,HIXNY|SHSMHAMBDET
GRRHIO,RRH301,0,RRH301,GRRHIO|RRH301
TXD,CRIMSN,0,CRIMSN,TXD|CRIMSN
BRONX,PHELPS_MEMORIAL_HOSPITAL,0,PHELPS MEMORIAL HOSPITAL,BRONX|PHELPS MEMORIAL HOSPITAL
GRRHIO,UR0830,0,UR0830,GRRHIO|UR0830
BRONX,NYU_HOSPITAL_FOR_JOINT_DISEASES,0,NYU HOSPITAL FOR JOINT DISEASES,BRONX|NYU HOSPITAL FOR JOINT DISEASES
BRONX,MOUNT_SINAI_BETH_ISRAEL,0,MOUNT SINAI BETH ISRAEL,BRONX|MOUNT SINAI BETH ISRAEL
GRRHIO,RRH452,0,RRH452,GRRHIO|RRH452
GRRHIO,RR402,0,RR402,GRRHIO|RR402
BRONX,LENOX_HILL_HOSPITAL,0,LENOX HILL HOSPITAL,BRONX|LENOX HILL HOSPITAL
HIXNY,305922,0,305922,HIXNY|305922
GRRHIO,RR20,0,RR20,GRRHIO|RR20
GRRHIO,RRH318,0,RRH318,GRRHIO|RRH318
BRONX,NYP_LOWER_MANHATTAN_HOSPITAL,0,NYP LOWER MANHATTAN HOSPITAL,BRONX|NYP LOWER MANHATTAN HOSPITAL
BRONX,MOUNT_SINAI_MORNINGSIDE,0,MOUNT SINAI MORNINGSIDE,BRONX|MOUNT SINAI MORNINGSIDE
GRRHIO,RRH980,0,RRH980,GRRHIO|RRH980
BRONX,ST_FRANCIS_HOSPITAL_THE_HEART_CENTER,0,ST FRANCIS HOSPITAL THE HEART CENTER,BRONX|ST FRANCIS HOSPITAL THE HEART CENTER
HECDCS,NEW-HORIZONS-RES,0,NEW-HORIZONS-RES,HECDCS|NEW-HORIZONS-RES
GRRHIO,UR1512,0,UR1512,GRRHIO|UR1512
BRONX,NYU_TISCH,0,NYU TISCH,BRONX|NYU TISCH
GRRHIO,UR1263,0,UR1263,GRRHIO|UR1263
TXD,MDTCWS,0,MDTCWS,TXD|MDTCWS
GRRHIO,UR0755,0,UR0755,GRRHIO|UR0755
GRRHIO,RRH434,0,RRH434,GRRHIO|RRH434
GRRHIO,UR1255,0,UR1255,GRRHIO|UR1255
HECDCS,ELIOT-NEW-ROCH,0,ELIOT-NEW-ROCH,HECDCS|ELIOT-NEW-ROCH
GRRHIO,UR0074,0,UR0074,GRRHIO|UR0074
GRRHIO,BAYMG,0,BAYMG,GRRHIO|BAYMG
TXD,CVS,0,CVS,TXD|CVS
GRRHIO,UR2094,0,UR2094,GRRHIO|UR2094
HIXNY,HECCNYFS,0,HECCNYFS,HIXNY|HECCNYFS
TXD,SUNPED,0,SUNPED,TXD|SUNPED
GRRHIO,RR428,0,RR428,GRRHIO|RR428
GRRHIO,WYNNL,0,WYNNL,GRRHIO|WYNNL
GRRHIO,RRH676,0,RRH676,GRRHIO|RRH676
GRRHIO,RRH696,0,RRH696,GRRHIO|RRH696
HEALTHIX,CCNY,0,CCNY,HEALTHIX|CCNY
GRRHIO,UR1971,0,UR1971,GRRHIO|UR1971
HIXNY,ATHOME,0,ATHOME,HIXNY|ATHOME
GRRHIO,UR0360,0,UR0360,GRRHIO|UR0360
HIXNY,EDDYCAREPACE,0,EDDYCAREPACE,HIXNY|EDDYCAREPACE
BRONX,NSUH_SYOSSET,0,NSUH SYOSSET,BRONX|NSUH SYOSSET
HIXNY,2904ALERT,0,2904ALERT,HIXNY|2904ALERT
GRRHIO,UR2083,0,UR2083,GRRHIO|UR2083
GRRHIO,RR19,0,RR19,GRRHIO|RR19
GRRHIO,UR1475,0,UR1475,GRRHIO|UR1475
GRRHIO,RR759,0,RR759,GRRHIO|RR759
GRRHIO,RR535,0,RR535,GRRHIO|RR535
HIXNY,HECNASCARE,0,HECNASCARE,HIXNY|HECNASCARE
TXD,ROCHGH,0,ROCHGH,TXD|ROCHGH
GRRHIO,UR0481,0,UR0481,GRRHIO|UR0481
GRRHIO,RR537,0,RR537,GRRHIO|RR537
BRONX,PRINE_HEALTH_MEDICAL_GROUP,0,PRINE HEALTH MEDICAL GROUP,BRONX|PRINE HEALTH MEDICAL GROUP
TXD,HUGHES,0,HUGHES,TXD|HUGHES
HECDCS,RRH-RRH,0,RRH-RRH,HECDCS|RRH-RRH
HECDCS,CAH-CLINICS,0,CAH-CLINICS,HECDCS|CAH-CLINICS
HEALTHIX,NSLIJHS,0,NSLIJHS,HEALTHIX|NSLIJHS
TXD,WLMPED,0,WLMPED,TXD|WLMPED
HEALTHIX,SFCP,0,SFCP,HEALTHIX|SFCP
GRRHIO,RGHS,0,RGHS,GRRHIO|RGHS
HIXNY,CCMG,0,CCMG,HIXNY|CCMG
HEALTHIX,NYPHEAST,0,NYPHEAST,HEALTHIX|NYPHEAST
GRRHIO,NHNMH,0,NHNMH,GRRHIO|NHNMH
GRRHIO,ACM.DUPLICATE,0,ACM,GRRHIO|ACM
BRONX,MVP.DUPLICATE,0,MVP,BRONX|MVP
HECDCS,UHS.DUPLICATE1,0,UHS,HECDCS|UHS
BRONX,HEALTHFIRST,0,HEALTHFIRST,BRONX|HEALTHFIRST
HECDCS,SJHHC,0,SJHHC,HECDCS|SJHHC
HEALTHIX,NYPGSH,0,NYPGSH,HEALTHIX|NYPGSH
HIXNY,ALBIMAGINGDOC,0,ALBIMAGINGDOC,HIXNY|ALBIMAGINGDOC
TXD,NHCNY,0,NHCNY,TXD|NHCNY
BRONX,BXLEB,0,BXLEB,BRONX|BXLEB
HEALTHIX,NSUH,0,NSUH,HEALTHIX|NSUH
HEALTHIX,EAWV,0,EAWV,HEALTHIX|EAWV
HIXNY,SHAMHS,0,SHAMHS,HIXNY|SHAMHS
HIXNY,AMCFP,0,AMCFP,HIXNY|AMCFP
HECDCS,GER-PALL,0,GER-PALL,HECDCS|GER-PALL
HEALTHIX,SSH,0,SSH,HEALTHIX|SSH
HEALTHIX,GC,0,GC,HEALTHIX|GC
GRRHIO,MCDN,0,MCDN,GRRHIO|MCDN
HIXNY,A2HHIGHMARK,0,A2HHIGHMARK,HIXNY|A2HHIGHMARK
HEALTHIX,RUMCOC,0,RUMCOC,HEALTHIX|RUMCOC
HEALTHIX,NCB,0,NCB,HEALTHIX|NCB
HECDCS,PSYCH-HEALTH,0,PSYCH-HEALTH,HECDCS|PSYCH-HEALTH
GRRHIO,UR0673,0,UR0673,GRRHIO|UR0673
GRRHIO,RRH366,0,RRH366,GRRHIO|RRH366
HEALTHIX,NYPRES,0,NYPRES,HEALTHIX|NYPRES
TXD,APWNY,0,APWNY,TXD|APWNY
HIXNY,WMC,0,WMC,HIXNY|WMC
HEALTHIX,SIUPB,0,SIUPB,HEALTHIX|SIUPB
TXD,AZEVR,0,AZEVR,TXD|AZEVR
GRRHIO,RRH510,0,RRH510,GRRHIO|RRH510
GRRHIO,FFTHP,0,FFTHP,GRRHIO|FFTHP
HIXNY,ADIRMED,0,ADIRMED,HIXNY|ADIRMED
HIXNY,CPMGDERM,0,CPMGDERM,HIXNY|CPMGDERM
HIXNY,PAPLLAB,0,PAPLLAB,HIXNY|PAPLLAB
HECDCS,WESTMED-MED-GRP,0,WESTMED-MED-GRP,HECDCS|WESTMED-MED-GRP
HIXNY,PPNCNY,0,PPNCNY,HIXNY|PPNCNY
HIXNY,CMHAMHS,0,CMHAMHS,HIXNY|CMHAMHS
HEALTHIX,GCV,0,GCV,HEALTHIX|GCV
BRONX,SOMOS_EMBLEM,0,SOMOS EMBLEM,BRONX|SOMOS EMBLEM
HECDCS,CRYSTAL-RUN,0,CRYSTAL-RUN,HECDCS|CRYSTAL-RUN
HECDCS,WEST-JEWISH,0,WEST-JEWISH,HECDCS|WEST-JEWISH
BRONX,CCN_GENERAL_MEDICINE,0,CCN GENERAL MEDICINE,BRONX|CCN GENERAL MEDICINE
GRRHIO,GGHCCD,0,GGHCCD,GRRHIO|GGHCCD
TXD,MONMC,0,MONMC,TXD|MONMC
TXD,CCOAS,0,CCOAS,TXD|CCOAS
HEALTHIX,UAMP,0,UAMP,HEALTHIX|UAMP
HEALTHIX,NAOMED,0,NAOMED,HEALTHIX|NAOMED
HIXNY,1407898745,0,1407898745,HIXNY|1407898745
HIXNY,CPFAMPRAC,0,CPFAMPRAC,HIXNY|CPFAMPRAC
GRRHIO,UR2188,0,UR2188,GRRHIO|UR2188
GRRHIO,UR0402,0,UR0402,GRRHIO|UR0402
GRRHIO,UR1672,0,UR1672,GRRHIO|UR1672
HIXNY,ORTHONY,0,ORTHONY,HIXNY|ORTHONY
HEALTHIX,SBHH,0,SBHH,HEALTHIX|SBHH
HIXNY,FAHC,0,FAHC,HIXNY|FAHC
HIXNY,1427002419,0,1427002419,HIXNY|1427002419
HEALTHIX,NYEE,0,NYEE,HEALTHIX|NYEE
HECDCS,BS-MED-GROUP,0,BS-MED-GROUP,HECDCS|BS-MED-GROUP
GRRHIO,UR2038,0,UR2038,GRRHIO|UR2038
HIXNY,EXCELLUSNCQA,0,EXCELLUSNCQA,HIXNY|EXCELLUSNCQA
HEALTHIX,NYULHLI,0,NYULHLI,HEALTHIX|NYULHLI
HECDCS,ST-JOHNS-RIVER,0,ST-JOHNS-RIVER,HECDCS|ST-JOHNS-RIVER
HIXNY,CCPDOC,0,CCPDOC,HIXNY|CCPDOC
GRRHIO,RRH465,0,RRH465,GRRHIO|RRH465
HIXNY,LABCORP,0,LABCORP,HIXNY|LABCORP
TXD,UMMC.DUPLICATE1,0,UMMC,TXD|UMMC
GRRHIO,FFTHP2,0,FFTHP2,GRRHIO|FFTHP2
GRRHIO,ACH,0,ACH,GRRHIO|ACH
GRRHIO,UR0933,0,UR0933,GRRHIO|UR0933
HEALTHIX,BIRENC,0,BIRENC,HEALTHIX|BIRENC
TXD,CMH.DUPLICATE1,0,CMH,TXD|CMH
GRRHIO,RRH288,0,RRH288,GRRHIO|RRH288
HEALTHIX,RICHTERMD,0,RICHTERMD,HEALTHIX|RICHTERMD
HEALTHIX,IFCL,0,IFCL,HEALTHIX|IFCL
HECDCS,HAHV-KINGSTON,0,HAHV-KINGSTON,HECDCS|HAHV-KINGSTON
HECDCS,WEST-MIDHUDSON-3,0,WEST-MIDHUDSON-3,HECDCS|WEST-MIDHUDSON-3
BRONX,BAY_RIDGE_PEDIATRICS,0,BAY RIDGE PEDIATRICS,BRONX|BAY RIDGE PEDIATRICS
HECDCS,NUV-NORTH-DUTCH,0,NUV-NORTH-DUTCH,HECDCS|NUV-NORTH-DUTCH
GRRHIO,AOMC,0,AOMC,GRRHIO|AOMC
BRONX,MHHC,0,MHHC,BRONX|MHHC
HIXNY,HAHV837,0,HAHV837,HIXNY|HAHV837
HIXNY,RRHNWH,0,RRHNWH,HIXNY|RRHNWH
GRRHIO,UR1316,0,UR1316,GRRHIO|UR1316
HEALTHIX,VXLM,0,VXLM,HEALTHIX|VXLM
HIXNY,RRHRHSMH,0,RRHRHSMH,HIXNY|RRHRHSMH
HIXNY,HAMASPIK,0,HAMASPIK,HIXNY|HAMASPIK
HEALTHIX,NYPL,0,NYPL,HEALTHIX|NYPL
BRONX,TUVIDA_MEDICAL_PRACTICE,0,TUVIDA MEDICAL PRACTICE,BRONX|TUVIDA MEDICAL PRACTICE
HIXNY,SPSWCWELL,0,SPSWCWELL,HIXNY|SPSWCWELL
HIXNY,SHSMHHEMONC,0,SHSMHHEMONC,HIXNY|SHSMHHEMONC
BRONX,GET_WELL_MED-CARE,0,GET WELL MED-CARE,BRONX|GET WELL MED-CARE
HIXNY,CVPHDOC,0,CVPHDOC,HIXNY|CVPHDOC
HEALTHIX,LATMD,0,LATMD,HEALTHIX|LATMD
HECDCS,SCHC,0,SCHC,HECDCS|SCHC
HECDCS,LABCORP.DUPLICATE1,0,LABCORP,HECDCS|LABCORP
HIXNY,WHMC,0,WHMC,HIXNY|WHMC
HIXNY,1073796967,0,1073796967,HIXNY|1073796967
TXD,NTCARD,0,NTCARD,TXD|NTCARD
HECDCS,WEST-COMM-HEALTH,0,WEST-COMM-HEALTH,HECDCS|WEST-COMM-HEALTH
GRRHIO,RRH622,0,RRH622,GRRHIO|RRH622
HEALTHIX,SUREM,0,SUREM,HEALTHIX|SUREM
HEALTHIX,FCYY,0,FCYY,HEALTHIX|FCYY
HEALTHIX,NSHC,0,NSHC,HEALTHIX|NSHC
TXD,LABCOR,0,LABCOR,TXD|LABCOR
GRRHIO,RRA,0,RRA,GRRHIO|RRA
HIXNY,1033118708,0,1033118708,HIXNY|1033118708
GRRHIO,EMSFLKAS,0,EMSFLKAS,GRRHIO|EMSFLKAS
HIXNY,22860,0,22860,HIXNY|22860
HEALTHIX,ZWHM,0,ZWHM,HEALTHIX|ZWHM
TXD,BPI,0,BPI,TXD|BPI
HEALTHIX,PPAM.DUPLICATE1,0,PPAM,HEALTHIX|PPAM
GRRHIO,RRH794,0,RRH794,GRRHIO|RRH794
HEALTHIX,AMPM,0,AMPM,HEALTHIX|AMPM
HIXNY,AMHSAPULPEHL7,0,AMHSAPULPEHL7,HIXNY|AMHSAPULPEHL7
GRRHIO,RRH036,0,RRH036,GRRHIO|RRH036
HEALTHIX,FENDO,0,FENDO,HEALTHIX|FENDO
HEALTHIX,SPS,0,SPS,HEALTHIX|SPS
HIXNY,WMCAPSWHNWIDOC,0,WMCAPSWHNWIDOC,HIXNY|WMCAPSWHNWIDOC
HIXNY,SHFGWDOC,0,SHFGWDOC,HIXNY|SHFGWDOC
TXD,MEDLAB,0,MEDLAB,TXD|MEDLAB
TXD,LSPC,0,LSPC,TXD|LSPC
HEALTHIX,ABLEY,0,ABLEY,HEALTHIX|ABLEY
HECDCS,ST-LAW-PULM,0,ST-LAW-PULM,HECDCS|ST-LAW-PULM
HEALTHIX,OPWDD,0,OPWDD,HEALTHIX|OPWDD
HEALTHIX,ECWZLMO,0,ECWZLMO,HEALTHIX|ECWZLMO
GRRHIO,UR2055,0,UR2055,GRRHIO|UR2055
BRONX,PATEL_MEDICAL_CENTER,0,PATEL MEDICAL CENTER,BRONX|PATEL MEDICAL CENTER
HIXNY,SPBABMIDWIF,0,SPBABMIDWIF,HIXNY|SPBABMIDWIF
HIXNY,ECFTA,0,ECFTA,HIXNY|ECFTA
GRRHIO,RRH613,0,RRH613,GRRHIO|RRH613
GRRHIO,UR0603,0,UR0603,GRRHIO|UR0603
HEALTHIX,NYCCMC,0,NYCCMC,HEALTHIX|NYCCMC
BRONX,RUBEN_U_CARVAJAL,0,RUBEN U CARVAJAL,BRONX|RUBEN U CARVAJAL
HEALTHIX,ECWBHH,0,ECWBHH,HEALTHIX|ECWBHH
GRRHIO,UR1106,0,UR1106,GRRHIO|UR1106
GRRHIO,UR2222,0,UR2222,GRRHIO|UR2222
GRRHIO,UR1008,0,UR1008,GRRHIO|UR1008
TXD,MEADOW,0,MEADOW,TXD|MEADOW
HIXNY,SHOBGYN,0,SHOBGYN,HIXNY|SHOBGYN
TXD,AMEDS,0,AMEDS,TXD|AMEDS
HIXNY,WMCBSMGURO,0,WMCBSMGURO,HIXNY|WMCBSMGURO
HEALTHIX,ICAS,0,ICAS,HEALTHIX|ICAS
GRRHIO,UR0749,0,UR0749,GRRHIO|UR0749
HECDCS,HV-OBGYN,0,HV-OBGYN,HECDCS|HV-OBGYN
GRRHIO,FMPX77,0,FMPX77,GRRHIO|FMPX77
HEALTHIX,RAMA,0,RAMA,HEALTHIX|RAMA
HIXNY,SMHAURGSTJO,0,SMHAURGSTJO,HIXNY|SMHAURGSTJO
BRONX,LILI_REN,0,LILI REN,BRONX|LILI REN
GRRHIO,UR2057,0,UR2057,GRRHIO|UR2057
GRRHIO,UR0158,0,UR0158,GRRHIO|UR0158
HEALTHIX,ESSC,0,ESSC,HEALTHIX|ESSC
GRRHIO,HCR.DUPLICATE1,0,HCR,GRRHIO|HCR
HIXNY,CMHPEDHL7,0,CMHPEDHL7,HIXNY|CMHPEDHL7
HIXNY,SPALENDO,0,SPALENDO,HIXNY|SPALENDO
HEALTHIX,NYPWBHC,0,NYPWBHC,HEALTHIX|NYPWBHC
GRRHIO,UR0244,0,UR0244,GRRHIO|UR0244
GRRHIO,IPEDS,0,IPEDS,GRRHIO|IPEDS
HIXNY,SNOCPOBGYNDOC,0,SNOCPOBGYNDOC,HIXNY|SNOCPOBGYNDOC
HIXNY,BLEMS,0,BLEMS,HIXNY|BLEMS
GRRHIO,RR577,0,RR577,GRRHIO|RR577
BRONX,KHALID_CHAUGHTAI,0,KHALID CHAUGHTAI,BRONX|KHALID CHAUGHTAI
HEALTHIX,ECWHUCAC,0,ECWHUCAC,HEALTHIX|ECWHUCAC
HIXNY,AMMPCC,0,AMMPCC,HIXNY|AMMPCC
TXD,TRCCHC,0,TRCCHC,TXD|TRCCHC
GRRHIO,RR474,0,RR474,GRRHIO|RR474
TXD,WNYPA,0,WNYPA,TXD|WNYPA
HEALTHIX,FMNYC,0,FMNYC,HEALTHIX|FMNYC
HIXNY,WMCAPSPRCSV,0,WMCAPSPRCSV,HIXNY|WMCAPSPRCSV
HEALTHIX,ORZC,0,ORZC,HEALTHIX|ORZC
HIXNY,WMCOPDFAMPLDOC,0,WMCOPDFAMPLDOC,HIXNY|WMCOPDFAMPLDOC
TXD,LSFM,0,LSFM,TXD|LSFM
HIXNY,PAPLIMAGCPDOC,0,PAPLIMAGCPDOC,HIXNY|PAPLIMAGCPDOC
HIXNY,SHNEPHHL7,0,SHNEPHHL7,HIXNY|SHNEPHHL7
HEALTHIX,USEC,0,USEC,HEALTHIX|USEC
HIXNY,RRHUHSOUT,0,RRHUHSOUT,HIXNY|RRHUHSOUT
HECDCS,CROUSE,0,CROUSE,HECDCS|CROUSE
GRRHIO,TRILL2,0,TRILL2,GRRHIO|TRILL2
HEALTHIX,CHS.DUPLICATE,0,CHS,HEALTHIX|CHS
HEALTHIX,HMPMD,0,HMPMD,HEALTHIX|HMPMD
HIXNY,CVPHOBGYNDOC,0,CVPHOBGYNDOC,HIXNY|CVPHOBGYNDOC
GRRHIO,RRH517,0,RRH517,GRRHIO|RRH517
HECDCS,NUV-NEW-MILFORD,0,NUV-NEW-MILFORD,HECDCS|NUV-NEW-MILFORD
HIXNY,ALBMEDDOC,0,ALBMEDDOC,HIXNY|ALBMEDDOC
HEALTHIX,KNICK,0,KNICK,HEALTHIX|KNICK
GRRHIO,WNPG,0,WNPG,GRRHIO|WNPG
HEALTHIX,MOMH,0,MOMH,HEALTHIX|MOMH
HIXNY,SNTRLABSCR,0,SNTRLABSCR,HIXNY|SNTRLABSCR
HIXNY,WMCOPDMEBLU,0,WMCOPDMEBLU,HIXNY|WMCOPDMEBLU
BRONX,BEINCK,0,BEINCK,BRONX|BEINCK
GRRHIO,RRH486,0,RRH486,GRRHIO|RRH486
HEALTHIX,BALTS,0,BALTS,HEALTHIX|BALTS
HEALTHIX,RNST,0,RNST,HEALTHIX|RNST
HIXNY,WMCAPSWHVA,0,WMCAPSWHVA,HIXNY|WMCAPSWHVA
HECDCS,NUV-PUTNAM,0,NUV-PUTNAM,HECDCS|NUV-PUTNAM
TXD,BCHPCC,0,BCHPCC,TXD|BCHPCC
HEALTHIX,BAPA,0,BAPA,HEALTHIX|BAPA
HIXNY,WMCMFKIDHOSDOC,0,WMCMFKIDHOSDOC,HIXNY|WMCMFKIDHOSDOC
HIXNY,A2HMCR,0,A2HMCR,HIXNY|A2HMCR
HIXNY,1821257320,0,1821257320,HIXNY|1821257320
GRRHIO,RR475,0,RR475,GRRHIO|RR475
BRONX,CONCOURSE_VILLAGE_PRIM_CARE,0,CONCOURSE VILLAGE PRIM CARE,BRONX|CONCOURSE VILLAGE PRIM CARE
GRRHIO,RRH225,0,RRH225,GRRHIO|RRH225
HIXNY,SPALENDODOC,0,SPALENDODOC,HIXNY|SPALENDODOC
HIXNY,ELLSMC,0,ELLSMC,HIXNY|ELLSMC
HEALTHIX,WAGGIR,0,WAGGIR,HEALTHIX|WAGGIR
HECDCS,ONONDAGA-HD,0,ONONDAGA-HD,HECDCS|ONONDAGA-HD
HEALTHIX,CLCHC,0,CLCHC,HEALTHIX|CLCHC
GRRHIO,UR0039,0,UR0039,GRRHIO|UR0039
GRRHIO,UR0964,0,UR0964,GRRHIO|UR0964
HEALTHIX,TFH,0,TFH,HEALTHIX|TFH
GRRHIO,RRH325,0,RRH325,GRRHIO|RRH325
HIXNY,HECUMU,0,HECUMU,HIXNY|HECUMU
HECDCS,SYR-COMM-HLTH,0,SYR-COMM-HLTH,HECDCS|SYR-COMM-HLTH
HEALTHIX,NADAP.DUPLICATE1,0,NADAP,HEALTHIX|NADAP
TXD,RSMH2PART2,0,RSMH2PART2,TXD|RSMH2PART2
BRONX,RICHMOND_HILL_PEDIATRICS,0,RICHMOND HILL PEDIATRICS,BRONX|RICHMOND HILL PEDIATRICS
HIXNY,11488,0,11488,HIXNY|11488
HEALTHIX,AURENA,0,AURENA,HEALTHIX|AURENA
HIXNY,18107SA,0,18107SA,HIXNY|18107SA
HEALTHIX,FEGS,0,FEGS,HEALTHIX|FEGS
BRONX,COMPASSIONATE_MEDICAL_CARE,0,COMPASSIONATE MEDICAL CARE,BRONX|COMPASSIONATE MEDICAL CARE
HEALTHIX,FSOC,0,FSOC,HEALTHIX|FSOC
HEALTHIX,SUMM,0,SUMM,HEALTHIX|SUMM
GRRHIO,UR0198,0,UR0198,GRRHIO|UR0198
BRONX,ABBYDEK_FM,0,ABBYDEK FM,BRONX|ABBYDEK FM
GRRHIO,RR370,0,RR370,GRRHIO|RR370
HIXNY,SPBABURODOC,0,SPBABURODOC,HIXNY|SPBABURODOC
HEALTHIX,WLAWCC,0,WLAWCC,HEALTHIX|WLAWCC
GRRHIO,UR1155,0,UR1155,GRRHIO|UR1155
HIXNY,UCM,0,UCM,HIXNY|UCM
TXD,CATHC2PART2,0,CATHC2PART2,TXD|CATHC2PART2
HEALTHIX,ECWBMCP,0,ECWBMCP,HEALTHIX|ECWBMCP
TXD,WNYIL.DUPLICATE1,0,WNYIL,TXD|WNYIL
GRRHIO,UR2177,0,UR2177,GRRHIO|UR2177
GRRHIO,RRH149,0,RRH149,GRRHIO|RRH149
GRRHIO,WCCHS2,0,WCCHS2,GRRHIO|WCCHS2
GRRHIO,UR0457,0,UR0457,GRRHIO|UR0457
HEALTHIX,HHAR,0,HHAR,HEALTHIX|HHAR
HIXNY,CDPHPTHEALTH,0,CDPHPTHEALTH,HIXNY|CDPHPTHEALTH
HECDCS,EAST-HILL-FAM,0,EAST-HILL-FAM,HECDCS|EAST-HILL-FAM
TXD,GJKS,0,GJKS,TXD|GJKS
HECDCS,OSW-HEALTH-HOME,0,OSW-HEALTH-HOME,HECDCS|OSW-HEALTH-HOME
GRRHIO,ZOLMONAS,0,ZOLMONAS,GRRHIO|ZOLMONAS
HEALTHIX,SMOC,0,SMOC,HEALTHIX|SMOC
TXD,HamPed,0,HamPed,TXD|HamPed
HEALTHIX,APATEL,0,APATEL,HEALTHIX|APATEL
HEALTHIX,MVPNCQA,0,MVPNCQA,HEALTHIX|MVPNCQA
HEALTHIX,SLFM,0,SLFM,HEALTHIX|SLFM
HECDCS,IA-TANGOREN,0,IA-TANGOREN,HECDCS|IA-TANGOREN
HEALTHIX,KAMS,0,KAMS,HEALTHIX|KAMS
GRRHIO,RRH339,0,RRH339,GRRHIO|RRH339
BRONX,CENTRO_MEDICO_DOMINICANO,0,CENTRO MEDICO DOMINICANO,BRONX|CENTRO MEDICO DOMINICANO
HEALTHIX,AZMCHC,0,AZMCHC,HEALTHIX|AZMCHC
GRRHIO,RRH030,0,RRH030,GRRHIO|RRH030
GRRHIO,UMI1,0,UMI1,GRRHIO|UMI1
HIXNY,AMHSAPULMHL7,0,AMHSAPULMHL7,HIXNY|AMHSAPULMHL7
HIXNY,CDPCANY,0,CDPCANY,HIXNY|CDPCANY
HEALTHIX,INCK,0,INCK,HEALTHIX|INCK
HECDCS,NORTH-CNT-NEURO,0,NORTH-CNT-NEURO,HECDCS|NORTH-CNT-NEURO
HIXNY,HAHRSN,0,HAHRSN,HIXNY|HAHRSN
GRRHIO,RRH642,0,RRH642,GRRHIO|RRH642
GRRHIO,RRH473,0,RRH473,GRRHIO|RRH473
HEALTHIX,CFTH,0,CFTH,HEALTHIX|CFTH
HEALTHIX,AGDE,0,AGDE,HEALTHIX|AGDE
TXD,WNYIMM,0,WNYIMM,TXD|WNYIMM
GRRHIO,UR0181,0,UR0181,GRRHIO|UR0181
HIXNY,WMCAPSORTHA,0,WMCAPSORTHA,HIXNY|WMCAPSORTHA
HIXNY,PAPLFHC,0,PAPLFHC,HIXNY|PAPLFHC
GRRHIO,RRH616,0,RRH616,GRRHIO|RRH616
HECDCS,HAMASPIK-CHOICE,0,HAMASPIK-CHOICE,HECDCS|HAMASPIK-CHOICE
HEALTHIX,SFHCP,0,SFHCP,HEALTHIX|SFHCP
GRRHIO,UR0631,0,UR0631,GRRHIO|UR0631
HIXNY,SPWABMEDFAMDOC,0,SPWABMEDFAMDOC,HIXNY|SPWABMEDFAMDOC
GRRHIO,RRH233,0,RRH233,GRRHIO|RRH233
TXD,SNAPCP,0,SNAPCP,TXD|SNAPCP
HEALTHIX,DEMIN,0,DEMIN,HEALTHIX|DEMIN
HIXNY,1912981002,0,1912981002,HIXNY|1912981002
HECDCS,MHS-VERNON-EPIC,0,MHS-VERNON-EPIC,HECDCS|MHS-VERNON-EPIC
GRRHIO,UR0888,0,UR0888,GRRHIO|UR0888
HEALTHIX,BAPS,0,BAPS,HEALTHIX|BAPS
GRRHIO,UR1572,0,UR1572,GRRHIO|UR1572
HIXNY,SPALINTERNALDOC,0,SPALINTERNALDOC,HIXNY|SPALINTERNALDOC
BRONX,SHELDON_MEDICAL_CARE,0,SHELDON MEDICAL CARE,BRONX|SHELDON MEDICAL CARE
GRRHIO,RRH172,0,RRH172,GRRHIO|RRH172
GRRHIO,UR1130,0,UR1130,GRRHIO|UR1130
HIXNY,HAHVMH,0,HAHVMH,HIXNY|HAHVMH
GRRHIO,UR0165,0,UR0165,GRRHIO|UR0165
HEALTHIX,DMIMD,0,DMIMD,HEALTHIX|DMIMD
HECDCS,HELEN-HAYES,0,HELEN-HAYES,HECDCS|HELEN-HAYES
GRRHIO,RR320,0,RR320,GRRHIO|RR320
HEALTHIX,KIDSCPA,0,KIDSCPA,HEALTHIX|KIDSCPA
HEALTHIX,MANNVM,0,MANNVM,HEALTHIX|MANNVM
GRRHIO,GRHHN,0,GRHHN,GRRHIO|GRHHN
HECDCS,FAM-SRVCS-WEST,0,FAM-SRVCS-WEST,HECDCS|FAM-SRVCS-WEST
BRONX,JOSE_A_GORIS,0,JOSE A GORIS,BRONX|JOSE A GORIS
BRONX,UNIVERSITY_MEDICAL,0,UNIVERSITY MEDICAL,BRONX|UNIVERSITY MEDICAL
GRRHIO,UR0509,0,UR0509,GRRHIO|UR0509
BRONX,PERRY_AVE_FM,0,PERRY AVE FM,BRONX|PERRY AVE FM
HEALTHIX,DJAMD,0,DJAMD,HEALTHIX|DJAMD
GRRHIO,RRH093,0,RRH093,GRRHIO|RRH093
GRRHIO,UR0122,0,UR0122,GRRHIO|UR0122
HEALTHIX,AICNY,0,AICNY,HEALTHIX|AICNY
GRRHIO,RR539,0,RR539,GRRHIO|RR539
HEALTHIX,ROGO,0,ROGO,HEALTHIX|ROGO
HIXNY,SPTWBLABDSDOC,0,SPTWBLABDSDOC,HIXNY|SPTWBLABDSDOC
HECDCS,PADMA-RAM,0,PADMA-RAM,HECDCS|PADMA-RAM
HEALTHIX,MSFPA,0,MSFPA,HEALTHIX|MSFPA
HEALTHIX,BHRHCC,0,BHRHCC,HEALTHIX|BHRHCC
HIXNY,GOI,0,GOI,HIXNY|GOI
TXD,HOUSE,0,HOUSE,TXD|HOUSE
GRRHIO,UR2306,0,UR2306,GRRHIO|UR2306
BRONX,SHELLY_SHI,0,SHELLY SHI,BRONX|SHELLY SHI
GRRHIO,UR0850,0,UR0850,GRRHIO|UR0850
GRRHIO,UR2310,0,UR2310,GRRHIO|UR2310
HIXNY,WMCBSMGCARD,0,WMCBSMGCARD,HIXNY|WMCBSMGCARD
HEALTHIX,ECWCFTH,0,ECWCFTH,HEALTHIX|ECWCFTH
HECDCS,KUDOS,0,KUDOS,HECDCS|KUDOS
HEALTHIX,MSEMS,0,MSEMS,HEALTHIX|MSEMS
HEALTHIX,HMCPLLC,0,HMCPLLC,HEALTHIX|HMCPLLC
GRRHIO,UR1773,0,UR1773,GRRHIO|UR1773
HIXNY,CPHDOC,0,CPHDOC,HIXNY|CPHDOC
HEALTHIX,YFCPP,0,YFCPP,HEALTHIX|YFCPP
TXD,WNSTDG,0,WNSTDG,TXD|WNSTDG
GRRHIO,UR2040,0,UR2040,GRRHIO|UR2040
BRONX,MIHAIL_MEDVEDOVSKY,0,MIHAIL MEDVEDOVSKY,BRONX|MIHAIL MEDVEDOVSKY
HIXNY,WELLSOFTEDIS,0,WELLSOFTEDIS,HIXNY|WELLSOFTEDIS
TXD,PPLRHB,0,PPLRHB,TXD|PPLRHB
GRRHIO,UR0802,0,UR0802,GRRHIO|UR0802
GRRHIO,UR2321,0,UR2321,GRRHIO|UR2321
TXD,JMHPED,0,JMHPED,TXD|JMHPED
HEALTHIX,ASTPC,0,ASTPC,HEALTHIX|ASTPC
HECDCS,CLAXTON-HEPBURN,0,CLAXTON-HEPBURN,HECDCS|CLAXTON-HEPBURN
HEALTHIX,BPPC,0,BPPC,HEALTHIX|BPPC
GRRHIO,UR1154,0,UR1154,GRRHIO|UR1154
GRRHIO,UR0661,0,UR0661,GRRHIO|UR0661
GRRHIO,EMSHENAS,0,EMSHENAS,GRRHIO|EMSHENAS
HEALTHIX,KAZE,0,KAZE,HEALTHIX|KAZE
GRRHIO,RRH392,0,RRH392,GRRHIO|RRH392
GRRHIO,RR516,0,RR516,GRRHIO|RR516
GRRHIO,UR1764,0,UR1764,GRRHIO|UR1764
GRRHIO,UR1938,0,UR1938,GRRHIO|UR1938
HECDCS,PED-MED-WORLD,0,PED-MED-WORLD,HECDCS|PED-MED-WORLD
HEALTHIX,SFCR,0,SFCR,HEALTHIX|SFCR
HEALTHIX,CAMELOT.DUPLICATE1,0,CAMELOT,HEALTHIX|CAMELOT
HIXNY,1518135979,0,1518135979,HIXNY|1518135979
HECDCS,HELIO-HEALTH,0,HELIO-HEALTH,HECDCS|HELIO-HEALTH
GRRHIO,RR409,0,RR409,GRRHIO|RR409
GRRHIO,FSL.DUPLICATE,0,FSL,GRRHIO|FSL
GRRHIO,WPG,0,WPG,GRRHIO|WPG
HIXNY,WMCOPBH,0,WMCOPBH,HIXNY|WMCOPBH
HIXNY,STPLOBGYNTDOC,0,STPLOBGYNTDOC,HIXNY|STPLOBGYNTDOC
GRRHIO,RR439,0,RR439,GRRHIO|RR439
HECDCS,VILMA-JUNIO,0,VILMA-JUNIO,HECDCS|VILMA-JUNIO
BRONX,MOHAMMED_K_RASHID,0,MOHAMMED K RASHID,BRONX|MOHAMMED K RASHID
GRRHIO,CCFM,0,CCFM,GRRHIO|CCFM
HEALTHIX,LFMA,0,LFMA,HEALTHIX|LFMA
GRRHIO,UR0294,0,UR0294,GRRHIO|UR0294
BRONX,S_HASAN_PHYSICIAN,0,S HASAN PHYSICIAN,BRONX|S HASAN PHYSICIAN
HIXNY,WMCKC19,0,WMCKC19,HIXNY|WMCKC19
HEALTHIX,AZEIT,0,AZEIT,HEALTHIX|AZEIT
BRONX,BLEULER_PSYCHOTHERAPY_CENTER,0,BLEULER PSYCHOTHERAPY CENTER,BRONX|BLEULER PSYCHOTHERAPY CENTER
HIXNY,SHSLM,0,SHSLM,HIXNY|SHSLM
HEALTHIX,WBXMPC,0,WBXMPC,HEALTHIX|WBXMPC
GRRHIO,UR1491,0,UR1491,GRRHIO|UR1491
HECDCS,OSBORN,0,OSBORN,HECDCS|OSBORN
GRRHIO,RRH672,0,RRH672,GRRHIO|RRH672
HIXNY,SPRT9AACCP,0,SPRT9AACCP,HIXNY|SPRT9AACCP
HIXNY,AMHSAHIVHL7,0,AMHSAHIVHL7,HIXNY|AMHSAHIVHL7
GRRHIO,RRH064,0,RRH064,GRRHIO|RRH064
HECDCS,ROBERT-J-WEISS,0,ROBERT-J-WEISS,HECDCS|ROBERT-J-WEISS
GRRHIO,UR0889,0,UR0889,GRRHIO|UR0889
HIXNY,FLFLALERT,0,FLFLALERT,HIXNY|FLFLALERT
GRRHIO,UR0585,0,UR0585,GRRHIO|UR0585
HECDCS,DIGESTIVE-DIS,0,DIGESTIVE-DIS,HECDCS|DIGESTIVE-DIS
HEALTHIX,CCMPC,0,CCMPC,HEALTHIX|CCMPC
GRRHIO,RRH368,0,RRH368,GRRHIO|RRH368
GRRHIO,RR654,0,RR654,GRRHIO|RR654
BRONX,RUDRAMA_DUGGIRALA_MEDICAL_SERVICES,0,RUDRAMA DUGGIRALA MEDICAL SERVICES,BRONX|RUDRAMA DUGGIRALA MEDICAL SERVICES
HECDCS,HAHV-BENEDICTINE,0,HAHV-BENEDICTINE,HECDCS|HAHV-BENEDICTINE
GRRHIO,UR1826,0,UR1826,GRRHIO|UR1826
GRRHIO,UR0766,0,UR0766,GRRHIO|UR0766
GRRHIO,UR1736,0,UR1736,GRRHIO|UR1736
GRRHIO,UR0434,0,UR0434,GRRHIO|UR0434
HEALTHIX,LMDP,0,LMDP,HEALTHIX|LMDP
HEALTHIX,GCOG,0,GCOG,HEALTHIX|GCOG
HEALTHIX,ECWMAND,0,ECWMAND,HEALTHIX|ECWMAND
GRRHIO,BTMN,0,BTMN,GRRHIO|BTMN
GRRHIO,UR1202,0,UR1202,GRRHIO|UR1202
GRRHIO,RRH373,0,RRH373,GRRHIO|RRH373
HEALTHIX,PESI,0,PESI,HEALTHIX|PESI
GRRHIO,MPLLC2,0,MPLLC2,GRRHIO|MPLLC2
HEALTHIX,DMA.DUPLICATE1,0,DMA,HEALTHIX|DMA
HEALTHIX,YWANG,0,YWANG,HEALTHIX|YWANG
GRRHIO,UR1969,0,UR1969,GRRHIO|UR1969
HEALTHIX,ECWNYTM,0,ECWNYTM,HEALTHIX|ECWNYTM
HEALTHIX,MHANYC,0,MHANYC,HEALTHIX|MHANYC
HIXNY,CPMPGENSRG,0,CPMPGENSRG,HIXNY|CPMPGENSRG
GRRHIO,UR2304,0,UR2304,GRRHIO|UR2304
BRONX,ENRIQUE_MEJIA,0,ENRIQUE MEJIA,BRONX|ENRIQUE MEJIA
GRRHIO,RRH802,0,RRH802,GRRHIO|RRH802
GRRHIO,RR374,0,RR374,GRRHIO|RR374
GRRHIO,UR2353,0,UR2353,GRRHIO|UR2353
HIXNY,AMHSAOPH,0,AMHSAOPH,HIXNY|AMHSAOPH
GRRHIO,RRH607,0,RRH607,GRRHIO|RRH607
HIXNY,WMCAPSGESKIDOC,0,WMCAPSGESKIDOC,HIXNY|WMCAPSGESKIDOC
GRRHIO,UR1606,0,UR1606,GRRHIO|UR1606
TXD,BCMISS,0,BCMISS,TXD|BCMISS
HIXNY,4965OMH,0,4965OMH,HIXNY|4965OMH
HECDCS,NASC-HLTH-OPT,0,NASC-HLTH-OPT,HECDCS|NASC-HLTH-OPT
HIXNY,WMCAPSFAMMADOC,0,WMCAPSFAMMADOC,HIXNY|WMCAPSFAMMADOC
GRRHIO,GPLPMM2,0,GPLPMM2,GRRHIO|GPLPMM2
HIXNY,CVPHENT,0,CVPHENT,HIXNY|CVPHENT
GRRHIO,UR1175,0,UR1175,GRRHIO|UR1175
BRONX,FATIMA_PEDIATRIC_MEDICAL_CARE,0,FATIMA PEDIATRIC MEDICAL CARE,BRONX|FATIMA PEDIATRIC MEDICAL CARE
TXD,SWETZ,0,SWETZ,TXD|SWETZ
HEALTHIX,JLGM,0,JLGM,HEALTHIX|JLGM
HIXNY,UBMD.DUPLICATE,0,UBMD,HIXNY|UBMD
HIXNY,AMHSAALGHL7,0,AMHSAALGHL7,HIXNY|AMHSAALGHL7
BRONX,CITY_MEDICAL_HEALTHCARE_ASSOCIATES,0,CITY MEDICAL HEALTHCARE ASSOCIATES,BRONX|CITY MEDICAL HEALTHCARE ASSOCIATES
GRRHIO,UR2180,0,UR2180,GRRHIO|UR2180
TXD,KSLDIA,0,KSLDIA,TXD|KSLDIA
GRRHIO,UR1254,0,UR1254,GRRHIO|UR1254
HIXNY,ECHWILMPC,0,ECHWILMPC,HIXNY|ECHWILMPC
HIXNY,WMCBSCHDOC,0,WMCBSCHDOC,HIXNY|WMCBSCHDOC
HEALTHIX,AHNRHS,0,AHNRHS,HEALTHIX|AHNRHS
HIXNY,SPBABSURDOC,0,SPBABSURDOC,HIXNY|SPBABSURDOC
HEALTHIX,NSCI,0,NSCI,HEALTHIX|NSCI
HEALTHIX,XYMO,0,XYMO,HEALTHIX|XYMO
GRRHIO,UR0333,0,UR0333,GRRHIO|UR0333
HIXNY,SPMOBCOLRECDOC,0,SPMOBCOLRECDOC,HIXNY|SPMOBCOLRECDOC
GRRHIO,UR0655,0,UR0655,GRRHIO|UR0655
HEALTHIX,JESTATE,0,JESTATE,HEALTHIX|JESTATE
GRRHIO,JUC2,0,JUC2,GRRHIO|JUC2
HEALTHIX,ECWJAFHC,0,ECWJAFHC,HEALTHIX|ECWJAFHC
HEALTHIX,PEDAMED,0,PEDAMED,HEALTHIX|PEDAMED
GRRHIO,RRH376,0,RRH376,GRRHIO|RRH376
GRRHIO,RBAS2,0,RBAS2,GRRHIO|RBAS2
HEALTHIX,HARLGP,0,HARLGP,HEALTHIX|HARLGP
HIXNY,RRHUHSMH,0,RRHUHSMH,HIXNY|RRHUHSMH
GRRHIO,RRH137,0,RRH137,GRRHIO|RRH137
GRRHIO,UR0261,0,UR0261,GRRHIO|UR0261
GRRHIO,RRH518,0,RRH518,GRRHIO|RRH518
GRRHIO,RRH369,0,RRH369,GRRHIO|RRH369
HEALTHIX,IBMD,0,IBMD,HEALTHIX|IBMD
GRRHIO,RRH700,0,RRH700,GRRHIO|RRH700
HEALTHIX,SCMD,0,SCMD,HEALTHIX|SCMD
HIXNY,AMJPCC,0,AMJPCC,HIXNY|AMJPCC
HIXNY,SPOBGYNCP,0,SPOBGYNCP,HIXNY|SPOBGYNCP
HECDCS,DRUGER-EYE-CARE,0,DRUGER-EYE-CARE,HECDCS|DRUGER-EYE-CARE
HEALTHIX,CENNR,0,CENNR,HEALTHIX|CENNR
GRRHIO,UR1467,0,UR1467,GRRHIO|UR1467
HEALTHIX,HEIPED,0,HEIPED,HEALTHIX|HEIPED
HIXNY,CVCPD,0,CVCPD,HIXNY|CVCPD
GRRHIO,RRH619,0,RRH619,GRRHIO|RRH619
GRRHIO,UR2189,0,UR2189,GRRHIO|UR2189
HEALTHIX,JOTH,0,JOTH,HEALTHIX|JOTH
GRRHIO,RRH322,0,RRH322,GRRHIO|RRH322
TXD,ALDEN,0,ALDEN,TXD|ALDEN
BRONX,LATINA_MEDICAL_OFFICE,0,LATINA MEDICAL OFFICE,BRONX|LATINA MEDICAL OFFICE
HIXNY,CMHNEPH,0,CMHNEPH,HIXNY|CMHNEPH
HIXNY,GFHCCT,0,GFHCCT,HIXNY|GFHCCT
GRRHIO,LGPED2,0,LGPED2,GRRHIO|LGPED2
GRRHIO,EPEDS2,0,EPEDS2,GRRHIO|EPEDS2
HECDCS,CHP-SCH-PHY-GRP,0,CHP-SCH-PHY-GRP,HECDCS|CHP-SCH-PHY-GRP
HIXNY,SHSPINE,0,SHSPINE,HIXNY|SHSPINE
HEALTHIX,MSFMHC,0,MSFMHC,HEALTHIX|MSFMHC
HIXNY,HECNMG,0,HECNMG,HIXNY|HECNMG
GRRHIO,RRH722,0,RRH722,GRRHIO|RRH722
TXD,JMHOPL,0,JMHOPL,TXD|JMHOPL
BRONX,CENTERLIGHT_PACE,0,CENTERLIGHT PACE,BRONX|CENTERLIGHT PACE
GRRHIO,RR262,0,RR262,GRRHIO|RR262
HEALTHIX,MEHC,0,MEHC,HEALTHIX|MEHC
GRRHIO,RRH655,0,RRH655,GRRHIO|RRH655
HIXNY,INSYNC50866,0,INSYNC50866,HIXNY|INSYNC50866
HIXNY,HECCHCA,0,HECCHCA,HIXNY|HECCHCA
GRRHIO,RRH641,0,RRH641,GRRHIO|RRH641
HIXNY,METRIPORTCCP,0,METRIPORTCCP,HIXNY|METRIPORTCCP
GRRHIO,UR2101,0,UR2101,GRRHIO|UR2101
GRRHIO,RR742,0,RR742,GRRHIO|RR742
HIXNY,WMCOPDMEDG,0,WMCOPDMEDG,HIXNY|WMCOPDMEDG
TXD,CHNND,0,CHNND,TXD|CHNND
GRRHIO,KHS.DUPLICATE,0,KHS,GRRHIO|KHS
HEALTHIX,CATHCHAR,0,CATHCHAR,HEALTHIX|CATHCHAR
HIXNY,AHMCWALKIN,0,AHMCWALKIN,HIXNY|AHMCWALKIN
BRONX,LAURELTON_HEART_SPECIALIST,0,LAURELTON HEART SPECIALIST,BRONX|LAURELTON HEART SPECIALIST
GRRHIO,UR2252,0,UR2252,GRRHIO|UR2252
HIXNY,AMALHRTINFSDOC,0,AMALHRTINFSDOC,HIXNY|AMALHRTINFSDOC
HECDCS,NEPHROLOGY-ASSOC,0,NEPHROLOGY-ASSOC,HECDCS|NEPHROLOGY-ASSOC
HEALTHIX,SSMG,0,SSMG,HEALTHIX|SSMG
GRRHIO,PCS,0,PCS,GRRHIO|PCS
HEALTHIX,CKMG,0,CKMG,HEALTHIX|CKMG
GRRHIO,UR0780,0,UR0780,GRRHIO|UR0780
HEALTHIX,SADO,0,SADO,HEALTHIX|SADO
GRRHIO,UR0384,0,UR0384,GRRHIO|UR0384
HEALTHIX,CNYM,0,CNYM,HEALTHIX|CNYM
HIXNY,CDPC,0,CDPC,HIXNY|CDPC
HIXNY,CPMGORTHO,0,CPMGORTHO,HIXNY|CPMGORTHO
HEALTHIX,TGMD,0,TGMD,HEALTHIX|TGMD
HIXNY,WMCBSMGSURG,0,WMCBSMGSURG,HIXNY|WMCBSMGSURG
GRRHIO,JHR,0,JHR,GRRHIO|JHR
HECDCS,ICAN,0,ICAN,HECDCS|ICAN
HIXNY,SHPTOT,0,SHPTOT,HIXNY|SHPTOT
GRRHIO,RRH049,0,RRH049,GRRHIO|RRH049
GRRHIO,UR1350,0,UR1350,GRRHIO|UR1350
HEALTHIX,AACNY,0,AACNY,HEALTHIX|AACNY
HIXNY,NRFSBHS,0,NRFSBHS,HIXNY|NRFSBHS
GRRHIO,GOASM,0,GOASM,GRRHIO|GOASM
HIXNY,CMHBH,0,CMHBH,HIXNY|CMHBH
GRRHIO,UR2024,0,UR2024,GRRHIO|UR2024
HEALTHIX,EGHEALTH,0,EGHEALTH,HEALTHIX|EGHEALTH
HIXNY,CVCPDDOC,0,CVCPDDOC,HIXNY|CVCPDDOC
HECDCS,SAM-HOME-HEALTH,0,SAM-HOME-HEALTH,HECDCS|SAM-HOME-HEALTH
GRRHIO,GKM2,0,GKM2,GRRHIO|GKM2
HIXNY,SPSFHFAMMEDDOC,0,SPSFHFAMMEDDOC,HIXNY|SPSFHFAMMEDDOC
BRONX,MEDEXPLUS_MEDICAL,0,MEDEXPLUS MEDICAL,BRONX|MEDEXPLUS MEDICAL
GRRHIO,UR0259,0,UR0259,GRRHIO|UR0259
GRRHIO,UR0788,0,UR0788,GRRHIO|UR0788
HEALTHIX,PHMP,0,PHMP,HEALTHIX|PHMP
HEALTHIX,GOME,0,GOME,HEALTHIX|GOME
HIXNY,WMCAPSURLHADOC,0,WMCAPSURLHADOC,HIXNY|WMCAPSURLHADOC
GRRHIO,UR1990,0,UR1990,GRRHIO|UR1990
HEALTHIX,ADTMD,0,ADTMD,HEALTHIX|ADTMD
HECDCS,KID-HYP-CON,0,KID-HYP-CON,HECDCS|KID-HYP-CON
GRRHIO,UR2204,0,UR2204,GRRHIO|UR2204
HIXNY,AMALLABDOC,0,AMALLABDOC,HIXNY|AMALLABDOC
BRONX,JCL_MEDICAL,0,JCL MEDICAL,BRONX|JCL MEDICAL
GRRHIO,RRH963,0,RRH963,GRRHIO|RRH963
GRRHIO,NAR,0,NAR,GRRHIO|NAR
GRRHIO,RR641,0,RR641,GRRHIO|RR641
HIXNY,WMCAPSGMISH,0,WMCAPSGMISH,HIXNY|WMCAPSGMISH
BRONX,ARTHUR_R_DOVE,0,ARTHUR R DOVE,BRONX|ARTHUR R DOVE
BRONX,DIVINO_NINO_PEDIATRICS,0,DIVINO NINO PEDIATRICS,BRONX|DIVINO NINO PEDIATRICS
HECDCS,WEE-CARE-PEDS,0,WEE-CARE-PEDS,HECDCS|WEE-CARE-PEDS
HEALTHIX,UWSMA,0,UWSMA,HEALTHIX|UWSMA
HEALTHIX,CATUCCI,0,CATUCCI,HEALTHIX|CATUCCI
HEALTHIX,WHMC2,0,WHMC2,HEALTHIX|WHMC2
HIXNY,HECAP,0,HECAP,HIXNY|HECAP
HIXNY,1326066556,0,1326066556,HIXNY|1326066556
GRRHIO,RR768,0,RR768,GRRHIO|RR768
GRRHIO,UR0550,0,UR0550,GRRHIO|UR0550
GRRHIO,UR2331,0,UR2331,GRRHIO|UR2331
HIXNY,WMCAPSOBHADOC,0,WMCAPSOBHADOC,HIXNY|WMCAPSOBHADOC
HEALTHIX,QMMC,0,QMMC,HEALTHIX|QMMC
HEALTHIX,MPDU,0,MPDU,HEALTHIX|MPDU
HIXNY,CMHWOMENHL7,0,CMHWOMENHL7,HIXNY|CMHWOMENHL7
GRRHIO,UR2330,0,UR2330,GRRHIO|UR2330
HIXNY,SPBABIND,0,SPBABIND,HIXNY|SPBABIND
HEALTHIX,DHNH,0,DHNH,HEALTHIX|DHNH
GRRHIO,RRH682,0,RRH682,GRRHIO|RRH682
HEALTHIX,ESMAS,0,ESMAS,HEALTHIX|ESMAS
GRRHIO,RRH195,0,RRH195,GRRHIO|RRH195
HIXNY,MANUELASTRUC,0,MANUELASTRUC,HIXNY|MANUELASTRUC
HEALTHIX,HHGOU,0,HHGOU,HEALTHIX|HHGOU
TXD,ABSOBK,0,ABSOBK,TXD|ABSOBK
HEALTHIX,CNRH,0,CNRH,HEALTHIX|CNRH
HEALTHIX,HAMASPIKKC,0,HAMASPIKKC,HEALTHIX|HAMASPIKKC
BRONX,RISEWELL_COMMUNITY_SERVICES,0,RISEWELL COMMUNITY SERVICES,BRONX|RISEWELL COMMUNITY SERVICES
GRRHIO,ELBSNF,0,ELBSNF,GRRHIO|ELBSNF
GRRHIO,UR0977,0,UR0977,GRRHIO|UR0977
HEALTHIX,IMCNY,0,IMCNY,HEALTHIX|IMCNY
HEALTHIX,CHMOPC,0,CHMOPC,HEALTHIX|CHMOPC
GRRHIO,RR790,0,RR790,GRRHIO|RR790
HEALTHIX,BEWU,0,BEWU,HEALTHIX|BEWU
BRONX,RANDALL_MEDICAL_OFFICE,0,RANDALL MEDICAL OFFICE,BRONX|RANDALL MEDICAL OFFICE
GRRHIO,RR176,0,RR176,GRRHIO|RR176
GRRHIO,FLI2,0,FLI2,GRRHIO|FLI2
HIXNY,PAPLIMAGE317DOC,0,PAPLIMAGE317DOC,HIXNY|PAPLIMAGE317DOC
HECDCS,DJAFARI-PEDS,0,DJAFARI-PEDS,HECDCS|DJAFARI-PEDS
BRONX,AXIOM_MEDICAL,0,AXIOM MEDICAL,BRONX|AXIOM MEDICAL
HIXNY,WMCOPDGENSUDOC,0,WMCOPDGENSUDOC,HIXNY|WMCOPDGENSUDOC
HEALTHIX,MASSAPEQUASNF,0,MASSAPEQUASNF,HEALTHIX|MASSAPEQUASNF
BRONX,VEENA_CHADDA,0,VEENA CHADDA,BRONX|VEENA CHADDA
HEALTHIX,ECWCATUCCI,0,ECWCATUCCI,HEALTHIX|ECWCATUCCI
GRRHIO,RRC,0,RRC,GRRHIO|RRC
HIXNY,CPMGEYE,0,CPMGEYE,HIXNY|CPMGEYE
GRRHIO,RRH948,0,RRH948,GRRHIO|RRH948
HIXNY,NYOHIMAGE,0,NYOHIMAGE,HIXNY|NYOHIMAGE
HEALTHIX,ECWRDELM,0,ECWRDELM,HEALTHIX|ECWRDELM
HIXNY,AHMCMP3,0,AHMCMP3,HIXNY|AHMCMP3
BRONX,SAMUEL_PIO_BANGUG,0,SAMUEL PIO BANGUG,BRONX|SAMUEL PIO BANGUG
HIXNY,RAMANI,0,RAMANI,HIXNY|RAMANI
HIXNY,CCDHS,0,CCDHS,HIXNY|CCDHS
BRONX,WESTCHESTER_AVE_FM,0,WESTCHESTER AVE FM,BRONX|WESTCHESTER AVE FM
GRRHIO,UR0401,0,UR0401,GRRHIO|UR0401
GRRHIO,KFP.DUPLICATE,0,KFP,GRRHIO|KFP
HEALTHIX,ACMH.DUPLICATE1,0,ACMH,HEALTHIX|ACMH
HEALTHIX,SMSMD,0,SMSMD,HEALTHIX|SMSMD
GRRHIO,UR0263,0,UR0263,GRRHIO|UR0263
HIXNY,WMCAPSOVADOC,0,WMCAPSOVADOC,HIXNY|WMCAPSOVADOC
TXD,MELGAR,0,MELGAR,TXD|MELGAR
BRONX,BAOEN_JIANG_MEDICINE,0,BAOEN JIANG MEDICINE,BRONX|BAOEN JIANG MEDICINE
GRRHIO,UR0845,0,UR0845,GRRHIO|UR0845
GRRHIO,RRH493,0,RRH493,GRRHIO|RRH493
GRRHIO,UR1049,0,UR1049,GRRHIO|UR1049
GRRHIO,UR1322,0,UR1322,GRRHIO|UR1322
HIXNY,FOURWNDS,0,FOURWNDS,HIXNY|FOURWNDS
GRRHIO,UR0461,0,UR0461,GRRHIO|UR0461
GRRHIO,UR1005,0,UR1005,GRRHIO|UR1005
GRRHIO,NVFP,0,NVFP,GRRHIO|NVFP
HECDCS,CNY-INFUSION,0,CNY-INFUSION,HECDCS|CNY-INFUSION
HIXNY,PROMEDCON,0,PROMEDCON,HIXNY|PROMEDCON
HEALTHIX,TBLI,0,TBLI,HEALTHIX|TBLI
GRRHIO,UR2158,0,UR2158,GRRHIO|UR2158
HIXNY,ELLSPCP,0,ELLSPCP,HIXNY|ELLSPCP
HIXNY,AMBPCC,0,AMBPCC,HIXNY|AMBPCC
GRRHIO,RRH237,0,RRH237,GRRHIO|RRH237
HEALTHIX,CCMD,0,CCMD,HEALTHIX|CCMD
HEALTHIX,PAAS,0,PAAS,HEALTHIX|PAAS
HIXNY,STPLCARDDOC,0,STPLCARDDOC,HIXNY|STPLCARDDOC
HEALTHIX,WORNC,0,WORNC,HEALTHIX|WORNC
HEALTHIX,ECWQUENTM,0,ECWQUENTM,HEALTHIX|ECWQUENTM
HECDCS,CHP-PRIM-ITHACA,0,CHP-PRIM-ITHACA,HECDCS|CHP-PRIM-ITHACA
HEALTHIX,NYTM,0,NYTM,HEALTHIX|NYTM
HECDCS,SYR-REC-SRVCS,0,SYR-REC-SRVCS,HECDCS|SYR-REC-SRVCS
HEALTHIX,ECWCHGE,0,ECWCHGE,HEALTHIX|ECWCHGE
HECDCS,FAM-MED-CARTHAGE,0,FAM-MED-CARTHAGE,HECDCS|FAM-MED-CARTHAGE
HECDCS,ABSOLUT-CTR,0,ABSOLUT-CTR,HECDCS|ABSOLUT-CTR
HEALTHIX,PHIM,0,PHIM,HEALTHIX|PHIM
GRRHIO,UR1709,0,UR1709,GRRHIO|UR1709
HIXNY,CMHGASHL7,0,CMHGASHL7,HIXNY|CMHGASHL7
HIXNY,KINGSWAY,0,KINGSWAY,HIXNY|KINGSWAY
HEALTHIX,SBLIVET,0,SBLIVET,HEALTHIX|SBLIVET
HEALTHIX,ARM,0,ARM,HEALTHIX|ARM
HEALTHIX,BRMD,0,BRMD,HEALTHIX|BRMD
HEALTHIX,BHCF,0,BHCF,HEALTHIX|BHCF
GRRHIO,UR1994,0,UR1994,GRRHIO|UR1994
BRONX,PRESTIGE_PEDIATRIC_CARE,0,PRESTIGE PEDIATRIC CARE,BRONX|PRESTIGE PEDIATRIC CARE
BRONX,ARTHUR_HALL,0,ARTHUR HALL,BRONX|ARTHUR HALL
HEALTHIX,NGEM,0,NGEM,HEALTHIX|NGEM
HIXNY,SHWOUN,0,SHWOUN,HIXNY|SHWOUN
HIXNY,WMCAPSBSVA,0,WMCAPSBSVA,HIXNY|WMCAPSBSVA
HIXNY,SNTRCATHLAB,0,SNTRCATHLAB,HIXNY|SNTRCATHLAB
TXD,YASPER,0,YASPER,TXD|YASPER
GRRHIO,RRH987,0,RRH987,GRRHIO|RRH987
TXD,ELDLAN,0,ELDLAN,TXD|ELDLAN
HIXNY,WMCAPSENTRBDOC,0,WMCAPSENTRBDOC,HIXNY|WMCAPSENTRBDOC
GRRHIO,UR1680,0,UR1680,GRRHIO|UR1680
HEALTHIX,ICLBH,0,ICLBH,HEALTHIX|ICLBH
BRONX,WASHINGTON_HEIGHTS_PEDIATRICS,0,WASHINGTON HEIGHTS PEDIATRICS,BRONX|WASHINGTON HEIGHTS PEDIATRICS
GRRHIO,UR2146,0,UR2146,GRRHIO|UR2146
BRONX,WILLIAM_G_JOHNSON,0,WILLIAM G JOHNSON,BRONX|WILLIAM G JOHNSON
GRRHIO,UR2289,0,UR2289,GRRHIO|UR2289
HIXNY,WMCAPSPULVA,0,WMCAPSPULVA,HIXNY|WMCAPSPULVA
GRRHIO,UR1947,0,UR1947,GRRHIO|UR1947
HEALTHIX,GAMP,0,GAMP,HEALTHIX|GAMP
HEALTHIX,KHORNE,0,KHORNE,HEALTHIX|KHORNE
GRRHIO,RRH705,0,RRH705,GRRHIO|RRH705
HEALTHIX,NYCNC,0,NYCNC,HEALTHIX|NYCNC
GRRHIO,UR2054,0,UR2054,GRRHIO|UR2054
HEALTHIX,PENY,0,PENY,HEALTHIX|PENY
GRRHIO,UR0691,0,UR0691,GRRHIO|UR0691
TXD,ACDOH,0,ACDOH,TXD|ACDOH
TXD,HRNLWH,0,HRNLWH,TXD|HRNLWH
HEALTHIX,EPGL,0,EPGL,HEALTHIX|EPGL
GRRHIO,UR1952,0,UR1952,GRRHIO|UR1952
GRRHIO,EMSMEDFD,0,EMSMEDFD,GRRHIO|EMSMEDFD
GRRHIO,GEST,0,GEST,GRRHIO|GEST
GRRHIO,UR2145,0,UR2145,GRRHIO|UR2145
GRRHIO,UR0654,0,UR0654,GRRHIO|UR0654
HECDCS,SAMUEL-K-GOOLDY,0,SAMUEL-K-GOOLDY,HECDCS|SAMUEL-K-GOOLDY
GRRHIO,BP,0,BP,GRRHIO|BP
HIXNY,AMDPCCPED,0,AMDPCCPED,HIXNY|AMDPCCPED
HECDCS,NANCY-A-GIRARD,0,NANCY-A-GIRARD,HECDCS|NANCY-A-GIRARD
HEALTHIX,SAHMA,0,SAHMA,HEALTHIX|SAHMA
HEALTHIX,JCPC,0,JCPC,HEALTHIX|JCPC
GRRHIO,RR499,0,RR499,GRRHIO|RR499
HEALTHIX,DSSU,0,DSSU,HEALTHIX|DSSU
HEALTHIX,RZPPLLC,0,RZPPLLC,HEALTHIX|RZPPLLC
GRRHIO,DTMD2,0,DTMD2,GRRHIO|DTMD2
GRRHIO,UR0980,0,UR0980,GRRHIO|UR0980
GRRHIO,UR2215,0,UR2215,GRRHIO|UR2215
HIXNY,SRPLATHAMDOC,0,SRPLATHAMDOC,HIXNY|SRPLATHAMDOC
GRRHIO,UR2267,0,UR2267,GRRHIO|UR2267
BRONX,JONATHAN_S_LEIBOWITZ,0,JONATHAN S LEIBOWITZ,BRONX|JONATHAN S LEIBOWITZ
HEALTHIX,GGAKBE,0,GGAKBE,HEALTHIX|GGAKBE
GRRHIO,UR2153,0,UR2153,GRRHIO|UR2153
TXD,JMOP,0,JMOP,TXD|JMOP
HEALTHIX,FEDC,0,FEDC,HEALTHIX|FEDC
HEALTHIX,IFDI,0,IFDI,HEALTHIX|IFDI
HIXNY,CPMURLG,0,CPMURLG,HIXNY|CPMURLG
HIXNY,GRNE,0,GRNE,HIXNY|GRNE
GRRHIO,RR383,0,RR383,GRRHIO|RR383
HEALTHIX,HICKMC,0,HICKMC,HEALTHIX|HICKMC
HIXNY,WMCAPSENDKI,0,WMCAPSENDKI,HIXNY|WMCAPSENDKI
HEALTHIX,XUZH,0,XUZH,HEALTHIX|XUZH
GRRHIO,RR764,0,RR764,GRRHIO|RR764
HIXNY,SRPLHUDSON,0,SRPLHUDSON,HIXNY|SRPLHUDSON
HEALTHIX,DBFMC,0,DBFMC,HEALTHIX|DBFMC
HEALTHIX,PKWE,0,PKWE,HEALTHIX|PKWE
GRRHIO,RR477,0,RR477,GRRHIO|RR477
HECDCS,ARUL-ARUL,0,ARUL-ARUL,HECDCS|ARUL-ARUL
HIXNY,WMCOPDGENORDOC,0,WMCOPDGENORDOC,HIXNY|WMCOPDGENORDOC
HEALTHIX,GRACEPLZ,0,GRACEPLZ,HEALTHIX|GRACEPLZ
HIXNY,PAPLIMAGE319,0,PAPLIMAGE319,HIXNY|PAPLIMAGE319
GRRHIO,RR376,0,RR376,GRRHIO|RR376
HIXNY,CPMGPOTPED,0,CPMGPOTPED,HIXNY|CPMGPOTPED
BRONX,MARCIA_MORGAN,0,MARCIA MORGAN,BRONX|MARCIA MORGAN
HIXNY,WMCAPSGORSSDOC,0,WMCAPSGORSSDOC,HIXNY|WMCAPSGORSSDOC
GRRHIO,UR0345,0,UR0345,GRRHIO|UR0345
BRONX,PRIME_MEDICAL_CARE,0,PRIME MEDICAL CARE,BRONX|PRIME MEDICAL CARE
HECDCS,JAWONIO,0,JAWONIO,HECDCS|JAWONIO
TXD,HNWEVG,0,HNWEVG,TXD|HNWEVG
GRRHIO,RRH651,0,RRH651,GRRHIO|RRH651
HEALTHIX,AMTODAY,0,AMTODAY,HEALTHIX|AMTODAY
HECDCS,WOOD-PALTZ,0,WOOD-PALTZ,HECDCS|WOOD-PALTZ
GRRHIO,UR2194,0,UR2194,GRRHIO|UR2194
HECDCS,XAVIER-MED,0,XAVIER-MED,HECDCS|XAVIER-MED
HEALTHIX,MHANC,0,MHANC,HEALTHIX|MHANC
BRONX,EMEREST_HEALTH,0,EMEREST HEALTH,BRONX|EMEREST HEALTH
HEALTHIX,HENRYSSBH,0,HENRYSSBH,HEALTHIX|HENRYSSBH
TXD,KIDLNK,0,KIDLNK,TXD|KIDLNK
BRONX,GANESH_AND_KARIM_PHYSICIANS,0,GANESH AND KARIM PHYSICIANS,BRONX|GANESH AND KARIM PHYSICIANS
HIXNY,AMHSANEUPE,0,AMHSANEUPE,HIXNY|AMHSANEUPE
GRRHIO,UR2124,0,UR2124,GRRHIO|UR2124
GRRHIO,UR0305,0,UR0305,GRRHIO|UR0305
HECDCS,JEWISH-HOME-CNY,0,JEWISH-HOME-CNY,HECDCS|JEWISH-HOME-CNY
HIXNY,AMGPCCPUL,0,AMGPCCPUL,HIXNY|AMGPCCPUL
GRRHIO,UR1737,0,UR1737,GRRHIO|UR1737
HECDCS,KAREN-LINDNER,0,KAREN-LINDNER,HECDCS|KAREN-LINDNER
HIXNY,CMHPTOT,0,CMHPTOT,HIXNY|CMHPTOT
GRRHIO,RRH029,0,RRH029,GRRHIO|RRH029
HEALTHIX,SUNMPC,0,SUNMPC,HEALTHIX|SUNMPC
HECDCS,ALL-STAR-PEDS,0,ALL-STAR-PEDS,HECDCS|ALL-STAR-PEDS
HEALTHIX,AAZE,0,AAZE,HEALTHIX|AAZE
HIXNY,WMCAPSCTSVADOC,0,WMCAPSCTSVADOC,HIXNY|WMCAPSCTSVADOC
HEALTHIX,SPOP,0,SPOP,HEALTHIX|SPOP
HEALTHIX,LRTN,0,LRTN,HEALTHIX|LRTN
TXD,SAFSTH,0,SAFSTH,TXD|SAFSTH
HIXNY,SPHPNRC,0,SPHPNRC,HIXNY|SPHPNRC
GRRHIO,RR429,0,RR429,GRRHIO|RR429
HECDCS,BHISHAM-GARG,0,BHISHAM-GARG,HECDCS|BHISHAM-GARG
TXD,VENFOR,0,VENFOR,TXD|VENFOR
HIXNY,HECMH,0,HECMH,HIXNY|HECMH
GRRHIO,RR252,0,RR252,GRRHIO|RR252
GRRHIO,UR1744,0,UR1744,GRRHIO|UR1744
HECDCS,PUTNAM-NURSING,0,PUTNAM-NURSING,HECDCS|PUTNAM-NURSING
GRRHIO,RR579,0,RR579,GRRHIO|RR579
GRRHIO,UR2150,0,UR2150,GRRHIO|UR2150
GRRHIO,UR0551,0,UR0551,GRRHIO|UR0551
HEALTHIX,PRMSPC,0,PRMSPC,HEALTHIX|PRMSPC
GRRHIO,RR454,0,RR454,GRRHIO|RR454
HECDCS,JAMES-P-LENTINI,0,JAMES-P-LENTINI,HECDCS|JAMES-P-LENTINI
TXD,MAXLOC,0,MAXLOC,TXD|MAXLOC
HEALTHIX,LMARSH,0,LMARSH,HEALTHIX|LMARSH
HIXNY,CAAAC,0,CAAAC,HIXNY|CAAAC
BRONX,GASTRO_OF_THE_BRONX,0,GASTRO OF THE BRONX,BRONX|GASTRO OF THE BRONX
HIXNY,FCEMS,0,FCEMS,HIXNY|FCEMS
GRRHIO,UR1591,0,UR1591,GRRHIO|UR1591
TXD,JMHCP3,0,JMHCP3,TXD|JMHCP3
HEALTHIX,LISP,0,LISP,HEALTHIX|LISP
GRRHIO,RRH625,0,RRH625,GRRHIO|RRH625
HEALTHIX,ASLMED,0,ASLMED,HEALTHIX|ASLMED
BRONX,KALPANA_R_MASTER_PHYSICIAN,0,KALPANA R MASTER PHYSICIAN,BRONX|KALPANA R MASTER PHYSICIAN
GRRHIO,UR0510,0,UR0510,GRRHIO|UR0510
HIXNY,WMCOPDMEDSDOC,0,WMCOPDMEDSDOC,HIXNY|WMCOPDMEDSDOC
HEALTHIX,SCRN,0,SCRN,HEALTHIX|SCRN
HIXNY,SPMEAFETAL2,0,SPMEAFETAL2,HIXNY|SPMEAFETAL2
HIXNY,AMHSAPLAHL7,0,AMHSAPLAHL7,HIXNY|AMHSAPLAHL7
HIXNY,WMCOPDENDODOC,0,WMCOPDENDODOC,HIXNY|WMCOPDENDODOC
BRONX,ANDRES_URENA,0,ANDRES URENA,BRONX|ANDRES URENA
HEALTHIX,KERJJ,0,KERJJ,HEALTHIX|KERJJ
GRRHIO,RRH623,0,RRH623,GRRHIO|RRH623
GRRHIO,RRH806,0,RRH806,GRRHIO|RRH806
HIXNY,AMHSATRAN,0,AMHSATRAN,HIXNY|AMHSATRAN
GRRHIO,BRMC.DUPLICATE,0,BRMC,GRRHIO|BRMC
GRRHIO,UR2069,0,UR2069,GRRHIO|UR2069
HEALTHIX,SSRNC,0,SSRNC,HEALTHIX|SSRNC
HEALTHIX,NMAGC,0,NMAGC,HEALTHIX|NMAGC
HIXNY,HIXNYECON,0,HIXNYECON,HIXNY|HIXNYECON
HEALTHIX,SFCAPE,0,SFCAPE,HEALTHIX|SFCAPE
HIXNY,PHC,0,PHC,HIXNY|PHC
HIXNY,1912239179,0,1912239179,HIXNY|1912239179
HECDCS,CNY-COSMETIC,0,CNY-COSMETIC,HECDCS|CNY-COSMETIC
HEALTHIX,ECWBRMD,0,ECWBRMD,HEALTHIX|ECWBRMD
HIXNY,WMCAPSNEUNP,0,WMCAPSNEUNP,HIXNY|WMCAPSNEUNP
HECDCS,PCRRB-EMS,0,PCRRB-EMS,HECDCS|PCRRB-EMS
HEALTHIX,RFAFAL,0,RFAFAL,HEALTHIX|RFAFAL
HIXNY,WMCAPSCTSKI,0,WMCAPSCTSKI,HIXNY|WMCAPSCTSKI
HECDCS,LEOPOLDO-ABIS,0,LEOPOLDO-ABIS,HECDCS|LEOPOLDO-ABIS
HECDCS,CARDINAL-FAM-MED,0,CARDINAL-FAM-MED,HECDCS|CARDINAL-FAM-MED
GRRHIO,UR1757,0,UR1757,GRRHIO|UR1757
HEALTHIX,JEQM,0,JEQM,HEALTHIX|JEQM
HEALTHIX,ECWLYSM,0,ECWLYSM,HEALTHIX|ECWLYSM
HIXNY,SNTRCATHLABDOC,0,SNTRCATHLABDOC,HIXNY|SNTRCATHLABDOC
HECDCS,OSWEGO-CORR,0,OSWEGO-CORR,HECDCS|OSWEGO-CORR
GRRHIO,RRH098,0,RRH098,GRRHIO|RRH098
GRRHIO,UR0976,0,UR0976,GRRHIO|UR0976
HEALTHIX,DSSM,0,DSSM,HEALTHIX|DSSM
GRRHIO,UR2231,0,UR2231,GRRHIO|UR2231
HEALTHIX,YESI,0,YESI,HEALTHIX|YESI
BRONX,MARTHA_S_WONG,0,MARTHA S WONG,BRONX|MARTHA S WONG
HIXNY,LIBFMPR,0,LIBFMPR,HIXNY|LIBFMPR
GRRHIO,ENHHN,0,ENHHN,GRRHIO|ENHHN
HEALTHIX,OCFRN,0,OCFRN,HEALTHIX|OCFRN
HEALTHIX,ELMYAA,0,ELMYAA,HEALTHIX|ELMYAA
HECDCS,CHP-PHYSIATRY,0,CHP-PHYSIATRY,HECDCS|CHP-PHYSIATRY
HEALTHIX,ECWRMCP,0,ECWRMCP,HEALTHIX|ECWRMCP
HEALTHIX,SPME,0,SPME,HEALTHIX|SPME
BRONX,URBAN_PEDIATRICS_PC_–_DR._JINDAL,0,URBAN PEDIATRICS PC – DR. JINDAL,BRONX|URBAN PEDIATRICS PC – DR. JINDAL
GRRHIO,UR0362,0,UR0362,GRRHIO|UR0362
GRRHIO,RR519,0,RR519,GRRHIO|RR519
GRRHIO,RR459,0,RR459,GRRHIO|RR459
HEALTHIX,GPCE,0,GPCE,HEALTHIX|GPCE
GRRHIO,UR1136,0,UR1136,GRRHIO|UR1136
HEALTHIX,NPRN,0,NPRN,HEALTHIX|NPRN
HEALTHIX,NYMIS,0,NYMIS,HEALTHIX|NYMIS
TXD,BHC,0,BHC,TXD|BHC
HIXNY,LIBERTYARC,0,LIBERTYARC,HIXNY|LIBERTYARC
HEALTHIX,ECWMMAJEED,0,ECWMMAJEED,HEALTHIX|ECWMMAJEED
HIXNY,PINESUTICADOC,0,PINESUTICADOC,HIXNY|PINESUTICADOC
GRRHIO,UR1480,0,UR1480,GRRHIO|UR1480
GRRHIO,UR1664,0,UR1664,GRRHIO|UR1664
HIXNY,ELDERUIH,0,ELDERUIH,HIXNY|ELDERUIH
GRRHIO,RRH216,0,RRH216,GRRHIO|RRH216
HEALTHIX,CBNRC,0,CBNRC,HEALTHIX|CBNRC
GRRHIO,WIM,0,WIM,GRRHIO|WIM
HEALTHIX,IHPP,0,IHPP,HEALTHIX|IHPP
HIXNY,227650,0,227650,HIXNY|227650
TXD,MAXNEW,0,MAXNEW,TXD|MAXNEW
HEALTHIX,MPAS,0,MPAS,HEALTHIX|MPAS
HIXNY,EDDYSRPACE,0,EDDYSRPACE,HIXNY|EDDYSRPACE
HIXNY,WMCAPSVASCADOC,0,WMCAPSVASCADOC,HIXNY|WMCAPSVASCADOC
HIXNY,1124071709,0,1124071709,HIXNY|1124071709
HEALTHIX,JKRAM,0,JKRAM,HEALTHIX|JKRAM
BRONX,DAVID_KRUMHOLZ,0,DAVID KRUMHOLZ,BRONX|DAVID KRUMHOLZ
HIXNY,SPVRBFAMNISDOC,0,SPVRBFAMNISDOC,HIXNY|SPVRBFAMNISDOC
GRRHIO,UR0752,0,UR0752,GRRHIO|UR0752
GRRHIO,RRH375,0,RRH375,GRRHIO|RRH375
GRRHIO,RR199,0,RR199,GRRHIO|RR199
HIXNY,GSMD,0,GSMD,HIXNY|GSMD
HECDCS,MIRZA-M-ASHRAF,0,MIRZA-M-ASHRAF,HECDCS|MIRZA-M-ASHRAF
HECDCS,BS-HOSP-2,0,BS-HOSP-2,HECDCS|BS-HOSP-2
GRRHIO,RRH173,0,RRH173,GRRHIO|RRH173
HEALTHIX,WSPP,0,WSPP,HEALTHIX|WSPP
HIXNY,HECCNYC,0,HECCNYC,HIXNY|HECCNYC
GRRHIO,RRH942,0,RRH942,GRRHIO|RRH942
HEALTHIX,RSNRC,0,RSNRC,HEALTHIX|RSNRC
HECDCS,PRES-HOMES,0,PRES-HOMES,HECDCS|PRES-HOMES
GRRHIO,UR1098,0,UR1098,GRRHIO|UR1098
GRRHIO,RR595,0,RR595,GRRHIO|RR595
HEALTHIX,MASOOD,0,MASOOD,HEALTHIX|MASOOD
HIXNY,AMALANTICGDOC,0,AMALANTICGDOC,HIXNY|AMALANTICGDOC
HIXNY,WMCBFRAWLEY,0,WMCBFRAWLEY,HIXNY|WMCBFRAWLEY
GRRHIO,UR0824,0,UR0824,GRRHIO|UR0824
GRRHIO,TRMMST,0,TRMMST,GRRHIO|TRMMST
HEALTHIX,SBSTJOHNLAND,0,SBSTJOHNLAND,HEALTHIX|SBSTJOHNLAND
HIXNY,CVPHPAINDOC,0,CVPHPAINDOC,HIXNY|CVPHPAINDOC
GRRHIO,RR660,0,RR660,GRRHIO|RR660
HEALTHIX,OCRN,0,OCRN,HEALTHIX|OCRN
HECDCS,BUILDING-BLOCKS,0,BUILDING-BLOCKS,HECDCS|BUILDING-BLOCKS
TXD,BXRHIO,0,BXRHIO,TXD|BXRHIO
GRRHIO,RR220,0,RR220,GRRHIO|RR220
TXD,SCHADH,0,SCHADH,TXD|SCHADH
HEALTHIX,RRMC,0,RRMC,HEALTHIX|RRMC
HECDCS,ADD-CTR-BROOME,0,ADD-CTR-BROOME,HECDCS|ADD-CTR-BROOME
GRRHIO,UR1165,0,UR1165,GRRHIO|UR1165
GRRHIO,RR795,0,RR795,GRRHIO|RR795
HIXNY,AMHSASPORT,0,AMHSASPORT,HIXNY|AMHSASPORT
GRRHIO,UR0145,0,UR0145,GRRHIO|UR0145
GRRHIO,RRH474,0,RRH474,GRRHIO|RRH474
GRRHIO,RR136,0,RR136,GRRHIO|RR136
GRRHIO,RR347,0,RR347,GRRHIO|RR347
HEALTHIX,CKCH,0,CKCH,HEALTHIX|CKCH
HECDCS,MEDLAB.DUPLICATE,0,MEDLAB,HECDCS|MEDLAB
HIXNY,HECCJBA,0,HECCJBA,HIXNY|HECCJBA
HECDCS,CAN-PT-OT-SLP,0,CAN-PT-OT-SLP,HECDCS|CAN-PT-OT-SLP
GRRHIO,UR1144,0,UR1144,GRRHIO|UR1144
GRRHIO,UR1453,0,UR1453,GRRHIO|UR1453
BRONX,MH_ASSOCIATION_OF_NASSAU,0,MH ASSOCIATION OF NASSAU,BRONX|MH ASSOCIATION OF NASSAU
HIXNY,ACP,0,ACP,HIXNY|ACP
HEALTHIX,EWHC,0,EWHC,HEALTHIX|EWHC
HIXNY,WMCOPDNEURODOC,0,WMCOPDNEURODOC,HIXNY|WMCOPDNEURODOC
GRRHIO,UR0909,0,UR0909,GRRHIO|UR0909
HEALTHIX,GRNG,0,GRNG,HEALTHIX|GRNG
HEALTHIX,FRANH,0,FRANH,HEALTHIX|FRANH
HECDCS,SALEM-HILLS,0,SALEM-HILLS,HECDCS|SALEM-HILLS
GRRHIO,UR0559,0,UR0559,GRRHIO|UR0559
TXD,NASHO,0,NASHO,TXD|NASHO
GRRHIO,UR1792,0,UR1792,GRRHIO|UR1792
GRRHIO,RRH575,0,RRH575,GRRHIO|RRH575
HIXNY,HECHVHG,0,HECHVHG,HIXNY|HECHVHG
GRRHIO,UR1093,0,UR1093,GRRHIO|UR1093
HECDCS,INT-MED-ITHACA,0,INT-MED-ITHACA,HECDCS|INT-MED-ITHACA
GRRHIO,FRIEND,0,FRIEND,GRRHIO|FRIEND
GRRHIO,UR1012,0,UR1012,GRRHIO|UR1012
GRRHIO,UR1548,0,UR1548,GRRHIO|UR1548
GRRHIO,UR0226,0,UR0226,GRRHIO|UR0226
GRRHIO,RRH587,0,RRH587,GRRHIO|RRH587
HECDCS,FRIEDWALD,0,FRIEDWALD,HECDCS|FRIEDWALD
HEALTHIX,ECWMBEITY,0,ECWMBEITY,HEALTHIX|ECWMBEITY
HEALTHIX,WMANIE,0,WMANIE,HEALTHIX|WMANIE
BRONX,FDLC_PEDIATRIC_MEDICINE,0,FDLC PEDIATRIC MEDICINE,BRONX|FDLC PEDIATRIC MEDICINE
GRRHIO,UR0604,0,UR0604,GRRHIO|UR0604
GRRHIO,ACTR2,0,ACTR2,GRRHIO|ACTR2
BRONX,WINGSPAN_PSYCHIATRIC,0,WINGSPAN PSYCHIATRIC,BRONX|WINGSPAN PSYCHIATRIC
HEALTHIX,HSHUKLA,0,HSHUKLA,HEALTHIX|HSHUKLA
HEALTHIX,ZAKH,0,ZAKH,HEALTHIX|ZAKH
HIXNY,WMCOPDPEDUR,0,WMCOPDPEDUR,HIXNY|WMCOPDPEDUR
HIXNY,WELLSDOC,0,WELLSDOC,HIXNY|WELLSDOC
GRRHIO,UR1968,0,UR1968,GRRHIO|UR1968
HECDCS,LAKEVIEW-HEALTH,0,LAKEVIEW-HEALTH,HECDCS|LAKEVIEW-HEALTH
GRRHIO,UR2093,0,UR2093,GRRHIO|UR2093
GRRHIO,UR0685,0,UR0685,GRRHIO|UR0685
GRRHIO,BCHL,0,BCHL,GRRHIO|BCHL
GRRHIO,UR0041,0,UR0041,GRRHIO|UR0041
GRRHIO,UR0400,0,UR0400,GRRHIO|UR0400
HEALTHIX,NIGHTINGALE,0,NIGHTINGALE,HEALTHIX|NIGHTINGALE
GRRHIO,UR2262,0,UR2262,GRRHIO|UR2262
HIXNY,HECAGCNY,0,HECAGCNY,HIXNY|HECAGCNY
GRRHIO,UR0993,0,UR0993,GRRHIO|UR0993
HIXNY,WMCAPSHIVA,0,WMCAPSHIVA,HIXNY|WMCAPSHIVA
HEALTHIX,BRMS,0,BRMS,HEALTHIX|BRMS
HIXNY,WMCAPSHIVADOC,0,WMCAPSHIVADOC,HIXNY|WMCAPSHIVADOC
GRRHIO,UR0507,0,UR0507,GRRHIO|UR0507
HIXNY,SNTSPSPROS,0,SNTSPSPROS,HIXNY|SNTSPSPROS
HIXNY,SPVPLORTDOC,0,SPVPLORTDOC,HIXNY|SPVPLORTDOC
HIXNY,SHCPFMIDWCP,0,SHCPFMIDWCP,HIXNY|SHCPFMIDWCP
HIXNY,WMCAPSOBMADOC,0,WMCAPSOBMADOC,HIXNY|WMCAPSOBMADOC
HIXNY,EDDYVGC,0,EDDYVGC,HIXNY|EDDYVGC
GRRHIO,UR1948,0,UR1948,GRRHIO|UR1948
GRRHIO,RRH714,0,RRH714,GRRHIO|RRH714
HEALTHIX,ISVI,0,ISVI,HEALTHIX|ISVI
GRRHIO,UR1133,0,UR1133,GRRHIO|UR1133
GRRHIO,BHF2,0,BHF2,GRRHIO|BHF2
GRRHIO,UR2045,0,UR2045,GRRHIO|UR2045
GRRHIO,SADAS,0,SADAS,GRRHIO|SADAS
HECDCS,FAM-CARE-HAVEN,0,FAM-CARE-HAVEN,HECDCS|FAM-CARE-HAVEN
GRRHIO,UR2297,0,UR2297,GRRHIO|UR2297
GRRHIO,UR2274,0,UR2274,GRRHIO|UR2274
GRRHIO,UR0325,0,UR0325,GRRHIO|UR0325
HECDCS,BROOME-HD-MH,0,BROOME-HD-MH,HECDCS|BROOME-HD-MH
HEALTHIX,RZPLLC,0,RZPLLC,HEALTHIX|RZPLLC
HIXNY,WMCAPSVASMA,0,WMCAPSVASMA,HIXNY|WMCAPSVASMA
HECDCS,WEST-CTR-REHAB,0,WEST-CTR-REHAB,HECDCS|WEST-CTR-REHAB
GRRHIO,UR2020,0,UR2020,GRRHIO|UR2020
HECDCS,CENTRAL-PARK,0,CENTRAL-PARK,HECDCS|CENTRAL-PARK
HECDCS,LOR-MCAULIFFE,0,LOR-MCAULIFFE,HECDCS|LOR-MCAULIFFE
HIXNY,CPMGINFDIS,0,CPMGINFDIS,HIXNY|CPMGINFDIS
HEALTHIX,QRN,0,QRN,HEALTHIX|QRN
GRRHIO,UR0277,0,UR0277,GRRHIO|UR0277
GRRHIO,RRH826,0,RRH826,GRRHIO|RRH826
GRRHIO,UR1725,0,UR1725,GRRHIO|UR1725
HECDCS,UNITED-METHODIST,0,UNITED-METHODIST,HECDCS|UNITED-METHODIST
TXD,JONIMG,0,JONIMG,TXD|JONIMG
GRRHIO,UR0042,0,UR0042,GRRHIO|UR0042
HIXNY,WMCOPDDIAOB,0,WMCOPDDIAOB,HIXNY|WMCOPDDIAOB
HIXNY,WMCOPDGYNEC,0,WMCOPDGYNEC,HIXNY|WMCOPDGYNEC
HIXNY,WMCOPDORTJODOC,0,WMCOPDORTJODOC,HIXNY|WMCOPDORTJODOC
GRRHIO,UR1553,0,UR1553,GRRHIO|UR1553
HIXNY,HELDEMS,0,HELDEMS,HIXNY|HELDEMS
HEALTHIX,ONEI,0,ONEI,HEALTHIX|ONEI
HIXNY,HECPAHC,0,HECPAHC,HIXNY|HECPAHC
HEALTHIX,DRSBL,0,DRSBL,HEALTHIX|DRSBL
GRRHIO,UR0834,0,UR0834,GRRHIO|UR0834
HECDCS,WARTBURG-HOME,0,WARTBURG-HOME,HECDCS|WARTBURG-HOME
HEALTHIX,UJCES,0,UJCES,HEALTHIX|UJCES
HIXNY,CPMGOPGOV,0,CPMGOPGOV,HIXNY|CPMGOPGOV
GRRHIO,UR1831,0,UR1831,GRRHIO|UR1831
GRRHIO,UR0523,0,UR0523,GRRHIO|UR0523
TXD,JMHBCN,0,JMHBCN,TXD|JMHBCN
HEALTHIX,HPRNC,0,HPRNC,HEALTHIX|HPRNC
GRRHIO,UR2381,0,UR2381,GRRHIO|UR2381
GRRHIO,UR1166,0,UR1166,GRRHIO|UR1166
GRRHIO,RRH422,0,RRH422,GRRHIO|RRH422
HIXNY,HECSAACNYA,0,HECSAACNYA,HIXNY|HECSAACNYA
GRRHIO,UR1495,0,UR1495,GRRHIO|UR1495
HIXNY,WYMETHACLIN,0,WYMETHACLIN,HIXNY|WYMETHACLIN
HIXNY,SHADDIC,0,SHADDIC,HIXNY|SHADDIC
GRRHIO,UR0890,0,UR0890,GRRHIO|UR0890
GRRHIO,BHFRC,0,BHFRC,GRRHIO|BHFRC
HIXNY,AMPPCCNEU,0,AMPPCCNEU,HIXNY|AMPPCCNEU
HIXNY,BHSNACM,0,BHSNACM,HIXNY|BHSNACM
HIXNY,HECWP,0,HECWP,HIXNY|HECWP
TXD,CHNSA,0,CHNSA,TXD|CHNSA
HECDCS,BAYBERRY-NURSING,0,BAYBERRY-NURSING,HECDCS|BAYBERRY-NURSING
HEALTHIX,RPDPM,0,RPDPM,HEALTHIX|RPDPM
TXD,NME,0,NME,TXD|NME
GRRHIO,MNSO8,0,MNSO8,GRRHIO|MNSO8
HEALTHIX,RABER,0,RABER,HEALTHIX|RABER
HIXNY,HUDDLE,0,HUDDLE,HIXNY|HUDDLE
TXD,HNYSTL,0,HNYSTL,TXD|HNYSTL
HIXNY,WMCOPDORTHA,0,WMCOPDORTHA,HIXNY|WMCOPDORTHA
HEALTHIX,ORRISMD,0,ORRISMD,HEALTHIX|ORRISMD
HEALTHIX,SHMP,0,SHMP,HEALTHIX|SHMP
GRRHIO,TRMMCT,0,TRMMCT,GRRHIO|TRMMCT
HECDCS,WEST-DEPT-HEALTH,0,WEST-DEPT-HEALTH,HECDCS|WEST-DEPT-HEALTH
GRRHIO,RRH585,0,RRH585,GRRHIO|RRH585
HIXNY,CPHBHCMGR,0,CPHBHCMGR,HIXNY|CPHBHCMGR
GRRHIO,UR2097,0,UR2097,GRRHIO|UR2097
GRRHIO,RR138,0,RR138,GRRHIO|RR138
HIXNY,WMCAPSTAVNW,0,WMCAPSTAVNW,HIXNY|WMCAPSTAVNW
GRRHIO,TRMSBH,0,TRMSBH,GRRHIO|TRMSBH
HIXNY,SNTSPSPROSDOC,0,SNTSPSPROSDOC,HIXNY|SNTSPSPROSDOC
HIXNY,WMCAPSLCAHA,0,WMCAPSLCAHA,HIXNY|WMCAPSLCAHA
HIXNY,CWI,0,CWI,HIXNY|CWI
HEALTHIX,NYUWMA,0,NYUWMA,HEALTHIX|NYUWMA
HECDCS,BRIDGING-GAP,0,BRIDGING-GAP,HECDCS|BRIDGING-GAP
GRRHIO,LTA,0,LTA,GRRHIO|LTA
GRRHIO,RR30,0,RR30,GRRHIO|RR30
GRRHIO,MNSO3,0,MNSO3,GRRHIO|MNSO3
GRRHIO,UR1045,0,UR1045,GRRHIO|UR1045
HECDCS,MVPT-PT,0,MVPT-PT,HECDCS|MVPT-PT
GRRHIO,RR250,0,RR250,GRRHIO|RR250
GRRHIO,UR0537,0,UR0537,GRRHIO|UR0537
HECDCS,LESCH-CHIRO,0,LESCH-CHIRO,HECDCS|LESCH-CHIRO
GRRHIO,UR0843,0,UR0843,GRRHIO|UR0843
GRRHIO,RR640,0,RR640,GRRHIO|RR640
BRONX,CONCOURSE_PEDIATRICS,0,CONCOURSE PEDIATRICS,BRONX|CONCOURSE PEDIATRICS
GRRHIO,KMH.DUPLICATE,0,KMH,GRRHIO|KMH
HEALTHIX,VEZZA,0,VEZZA,HEALTHIX|VEZZA
GRRHIO,UR0662,0,UR0662,GRRHIO|UR0662
GRRHIO,UR1223,0,UR1223,GRRHIO|UR1223
TXD,BCHJBR,0,BCHJBR,TXD|BCHJBR
HIXNY,WMCAPSLCAHADOC,0,WMCAPSLCAHADOC,HIXNY|WMCAPSLCAHADOC
HIXNY,WMCAPSFLUVDOC,0,WMCAPSFLUVDOC,HIXNY|WMCAPSFLUVDOC
HIXNY,HECAC,0,HECAC,HIXNY|HECAC
HIXNY,WMCMHRHIPRDOC,0,WMCMHRHIPRDOC,HIXNY|WMCMHRHIPRDOC
GRRHIO,UR2245,0,UR2245,GRRHIO|UR2245
HEALTHIX,ECWCOVENANT,0,ECWCOVENANT,HEALTHIX|ECWCOVENANT
HIXNY,LUMPSYC,0,LUMPSYC,HIXNY|LUMPSYC
GRRHIO,UR1383,0,UR1383,GRRHIO|UR1383
HECDCS,FALLS-HOME,0,FALLS-HOME,HECDCS|FALLS-HOME
HECDCS,ADV-KIDNEY-CARE,0,ADV-KIDNEY-CARE,HECDCS|ADV-KIDNEY-CARE
GRRHIO,RRH144,0,RRH144,GRRHIO|RRH144
HECDCS,ST-CHRISTOPHERS,0,ST-CHRISTOPHERS,HECDCS|ST-CHRISTOPHERS
GRRHIO,UR0383,0,UR0383,GRRHIO|UR0383
GRRHIO,RRH589,0,RRH589,GRRHIO|RRH589
GRRHIO,UR0040,0,UR0040,GRRHIO|UR0040
GRRHIO,UR2357,0,UR2357,GRRHIO|UR2357
GRRHIO,UR1566,0,UR1566,GRRHIO|UR1566
TXD,CHNFMM,0,CHNFMM,TXD|CHNFMM
GRRHIO,UR0929,0,UR0929,GRRHIO|UR0929
GRRHIO,EMNR,0,EMNR,GRRHIO|EMNR
HEALTHIX,NCALP,0,NCALP,HEALTHIX|NCALP
HEALTHIX,RPHHIX,0,RPHHIX,HEALTHIX|RPHHIX
GRRHIO,RRH669,0,RRH669,GRRHIO|RRH669
GRRHIO,RRH946,0,RRH946,GRRHIO|RRH946
GRRHIO,CMHI,0,CMHI,GRRHIO|CMHI
GRRHIO,UR0669,0,UR0669,GRRHIO|UR0669
HEALTHIX,AANUJA,0,AANUJA,HEALTHIX|AANUJA
HIXNY,WMCOPDSTRO,0,WMCOPDSTRO,HIXNY|WMCOPDSTRO
GRRHIO,UR0892,0,UR0892,GRRHIO|UR0892
HECDCS,FISHKILL-HC,0,FISHKILL-HC,HECDCS|FISHKILL-HC
GRRHIO,UR0065,0,UR0065,GRRHIO|UR0065
HEALTHIX,BPN,0,BPN,HEALTHIX|BPN
HEALTHIX,CHAOSI,0,CHAOSI,HEALTHIX|CHAOSI
HEALTHIX,LCVAC,0,LCVAC,HEALTHIX|LCVAC
GRRHIO,ALLARC,0,ALLARC,GRRHIO|ALLARC
HECDCS,RUSSELL-BLAIS,0,RUSSELL-BLAIS,HECDCS|RUSSELL-BLAIS
GRRHIO,RRH146,0,RRH146,GRRHIO|RRH146
HECDCS,TOUCH,0,TOUCH,HECDCS|TOUCH
HIXNY,SOULPURPOSE,0,SOULPURPOSE,HIXNY|SOULPURPOSE
GRRHIO,UR1543,0,UR1543,GRRHIO|UR1543
HECDCS,KEEPER-CONNECT,0,KEEPER-CONNECT,HECDCS|KEEPER-CONNECT
GRRHIO,UPMC.DUPLICATE,0,UPMC,GRRHIO|UPMC
GRRHIO,RR449,0,RR449,GRRHIO|RR449
GRRHIO,UR2324,0,UR2324,GRRHIO|UR2324
GRRHIO,RRH835,0,RRH835,GRRHIO|RRH835
GRRHIO,RR702,0,RR702,GRRHIO|RR702
GRRHIO,UR2394,0,UR2394,GRRHIO|UR2394
HECDCS,OCONNOR-MED-UC,0,OCONNOR-MED-UC,HECDCS|OCONNOR-MED-UC
GRRHIO,RR34,0,RR34,GRRHIO|RR34
GRRHIO,EMSDARAS,0,EMSDARAS,GRRHIO|EMSDARAS
GRRHIO,UR1095,0,UR1095,GRRHIO|UR1095
HIXNY,CFP,0,CFP,HIXNY|CFP
HIXNY,ADRTC,0,ADRTC,HIXNY|ADRTC
GRRHIO,MNSO23,0,MNSO23,GRRHIO|MNSO23
GRRHIO,UR2154,0,UR2154,GRRHIO|UR2154
TXD,CSH.DUPLICATE1,0,CSH,TXD|CSH
GRRHIO,UR1981,0,UR1981,GRRHIO|UR1981
GRRHIO,UR2298,0,UR2298,GRRHIO|UR2298
GRRHIO,UR2369,0,UR2369,GRRHIO|UR2369
GRRHIO,WNR,0,WNR,GRRHIO|WNR
GRRHIO,MNSO34,0,MNSO34,GRRHIO|MNSO34
GRRHIO,UR1732,0,UR1732,GRRHIO|UR1732
GRRHIO,UR1042,0,UR1042,GRRHIO|UR1042
HIXNY,PALM,0,PALM,HIXNY|PALM
HEALTHIX,CBCMD,0,CBCMD,HEALTHIX|CBCMD
GRRHIO,UR1564,0,UR1564,GRRHIO|UR1564
TXD,GLFC,0,GLFC,TXD|GLFC
GRRHIO,RR637,0,RR637,GRRHIO|RR637
GRRHIO,MNSO6,0,MNSO6,GRRHIO|MNSO6
GRRHIO,UR2251,0,UR2251,GRRHIO|UR2251
GRRHIO,UR2238,0,UR2238,GRRHIO|UR2238
GRRHIO,Unity,0,Unity,GRRHIO|Unity
HIXNY,HECNCN,0,HECNCN,HIXNY|HECNCN
GRRHIO,RRH949,0,RRH949,GRRHIO|RRH949
GRRHIO,UR0943,0,UR0943,GRRHIO|UR0943
HIXNY,AMHSAORTHL7,0,AMHSAORTHL7,HIXNY|AMHSAORTHL7
HIXNY,HDCC,0,HDCC,HIXNY|HDCC
HIXNY,SHGERIHL7,0,SHGERIHL7,HIXNY|SHGERIHL7
GRRHIO,UR0288,0,UR0288,GRRHIO|UR0288
HEALTHIX,SMCMHC,0,SMCMHC,HEALTHIX|SMCMHC
HECDCS,CC-OSWEGO,0,CC-OSWEGO,HECDCS|CC-OSWEGO
HIXNY,ACPTC,0,ACPTC,HIXNY|ACPTC
GRRHIO,UR0529,0,UR0529,GRRHIO|UR0529
GRRHIO,KALIMC,0,KALIMC,GRRHIO|KALIMC
HECDCS,HONOR-EHG,0,HONOR-EHG,HECDCS|HONOR-EHG
GRRHIO,UR1330,0,UR1330,GRRHIO|UR1330
GRRHIO,UR0573,0,UR0573,GRRHIO|UR0573
GRRHIO,RRH398,0,RRH398,GRRHIO|RRH398
GRRHIO,UR1774,0,UR1774,GRRHIO|UR1774
HECDCS,ONON-CHAP-NYSARC,0,ONON-CHAP-NYSARC,HECDCS|ONON-CHAP-NYSARC
TXD,MMHSNF,0,MMHSNF,TXD|MMHSNF
GRRHIO,RRH843,0,RRH843,GRRHIO|RRH843
TXD,WLSPH,0,WLSPH,TXD|WLSPH
GRRHIO,MNSO39,0,MNSO39,GRRHIO|MNSO39
GRRHIO,MNSO25,0,MNSO25,GRRHIO|MNSO25
GRRHIO,UR2378,0,UR2378,GRRHIO|UR2378
GRRHIO,HABB,0,HABB,GRRHIO|HABB
GRRHIO,UR0062,0,UR0062,GRRHIO|UR0062
GRRHIO,MSNF,0,MSNF,GRRHIO|MSNF
HIXNY,EDDYVGBDOC,0,EDDYVGBDOC,HIXNY|EDDYVGBDOC
HIXNY,HECCNYAAC,0,HECCNYAAC,HIXNY|HECCNYAAC
HIXNY,HECMFM,0,HECMFM,HIXNY|HECMFM
GRRHIO,TRMDBH,0,TRMDBH,GRRHIO|TRMDBH
HIXNY,SNTRBHHOMEDOC,0,SNTRBHHOMEDOC,HIXNY|SNTRBHHOMEDOC
GRRHIO,RRH958,0,RRH958,GRRHIO|RRH958
HECDCS,TESORIERO-CHIRO,0,TESORIERO-CHIRO,HECDCS|TESORIERO-CHIRO
HECDCS,ST-MARIANNE-COPE,0,ST-MARIANNE-COPE,HECDCS|ST-MARIANNE-COPE
GRRHIO,RR46,0,RR46,GRRHIO|RR46
TXD,TSC,0,TSC,TXD|TSC
GRRHIO,UR1524,0,UR1524,GRRHIO|UR1524
GRRHIO,UR2029,0,UR2029,GRRHIO|UR2029
GRRHIO,UR1830,0,UR1830,GRRHIO|UR1830
HIXNY,BRONXOMH,0,BRONXOMH,HIXNY|BRONXOMH
TXD,HNFLMN,0,HNFLMN,TXD|HNFLMN
GRRHIO,UR1104,0,UR1104,GRRHIO|UR1104
HECDCS,UNITED-HLPRS-CR,0,UNITED-HLPRS-CR,HECDCS|UNITED-HLPRS-CR
HEALTHIX,WHBVFD,0,WHBVFD,HEALTHIX|WHBVFD
HECDCS,ALPHA-WELLCARE,0,ALPHA-WELLCARE,HECDCS|ALPHA-WELLCARE
GRRHIO,RR679,0,RR679,GRRHIO|RR679
HECDCS,GRAND-REHAB-MV,0,GRAND-REHAB-MV,HECDCS|GRAND-REHAB-MV
HEALTHIX,ECWASPC,0,ECWASPC,HEALTHIX|ECWASPC
HIXNY,SHGERI,0,SHGERI,HIXNY|SHGERI
GRRHIO,UR1979,0,UR1979,GRRHIO|UR1979
HEALTHIX,YOC,0,YOC,HEALTHIX|YOC
GRRHIO,RRH231,0,RRH231,GRRHIO|RRH231
HECDCS,LOR-NOTT,0,LOR-NOTT,HECDCS|LOR-NOTT
HEALTHIX,TAUC,0,TAUC,HEALTHIX|TAUC
HIXNY,HECWBP,0,HECWBP,HIXNY|HECWBP
HIXNY,AMPC46QNS,0,AMPC46QNS,HIXNY|AMPC46QNS
GRRHIO,UR2108,0,UR2108,GRRHIO|UR2108
GRRHIO,UR2393,0,UR2393,GRRHIO|UR2393
GRRHIO,MNSO46,0,MNSO46,GRRHIO|MNSO46
GRRHIO,UR1866,0,UR1866,GRRHIO|UR1866
GRRHIO,RR468,0,RR468,GRRHIO|RR468
HEALTHIX,FANY,0,FANY,HEALTHIX|FANY
GRRHIO,RRH043,0,RRH043,GRRHIO|RRH043
TXD,BSN,0,BSN,TXD|BSN
HEALTHIX,CHMPC,0,CHMPC,HEALTHIX|CHMPC
GRRHIO,UR1980,0,UR1980,GRRHIO|UR1980
HECDCS,CLARKSTOWN-PEDS,0,CLARKSTOWN-PEDS,HECDCS|CLARKSTOWN-PEDS
GRRHIO,RRH504,0,RRH504,GRRHIO|RRH504
GRRHIO,UR1094,0,UR1094,GRRHIO|UR1094
GRRHIO,UR0711,0,UR0711,GRRHIO|UR0711
GRRHIO,RR699,0,RR699,GRRHIO|RR699
TXD,BURD,0,BURD,TXD|BURD
HEALTHIX,SPISSAH,0,SPISSAH,HEALTHIX|SPISSAH
HIXNY,WMCOPDN1700,0,WMCOPDN1700,HIXNY|WMCOPDN1700
HECDCS,FALCON-CLINIC,0,FALCON-CLINIC,HECDCS|FALCON-CLINIC
HECDCS,MHA-DUTCHESS,0,MHA-DUTCHESS,HECDCS|MHA-DUTCHESS
GRRHIO,RR721,0,RR721,GRRHIO|RR721
HIXNY,WMCAPSTAVSU,0,WMCAPSTAVSU,HIXNY|WMCAPSTAVSU
GRRHIO,TOF,0,TOF,GRRHIO|TOF
HIXNY,SRPLIMAGEDOC,0,SRPLIMAGEDOC,HIXNY|SRPLIMAGEDOC
TXD,INTBOR,0,INTBOR,TXD|INTBOR
GRRHIO,UR1654,0,UR1654,GRRHIO|UR1654
GRRHIO,RR424,0,RR424,GRRHIO|RR424
HECDCS,WASH-PHARM,0,WASH-PHARM,HECDCS|WASH-PHARM
GRRHIO,UR1904,0,UR1904,GRRHIO|UR1904
HEALTHIX,NYAT,0,NYAT,HEALTHIX|NYAT
HIXNY,FRCPHS,0,FRCPHS,HIXNY|FRCPHS
GRRHIO,UR1138,0,UR1138,GRRHIO|UR1138
HIXNY,7417,0,7417,HIXNY|7417
GRRHIO,UR2258,0,UR2258,GRRHIO|UR2258
HIXNY,HECSTLUKES,0,HECSTLUKES,HIXNY|HECSTLUKES
BRONX,2.16.840.1.113883.4.391.89.1410,0,2.16.840.1.113883.4.391.89.1410,BRONX|2.16.840.1.113883.4.391.89.1410
BRONX,2.16.840.1.113883.13.61.200.24.2,0,2.16.840.1.113883.13.61.200.24.2,BRONX|2.16.840.1.113883.13.61.200.24.2
HECDCS,PATHSTONE,0,PATHSTONE,HECDCS|PATHSTONE
HEALTHIX,NNA,0,NNA,HEALTHIX|NNA
GRRHIO,RR686,0,RR686,GRRHIO|RR686
GRRHIO,RR278,0,RR278,GRRHIO|RR278
HEALTHIX,NYMSS,0,NYMSS,HEALTHIX|NYMSS
HIXNY,WMCAPSHCMLIDOC,0,WMCAPSHCMLIDOC,HIXNY|WMCAPSHCMLIDOC
HECDCS,ST-JOSEPHS-HOME,0,ST-JOSEPHS-HOME,HECDCS|ST-JOSEPHS-HOME
GRRHIO,UR2350,0,UR2350,GRRHIO|UR2350
HECDCS,OSWEGO-OBGYN,0,OSWEGO-OBGYN,HECDCS|OSWEGO-OBGYN
HIXNY,WMCAPSHYPHA,0,WMCAPSHYPHA,HIXNY|WMCAPSHYPHA
HECDCS,SELF-DIRECT,0,SELF-DIRECT,HECDCS|SELF-DIRECT
GRRHIO,UR2288,0,UR2288,GRRHIO|UR2288
HEALTHIX,PMS,0,PMS,HEALTHIX|PMS
GRRHIO,RRH570,0,RRH570,GRRHIO|RRH570
HIXNY,TEAMNY,0,TEAMNY,HIXNY|TEAMNY
BRONX,HUNTINGTON_HOSPITAL,0,HUNTINGTON HOSPITAL,BRONX|HUNTINGTON HOSPITAL
HECDCS,DIGNITY-PLUS,0,DIGNITY-PLUS,HECDCS|DIGNITY-PLUS
GRRHIO,UR2236,0,UR2236,GRRHIO|UR2236
HECDCS,SUNY-POTSDAM,0,SUNY-POTSDAM,HECDCS|SUNY-POTSDAM
HIXNY,WMCOPDORTTRDOC,0,WMCOPDORTTRDOC,HIXNY|WMCOPDORTTRDOC
TXD,BMRI,0,BMRI,TXD|BMRI
GRRHIO,UR1594,0,UR1594,GRRHIO|UR1594
TXD,NYSDD,0,NYSDD,TXD|NYSDD
HIXNY,WMCAPSPSYVA,0,WMCAPSPSYVA,HIXNY|WMCAPSPSYVA
HIXNY,RCDMHCHH,0,RCDMHCHH,HIXNY|RCDMHCHH
GRRHIO,RRH553,0,RRH553,GRRHIO|RRH553
GRRHIO,MNSO50,0,MNSO50,GRRHIO|MNSO50
GRRHIO,RR797,0,RR797,GRRHIO|RR797
GRRHIO,WNYIMG.DUPLICATE,0,WNYIMG,GRRHIO|WNYIMG
GRRHIO,RRH329,0,RRH329,GRRHIO|RRH329
TXD,LKSHR,0,LKSHR,TXD|LKSHR
GRRHIO,UR0854,0,UR0854,GRRHIO|UR0854
HIXNY,SPMLCMLIFE,0,SPMLCMLIFE,HIXNY|SPMLCMLIFE
HIXNY,PEOPLEUSASA,0,PEOPLEUSASA,HIXNY|PEOPLEUSASA
GRRHIO,UR0823,0,UR0823,GRRHIO|UR0823
HIXNY,PINEPLAINS,0,PINEPLAINS,HIXNY|PINEPLAINS
HECDCS,TULLY-HILL,0,TULLY-HILL,HECDCS|TULLY-HILL
HEALTHIX,ECWAACNY,0,ECWAACNY,HEALTHIX|ECWAACNY
GRRHIO,UR1878,0,UR1878,GRRHIO|UR1878
GRRHIO,UR0718,0,UR0718,GRRHIO|UR0718
BRONX,BELLEVUE.DUPLICATE,0,BELLEVUE,BRONX|BELLEVUE
BRONX,FRANKLIN_REGIONAL_HOSPITAL,0,FRANKLIN REGIONAL HOSPITAL,BRONX|FRANKLIN REGIONAL HOSPITAL
HECDCS,FINGER-LKS-DERM,0,FINGER-LKS-DERM,HECDCS|FINGER-LKS-DERM
GRRHIO,UR0677,0,UR0677,GRRHIO|UR0677
GRRHIO,UR2404,0,UR2404,GRRHIO|UR2404
HIXNY,WMCAPSPSKI,0,WMCAPSPSKI,HIXNY|WMCAPSPSKI
HECDCS,ONONDAGA-ALTC,0,ONONDAGA-ALTC,HECDCS|ONONDAGA-ALTC
HIXNY,WMCAPSRHEVADOC,0,WMCAPSRHEVADOC,HIXNY|WMCAPSRHEVADOC
GRRHIO,UR2256,0,UR2256,GRRHIO|UR2256
HEALTHIX,AMHW,0,AMHW,HEALTHIX|AMHW
HIXNY,CUDDYPSYCH,0,CUDDYPSYCH,HIXNY|CUDDYPSYCH
HIXNY,SPMLCMLIFEDOC,0,SPMLCMLIFEDOC,HIXNY|SPMLCMLIFEDOC
HEALTHIX,AMPHS,0,AMPHS,HEALTHIX|AMPHS
BRONX,21,0,21,BRONX|21
BRONX,FOREST_HILLS_HOSPITAL,0,FOREST HILLS HOSPITAL,BRONX|FOREST HILLS HOSPITAL
GRRHIO,RR124,0,RR124,GRRHIO|RR124
GRRHIO,UR2278,0,UR2278,GRRHIO|UR2278
GRRHIO,RRH832,0,RRH832,GRRHIO|RRH832
GRRHIO,UR2268,0,UR2268,GRRHIO|UR2268
HIXNY,CVPHRHEUM,0,CVPHRHEUM,HIXNY|CVPHRHEUM
GRRHIO,UR0695,0,UR0695,GRRHIO|UR0695
HECDCS,HUD-MED-PRAC,0,HUD-MED-PRAC,HECDCS|HUD-MED-PRAC
HIXNY,WMCACT,0,WMCACT,HIXNY|WMCACT
GRRHIO,RR514,0,RR514,GRRHIO|RR514
HIXNY,UHMACT,0,UHMACT,HIXNY|UHMACT
HIXNY,HECNPEDS,0,HECNPEDS,HIXNY|HECNPEDS
GRRHIO,RR433,0,RR433,GRRHIO|RR433
GRRHIO,UR1576,0,UR1576,GRRHIO|UR1576
BRONX,OPTIONS_FOR_COMMUNITY_LIVING,0,OPTIONS FOR COMMUNITY LIVING,BRONX|OPTIONS FOR COMMUNITY LIVING
HECDCS,STATLINE-MED,0,STATLINE-MED,HECDCS|STATLINE-MED
HECDCS,MONTEFIORE-HEC,0,MONTEFIORE-HEC,HECDCS|MONTEFIORE-HEC
BRONX,ST._JOSEPH_HOSPITAL,0,ST. JOSEPH HOSPITAL,BRONX|ST. JOSEPH HOSPITAL
HEALTHIX,Passport,0,Passport,HEALTHIX|Passport
HECDCS,HUMAN-DEV-WEST,0,HUMAN-DEV-WEST,HECDCS|HUMAN-DEV-WEST
BRONX,NYP_HUDSON_VALLEY_HOSPITAL,0,NYP HUDSON VALLEY HOSPITAL,BRONX|NYP HUDSON VALLEY HOSPITAL
GRRHIO,UR1586,0,UR1586,GRRHIO|UR1586
GRRHIO,RR502,0,RR502,GRRHIO|RR502
GRRHIO,UR0047,0,UR0047,GRRHIO|UR0047
TXD,APOTHE,0,APOTHE,TXD|APOTHE
GRRHIO,RRH463,0,RRH463,GRRHIO|RRH463
GRRHIO,UR0068,0,UR0068,GRRHIO|UR0068
HEALTHIX,NCPS,0,NCPS,HEALTHIX|NCPS
GRRHIO,UR2051,0,UR2051,GRRHIO|UR2051
HEALTHIX,MECO,0,MECO,HEALTHIX|MECO
HIXNY,WMCAPSIPACP,0,WMCAPSIPACP,HIXNY|WMCAPSIPACP
BRONX,MAIMONIDES_MIDWOOD_COMMUNITY_HOSPITAL,0,MAIMONIDES MIDWOOD COMMUNITY HOSPITAL,BRONX|MAIMONIDES MIDWOOD COMMUNITY HOSPITAL
GRRHIO,UR0003,0,UR0003,GRRHIO|UR0003
GRRHIO,RRH996,0,RRH996,GRRHIO|RRH996
TXD,SOCPS,0,SOCPS,TXD|SOCPS
BRONX,CHSLI.DUPLICATE,0,CHSLI,BRONX|CHSLI
GRRHIO,RRH701,0,RRH701,GRRHIO|RRH701
GRRHIO,UR1425,0,UR1425,GRRHIO|UR1425
HEALTHIX,ISLMED,0,ISLMED,HEALTHIX|ISLMED
HEALTHIX,NYPMILSTEIN,0,NYPMILSTEIN,HEALTHIX|NYPMILSTEIN
HEALTHIX,DOHVACC,0,DOHVACC,HEALTHIX|DOHVACC
HEALTHIX,RUMC,0,RUMC,HEALTHIX|RUMC
HEALTHIX,CAIPAIPA,0,CAIPAIPA,HEALTHIX|CAIPAIPA
HEALTHIX,NPP,0,NPP,HEALTHIX|NPP
HIXNY,CCP,0,CCP,HIXNY|CCP
HIXNY,AMHSAMCH,0,AMHSAMCH,HIXNY|AMHSAMCH
HECDCS,HOR-FAM-MED-GRP,0,HOR-FAM-MED-GRP,HECDCS|HOR-FAM-MED-GRP
BRONX,MMC.DUPLICATE,0,MMC,BRONX|MMC
HEALTHIX,WOODHULL,0,WOODHULL,HEALTHIX|WOODHULL
HIXNY,BASCRHO,0,BASCRHO,HIXNY|BASCRHO
HEALTHIX,SAL,0,SAL,HEALTHIX|SAL
HEALTHIX,NYPKOCH,0,NYPKOCH,HEALTHIX|NYPKOCH
HIXNY,2904,0,2904,HIXNY|2904
HIXNY,CPMGURGENT,0,CPMGURGENT,HIXNY|CPMGURGENT
GRRHIO,RRH270,0,RRH270,GRRHIO|RRH270
HEALTHIX,STONYBROOK,0,STONYBROOK,HEALTHIX|STONYBROOK
HEALTHIX,NYPBMH,0,NYPBMH,HEALTHIX|NYPBMH
HIXNY,MIB,0,MIB,HIXNY|MIB
HIXNY,4965,0,4965,HIXNY|4965
HEALTHIX,CHIPA,0,CHIPA,HEALTHIX|CHIPA
HEALTHIX,REN,0,REN,HEALTHIX|REN
HEALTHIX,STLH,0,STLH,HEALTHIX|STLH
BRONX,AFFINITY_BY_MOLINA,0,AFFINITY BY MOLINA,BRONX|AFFINITY BY MOLINA
HEALTHIX,RKDP,0,RKDP,HEALTHIX|RKDP
GRRHIO,UR0342,0,UR0342,GRRHIO|UR0342
HEALTHIX,OPTUMTRI,0,OPTUMTRI,HEALTHIX|OPTUMTRI
HEALTHIX,MVPMP,0,MVPMP,HEALTHIX|MVPMP
TXD,AMRGRP,0,AMRGRP,TXD|AMRGRP
GRRHIO,RRH511,0,RRH511,GRRHIO|RRH511
GRRHIO,RR248,0,RR248,GRRHIO|RR248
GRRHIO,UR0153,0,UR0153,GRRHIO|UR0153
HECDCS,PREMIER-MED-HV,0,PREMIER-MED-HV,HECDCS|PREMIER-MED-HV
TXD,SORAD,0,SORAD,TXD|SORAD
GRRHIO,RRH127,0,RRH127,GRRHIO|RRH127
TXD,RPCIME,0,RPCIME,TXD|RPCIME
GRRHIO,RRH542,0,RRH542,GRRHIO|RRH542
HIXNY,AHMCED,0,AHMCED,HIXNY|AHMCED
TXD,AKRON,0,AKRON,TXD|AKRON
TXD,CHAUT2PART2,0,CHAUT2PART2,TXD|CHAUT2PART2
HEALTHIX,LNDMK,0,LNDMK,HEALTHIX|LNDMK
HEALTHIX,ARTOM,0,ARTOM,HEALTHIX|ARTOM
BRONX,WELLCARE-SES,0,WELLCARE-SES,BRONX|WELLCARE-SES
GRRHIO,RR401,0,RR401,GRRHIO|RR401
GRRHIO,BII,0,BII,GRRHIO|BII
GRRHIO,UR0309,0,UR0309,GRRHIO|UR0309
BRONX,ACADEMY_MEDICAL_CARE,0,ACADEMY MEDICAL CARE,BRONX|ACADEMY MEDICAL CARE
TXD,FCPHYS,0,FCPHYS,TXD|FCPHYS
HEALTHIX,TAOWU,0,TAOWU,HEALTHIX|TAOWU
TXD,BSBH2PART2,0,BSBH2PART2,TXD|BSBH2PART2
HEALTHIX,SWBHH,0,SWBHH,HEALTHIX|SWBHH
HEALTHIX,NYPHC,0,NYPHC,HEALTHIX|NYPHC
GRRHIO,UR0942,0,UR0942,GRRHIO|UR0942
HEALTHIX,CINQIPA,0,CINQIPA,HEALTHIX|CINQIPA
HIXNY,CVPHEDDOC,0,CVPHEDDOC,HIXNY|CVPHEDDOC
HECDCS,IA-HEALTH,0,IA-HEALTH,HECDCS|IA-HEALTH
GRRHIO,RRH262,0,RRH262,GRRHIO|RRH262
HEALTHIX,SFHOA,0,SFHOA,HEALTHIX|SFHOA
HEALTHIX,DBMD,0,DBMD,HEALTHIX|DBMD
HIXNY,303518ALERT,0,303518ALERT,HIXNY|303518ALERT
BRONX,ARGUS_COMMUNITY,0,ARGUS COMMUNITY,BRONX|ARGUS COMMUNITY
TXD,SPRPED,0,SPRPED,TXD|SPRPED
HEALTHIX,SIUH,0,SIUH,HEALTHIX|SIUH
GRRHIO,UHSMG,0,UHSMG,GRRHIO|UHSMG
GRRHIO,UR0015,0,UR0015,GRRHIO|UR0015
HEALTHIX,FHS,0,FHS,HEALTHIX|FHS
TXD,EORTHO,0,EORTHO,TXD|EORTHO
GRRHIO,FFTH,0,FFTH,GRRHIO|FFTH
HEALTHIX,LIJMC,0,LIJMC,HEALTHIX|LIJMC
GRRHIO,UR0245,0,UR0245,GRRHIO|UR0245
HIXNY,CPMCPEDS,0,CPMCPEDS,HIXNY|CPMCPEDS
GRRHIO,WRG2,0,WRG2,GRRHIO|WRG2
HEALTHIX,LIH,0,LIH,HEALTHIX|LIH
HEALTHIX,MSSN,0,MSSN,HEALTHIX|MSSN
HEALTHIX,MMC.DUPLICATE1,0,MMC,HEALTHIX|MMC
GRRHIO,RRH052,0,RRH052,GRRHIO|RRH052
GRRHIO,WRG,0,WRG,GRRHIO|WRG
HEALTHIX,CHN,0,CHN,HEALTHIX|CHN
HIXNY,CMHFMHL7,0,CMHFMHL7,HIXNY|CMHFMHL7
GRRHIO,EWBC,0,EWBC,GRRHIO|EWBC
GRRHIO,RRH621,0,RRH621,GRRHIO|RRH621
GRRHIO,FLH,0,FLH,GRRHIO|FLH
HEALTHIX,CALH,0,CALH,HEALTHIX|CALH
HEALTHIX,MPBS,0,MPBS,HEALTHIX|MPBS
HIXNY,1932281706,0,1932281706,HIXNY|1932281706
TXD,ACM.DUPLICATE1,0,ACM,TXD|ACM
TXD,HMGPC,0,HMGPC,TXD|HMGPC
HIXNY,RRHUHSDOC,0,RRHUHSDOC,HIXNY|RRHUHSDOC
HEALTHIX,ALLISL,0,ALLISL,HEALTHIX|ALLISL
HECDCS,SUN-RIVER,0,SUN-RIVER,HECDCS|SUN-RIVER
HIXNY,WMCAPSWHPO,0,WMCAPSWHPO,HIXNY|WMCAPSWHPO
HECDCS,SAM-MED-PRAC,0,SAM-MED-PRAC,HECDCS|SAM-MED-PRAC
HEALTHIX,TFH2,0,TFH2,HEALTHIX|TFH2
GRRHIO,RRH181,0,RRH181,GRRHIO|RRH181
HEALTHIX,DOHCHS,0,DOHCHS,HEALTHIX|DOHCHS
HIXNY,HHHN,0,HHHN,HIXNY|HHHN
HEALTHIX,MMPR,0,MMPR,HEALTHIX|MMPR
HEALTHIX,WHMG,0,WHMG,HEALTHIX|WHMG
TXD,OGH.DUPLICATE1,0,OGH,TXD|OGH
HEALTHIX,WFRCHC,0,WFRCHC,HEALTHIX|WFRCHC
HECDCS,COMP-CARE,0,COMP-CARE,HECDCS|COMP-CARE
HIXNY,ADIR01,0,ADIR01,HIXNY|ADIR01
HEALTHIX,BMC,0,BMC,HEALTHIX|BMC
HEALTHIX,DHMD,0,DHMD,HEALTHIX|DHMD
TXD,WELNOW.DUPLICATE2,0,WELNOW,TXD|WELNOW
HEALTHIX,BRIPED,0,BRIPED,HEALTHIX|BRIPED
HEALTHIX,SUSM,0,SUSM,HEALTHIX|SUSM
HEALTHIX,PRIHMG,0,PRIHMG,HEALTHIX|PRIHMG
HIXNY,WMCAPSFAMNW,0,WMCAPSFAMNW,HIXNY|WMCAPSFAMNW
GRRHIO,LBRN,0,LBRN,GRRHIO|LBRN
HIXNY,CPEMS,0,CPEMS,HIXNY|CPEMS
HIXNY,CMHFM,0,CMHFM,HIXNY|CMHFM
HIXNY,1447211552,0,1447211552,HIXNY|1447211552
BRONX,RESEARCH_COHORT_2024,0,RESEARCH COHORT 2024,BRONX|RESEARCH COHORT 2024
HIXNY,SHPCP,0,SHPCP,HIXNY|SHPCP
HIXNY,WMCAPSOBMO,0,WMCAPSOBMO,HIXNY|WMCAPSOBMO
HIXNY,1336193838,0,1336193838,HIXNY|1336193838
BRONX,MEDALLI,0,MEDALLI,BRONX|MEDALLI
HEALTHIX,YUVOHEALTH,0,YUVOHEALTH,HEALTHIX|YUVOHEALTH
HEALTHIX,ZHH,0,ZHH,HEALTHIX|ZHH
HEALTHIX,GEOMC,0,GEOMC,HEALTHIX|GEOMC
GRRHIO,WPG2,0,WPG2,GRRHIO|WPG2
HECDCS,CHILD-HLTH-CARE,0,CHILD-HLTH-CARE,HECDCS|CHILD-HLTH-CARE
GRRHIO,RR92,0,RR92,GRRHIO|RR92
HEALTHIX,UNIONHEALTH,0,UNIONHEALTH,HEALTHIX|UNIONHEALTH
GRRHIO,UR0656,0,UR0656,GRRHIO|UR0656
HIXNY,EGBREHAB,0,EGBREHAB,HIXNY|EGBREHAB
TXD,IND,0,IND,TXD|IND
TXD,MEDINA,0,MEDINA,TXD|MEDINA
HECDCS,BURKE-REHAB-HOSP,0,BURKE-REHAB-HOSP,HECDCS|BURKE-REHAB-HOSP
BRONX,ARSENIO_TIO,0,ARSENIO TIO,BRONX|ARSENIO TIO
GRRHIO,GAR,0,GAR,GRRHIO|GAR
GRRHIO,AHCCD,0,AHCCD,GRRHIO|AHCCD
HEALTHIX,DOWNP,0,DOWNP,HEALTHIX|DOWNP
HIXNY,IDX,0,IDX,HIXNY|IDX
GRRHIO,UR0858,0,UR0858,GRRHIO|UR0858
HECDCS,UPSTATE-FAM-HLTH,0,UPSTATE-FAM-HLTH,HECDCS|UPSTATE-FAM-HLTH
GRRHIO,RRH289,0,RRH289,GRRHIO|RRH289
GRRHIO,UR0370,0,UR0370,GRRHIO|UR0370
BRONX,PEDIATRICS_2000,0,PEDIATRICS 2000,BRONX|PEDIATRICS 2000
HIXNY,RRHMHDOC,0,RRHMHDOC,HIXNY|RRHMHDOC
GRRHIO,UR0887,0,UR0887,GRRHIO|UR0887
GRRHIO,RRH552,0,RRH552,GRRHIO|RRH552
HEALTHIX,OBHSIMC,0,OBHSIMC,HEALTHIX|OBHSIMC
HEALTHIX,LISH,0,LISH,HEALTHIX|LISH
HIXNY,FOURWINDS,0,FOURWINDS,HIXNY|FOURWINDS
GRRHIO,RRH481,0,RRH481,GRRHIO|RRH481
TXD,JPedAs,0,JPedAs,TXD|JPedAs
GRRHIO,RRH174,0,RRH174,GRRHIO|RRH174
GRRHIO,RRH988,0,RRH988,GRRHIO|RRH988
HIXNY,SPSRBNEUDOC,0,SPSRBNEUDOC,HIXNY|SPSRBNEUDOC
HEALTHIX,CAI,0,CAI,HEALTHIX|CAI
HEALTHIX,CINQLLC,0,CINQLLC,HEALTHIX|CINQLLC
GRRHIO,RR107,0,RR107,GRRHIO|RR107
HECDCS,CNY-MED-PROF,0,CNY-MED-PROF,HECDCS|CNY-MED-PROF
HEALTHIX,MD365MC,0,MD365MC,HEALTHIX|MD365MC
GRRHIO,UR0885,0,UR0885,GRRHIO|UR0885
HEALTHIX,DMMDNY,0,DMMDNY,HEALTHIX|DMMDNY
HIXNY,1306032545,0,1306032545,HIXNY|1306032545
HEALTHIX,LIHWM,0,LIHWM,HEALTHIX|LIHWM
HEALTHIX,JCMP,0,JCMP,HEALTHIX|JCMP
HEALTHIX,JHLCM,0,JHLCM,HEALTHIX|JHLCM
GRRHIO,UR0323,0,UR0323,GRRHIO|UR0323
GRRHIO,UR2181,0,UR2181,GRRHIO|UR2181
HECDCS,KEEVER-FAMILY,0,KEEVER-FAMILY,HECDCS|KEEVER-FAMILY
HIXNY,NLH,0,NLH,HIXNY|NLH
TXD,YJH,0,YJH,TXD|YJH
HIXNY,AFPH,0,AFPH,HIXNY|AFPH
GRRHIO,FP2,0,FP2,GRRHIO|FP2
GRRHIO,RR185,0,RR185,GRRHIO|RR185
HIXNY,1013042084,0,1013042084,HIXNY|1013042084
TXD,HTHDYL,0,HTHDYL,TXD|HTHDYL
GRRHIO,UR2365,0,UR2365,GRRHIO|UR2365
BRONX,OAK_STREET,0,OAK STREET,BRONX|OAK STREET
HEALTHIX,DEME,0,DEME,HEALTHIX|DEME
HEALTHIX,QCAMC,0,QCAMC,HEALTHIX|QCAMC
TXD,ABSGAS,0,ABSGAS,TXD|ABSGAS
HEALTHIX,RRMP,0,RRMP,HEALTHIX|RRMP
GRRHIO,RR497,0,RR497,GRRHIO|RR497
BRONX,NYC_MEDICAL_OF_QUEENS,0,NYC MEDICAL OF QUEENS,BRONX|NYC MEDICAL OF QUEENS
HIXNY,GRANDRIVVALDOC,0,GRANDRIVVALDOC,HIXNY|GRANDRIVVALDOC
HIXNY,ELLSSSMHC,0,ELLSSSMHC,HIXNY|ELLSSSMHC
GRRHIO,UR0744,0,UR0744,GRRHIO|UR0744
HECDCS,NUV-HQMP,0,NUV-HQMP,HECDCS|NUV-HQMP
HIXNY,SPMGPPCMLT,0,SPMGPPCMLT,HIXNY|SPMGPPCMLT
GRRHIO,UR1699,0,UR1699,GRRHIO|UR1699
GRRHIO,UR1114,0,UR1114,GRRHIO|UR1114
GRRHIO,RR483,0,RR483,GRRHIO|RR483
BRONX,MEDINOVA_PHYSICIANS,0,MEDINOVA PHYSICIANS,BRONX|MEDINOVA PHYSICIANS
HIXNY,AMHSAMCHDOC,0,AMHSAMCHDOC,HIXNY|AMHSAMCHDOC
GRRHIO,UR1150,0,UR1150,GRRHIO|UR1150
BRONX,RAPID_CARE_SOLUTIONS,0,RAPID CARE SOLUTIONS,BRONX|RAPID CARE SOLUTIONS
HEALTHIX,MSNYEE,0,MSNYEE,HEALTHIX|MSNYEE
HEALTHIX,HASC,0,HASC,HEALTHIX|HASC
HIXNY,SPPDBPULCCSDOC,0,SPPDBPULCCSDOC,HIXNY|SPPDBPULCCSDOC
GRRHIO,RRH419,0,RRH419,GRRHIO|RRH419
GRRHIO,UR1765,0,UR1765,GRRHIO|UR1765
GRRHIO,UR0349,0,UR0349,GRRHIO|UR0349
HEALTHIX,PBMC,0,PBMC,HEALTHIX|PBMC
BRONX,UNION_CHC,0,UNION CHC,BRONX|UNION CHC
TXD,JLAM,0,JLAM,TXD|JLAM
GRRHIO,RRH687,0,RRH687,GRRHIO|RRH687
HEALTHIX,SUNHM,0,SUNHM,HEALTHIX|SUNHM
TXD,MULWKA,0,MULWKA,TXD|MULWKA
GRRHIO,LENTA,0,LENTA,GRRHIO|LENTA
HEALTHIX,LIMG,0,LIMG,HEALTHIX|LIMG
HECDCS,WESTSIDE-POD,0,WESTSIDE-POD,HECDCS|WESTSIDE-POD
TXD,BPEDA,0,BPEDA,TXD|BPEDA
GRRHIO,UR1743,0,UR1743,GRRHIO|UR1743
HIXNY,EDDYHOSP,0,EDDYHOSP,HIXNY|EDDYHOSP
TXD,RBMED,0,RBMED,TXD|RBMED
HIXNY,AHIPPS,0,AHIPPS,HIXNY|AHIPPS
HIXNY,RRHCSHOUT,0,RRHCSHOUT,HIXNY|RRHCSHOUT
HIXNY,PAPLBIRTHDOC,0,PAPLBIRTHDOC,HIXNY|PAPLBIRTHDOC
BRONX,NYA_GASTRO,0,NYA GASTRO,BRONX|NYA GASTRO
GRRHIO,RRH330,0,RRH330,GRRHIO|RRH330
HECDCS,ENDWELL-FAM-PHYS,0,ENDWELL-FAM-PHYS,HECDCS|ENDWELL-FAM-PHYS
GRRHIO,UCVA,0,UCVA,GRRHIO|UCVA
HEALTHIX,PCCP,0,PCCP,HEALTHIX|PCCP
BRONX,YONKERS_GENERAL_MEDICAL,0,YONKERS GENERAL MEDICAL,BRONX|YONKERS GENERAL MEDICAL
HIXNY,TRM,0,TRM,HIXNY|TRM
BRONX,VIP_COMMUNITY,0,VIP COMMUNITY,BRONX|VIP COMMUNITY
HEALTHIX,SUFM,0,SUFM,HEALTHIX|SUFM
GRRHIO,UR0626,0,UR0626,GRRHIO|UR0626
HECDCS,ST-VINCENTS-HOSP,0,ST-VINCENTS-HOSP,HECDCS|ST-VINCENTS-HOSP
GRRHIO,UR2149,0,UR2149,GRRHIO|UR2149
HEALTHIX,ASTORIA,0,ASTORIA,HEALTHIX|ASTORIA
HEALTHIX,RSKO,0,RSKO,HEALTHIX|RSKO
HEALTHIX,LHGV,0,LHGV,HEALTHIX|LHGV
HEALTHIX,CPUC,0,CPUC,HEALTHIX|CPUC
GRRHIO,RR566,0,RR566,GRRHIO|RR566
GRRHIO,UR0319,0,UR0319,GRRHIO|UR0319
HIXNY,ECHOPEDDOC,0,ECHOPEDDOC,HIXNY|ECHOPEDDOC
BRONX,BAHN,0,BAHN,BRONX|BAHN
GRRHIO,RR500,0,RR500,GRRHIO|RR500
HEALTHIX,GMS,0,GMS,HEALTHIX|GMS
TXD,NORTMG,0,NORTMG,TXD|NORTMG
GRRHIO,RRH136,0,RRH136,GRRHIO|RRH136
GRRHIO,RRH307,0,RRH307,GRRHIO|RRH307
GRRHIO,OOCHC,0,OOCHC,GRRHIO|OOCHC
GRRHIO,UR0878,0,UR0878,GRRHIO|UR0878
HEALTHIX,NYIM,0,NYIM,HEALTHIX|NYIM
GRRHIO,UR1194,0,UR1194,GRRHIO|UR1194
HIXNY,SPRHCHLTHC,0,SPRHCHLTHC,HIXNY|SPRHCHLTHC
HEALTHIX,HIPE,0,HIPE,HEALTHIX|HIPE
GRRHIO,RRH777,0,RRH777,GRRHIO|RRH777
HEALTHIX,FLUENDC,0,FLUENDC,HEALTHIX|FLUENDC
GRRHIO,SJNC,0,SJNC,GRRHIO|SJNC
HEALTHIX,SPHLLC,0,SPHLLC,HEALTHIX|SPHLLC
HIXNY,1982703070,0,1982703070,HIXNY|1982703070
GRRHIO,UR0135,0,UR0135,GRRHIO|UR0135
GRRHIO,UR0451,0,UR0451,GRRHIO|UR0451
GRRHIO,UR0857,0,UR0857,GRRHIO|UR0857
HIXNY,SPNHACAR,0,SPNHACAR,HIXNY|SPNHACAR
HEALTHIX,DCCA,0,DCCA,HEALTHIX|DCCA
HIXNY,1316055940,0,1316055940,HIXNY|1316055940
BRONX,HEALTHLAND_MEDICAL_CARE,0,HEALTHLAND MEDICAL CARE,BRONX|HEALTHLAND MEDICAL CARE
GRRHIO,UR0867,0,UR0867,GRRHIO|UR0867
GRRHIO,RRH590,0,RRH590,GRRHIO|RRH590
GRRHIO,UR1788,0,UR1788,GRRHIO|UR1788
HIXNY,WMCAPSORTFIDOC,0,WMCAPSORTFIDOC,HIXNY|WMCAPSORTFIDOC
TXD,NHOSPC,0,NHOSPC,TXD|NHOSPC
HEALTHIX,COBC,0,COBC,HEALTHIX|COBC
TXD,ALLPED,0,ALLPED,TXD|ALLPED
HIXNY,WMCAPSVASVADOC,0,WMCAPSVASVADOC,HIXNY|WMCAPSVASVADOC
HIXNY,AMGPCCPED,0,AMGPCCPED,HIXNY|AMGPCCPED
BRONX,RESEARCH_COHORT_2023,0,RESEARCH COHORT 2023,BRONX|RESEARCH COHORT 2023
HEALTHIX,YANWM,0,YANWM,HEALTHIX|YANWM
HEALTHIX,RBDO,0,RBDO,HEALTHIX|RBDO
HIXNY,WMCOCCHC,0,WMCOCCHC,HIXNY|WMCOCCHC
TXD,OLWSR,0,OLWSR,TXD|OLWSR
HECDCS,MATTHEW-SANCHEZ,0,MATTHEW-SANCHEZ,HECDCS|MATTHEW-SANCHEZ
HIXNY,1932293651,0,1932293651,HIXNY|1932293651
HIXNY,IMAACDMH,0,IMAACDMH,HIXNY|IMAACDMH
HECDCS,NORTH-MED-GROUP,0,NORTH-MED-GROUP,HECDCS|NORTH-MED-GROUP
HEALTHIX,FAMD,0,FAMD,HEALTHIX|FAMD
TXD,UHS.DUPLICATE2,0,UHS,TXD|UHS
TXD,ZMMRMN,0,ZMMRMN,TXD|ZMMRMN
GRRHIO,UR0652,0,UR0652,GRRHIO|UR0652
GRRHIO,UR0241,0,UR0241,GRRHIO|UR0241
HEALTHIX,MAYMG,0,MAYMG,HEALTHIX|MAYMG
BRONX,JIS_MEDICAL_OFFICE,0,JIS MEDICAL OFFICE,BRONX|JIS MEDICAL OFFICE
TXD,TVPEDS,0,TVPEDS,TXD|TVPEDS
HEALTHIX,QCCP,0,QCCP,HEALTHIX|QCCP
HIXNY,SPSCACARDOC,0,SPSCACARDOC,HIXNY|SPSCACARDOC
GRRHIO,RR541,0,RR541,GRRHIO|RR541
HEALTHIX,DMAMF,0,DMAMF,HEALTHIX|DMAMF
TXD,SUBPED,0,SUBPED,TXD|SUBPED
HIXNY,400082,0,400082,HIXNY|400082
GRRHIO,UR0019,0,UR0019,GRRHIO|UR0019
GRRHIO,UR0108,0,UR0108,GRRHIO|UR0108
HIXNY,TCHOSCRDOC,0,TCHOSCRDOC,HIXNY|TCHOSCRDOC
TXD,BEVSA,0,BEVSA,TXD|BEVSA
HIXNY,GFHCARDHL7,0,GFHCARDHL7,HIXNY|GFHCARDHL7
HIXNY,SHNEUR,0,SHNEUR,HIXNY|SHNEUR
GRRHIO,RRH362,0,RRH362,GRRHIO|RRH362
HEALTHIX,ECWNU93,0,ECWNU93,HEALTHIX|ECWNU93
HEALTHIX,GMCP,0,GMCP,HEALTHIX|GMCP
GRRHIO,RRH169,0,RRH169,GRRHIO|RRH169
TXD,TUSS,0,TUSS,TXD|TUSS
GRRHIO,RRH538,0,RRH538,GRRHIO|RRH538
HEALTHIX,SVBO,0,SVBO,HEALTHIX|SVBO
GRRHIO,UR0191,0,UR0191,GRRHIO|UR0191
HEALTHIX,ECWLCME,0,ECWLCME,HEALTHIX|ECWLCME
HIXNY,WMCAPSOPHHA,0,WMCAPSOPHHA,HIXNY|WMCAPSOPHHA
GRRHIO,UR1220,0,UR1220,GRRHIO|UR1220
HIXNY,WMCBSMGPULM,0,WMCBSMGPULM,HIXNY|WMCBSMGPULM
HEALTHIX,CCF,0,CCF,HEALTHIX|CCF
GRRHIO,UR0636,0,UR0636,GRRHIO|UR0636
GRRHIO,UR0793,0,UR0793,GRRHIO|UR0793
HEALTHIX,CMPH,0,CMPH,HEALTHIX|CMPH
HIXNY,SHPTOTHL7,0,SHPTOTHL7,HIXNY|SHPTOTHL7
GRRHIO,UR0648,0,UR0648,GRRHIO|UR0648
HIXNY,GFHFMHL7,0,GFHFMHL7,HIXNY|GFHFMHL7
HIXNY,RRHCPH,0,RRHCPH,HIXNY|RRHCPH
GRRHIO,UR0314,0,UR0314,GRRHIO|UR0314
GRRHIO,RR397,0,RR397,GRRHIO|RR397
GRRHIO,RRH201,0,RRH201,GRRHIO|RRH201
HECDCS,COMM-MED-DENT,0,COMM-MED-DENT,HECDCS|COMM-MED-DENT
GRRHIO,UR0450,0,UR0450,GRRHIO|UR0450
GRRHIO,DMA2,0,DMA2,GRRHIO|DMA2
GRRHIO,UR2112,0,UR2112,GRRHIO|UR2112
HEALTHIX,CNGCS,0,CNGCS,HEALTHIX|CNGCS
HIXNY,CVPHNEUROSG,0,CVPHNEUROSG,HIXNY|CVPHNEUROSG
GRRHIO,RRH290,0,RRH290,GRRHIO|RRH290
HIXNY,PAPLBREASTDOC,0,PAPLBREASTDOC,HIXNY|PAPLBREASTDOC
HIXNY,WMCAPSIMHA,0,WMCAPSIMHA,HIXNY|WMCAPSIMHA
HEALTHIX,CASES,0,CASES,HEALTHIX|CASES
GRRHIO,RRH390,0,RRH390,GRRHIO|RRH390
HIXNY,UHPP1,0,UHPP1,HIXNY|UHPP1
HEALTHIX,VICHWE,0,VICHWE,HEALTHIX|VICHWE
BRONX,LAEEQ_AHMAD,0,LAEEQ AHMAD,BRONX|LAEEQ AHMAD
HECDCS,MIDDLETOWN-MED,0,MIDDLETOWN-MED,HECDCS|MIDDLETOWN-MED
GRRHIO,WPEDS,0,WPEDS,GRRHIO|WPEDS
HEALTHIX,BPCRH,0,BPCRH,HEALTHIX|BPCRH
GRRHIO,RR770,0,RR770,GRRHIO|RR770
HEALTHIX,PMLIMC,0,PMLIMC,HEALTHIX|PMLIMC
HEALTHIX,BACI,0,BACI,HEALTHIX|BACI
GRRHIO,UR2134,0,UR2134,GRRHIO|UR2134
HIXNY,SMHARAOOP,0,SMHARAOOP,HIXNY|SMHARAOOP
HIXNY,CPMGPULM,0,CPMGPULM,HIXNY|CPMGPULM
HIXNY,HECUHS,0,HECUHS,HIXNY|HECUHS
HIXNY,HEL,0,HEL,HIXNY|HEL
GRRHIO,RR72,0,RR72,GRRHIO|RR72
GRRHIO,UPC.DUPLICATE,0,UPC,GRRHIO|UPC
HIXNY,WMCAPSPSHA,0,WMCAPSPSHA,HIXNY|WMCAPSPSHA
GRRHIO,UR0776,0,UR0776,GRRHIO|UR0776
HEALTHIX,MRSC,0,MRSC,HEALTHIX|MRSC
HEALTHIX,JMOE,0,JMOE,HEALTHIX|JMOE
HEALTHIX,GJNRC,0,GJNRC,HEALTHIX|GJNRC
HIXNY,AMALHNDRHBDOC,0,AMALHNDRHBDOC,HIXNY|AMALHNDRHBDOC
GRRHIO,RRH540,0,RRH540,GRRHIO|RRH540
TXD,CRYSTL,0,CRYSTL,TXD|CRYSTL
HIXNY,1477503142,0,1477503142,HIXNY|1477503142
GRRHIO,RRH461,0,RRH461,GRRHIO|RRH461
HEALTHIX,SCFRN,0,SCFRN,HEALTHIX|SCFRN
GRRHIO,RRH198,0,RRH198,GRRHIO|RRH198
GRRHIO,LCDN,0,LCDN,GRRHIO|LCDN
HECDCS,FIRSTCARE-WALK,0,FIRSTCARE-WALK,HECDCS|FIRSTCARE-WALK
GRRHIO,RRH565,0,RRH565,GRRHIO|RRH565
BRONX,AOL_MEDICAL_SRVCS,0,AOL MEDICAL SRVCS,BRONX|AOL MEDICAL SRVCS
GRRHIO,PFMB,0,PFMB,GRRHIO|PFMB
HEALTHIX,MILOS,0,MILOS,HEALTHIX|MILOS
TXD,WNYPE,0,WNYPE,TXD|WNYPE
HIXNY,WMCAPSFAMKI,0,WMCAPSFAMKI,HIXNY|WMCAPSFAMKI
HIXNY,SNTWDPED,0,SNTWDPED,HIXNY|SNTWDPED
HIXNY,PAPLWFHC,0,PAPLWFHC,HIXNY|PAPLWFHC
HEALTHIX,MMEYER,0,MMEYER,HEALTHIX|MMEYER
HEALTHIX,CENY,0,CENY,HEALTHIX|CENY
HIXNY,AMHSAENDHL7,0,AMHSAENDHL7,HIXNY|AMHSAENDHL7
HEALTHIX,ECWPEDAMED,0,ECWPEDAMED,HEALTHIX|ECWPEDAMED
GRRHIO,NHP,0,NHP,GRRHIO|NHP
TXD,CCDCS,0,CCDCS,TXD|CCDCS
GRRHIO,HBHS3,0,HBHS3,GRRHIO|HBHS3
HEALTHIX,MJSK,0,MJSK,HEALTHIX|MJSK
HIXNY,WMCAPSTRAVADOC,0,WMCAPSTRAVADOC,HIXNY|WMCAPSTRAVADOC
BRONX,PREFERRED_MEDICAL_CARE,0,PREFERRED MEDICAL CARE,BRONX|PREFERRED MEDICAL CARE
HIXNY,1407937485,0,1407937485,HIXNY|1407937485
HEALTHIX,43STFP,0,43STFP,HEALTHIX|43STFP
HIXNY,CPMGFPGOV,0,CPMGFPGOV,HIXNY|CPMGFPGOV
HIXNY,SPSMLAB,0,SPSMLAB,HIXNY|SPSMLAB
GRRHIO,UR0732,0,UR0732,GRRHIO|UR0732
BRONX,BRONX_HEART_MEDICAL,0,BRONX HEART MEDICAL,BRONX|BRONX HEART MEDICAL
GRRHIO,RRH211,0,RRH211,GRRHIO|RRH211
TXD,GCMHS,0,GCMHS,TXD|GCMHS
GRRHIO,UR2018,0,UR2018,GRRHIO|UR2018
HECDCS,NORTHERN-NP,0,NORTHERN-NP,HECDCS|NORTHERN-NP
HEALTHIX,GMGP,0,GMGP,HEALTHIX|GMGP
HEALTHIX,IMAS,0,IMAS,HEALTHIX|IMAS
GRRHIO,UR0561,0,UR0561,GRRHIO|UR0561
HIXNY,AMHSANEPHHL7,0,AMHSANEPHHL7,HIXNY|AMHSANEPHHL7
GRRHIO,RRH079,0,RRH079,GRRHIO|RRH079
HECDCS,BUFFALO-PSYCH,0,BUFFALO-PSYCH,HECDCS|BUFFALO-PSYCH
GRRHIO,UR0487,0,UR0487,GRRHIO|UR0487
GRRHIO,UR2042,0,UR2042,GRRHIO|UR2042
GRRHIO,UR1735,0,UR1735,GRRHIO|UR1735
HIXNY,WMCAPSPULKIDOC,0,WMCAPSPULKIDOC,HIXNY|WMCAPSPULKIDOC
HIXNY,SPPHYSREHAB,0,SPPHYSREHAB,HIXNY|SPPHYSREHAB
GRRHIO,RRH316,0,RRH316,GRRHIO|RRH316
BRONX,MODERN_EAST_WEST_MEDICAL,0,MODERN EAST WEST MEDICAL,BRONX|MODERN EAST WEST MEDICAL
HIXNY,WMCAPSVASVA,0,WMCAPSVASVA,HIXNY|WMCAPSVASVA
BRONX,M_L_NAHAR_MEDICAL_OFFICE,0,M L NAHAR MEDICAL OFFICE,BRONX|M L NAHAR MEDICAL OFFICE
GRRHIO,UR0071,0,UR0071,GRRHIO|UR0071
GRRHIO,RRH571,0,RRH571,GRRHIO|RRH571
GRRHIO,RRH551,0,RRH551,GRRHIO|RRH551
HEALTHIX,SUSC,0,SUSC,HEALTHIX|SUSC
HIXNY,ONYPR,0,ONYPR,HIXNY|ONYPR
BRONX,START_TREATMENT_AND_RECOVERY_CENTERS,0,START TREATMENT AND RECOVERY CENTERS,BRONX|START TREATMENT AND RECOVERY CENTERS
HEALTHIX,MYTAB,0,MYTAB,HEALTHIX|MYTAB
GRRHIO,UR0666,0,UR0666,GRRHIO|UR0666
HEALTHIX,FMNY,0,FMNY,HEALTHIX|FMNY
BRONX,QUALITY_MEDICAL_PROVIDERS,0,QUALITY MEDICAL PROVIDERS,BRONX|QUALITY MEDICAL PROVIDERS
HEALTHIX,WEIBOMS,0,WEIBOMS,HEALTHIX|WEIBOMS
HIXNY,SPMEALABDSDOC,0,SPMEALABDSDOC,HIXNY|SPMEALABDSDOC
GRRHIO,UR2313,0,UR2313,GRRHIO|UR2313
HEALTHIX,SPAP,0,SPAP,HEALTHIX|SPAP
GRRHIO,UR0832,0,UR0832,GRRHIO|UR0832
HEALTHIX,MASCOR,0,MASCOR,HEALTHIX|MASCOR
HIXNY,GFHGRANVILLE,0,GFHGRANVILLE,HIXNY|GFHGRANVILLE
HEALTHIX,CCMC,0,CCMC,HEALTHIX|CCMC
GRRHIO,RR368,0,RR368,GRRHIO|RR368
HIXNY,SPMOBTESUR,0,SPMOBTESUR,HIXNY|SPMOBTESUR
HECDCS,CNYHHN.DUPLICATE1,0,CNYHHN,HECDCS|CNYHHN
HIXNY,AMHSMONITORDOC,0,AMHSMONITORDOC,HIXNY|AMHSMONITORDOC
TXD,NCMH2PART2,0,NCMH2PART2,TXD|NCMH2PART2
HIXNY,3169,0,3169,HIXNY|3169
TXD,OPFAM,0,OPFAM,TXD|OPFAM
HIXNY,URMC,0,URMC,HIXNY|URMC
HECDCS,ROME-HLTH-T-SYS,0,ROME-HLTH-T-SYS,HECDCS|ROME-HLTH-T-SYS
HEALTHIX,JWMD,0,JWMD,HEALTHIX|JWMD
HIXNY,CPHEC,0,CPHEC,HIXNY|CPHEC
HECDCS,EYE-CONSULT-SYR,0,EYE-CONSULT-SYR,HECDCS|EYE-CONSULT-SYR
HIXNY,WMCBSSACH,0,WMCBSSACH,HIXNY|WMCBSSACH
TXD,NRTMED,0,NRTMED,TXD|NRTMED
HEALTHIX,MIB.DUPLICATE1,0,MIB,HEALTHIX|MIB
TXD,HHPWNY,0,HHPWNY,TXD|HHPWNY
HIXNY,1518107069,0,1518107069,HIXNY|1518107069
HEALTHIX,WMCPC,0,WMCPC,HEALTHIX|WMCPC
HEALTHIX,MCPLLC,0,MCPLLC,HEALTHIX|MCPLLC
BRONX,CITYBLOCK.DUPLICATE,0,CITYBLOCK,BRONX|CITYBLOCK
HIXNY,WMCAPSGVADOC,0,WMCAPSGVADOC,HIXNY|WMCAPSGVADOC
HEALTHIX,ECWBMC,0,ECWBMC,HEALTHIX|ECWBMC
HECDCS,ROCK-PSYCH,0,ROCK-PSYCH,HECDCS|ROCK-PSYCH
GRRHIO,UR1666,0,UR1666,GRRHIO|UR1666
GRRHIO,UR0996,0,UR0996,GRRHIO|UR0996
HEALTHIX,BPAA,0,BPAA,HEALTHIX|BPAA
HEALTHIX,CPHC,0,CPHC,HEALTHIX|CPHC
HIXNY,AMHSAGASHL7,0,AMHSAGASHL7,HIXNY|AMHSAGASHL7
GRRHIO,UR0865,0,UR0865,GRRHIO|UR0865
GRRHIO,UR0310,0,UR0310,GRRHIO|UR0310
GRRHIO,RR198,0,RR198,GRRHIO|RR198
HEALTHIX,ESMPC,0,ESMPC,HEALTHIX|ESMPC
GRRHIO,RRH791,0,RRH791,GRRHIO|RRH791
HECDCS,K-A-RADIOLOGICAL,0,K-A-RADIOLOGICAL,HECDCS|K-A-RADIOLOGICAL
HECDCS,OSW-PHY-CARE,0,OSW-PHY-CARE,HECDCS|OSW-PHY-CARE
GRRHIO,UR1533,0,UR1533,GRRHIO|UR1533
HEALTHIX,QVPC,0,QVPC,HEALTHIX|QVPC
BRONX,BRONX_COMMUNITY_MEDICINE,0,BRONX COMMUNITY MEDICINE,BRONX|BRONX COMMUNITY MEDICINE
BRONX,CANDIDA_CATUCCI,0,CANDIDA CATUCCI,BRONX|CANDIDA CATUCCI
HIXNY,CVPHPULM,0,CVPHPULM,HIXNY|CVPHPULM
HEALTHIX,IPANY,0,IPANY,HEALTHIX|IPANY
HIXNY,WMCAPSNEUHA,0,WMCAPSNEUHA,HIXNY|WMCAPSNEUHA
HEALTHIX,MANPEDA,0,MANPEDA,HEALTHIX|MANPEDA
HEALTHIX,GTME,0,GTME,HEALTHIX|GTME
GRRHIO,CKIM,0,CKIM,GRRHIO|CKIM
HIXNY,GFHCARD,0,GFHCARD,HIXNY|GFHCARD
HEALTHIX,ADVCAREALLI,0,ADVCAREALLI,HEALTHIX|ADVCAREALLI
HECDCS,ELMIRA-PSYCH,0,ELMIRA-PSYCH,HECDCS|ELMIRA-PSYCH
HIXNY,AMHSAHEAR,0,AMHSAHEAR,HIXNY|AMHSAHEAR
BRONX,GOOD_NEIGHBOR_FP,0,GOOD NEIGHBOR FP,BRONX|GOOD NEIGHBOR FP
HIXNY,TROYMED,0,TROYMED,HIXNY|TROYMED
GRRHIO,RRH156,0,RRH156,GRRHIO|RRH156
TXD,ALVLEA,0,ALVLEA,TXD|ALVLEA
GRRHIO,UR2172,0,UR2172,GRRHIO|UR2172
HECDCS,BAMBINI-PEDS,0,BAMBINI-PEDS,HECDCS|BAMBINI-PEDS
GRRHIO,UR1352,0,UR1352,GRRHIO|UR1352
HEALTHIX,HCARES,0,HCARES,HEALTHIX|HCARES
HIXNY,SPCRUURODOC,0,SPCRUURODOC,HIXNY|SPCRUURODOC
HIXNY,WMCAPSGVA,0,WMCAPSGVA,HIXNY|WMCAPSGVA
HIXNY,4965HRSN,0,4965HRSN,HIXNY|4965HRSN
GRRHIO,UR0827,0,UR0827,GRRHIO|UR0827
TXD,ENNPC,0,ENNPC,TXD|ENNPC
GRRHIO,RRH268,0,RRH268,GRRHIO|RRH268
HIXNY,CMHPED,0,CMHPED,HIXNY|CMHPED
HEALTHIX,RMFM,0,RMFM,HEALTHIX|RMFM
HIXNY,SPNHAVASDOC,0,SPNHAVASDOC,HIXNY|SPNHAVASDOC
HEALTHIX,MIMC,0,MIMC,HEALTHIX|MIMC
HECDCS,MIDHUD-PRIMARY,0,MIDHUD-PRIMARY,HECDCS|MIDHUD-PRIMARY
GRRHIO,UR0779,0,UR0779,GRRHIO|UR0779
HIXNY,1215003579,0,1215003579,HIXNY|1215003579
HIXNY,CVPHDERMDOC,0,CVPHDERMDOC,HIXNY|CVPHDERMDOC
HECDCS,ORANGE-DEPT-MH,0,ORANGE-DEPT-MH,HECDCS|ORANGE-DEPT-MH
HEALTHIX,SHMC,0,SHMC,HEALTHIX|SHMC
GRRHIO,CVFP,0,CVFP,GRRHIO|CVFP
GRRHIO,UR1102,0,UR1102,GRRHIO|UR1102
HEALTHIX,QNCARD,0,QNCARD,HEALTHIX|QNCARD
HIXNY,SHUROHL7,0,SHUROHL7,HIXNY|SHUROHL7
GRRHIO,UR1816,0,UR1816,GRRHIO|UR1816
GRRHIO,PAOB,0,PAOB,GRRHIO|PAOB
HIXNY,1730122359,0,1730122359,HIXNY|1730122359
HEALTHIX,BAHS,0,BAHS,HEALTHIX|BAHS
GRRHIO,UR1159,0,UR1159,GRRHIO|UR1159
BRONX,BROADWAY_INTERNAL_MEDICINE,0,BROADWAY INTERNAL MEDICINE,BRONX|BROADWAY INTERNAL MEDICINE
GRRHIO,UR1944,0,UR1944,GRRHIO|UR1944
GRRHIO,RRH196,0,RRH196,GRRHIO|RRH196
GRRHIO,UR0301,0,UR0301,GRRHIO|UR0301
GRRHIO,UR1818,0,UR1818,GRRHIO|UR1818
HEALTHIX,SUFFM,0,SUFFM,HEALTHIX|SUFFM
HEALTHIX,COMPFM,0,COMPFM,HEALTHIX|COMPFM
GRRHIO,UR0984,0,UR0984,GRRHIO|UR0984
HEALTHIX,CITYHEALTH,0,CITYHEALTH,HEALTHIX|CITYHEALTH
BRONX,AW_MEDICAL,0,AW MEDICAL,BRONX|AW MEDICAL
HEALTHIX,ACRN,0,ACRN,HEALTHIX|ACRN
GRRHIO,UR0407,0,UR0407,GRRHIO|UR0407
GRRHIO,UR0978,0,UR0978,GRRHIO|UR0978
GRRHIO,RRH566,0,RRH566,GRRHIO|RRH566
GRRHIO,RRH822,0,RRH822,GRRHIO|RRH822
HEALTHIX,SJMCRES,0,SJMCRES,HEALTHIX|SJMCRES
BRONX,DD_MEDICINE,0,DD MEDICINE,BRONX|DD MEDICINE
HECDCS,CHHUNY.DUPLICATE1,0,CHHUNY,HECDCS|CHHUNY
GRRHIO,UR2351,0,UR2351,GRRHIO|UR2351
HIXNY,AMHSATRANHL7,0,AMHSATRANHL7,HIXNY|AMHSATRANHL7
HEALTHIX,MEPC,0,MEPC,HEALTHIX|MEPC
BRONX,GRAND_CONCOURSE_MEDICAL_PRACTICE,0,GRAND CONCOURSE MEDICAL PRACTICE,BRONX|GRAND CONCOURSE MEDICAL PRACTICE
HEALTHIX,SNA,0,SNA,HEALTHIX|SNA
HEALTHIX,UMSE,0,UMSE,HEALTHIX|UMSE
HEALTHIX,JBLP,0,JBLP,HEALTHIX|JBLP
GRRHIO,RRH177,0,RRH177,GRRHIO|RRH177
GRRHIO,RRH529,0,RRH529,GRRHIO|RRH529
GRRHIO,UR0296,0,UR0296,GRRHIO|UR0296
HEALTHIX,NYUCOBBLE,0,NYUCOBBLE,HEALTHIX|NYUCOBBLE
GRRHIO,UR0324,0,UR0324,GRRHIO|UR0324
GRRHIO,UR0606,0,UR0606,GRRHIO|UR0606
HIXNY,CPMGORTSPT,0,CPMGORTSPT,HIXNY|CPMGORTSPT
HIXNY,15628HRSN,0,15628HRSN,HIXNY|15628HRSN
GRRHIO,RRH190,0,RRH190,GRRHIO|RRH190
TXD,CATMAR,0,CATMAR,TXD|CATMAR
GRRHIO,RR372,0,RR372,GRRHIO|RR372
HIXNY,HECBCHP,0,HECBCHP,HIXNY|HECBCHP
TXD,NCDOH,0,NCDOH,TXD|NCDOH
HEALTHIX,CFMPC,0,CFMPC,HEALTHIX|CFMPC
GRRHIO,UR0989,0,UR0989,GRRHIO|UR0989
GRRHIO,UR1668,0,UR1668,GRRHIO|UR1668
HECDCS,HV-REGIONAL-COMM,0,HV-REGIONAL-COMM,HECDCS|HV-REGIONAL-COMM
GRRHIO,RR24,0,RR24,GRRHIO|RR24
GRRHIO,SAC,0,SAC,GRRHIO|SAC
HEALTHIX,LILUMPC,0,LILUMPC,HEALTHIX|LILUMPC
HEALTHIX,SOUTHIP,0,SOUTHIP,HEALTHIX|SOUTHIP
HEALTHIX,PHME,0,PHME,HEALTHIX|PHME
GRRHIO,FLP2,0,FLP2,GRRHIO|FLP2
HIXNY,SPHPSPARCDOC,0,SPHPSPARCDOC,HIXNY|SPHPSPARCDOC
GRRHIO,RRH397,0,RRH397,GRRHIO|RRH397
GRRHIO,UR0938,0,UR0938,GRRHIO|UR0938
HEALTHIX,LNMD,0,LNMD,HEALTHIX|LNMD
GRRHIO,UR0642,0,UR0642,GRRHIO|UR0642
HECDCS,LORETTO-MGMT,0,LORETTO-MGMT,HECDCS|LORETTO-MGMT
GRRHIO,UR1015,0,UR1015,GRRHIO|UR1015
HEALTHIX,DONPMC,0,DONPMC,HEALTHIX|DONPMC
GRRHIO,UR0987,0,UR0987,GRRHIO|UR0987
HECDCS,SYR-COMM-HLTH-2,0,SYR-COMM-HLTH-2,HECDCS|SYR-COMM-HLTH-2
HEALTHIX,CESCES,0,CESCES,HEALTHIX|CESCES
HEALTHIX,CHCR,0,CHCR,HEALTHIX|CHCR
HECDCS,CAY-COUNSEL,0,CAY-COUNSEL,HECDCS|CAY-COUNSEL
GRRHIO,UMC,0,UMC,GRRHIO|UMC
TXD,JMHULT,0,JMHULT,TXD|JMHULT
HEALTHIX,CTCRN,0,CTCRN,HEALTHIX|CTCRN
GRRHIO,UR1656,0,UR1656,GRRHIO|UR1656
GRRHIO,RR803,0,RR803,GRRHIO|RR803
HEALTHIX,PRFI,0,PRFI,HEALTHIX|PRFI
HEALTHIX,JPOM,0,JPOM,HEALTHIX|JPOM
GRRHIO,BFC,0,BFC,GRRHIO|BFC
GRRHIO,UR1361,0,UR1361,GRRHIO|UR1361
HEALTHIX,MBOPPA,0,MBOPPA,HEALTHIX|MBOPPA
GRRHIO,UR0579,0,UR0579,GRRHIO|UR0579
HEALTHIX,XQMD,0,XQMD,HEALTHIX|XQMD
HEALTHIX,ECWHOJM,0,ECWHOJM,HEALTHIX|ECWHOJM
HEALTHIX,PCMA,0,PCMA,HEALTHIX|PCMA
GRRHIO,RR387,0,RR387,GRRHIO|RR387
HIXNY,HECBP,0,HECBP,HIXNY|HECBP
TXD,IPWELL,0,IPWELL,TXD|IPWELL
HEALTHIX,ARML,0,ARML,HEALTHIX|ARML
GRRHIO,UR0751,0,UR0751,GRRHIO|UR0751
BRONX,ACMH.DUPLICATE,0,ACMH,BRONX|ACMH
HIXNY,AMHSACTH,0,AMHSACTH,HIXNY|AMHSACTH
HEALTHIX,WHPC,0,WHPC,HEALTHIX|WHPC
HIXNY,EDDYHHDOC,0,EDDYHHDOC,HIXNY|EDDYHHDOC
GRRHIO,UR2013,0,UR2013,GRRHIO|UR2013
GRRHIO,TOC,0,TOC,GRRHIO|TOC
HEALTHIX,ECWDALM,0,ECWDALM,HEALTHIX|ECWDALM
GRRHIO,RRH241,0,RRH241,GRRHIO|RRH241
GRRHIO,RR601,0,RR601,GRRHIO|RR601
BRONX,WAYNE_CENTER_FOR_NURSING_AND_REHAB,0,WAYNE CENTER FOR NURSING AND REHAB,BRONX|WAYNE CENTER FOR NURSING AND REHAB
BRONX,ODYSSEY_HOUSE,0,ODYSSEY HOUSE,BRONX|ODYSSEY HOUSE
HIXNY,SMHACDOP,0,SMHACDOP,HIXNY|SMHACDOP
HEALTHIX,EACO,0,EACO,HEALTHIX|EACO
GRRHIO,UR1119,0,UR1119,GRRHIO|UR1119
HEALTHIX,NCMHIX,0,NCMHIX,HEALTHIX|NCMHIX
GRRHIO,RR410,0,RR410,GRRHIO|RR410
HIXNY,CVPHGASTRO,0,CVPHGASTRO,HIXNY|CVPHGASTRO
GRRHIO,ZOLCORAS,0,ZOLCORAS,GRRHIO|ZOLCORAS
BRONX,BEST_CARE_EVER_MEDICAL_GROUP,0,BEST CARE EVER MEDICAL GROUP,BRONX|BEST CARE EVER MEDICAL GROUP
GRRHIO,UR1400,0,UR1400,GRRHIO|UR1400
HECDCS,PRIME-CARE-COORD,0,PRIME-CARE-COORD,HECDCS|PRIME-CARE-COORD
HEALTHIX,ECWNUIMA,0,ECWNUIMA,HEALTHIX|ECWNUIMA
HEALTHIX,ECWKHBM,0,ECWKHBM,HEALTHIX|ECWKHBM
BRONX,GILANI_MEDICAL_SRVCS,0,GILANI MEDICAL SRVCS,BRONX|GILANI MEDICAL SRVCS
HIXNY,CVPHAMBEP,0,CVPHAMBEP,HIXNY|CVPHAMBEP
TXD,RWCWNY,0,RWCWNY,TXD|RWCWNY
GRRHIO,PRICA,0,PRICA,GRRHIO|PRICA
GRRHIO,RRH170,0,RRH170,GRRHIO|RRH170
HECDCS,PAUL-S-COHEN,0,PAUL-S-COHEN,HECDCS|PAUL-S-COHEN
HEALTHIX,DALE,0,DALE,HEALTHIX|DALE
HEALTHIX,JMPC,0,JMPC,HEALTHIX|JMPC
GRRHIO,UR0955,0,UR0955,GRRHIO|UR0955
HIXNY,8435ALERT,0,8435ALERT,HIXNY|8435ALERT
TXD,WYDOH,0,WYDOH,TXD|WYDOH
HIXNY,SPALHOSPICE,0,SPALHOSPICE,HIXNY|SPALHOSPICE
HECDCS,PED-UROLOGY,0,PED-UROLOGY,HECDCS|PED-UROLOGY
GRRHIO,RRH050,0,RRH050,GRRHIO|RRH050
HEALTHIX,CPMU,0,CPMU,HEALTHIX|CPMU
GRRHIO,UR0376,0,UR0376,GRRHIO|UR0376
GRRHIO,RRH620,0,RRH620,GRRHIO|RRH620
GRRHIO,TRILL,0,TRILL,GRRHIO|TRILL
GRRHIO,UR0516,0,UR0516,GRRHIO|UR0516
HECDCS,UP-ORTHO-ASC,0,UP-ORTHO-ASC,HECDCS|UP-ORTHO-ASC
HIXNY,GFHAUD,0,GFHAUD,HIXNY|GFHAUD
TXD,HHUJFS,0,HHUJFS,TXD|HHUJFS
HIXNY,AMHSAENDPEHL7,0,AMHSAENDPEHL7,HIXNY|AMHSAENDPEHL7
TXD,JENRUH,0,JENRUH,TXD|JENRUH
HEALTHIX,FWMD,0,FWMD,HEALTHIX|FWMD
GRRHIO,RR411,0,RR411,GRRHIO|RR411
HIXNY,WMCAPSOPHHADOC,0,WMCAPSOPHHADOC,HIXNY|WMCAPSOPHHADOC
HIXNY,AMALWNDCRO,0,AMALWNDCRO,HIXNY|AMALWNDCRO
HIXNY,SHEYEHL7,0,SHEYEHL7,HIXNY|SHEYEHL7
HIXNY,ELLSPEDC,0,ELLSPEDC,HIXNY|ELLSPEDC
GRRHIO,CRDMD2,0,CRDMD2,GRRHIO|CRDMD2
HEALTHIX,YVMPC,0,YVMPC,HEALTHIX|YVMPC
HIXNY,GFHWILTON,0,GFHWILTON,HIXNY|GFHWILTON
HIXNY,AMPCC46,0,AMPCC46,HIXNY|AMPCC46
GRRHIO,EMSNWAVA,0,EMSNWAVA,GRRHIO|EMSNWAVA
HECDCS,SILVESTRI,0,SILVESTRI,HECDCS|SILVESTRI
GRRHIO,UR0023,0,UR0023,GRRHIO|UR0023
HECDCS,BLYTHEDALE-CHILD,0,BLYTHEDALE-CHILD,HECDCS|BLYTHEDALE-CHILD
GRRHIO,RRH577,0,RRH577,GRRHIO|RRH577
GRRHIO,UR0898,0,UR0898,GRRHIO|UR0898
GRRHIO,UR1174,0,UR1174,GRRHIO|UR1174
HEALTHIX,SVRN,0,SVRN,HEALTHIX|SVRN
HIXNY,WMCAPSPUACP,0,WMCAPSPUACP,HIXNY|WMCAPSPUACP
BRONX,PRIME_MEDCARE,0,PRIME MEDCARE,BRONX|PRIME MEDCARE
HEALTHIX,SILVERCREST,0,SILVERCREST,HEALTHIX|SILVERCREST
GRRHIO,UR0246,0,UR0246,GRRHIO|UR0246
GRRHIO,UR1988,0,UR1988,GRRHIO|UR1988
HEALTHIX,SYMS,0,SYMS,HEALTHIX|SYMS
HIXNY,PPNCNY1,0,PPNCNY1,HIXNY|PPNCNY1
HECDCS,HERKIMER-FAM-NP,0,HERKIMER-FAM-NP,HECDCS|HERKIMER-FAM-NP
HEALTHIX,EPORTC,0,EPORTC,HEALTHIX|EPORTC
HEALTHIX,OMHMPC,0,OMHMPC,HEALTHIX|OMHMPC
HEALTHIX,BUFNRC.DUPLICATE,0,BUFNRC,HEALTHIX|BUFNRC
HEALTHIX,GSMP,0,GSMP,HEALTHIX|GSMP
GRRHIO,UR0111,0,UR0111,GRRHIO|UR0111
GRRHIO,UR0578,0,UR0578,GRRHIO|UR0578
HEALTHIX,CETMD,0,CETMD,HEALTHIX|CETMD
GRRHIO,RRH009,0,RRH009,GRRHIO|RRH009
HEALTHIX,MEDCARE,0,MEDCARE,HEALTHIX|MEDCARE
GRRHIO,RR558,0,RR558,GRRHIO|RR558
GRRHIO,MCH,0,MCH,GRRHIO|MCH
GRRHIO,UR1277,0,UR1277,GRRHIO|UR1277
HIXNY,WMCHAHMC19V,0,WMCHAHMC19V,HIXNY|WMCHAHMC19V
HIXNY,AHMCWOMENS,0,AHMCWOMENS,HIXNY|AHMCWOMENS
HECDCS,PP-CNY-WNY-NY,0,PP-CNY-WNY-NY,HECDCS|PP-CNY-WNY-NY
HEALTHIX,ISABELLA,0,ISABELLA,HEALTHIX|ISABELLA
GRRHIO,WREC,0,WREC,GRRHIO|WREC
HEALTHIX,STMS,0,STMS,HEALTHIX|STMS
HIXNY,WMCAPSHOKI,0,WMCAPSHOKI,HIXNY|WMCAPSHOKI
GRRHIO,RRH097,0,RRH097,GRRHIO|RRH097
HEALTHIX,UWP,0,UWP,HEALTHIX|UWP
GRRHIO,RRH644,0,RRH644,GRRHIO|RRH644
TXD,NPULSL,0,NPULSL,TXD|NPULSL
GRRHIO,MOBG,0,MOBG,GRRHIO|MOBG
GRRHIO,RR35,0,RR35,GRRHIO|RR35
GRRHIO,UR0995,0,UR0995,GRRHIO|UR0995
HEALTHIX,SNG,0,SNG,HEALTHIX|SNG
GRRHIO,UR0404,0,UR0404,GRRHIO|UR0404
GRRHIO,RR61,0,RR61,GRRHIO|RR61
GRRHIO,UR0182,0,UR0182,GRRHIO|UR0182
GRRHIO,RR231,0,RR231,GRRHIO|RR231
HIXNY,1841224052,0,1841224052,HIXNY|1841224052
HEALTHIX,CCBACO,0,CCBACO,HEALTHIX|CCBACO
HEALTHIX,JFMP,0,JFMP,HEALTHIX|JFMP
HEALTHIX,ECWPLMD,0,ECWPLMD,HEALTHIX|ECWPLMD
GRRHIO,STJH2,0,STJH2,GRRHIO|STJH2
GRRHIO,UR0784,0,UR0784,GRRHIO|UR0784
TXD,SCHCHA,0,SCHCHA,TXD|SCHCHA
HIXNY,TFCC,0,TFCC,HIXNY|TFCC
HEALTHIX,PPPC,0,PPPC,HEALTHIX|PPPC
GRRHIO,UR0493,0,UR0493,GRRHIO|UR0493
HIXNY,CVPHSNF,0,CVPHSNF,HIXNY|CVPHSNF
HEALTHIX,QUEENSB,0,QUEENSB,HEALTHIX|QUEENSB
HIXNY,WMCAPSVAPOUDOC,0,WMCAPSVAPOUDOC,HIXNY|WMCAPSVAPOUDOC
HEALTHIX,EMCG,0,EMCG,HEALTHIX|EMCG
GRRHIO,RR399,0,RR399,GRRHIO|RR399
GRRHIO,UR2406,0,UR2406,GRRHIO|UR2406
HIXNY,1245309434,0,1245309434,HIXNY|1245309434
HIXNY,GFHPTOTHL7,0,GFHPTOTHL7,HIXNY|GFHPTOTHL7
GRRHIO,UR1157,0,UR1157,GRRHIO|UR1157
GRRHIO,RCRS,0,RCRS,GRRHIO|RCRS
GRRHIO,UR0293,0,UR0293,GRRHIO|UR0293
HECDCS,GUIDANCE-CTR,0,GUIDANCE-CTR,HECDCS|GUIDANCE-CTR
GRRHIO,UR2318,0,UR2318,GRRHIO|UR2318
HIXNY,GRANDGUILDDOC,0,GRANDGUILDDOC,HIXNY|GRANDGUILDDOC
GRRHIO,UR1696,0,UR1696,GRRHIO|UR1696
HIXNY,WMCOPDPULM,0,WMCOPDPULM,HIXNY|WMCOPDPULM
HEALTHIX,LYSM,0,LYSM,HEALTHIX|LYSM
GRRHIO,UR1951,0,UR1951,GRRHIO|UR1951
HIXNY,WMCAPSOPHVA,0,WMCAPSOPHVA,HIXNY|WMCAPSOPHVA
GRRHIO,UR1653,0,UR1653,GRRHIO|UR1653
HEALTHIX,BMD,0,BMD,HEALTHIX|BMD
GRRHIO,MNSO,0,MNSO,GRRHIO|MNSO
TXD,JANWES,0,JANWES,TXD|JANWES
HEALTHIX,54MSMP,0,54MSMP,HEALTHIX|54MSMP
GRRHIO,UR1984,0,UR1984,GRRHIO|UR1984
HIXNY,22211,0,22211,HIXNY|22211
GRRHIO,UR1092,0,UR1092,GRRHIO|UR1092
HEALTHIX,PLMD,0,PLMD,HEALTHIX|PLMD
HEALTHIX,HGCGN,0,HGCGN,HEALTHIX|HGCGN
HEALTHIX,ITMD,0,ITMD,HEALTHIX|ITMD
HIXNY,GFHPTOT,0,GFHPTOT,HIXNY|GFHPTOT
BRONX,BABU_PATEL,0,BABU PATEL,BRONX|BABU PATEL
HECDCS,AUBURN-CARDIO,0,AUBURN-CARDIO,HECDCS|AUBURN-CARDIO
BRONX,CARDIA_PEDIATRICS,0,CARDIA PEDIATRICS,BRONX|CARDIA PEDIATRICS
HECDCS,ONEIDA-HLTH-EXT,0,ONEIDA-HLTH-EXT,HECDCS|ONEIDA-HLTH-EXT
GRRHIO,MZK,0,MZK,GRRHIO|MZK
GRRHIO,UR2303,0,UR2303,GRRHIO|UR2303
HEALTHIX,ESMA,0,ESMA,HEALTHIX|ESMA
HIXNY,AMHSANEUPEHL7,0,AMHSANEUPEHL7,HIXNY|AMHSANEUPEHL7
GRRHIO,RR611,0,RR611,GRRHIO|RR611
GRRHIO,RRH936,0,RRH936,GRRHIO|RRH936
HIXNY,SHCPFANTICG,0,SHCPFANTICG,HIXNY|SHCPFANTICG
HECDCS,FARNHAM-FAM,0,FARNHAM-FAM,HECDCS|FARNHAM-FAM
HEALTHIX,CCARE,0,CCARE,HEALTHIX|CCARE
GRRHIO,RR391,0,RR391,GRRHIO|RR391
TXD,JMHXRY,0,JMHXRY,TXD|JMHXRY
HIXNY,AHMCPAIN,0,AHMCPAIN,HIXNY|AHMCPAIN
HIXNY,FOLTSBROOKDOC,0,FOLTSBROOKDOC,HIXNY|FOLTSBROOKDOC
TXD,IHMM,0,IHMM,TXD|IHMM
HEALTHIX,AAPM,0,AAPM,HEALTHIX|AAPM
HIXNY,WMCOPDURO,0,WMCOPDURO,HIXNY|WMCOPDURO
GRRHIO,RRH285,0,RRH285,GRRHIO|RRH285
GRRHIO,UR1110,0,UR1110,GRRHIO|UR1110
HEALTHIX,ECWMMCPC,0,ECWMMCPC,HEALTHIX|ECWMMCPC
HIXNY,SPCABLABDSDOC,0,SPCABLABDSDOC,HIXNY|SPCABLABDSDOC
BRONX,MELVIN_KOPLOW,0,MELVIN KOPLOW,BRONX|MELVIN KOPLOW
GRRHIO,UR1195,0,UR1195,GRRHIO|UR1195
BRONX,VERMENTON_PEDIATRICS,0,VERMENTON PEDIATRICS,BRONX|VERMENTON PEDIATRICS
BRONX,ANDRADE_MEDICAL,0,ANDRADE MEDICAL,BRONX|ANDRADE MEDICAL
HIXNY,SPVRBFAMNIS,0,SPVRBFAMNIS,HIXNY|SPVRBFAMNIS
HEALTHIX,BHCP,0,BHCP,HEALTHIX|BHCP
HIXNY,257700,0,257700,HIXNY|257700
GRRHIO,UR0658,0,UR0658,GRRHIO|UR0658
HEALTHIX,RPHC,0,RPHC,HEALTHIX|RPHC
GRRHIO,UR2332,0,UR2332,GRRHIO|UR2332
HIXNY,AMHSASURPED,0,AMHSASURPED,HIXNY|AMHSASURPED
HECDCS,MASONIC-CARE-COM,0,MASONIC-CARE-COM,HECDCS|MASONIC-CARE-COM
GRRHIO,RR132,0,RR132,GRRHIO|RR132
HECDCS,PINES-POUGH,0,PINES-POUGH,HECDCS|PINES-POUGH
GRRHIO,RR280,0,RR280,GRRHIO|RR280
GRRHIO,RR184,0,RR184,GRRHIO|RR184
HEALTHIX,YOME,0,YOME,HEALTHIX|YOME
HIXNY,SMHAJOPEDHC,0,SMHAJOPEDHC,HIXNY|SMHAJOPEDHC
TXD,HLTHIX,0,HLTHIX,TXD|HLTHIX
HIXNY,ELLSDERM,0,ELLSDERM,HIXNY|ELLSDERM
HEALTHIX,WARRC,0,WARRC,HEALTHIX|WARRC
HIXNY,GRANDRIVVAL,0,GRANDRIVVAL,HIXNY|GRANDRIVVAL
HEALTHIX,GLUM,0,GLUM,HEALTHIX|GLUM
HIXNY,MVPEDSPR,0,MVPEDSPR,HIXNY|MVPEDSPR
HIXNY,WMCAPSFAMMA,0,WMCAPSFAMMA,HIXNY|WMCAPSFAMMA
GRRHIO,UR0904,0,UR0904,GRRHIO|UR0904
HEALTHIX,ECWBRIPED,0,ECWBRIPED,HEALTHIX|ECWBRIPED
GRRHIO,UR2050,0,UR2050,GRRHIO|UR2050
HIXNY,WMCAPSNEPHADOC,0,WMCAPSNEPHADOC,HIXNY|WMCAPSNEPHADOC
HIXNY,WMCAPSTRPOUDOC,0,WMCAPSTRPOUDOC,HIXNY|WMCAPSTRPOUDOC
HEALTHIX,WIHE,0,WIHE,HEALTHIX|WIHE
HECDCS,COTTAGES-GARDEN,0,COTTAGES-GARDEN,HECDCS|COTTAGES-GARDEN
HIXNY,GRANDBARNDOC,0,GRANDBARNDOC,HIXNY|GRANDBARNDOC
GRRHIO,UR2286,0,UR2286,GRRHIO|UR2286
HECDCS,SUNSHINE-CHILD,0,SUNSHINE-CHILD,HECDCS|SUNSHINE-CHILD
BRONX,HARRISON_F_MITCHELL,0,HARRISON F MITCHELL,BRONX|HARRISON F MITCHELL
GRRHIO,RR120,0,RR120,GRRHIO|RR120
HIXNY,AHMCMP1,0,AHMCMP1,HIXNY|AHMCMP1
HEALTHIX,DHBM,0,DHBM,HEALTHIX|DHBM
HIXNY,GFHPULM,0,GFHPULM,HIXNY|GFHPULM
HEALTHIX,SKMA,0,SKMA,HEALTHIX|SKMA
HEALTHIX,BAHMED,0,BAHMED,HEALTHIX|BAHMED
HEALTHIX,GNFPG,0,GNFPG,HEALTHIX|GNFPG
GRRHIO,UR0928,0,UR0928,GRRHIO|UR0928
GRRHIO,RRH539,0,RRH539,GRRHIO|RRH539
GRRHIO,RRH480,0,RRH480,GRRHIO|RRH480
GRRHIO,HANC,0,HANC,GRRHIO|HANC
TXD,ELDSGI,0,ELDSGI,TXD|ELDSGI
HEALTHIX,ECWVVIM,0,ECWVVIM,HEALTHIX|ECWVVIM
GRRHIO,UR0095,0,UR0095,GRRHIO|UR0095
GRRHIO,UR0643,0,UR0643,GRRHIO|UR0643
HEALTHIX,MMPC,0,MMPC,HEALTHIX|MMPC
GRRHIO,UR0273,0,UR0273,GRRHIO|UR0273
HEALTHIX,MBEITY,0,MBEITY,HEALTHIX|MBEITY
HEALTHIX,ACADIANR,0,ACADIANR,HEALTHIX|ACADIANR
GRRHIO,UR0328,0,UR0328,GRRHIO|UR0328
HIXNY,WMCOPDOPHDOC,0,WMCOPDOPHDOC,HIXNY|WMCOPDOPHDOC
HEALTHIX,MARINAP,0,MARINAP,HEALTHIX|MARINAP
HEALTHIX,GNYG,0,GNYG,HEALTHIX|GNYG
HEALTHIX,GNPC,0,GNPC,HEALTHIX|GNPC
GRRHIO,RR22,0,RR22,GRRHIO|RR22
HIXNY,WMCAPSORTMIDOC,0,WMCAPSORTMIDOC,HIXNY|WMCAPSORTMIDOC
GRRHIO,UR2067,0,UR2067,GRRHIO|UR2067
GRRHIO,UR2434,0,UR2434,GRRHIO|UR2434
GRRHIO,UR1547,0,UR1547,GRRHIO|UR1547
HEALTHIX,DECM,0,DECM,HEALTHIX|DECM
HIXNY,HECCP,0,HECCP,HIXNY|HECCP
HECDCS,FERRER-MONAGHAN,0,FERRER-MONAGHAN,HECDCS|FERRER-MONAGHAN
HEALTHIX,CRSM,0,CRSM,HEALTHIX|CRSM
HIXNY,HECECS,0,HECECS,HIXNY|HECECS
GRRHIO,UR1507,0,UR1507,GRRHIO|UR1507
GRRHIO,RRH273,0,RRH273,GRRHIO|RRH273
GRRHIO,RRH698,0,RRH698,GRRHIO|RRH698
GRRHIO,RRH782,0,RRH782,GRRHIO|RRH782
HEALTHIX,ECWICLHCC,0,ECWICLHCC,HEALTHIX|ECWICLHCC
GRRHIO,RR38,0,RR38,GRRHIO|RR38
BRONX,JEAN_MARS_DAUGUSTINE,0,JEAN MARS DAUGUSTINE,BRONX|JEAN MARS DAUGUSTINE
HECDCS,BS-GOOD-SAM-2,0,BS-GOOD-SAM-2,HECDCS|BS-GOOD-SAM-2
GRRHIO,UR2322,0,UR2322,GRRHIO|UR2322
BRONX,P_AND_P_PEDIATRICS,0,P AND P PEDIATRICS,BRONX|P AND P PEDIATRICS
HEALTHIX,SWMC,0,SWMC,HEALTHIX|SWMC
BRONX,R_AND_R_MEDICAL_CARE,0,R AND R MEDICAL CARE,BRONX|R AND R MEDICAL CARE
HECDCS,SALVATION-ARMY,0,SALVATION-ARMY,HECDCS|SALVATION-ARMY
GRRHIO,UR1142,0,UR1142,GRRHIO|UR1142
BRONX,MUHAMMAD_A_HASAN,0,MUHAMMAD A HASAN,BRONX|MUHAMMAD A HASAN
HEALTHIX,XQIAN,0,XQIAN,HEALTHIX|XQIAN
TXD,BFNC,0,BFNC,TXD|BFNC
HIXNY,SMHACHHC,0,SMHACHHC,HIXNY|SMHACHHC
HIXNY,WMCOPDORASUDOC,0,WMCOPDORASUDOC,HIXNY|WMCOPDORASUDOC
HECDCS,REHAB-SUPP-SRVCS,0,REHAB-SUPP-SRVCS,HECDCS|REHAB-SUPP-SRVCS
GRRHIO,RR691,0,RR691,GRRHIO|RR691
GRRHIO,FLEIG,0,FLEIG,GRRHIO|FLEIG
HIXNY,WMCAPSGSPO,0,WMCAPSGSPO,HIXNY|WMCAPSGSPO
HIXNY,SHSMHINFUDOC,0,SHSMHINFUDOC,HIXNY|SHSMHINFUDOC
HEALTHIX,HHCAR,0,HHCAR,HEALTHIX|HHCAR
HECDCS,JAMES-B-ISRAEL,0,JAMES-B-ISRAEL,HECDCS|JAMES-B-ISRAEL
HEALTHIX,RFERG,0,RFERG,HEALTHIX|RFERG
GRRHIO,UR1123,0,UR1123,GRRHIO|UR1123
HIXNY,SPHPOLMLCDOC,0,SPHPOLMLCDOC,HIXNY|SPHPOLMLCDOC
GRRHIO,UR0501,0,UR0501,GRRHIO|UR0501
HEALTHIX,ABBOTTH,0,ABBOTTH,HEALTHIX|ABBOTTH
HIXNY,MPCHV,0,MPCHV,HIXNY|MPCHV
HIXNY,HECPC,0,HECPC,HIXNY|HECPC
GRRHIO,PIM,0,PIM,GRRHIO|PIM
HEALTHIX,ECWHIHS,0,ECWHIHS,HEALTHIX|ECWHIHS
HEALTHIX,MPNARC,0,MPNARC,HEALTHIX|MPNARC
GRRHIO,UR1717,0,UR1717,GRRHIO|UR1717
HIXNY,GRANDCOLPDOC,0,GRANDCOLPDOC,HIXNY|GRANDCOLPDOC
GRRHIO,UR1209,0,UR1209,GRRHIO|UR1209
HEALTHIX,RCCH,0,RCCH,HEALTHIX|RCCH
GRRHIO,UR1044,0,UR1044,GRRHIO|UR1044
GRRHIO,RR571,0,RR571,GRRHIO|RR571
HIXNY,AMHSAINFPEHL7,0,AMHSAINFPEHL7,HIXNY|AMHSAINFPEHL7
HEALTHIX,ADANTESMD,0,ADANTESMD,HEALTHIX|ADANTESMD
HEALTHIX,BRPA,0,BRPA,HEALTHIX|BRPA
HECDCS,WATERVILLE-REHAB,0,WATERVILLE-REHAB,HECDCS|WATERVILLE-REHAB
HIXNY,GRANDROBTERDOC,0,GRANDROBTERDOC,HIXNY|GRANDROBTERDOC
HIXNY,WMCAPSOVA,0,WMCAPSOVA,HIXNY|WMCAPSOVA
HECDCS,CLARITY-CLINICAL,0,CLARITY-CLINICAL,HECDCS|CLARITY-CLINICAL
HIXNY,AHIPH,0,AHIPH,HIXNY|AHIPH
TXD,ELDAWH,0,ELDAWH,TXD|ELDAWH
HIXNY,HECAAA,0,HECAAA,HIXNY|HECAAA
GRRHIO,UR0568,0,UR0568,GRRHIO|UR0568
GRRHIO,UR0575,0,UR0575,GRRHIO|UR0575
HEALTHIX,PPNC,0,PPNC,HEALTHIX|PPNC
GRRHIO,RR66,0,RR66,GRRHIO|RR66
GRRHIO,UR0504,0,UR0504,GRRHIO|UR0504
GRRHIO,UR1747,0,UR1747,GRRHIO|UR1747
BRONX,PROJECT_GUARDIANSHIP,0,PROJECT GUARDIANSHIP,BRONX|PROJECT GUARDIANSHIP
HEALTHIX,CFMDPC,0,CFMDPC,HEALTHIX|CFMDPC
HECDCS,JAMAICA-MARIAE,0,JAMAICA-MARIAE,HECDCS|JAMAICA-MARIAE
GRRHIO,RRH916,0,RRH916,GRRHIO|RRH916
HIXNY,22829SA,0,22829SA,HIXNY|22829SA
GRRHIO,UR2344,0,UR2344,GRRHIO|UR2344
GRRHIO,RRH624,0,RRH624,GRRHIO|RRH624
BRONX,PROCARE_MEDICAL_SERVICES,0,PROCARE MEDICAL SERVICES,BRONX|PROCARE MEDICAL SERVICES
GRRHIO,UR2433,0,UR2433,GRRHIO|UR2433
HIXNY,GRANDGUILD,0,GRANDGUILD,HIXNY|GRANDGUILD
HECDCS,SYR-GEN-SURG,0,SYR-GEN-SURG,HECDCS|SYR-GEN-SURG
HEALTHIX,JKANUM,0,JKANUM,HEALTHIX|JKANUM
GRRHIO,UR1734,0,UR1734,GRRHIO|UR1734
BRONX,WEI_GUO_A_LIN_CLINIC,0,WEI GUO A LIN CLINIC,BRONX|WEI GUO A LIN CLINIC
BRONX,M_AND_H_FAMILY_HEALTHCARE,0,M AND H FAMILY HEALTHCARE,BRONX|M AND H FAMILY HEALTHCARE
HEALTHIX,ECWJGYM,0,ECWJGYM,HEALTHIX|ECWJGYM
GRRHIO,UR1570,0,UR1570,GRRHIO|UR1570
HIXNY,BELVHS,0,BELVHS,HIXNY|BELVHS
GRRHIO,2.16.840.1.113883.3.458.1.1.3,0,2.16.840.1.113883.3.458.1.1.3,GRRHIO|2.16.840.1.113883.3.458.1.1.3
GRRHIO,UR2230,0,UR2230,GRRHIO|UR2230
HIXNY,SPEMDOBGYNDOC,0,SPEMDOBGYNDOC,HIXNY|SPEMDOBGYNDOC
HIXNY,WMCOPDMEDYDOC,0,WMCOPDMEDYDOC,HIXNY|WMCOPDMEDYDOC
GRRHIO,RR798,0,RR798,GRRHIO|RR798
HIXNY,SHSMHPULDOC,0,SHSMHPULDOC,HIXNY|SHSMHPULDOC
GRRHIO,RRH293,0,RRH293,GRRHIO|RRH293
GRRHIO,RR550,0,RR550,GRRHIO|RR550
HIXNY,252890,0,252890,HIXNY|252890
GRRHIO,SCIA,0,SCIA,GRRHIO|SCIA
GRRHIO,UR1796,0,UR1796,GRRHIO|UR1796
HIXNY,GFHNDC,0,GFHNDC,HIXNY|GFHNDC
GRRHIO,RR18,0,RR18,GRRHIO|RR18
GRRHIO,UR2314,0,UR2314,GRRHIO|UR2314
HECDCS,WILLOW-POINT,0,WILLOW-POINT,HECDCS|WILLOW-POINT
HEALTHIX,SLVOP,0,SLVOP,HEALTHIX|SLVOP
HIXNY,DIAMONDNR,0,DIAMONDNR,HIXNY|DIAMONDNR
GRRHIO,UR0169,0,UR0169,GRRHIO|UR0169
GRRHIO,UR0203,0,UR0203,GRRHIO|UR0203
GRRHIO,ESTR,0,ESTR,GRRHIO|ESTR
HEALTHIX,YSLS,0,YSLS,HEALTHIX|YSLS
HECDCS,MHA-SOUTH-TIER,0,MHA-SOUTH-TIER,HECDCS|MHA-SOUTH-TIER
HIXNY,HECFMNNY,0,HECFMNNY,HIXNY|HECFMNNY
GRRHIO,PAPE,0,PAPE,GRRHIO|PAPE
GRRHIO,UR0688,0,UR0688,GRRHIO|UR0688
HIXNY,GRANDMOVAL,0,GRANDMOVAL,HIXNY|GRANDMOVAL
GRRHIO,UR2315,0,UR2315,GRRHIO|UR2315
HECDCS,CAY-REH,0,CAY-REH,HECDCS|CAY-REH
HIXNY,CPHPODMH,0,CPHPODMH,HIXNY|CPHPODMH
GRRHIO,MNSO24,0,MNSO24,GRRHIO|MNSO24
HECDCS,EMCARA-HEALTH,0,EMCARA-HEALTH,HECDCS|EMCARA-HEALTH
GRRHIO,RR155,0,RR155,GRRHIO|RR155
HECDCS,CHOICES-MH,0,CHOICES-MH,HECDCS|CHOICES-MH
TXD,PATHWA,0,PATHWA,TXD|PATHWA
GRRHIO,UR2272,0,UR2272,GRRHIO|UR2272
BRONX,HHAR-LTHHC,0,HHAR-LTHHC,BRONX|HHAR-LTHHC
HEALTHIX,MAFR,0,MAFR,HEALTHIX|MAFR
HECDCS,DENISE-WOLKEN,0,DENISE-WOLKEN,HECDCS|DENISE-WOLKEN
GRRHIO,UR2207,0,UR2207,GRRHIO|UR2207
HECDCS,CC-ONONDAGA,0,CC-ONONDAGA,HECDCS|CC-ONONDAGA
HEALTHIX,HHCOL,0,HHCOL,HEALTHIX|HHCOL
HECDCS,ALLRGY-ASTHMA-DX,0,ALLRGY-ASTHMA-DX,HECDCS|ALLRGY-ASTHMA-DX
HEALTHIX,APMD,0,APMD,HEALTHIX|APMD
HEALTHIX,SBISLNR,0,SBISLNR,HEALTHIX|SBISLNR
HEALTHIX,ECWATWA,0,ECWATWA,HEALTHIX|ECWATWA
TXD,HCCO,0,HCCO,TXD|HCCO
HIXNY,CPMGGSGOV,0,CPMGGSGOV,HIXNY|CPMGGSGOV
HIXNY,1770646804,0,1770646804,HIXNY|1770646804
GRRHIO,RR251,0,RR251,GRRHIO|RR251
GRRHIO,UR2320,0,UR2320,GRRHIO|UR2320
GRRHIO,RR28,0,RR28,GRRHIO|RR28
BRONX,HARBIN_MEDICAL_CARE,0,HARBIN MEDICAL CARE,BRONX|HARBIN MEDICAL CARE
HECDCS,CHOICE-NY,0,CHOICE-NY,HECDCS|CHOICE-NY
GRRHIO,UR1196,0,UR1196,GRRHIO|UR1196
GRRHIO,UR1309,0,UR1309,GRRHIO|UR1309
HEALTHIX,NPCRN,0,NPCRN,HEALTHIX|NPCRN
GRRHIO,UR1869,0,UR1869,GRRHIO|UR1869
HEALTHIX,ONTAC.DUPLICATE1,0,ONTAC,HEALTHIX|ONTAC
HIXNY,GRANDCHESPADOC,0,GRANDCHESPADOC,HIXNY|GRANDCHESPADOC
HECDCS,RYAN-CHIRO,0,RYAN-CHIRO,HECDCS|RYAN-CHIRO
GRRHIO,HENP,0,HENP,GRRHIO|HENP
GRRHIO,UR0930,0,UR0930,GRRHIO|UR0930
HEALTHIX,DRBPL,0,DRBPL,HEALTHIX|DRBPL
TXD,ELDASG,0,ELDASG,TXD|ELDASG
GRRHIO,UR1620,0,UR1620,GRRHIO|UR1620
HEALTHIX,INRC,0,INRC,HEALTHIX|INRC
HIXNY,CPHPULMMH,0,CPHPULMMH,HIXNY|CPHPULMMH
HEALTHIX,YPERVEZ,0,YPERVEZ,HEALTHIX|YPERVEZ
HIXNY,SPMGPPCMLTDOC,0,SPMGPPCMLTDOC,HIXNY|SPMGPPCMLTDOC
GRRHIO,RRH176,0,RRH176,GRRHIO|RRH176
HECDCS,SYR-HOME-ASSOC,0,SYR-HOME-ASSOC,HECDCS|SYR-HOME-ASSOC
GRRHIO,UR2269,0,UR2269,GRRHIO|UR2269
HIXNY,MVPECON,0,MVPECON,HIXNY|MVPECON
HIXNY,SRPLATHAM,0,SRPLATHAM,HIXNY|SRPLATHAM
GRRHIO,FLHHLC,0,FLHHLC,GRRHIO|FLHHLC
HECDCS,EYE-PLAS-RECON,0,EYE-PLAS-RECON,HECDCS|EYE-PLAS-RECON
GRRHIO,RR67,0,RR67,GRRHIO|RR67
HIXNY,RCDMH,0,RCDMH,HIXNY|RCDMH
HEALTHIX,SAPPRG,0,SAPPRG,HEALTHIX|SAPPRG
HECDCS,BROOME-MH-DEPT,0,BROOME-MH-DEPT,HECDCS|BROOME-MH-DEPT
HIXNY,MOUNTAINLAKE,0,MOUNTAINLAKE,HIXNY|MOUNTAINLAKE
GRRHIO,UR0386,0,UR0386,GRRHIO|UR0386
HECDCS,CONS-SRVCS-MAD,0,CONS-SRVCS-MAD,HECDCS|CONS-SRVCS-MAD
GRRHIO,UR1111,0,UR1111,GRRHIO|UR1111
HIXNY,HECCNYBSN,0,HECCNYBSN,HIXNY|HECCNYBSN
HIXNY,SRAAUAUDIO,0,SRAAUAUDIO,HIXNY|SRAAUAUDIO
GRRHIO,UR1777,0,UR1777,GRRHIO|UR1777
GRRHIO,RR221,0,RR221,GRRHIO|RR221
HEALTHIX,PMPPA,0,PMPPA,HEALTHIX|PMPPA
HECDCS,CAMPBELL-HALL,0,CAMPBELL-HALL,HECDCS|CAMPBELL-HALL
GRRHIO,NRHCC.DUPLICATE,0,NRHCC,GRRHIO|NRHCC
GRRHIO,UR2432,0,UR2432,GRRHIO|UR2432
BRONX,ABC_ZHENGS_PEDIATRICS,0,ABC ZHENGS PEDIATRICS,BRONX|ABC ZHENGS PEDIATRICS
HIXNY,WMCBSMGNEPH,0,WMCBSMGNEPH,HIXNY|WMCBSMGNEPH
HIXNY,ESCRDPCLDOC,0,ESCRDPCLDOC,HIXNY|ESCRDPCLDOC
GRRHIO,RRH918,0,RRH918,GRRHIO|RRH918
GRRHIO,UR1716,0,UR1716,GRRHIO|UR1716
GRRHIO,RRH726,0,RRH726,GRRHIO|RRH726
GRRHIO,UR1258,0,UR1258,GRRHIO|UR1258
TXD,LIEBER,0,LIEBER,TXD|LIEBER
BRONX,MOSHOLU_PARKWAY_NURSING_AND_REHAB,0,MOSHOLU PARKWAY NURSING AND REHAB,BRONX|MOSHOLU PARKWAY NURSING AND REHAB
HEALTHIX,ECWRPUR,0,ECWRPUR,HEALTHIX|ECWRPUR
HIXNY,HECKRBL,0,HECKRBL,HIXNY|HECKRBL
GRRHIO,UR0721,0,UR0721,GRRHIO|UR0721
GRRHIO,RRH085,0,RRH085,GRRHIO|RRH085
HECDCS,WINDSOR-PT,0,WINDSOR-PT,HECDCS|WINDSOR-PT
HIXNY,WMCOPDORTJO,0,WMCOPDORTJO,HIXNY|WMCOPDORTJO
BRONX,URBAN_PEDIATRICS,0,URBAN PEDIATRICS,BRONX|URBAN PEDIATRICS
GRRHIO,UR0992,0,UR0992,GRRHIO|UR0992
HECDCS,CROUSE-HOSP-2,0,CROUSE-HOSP-2,HECDCS|CROUSE-HOSP-2
GRRHIO,MNSO19,0,MNSO19,GRRHIO|MNSO19
HECDCS,ANDERSON-CTR,0,ANDERSON-CTR,HECDCS|ANDERSON-CTR
GRRHIO,RRH813,0,RRH813,GRRHIO|RRH813
HECDCS,FAM-WOODSTOCK,0,FAM-WOODSTOCK,HECDCS|FAM-WOODSTOCK
GRRHIO,RRH844,0,RRH844,GRRHIO|RRH844
HIXNY,INGERPR,0,INGERPR,HIXNY|INGERPR
GRRHIO,UR0229,0,UR0229,GRRHIO|UR0229
HECDCS,SOUTH-TIER-CARE,0,SOUTH-TIER-CARE,HECDCS|SOUTH-TIER-CARE
HIXNY,WMCAPSCTSKIDOC,0,WMCAPSCTSKIDOC,HIXNY|WMCAPSCTSKIDOC
HIXNY,HECDEC,0,HECDEC,HIXNY|HECDEC
HIXNY,ELDERNCDOC,0,ELDERNCDOC,HIXNY|ELDERNCDOC
GRRHIO,UR0902,0,UR0902,GRRHIO|UR0902
GRRHIO,UR1112,0,UR1112,GRRHIO|UR1112
GRRHIO,UR1538,0,UR1538,GRRHIO|UR1538
HEALTHIX,SPWESTMED,0,SPWESTMED,HEALTHIX|SPWESTMED
GRRHIO,UR1963,0,UR1963,GRRHIO|UR1963
TXD,RSI,0,RSI,TXD|RSI
GRRHIO,UR0728,0,UR0728,GRRHIO|UR0728
HEALTHIX,SBWTREDG,0,SBWTREDG,HEALTHIX|SBWTREDG
HEALTHIX,COOPERC,0,COOPERC,HEALTHIX|COOPERC
GRRHIO,RR393,0,RR393,GRRHIO|RR393
HIXNY,SPTWBHEMONC,0,SPTWBHEMONC,HIXNY|SPTWBHEMONC
GRRHIO,UR0069,0,UR0069,GRRHIO|UR0069
GRRHIO,UR0639,0,UR0639,GRRHIO|UR0639
GRRHIO,RR286,0,RR286,GRRHIO|RR286
GRRHIO,RRH388,0,RRH388,GRRHIO|RRH388
GRRHIO,UR0770,0,UR0770,GRRHIO|UR0770
HIXNY,CMHNEPHHL7,0,CMHNEPHHL7,HIXNY|CMHNEPHHL7
HIXNY,SPHRBDIAENDDOC,0,SPHRBDIAENDDOC,HIXNY|SPHRBDIAENDDOC
TXD,BHOLV,0,BHOLV,TXD|BHOLV
HIXNY,SRTSCAUDDOC,0,SRTSCAUDDOC,HIXNY|SRTSCAUDDOC
HEALTHIX,ECWCCM,0,ECWCCM,HEALTHIX|ECWCCM
GRRHIO,UR2425,0,UR2425,GRRHIO|UR2425
HEALTHIX,UFM,0,UFM,HEALTHIX|UFM
GRRHIO,UR1755,0,UR1755,GRRHIO|UR1755
GRRHIO,UR2105,0,UR2105,GRRHIO|UR2105
HIXNY,ESCLTPCLDOC,0,ESCLTPCLDOC,HIXNY|ESCLTPCLDOC
HIXNY,CIM,0,CIM,HIXNY|CIM
HIXNY,SNTRBHHOME,0,SNTRBHHOME,HIXNY|SNTRBHHOME
GRRHIO,MNSO13,0,MNSO13,GRRHIO|MNSO13
GRRHIO,SJHC,0,SJHC,GRRHIO|SJHC
HECDCS,ROSCOE-REGIONAL,0,ROSCOE-REGIONAL,HECDCS|ROSCOE-REGIONAL
GRRHIO,UR1749,0,UR1749,GRRHIO|UR1749
HECDCS,MONTE-SCHAFFER,0,MONTE-SCHAFFER,HECDCS|MONTE-SCHAFFER
HIXNY,HECCHSS,0,HECCHSS,HIXNY|HECCHSS
GRRHIO,MNSO53,0,MNSO53,GRRHIO|MNSO53
GRRHIO,RR472,0,RR472,GRRHIO|RR472
HIXNY,WMCOPDNSTOBDOC,0,WMCOPDNSTOBDOC,HIXNY|WMCOPDNSTOBDOC
GRRHIO,UR0109,0,UR0109,GRRHIO|UR0109
HIXNY,ELDCOLALF,0,ELDCOLALF,HIXNY|ELDCOLALF
GRRHIO,RR490,0,RR490,GRRHIO|RR490
GRRHIO,UR2438,0,UR2438,GRRHIO|UR2438
GRRHIO,RRH656,0,RRH656,GRRHIO|RRH656
HECDCS,N-CTRY-NURSING,0,N-CTRY-NURSING,HECDCS|N-CTRY-NURSING
GRRHIO,MNSO30,0,MNSO30,GRRHIO|MNSO30
HECDCS,SURV-THRV-PSYCH,0,SURV-THRV-PSYCH,HECDCS|SURV-THRV-PSYCH
HIXNY,AMHSAINFHL7,0,AMHSAINFHL7,HIXNY|AMHSAINFHL7
GRRHIO,MNSO27,0,MNSO27,GRRHIO|MNSO27
HIXNY,FLBSSALERT,0,FLBSSALERT,HIXNY|FLBSSALERT
HECDCS,POUGH-MED-GRP-AS,0,POUGH-MED-GRP-AS,HECDCS|POUGH-MED-GRP-AS
HIXNY,SHSMIMAGE,0,SHSMIMAGE,HIXNY|SHSMIMAGE
HIXNY,SHSMHNUTRN,0,SHSMHNUTRN,HIXNY|SHSMHNUTRN
GRRHIO,UR0193,0,UR0193,GRRHIO|UR0193
GRRHIO,UR0038,0,UR0038,GRRHIO|UR0038
GRRHIO,RR219,0,RR219,GRRHIO|RR219
HEALTHIX,SBMHIX,0,SBMHIX,HEALTHIX|SBMHIX
HECDCS,UMH-HILLTOP,0,UMH-HILLTOP,HECDCS|UMH-HILLTOP
GRRHIO,RR244,0,RR244,GRRHIO|RR244
HIXNY,RAMCSJC,0,RAMCSJC,HIXNY|RAMCSJC
GRRHIO,EMSOAKFD,0,EMSOAKFD,GRRHIO|EMSOAKFD
GRRHIO,UR2326,0,UR2326,GRRHIO|UR2326
GRRHIO,RR167,0,RR167,GRRHIO|RR167
HIXNY,IMACLIN,0,IMACLIN,HIXNY|IMACLIN
HIXNY,WMCAPSHMOSSDOC,0,WMCAPSHMOSSDOC,HIXNY|WMCAPSHMOSSDOC
GRRHIO,RR260,0,RR260,GRRHIO|RR260
GRRHIO,RR76,0,RR76,GRRHIO|RR76
GRRHIO,UR1178,0,UR1178,GRRHIO|UR1178
HIXNY,HECOAI,0,HECOAI,HIXNY|HECOAI
GRRHIO,MNSO63,0,MNSO63,GRRHIO|MNSO63
HECDCS,ONEIDA-OBGYN-GRP,0,ONEIDA-OBGYN-GRP,HECDCS|ONEIDA-OBGYN-GRP
GRRHIO,UR1812,0,UR1812,GRRHIO|UR1812
HECDCS,ADAPT-HV,0,ADAPT-HV,HECDCS|ADAPT-HV
GRRHIO,UR2096,0,UR2096,GRRHIO|UR2096
HIXNY,BFCSYPortal,0,BFCSYPortal,HIXNY|BFCSYPortal
BRONX,2.16.840.1.113883.3.3388.1.1.1.1734922194.3,0,2.16.840.1.113883.3.3388.1.1.1.1734922194.3,BRONX|2.16.840.1.113883.3.3388.1.1.1.1734922194.3
GRRHIO,UR1539,0,UR1539,GRRHIO|UR1539
GRRHIO,UR2336,0,UR2336,GRRHIO|UR2336
GRRHIO,UR1673,0,UR1673,GRRHIO|UR1673
HIXNY,SCSC,0,SCSC,HIXNY|SCSC
GRRHIO,PNMC,0,PNMC,GRRHIO|PNMC
GRRHIO,IDMH,0,IDMH,GRRHIO|IDMH
GRRHIO,RR276,0,RR276,GRRHIO|RR276
GRRHIO,UR1469,0,UR1469,GRRHIO|UR1469
GRRHIO,MNSO42,0,MNSO42,GRRHIO|MNSO42
HECDCS,ELIZABETH-BREW,0,ELIZABETH-BREW,HECDCS|ELIZABETH-BREW
GRRHIO,RR147,0,RR147,GRRHIO|RR147
HIXNY,HECEHFM,0,HECEHFM,HIXNY|HECEHFM
GRRHIO,UR1848,0,UR1848,GRRHIO|UR1848
GRRHIO,UR2398,0,UR2398,GRRHIO|UR2398
GRRHIO,UR2355,0,UR2355,GRRHIO|UR2355
GRRHIO,RR234,0,RR234,GRRHIO|RR234
GRRHIO,UR1188,0,UR1188,GRRHIO|UR1188
GRRHIO,UR0178,0,UR0178,GRRHIO|UR0178
GRRHIO,RRH684,0,RRH684,GRRHIO|RRH684
GRRHIO,UR0149,0,UR0149,GRRHIO|UR0149
GRRHIO,UR0594,0,UR0594,GRRHIO|UR0594
HIXNY,SPCCTTUMORDOC,0,SPCCTTUMORDOC,HIXNY|SPCCTTUMORDOC
GRRHIO,UR1173,0,UR1173,GRRHIO|UR1173
GRRHIO,UR0822,0,UR0822,GRRHIO|UR0822
GRRHIO,UR0782,0,UR0782,GRRHIO|UR0782
GRRHIO,RR115,0,RR115,GRRHIO|RR115
HECDCS,CORT-HLTH-DPT,0,CORT-HLTH-DPT,HECDCS|CORT-HLTH-DPT
HEALTHIX,WMWHITE,0,WMWHITE,HEALTHIX|WMWHITE
GRRHIO,UR0599,0,UR0599,GRRHIO|UR0599
HIXNY,WMCAPSFLUV,0,WMCAPSFLUV,HIXNY|WMCAPSFLUV
HEALTHIX,EXPINC,0,EXPINC,HEALTHIX|EXPINC
HEALTHIX,YAPH,0,YAPH,HEALTHIX|YAPH
GRRHIO,UR1676,0,UR1676,GRRHIO|UR1676
GRRHIO,UR1970,0,UR1970,GRRHIO|UR1970
GRRHIO,UR0061,0,UR0061,GRRHIO|UR0061
GRRHIO,WWNR,0,WWNR,GRRHIO|WWNR
HECDCS,NY-VET-HOME-OX,0,NY-VET-HOME-OX,HECDCS|NY-VET-HOME-OX
GRRHIO,UR0778,0,UR0778,GRRHIO|UR0778
HECDCS,MAIN-ST-HEALTH,0,MAIN-ST-HEALTH,HECDCS|MAIN-ST-HEALTH
GRRHIO,ELYSIUM,0,ELYSIUM,GRRHIO|ELYSIUM
GRRHIO,RRH985,0,RRH985,GRRHIO|RRH985
HECDCS,CC-STEUBEN,0,CC-STEUBEN,HECDCS|CC-STEUBEN
GRRHIO,UR2224,0,UR2224,GRRHIO|UR2224
GRRHIO,UR1452,0,UR1452,GRRHIO|UR1452
HEALTHIX,WCMC,0,WCMC,HEALTHIX|WCMC
BRONX,2.16.840.1.113883.4.391.192.19102,0,2.16.840.1.113883.4.391.192.19102,BRONX|2.16.840.1.113883.4.391.192.19102
GRRHIO,RR581,0,RR581,GRRHIO|RR581
HIXNY,HECGFP,0,HECGFP,HIXNY|HECGFP
GRRHIO,RRH447,0,RRH447,GRRHIO|RRH447
HIXNY,HECGAI,0,HECGAI,HIXNY|HECGAI
HIXNY,HECOAKORCH,0,HECOAKORCH,HIXNY|HECOAKORCH
HIXNY,SRPLOPNEURODOC,0,SRPLOPNEURODOC,HIXNY|SRPLOPNEURODOC
GRRHIO,UR2260,0,UR2260,GRRHIO|UR2260
HECDCS,GREYSTONE,0,GREYSTONE,HECDCS|GREYSTONE
HEALTHIX,HSSVS,0,HSSVS,HEALTHIX|HSSVS
HIXNY,TSMILE,0,TSMILE,HIXNY|TSMILE
HECDCS,DELHI-REHAB,0,DELHI-REHAB,HECDCS|DELHI-REHAB
HIXNY,WMCAPSPMMADOC,0,WMCAPSPMMADOC,HIXNY|WMCAPSPMMADOC
GRRHIO,RR606,0,RR606,GRRHIO|RR606
GRRHIO,UR1478,0,UR1478,GRRHIO|UR1478
HEALTHIX,VAEXCHANGE,0,VAEXCHANGE,HEALTHIX|VAEXCHANGE
GRRHIO,EHC,0,EHC,GRRHIO|EHC
GRRHIO,RRH396,0,RRH396,GRRHIO|RRH396
HEALTHIX,EGGP,0,EGGP,HEALTHIX|EGGP
HIXNY,WMCOPDPEDOR,0,WMCOPDPEDOR,HIXNY|WMCOPDPEDOR
HEALTHIX,PRRE,0,PRRE,HEALTHIX|PRRE
HIXNY,HECCNYMP,0,HECCNYMP,HIXNY|HECCNYMP
HECDCS,PERSON-CTR,0,PERSON-CTR,HECDCS|PERSON-CTR
HIXNY,WMCOPDPEDURDOC,0,WMCOPDPEDURDOC,HIXNY|WMCOPDPEDURDOC
HEALTHIX,HPRNPCC,0,HPRNPCC,HEALTHIX|HPRNPCC
GRRHIO,NSWNY,0,NSWNY,GRRHIO|NSWNY
HEALTHIX,ISNP,0,ISNP,HEALTHIX|ISNP
HIXNY,BHOS,0,BHOS,HIXNY|BHOS
GRRHIO,UR1832,0,UR1832,GRRHIO|UR1832
GRRHIO,UR1168,0,UR1168,GRRHIO|UR1168
GRRHIO,RR154,0,RR154,GRRHIO|RR154
GRRHIO,RRH082,0,RRH082,GRRHIO|RRH082
HIXNY,SMHACDIP,0,SMHACDIP,HIXNY|SMHACDIP
GRRHIO,RRH217,0,RRH217,GRRHIO|RRH217
HIXNY,WMCOPDNEURM,0,WMCOPDNEURM,HIXNY|WMCOPDNEURM
GRRHIO,UR2273,0,UR2273,GRRHIO|UR2273
HECDCS,ACHIEVE,0,ACHIEVE,HECDCS|ACHIEVE
HIXNY,HSPHREG,0,HSPHREG,HIXNY|HSPHREG
GRRHIO,RR240,0,RR240,GRRHIO|RR240
GRRHIO,RR201,0,RR201,GRRHIO|RR201
GRRHIO,UR2257,0,UR2257,GRRHIO|UR2257
BRONX,INTERFAITH_MEDICAL_CENTER,0,INTERFAITH MEDICAL CENTER,BRONX|INTERFAITH MEDICAL CENTER
GRRHIO,RRH533,0,RRH533,GRRHIO|RRH533
HIXNY,RRHNWHMH,0,RRHNWHMH,HIXNY|RRHNWHMH
HEALTHIX,BRRC,0,BRRC,HEALTHIX|BRRC
GRRHIO,RR482,0,RR482,GRRHIO|RR482
GRRHIO,UR0399,0,UR0399,GRRHIO|UR0399
GRRHIO,RRH357,0,RRH357,GRRHIO|RRH357
BRONX,GOOD_SAMARITAN_HOSPITAL_MEDICAL_CENTER,0,GOOD SAMARITAN HOSPITAL MEDICAL CENTER,BRONX|GOOD SAMARITAN HOSPITAL MEDICAL CENTER
HECDCS,ELEMENTAL,0,ELEMENTAL,HECDCS|ELEMENTAL
GRRHIO,RR678,0,RR678,GRRHIO|RR678
GRRHIO,UR1317,0,UR1317,GRRHIO|UR1317
GRRHIO,RR421,0,RR421,GRRHIO|RR421
GRRHIO,UR1227,0,UR1227,GRRHIO|UR1227
GRRHIO,UR2259,0,UR2259,GRRHIO|UR2259
TXD,SNREAL,0,SNREAL,TXD|SNREAL
HIXNY,SNTABEDDYNR,0,SNTABEDDYNR,HIXNY|SNTABEDDYNR
HIXNY,GFHREHAB,0,GFHREHAB,HIXNY|GFHREHAB
HEALTHIX,MCD,0,MCD,HEALTHIX|MCD
HECDCS,CLARKS-CHIRO,0,CLARKS-CHIRO,HECDCS|CLARKS-CHIRO
TXD,CORHIO,0,CORHIO,TXD|CORHIO
HIXNY,BFCSY,0,BFCSY,HIXNY|BFCSY
GRRHIO,UR2371,0,UR2371,GRRHIO|UR2371
TXD,MEDICR,0,MEDICR,TXD|MEDICR
HECDCS,ONEIDA-CTY-HD-PH,0,ONEIDA-CTY-HD-PH,HECDCS|ONEIDA-CTY-HD-PH
HIXNY,CRORTHO,0,CRORTHO,HIXNY|CRORTHO
GRRHIO,RRH555,0,RRH555,GRRHIO|RRH555
GRRHIO,ECLRS.DUPLICATE,0,ECLRS,GRRHIO|ECLRS
GRRHIO,UR1233,0,UR1233,GRRHIO|UR1233
HIXNY,WMCAPSPSYKIDOC,0,WMCAPSPSYKIDOC,HIXNY|WMCAPSPSYKIDOC
TXD,CPWNY,0,CPWNY,TXD|CPWNY
BRONX,NYP_ALLEN_HOSPITAL,0,NYP ALLEN HOSPITAL,BRONX|NYP ALLEN HOSPITAL
BRONX,NYU_WINTHROP,0,NYU WINTHROP,BRONX|NYU WINTHROP
HIXNY,23141,0,23141,HIXNY|23141
BRONX,2.16.840.1.113883.4.391.89.311030,0,2.16.840.1.113883.4.391.89.311030,BRONX|2.16.840.1.113883.4.391.89.311030
GRRHIO,RRH229,0,RRH229,GRRHIO|RRH229
HIXNY,HECGORTHO,0,HECGORTHO,HIXNY|HECGORTHO
BRONX,2.16.840.1.113883.4.391.89.8637,0,2.16.840.1.113883.4.391.89.8637,BRONX|2.16.840.1.113883.4.391.89.8637
GRRHIO,UR1121,0,UR1121,GRRHIO|UR1121
GRRHIO,UR1172,0,UR1172,GRRHIO|UR1172
TXD,ENTWNY,0,ENTWNY,TXD|ENTWNY
GRRHIO,UR1243,0,UR1243,GRRHIO|UR1243
BRONX,MOUNT_SINAI_MEDICAL_CENTER,0,MOUNT SINAI MEDICAL CENTER,BRONX|MOUNT SINAI MEDICAL CENTER
GRRHIO,RRH923,0,RRH923,GRRHIO|RRH923
GRRHIO,UR1820,0,UR1820,GRRHIO|UR1820
HEALTHIX,BIOREF.DUPLICATE,0,BIOREF,HEALTHIX|BIOREF
HIXNY,JESSICAHALSE,0,JESSICAHALSE,HIXNY|JESSICAHALSE
BRONX,2.16.840.1.113883.4.391.89.3969,0,2.16.840.1.113883.4.391.89.3969,BRONX|2.16.840.1.113883.4.391.89.3969
HIXNY,1407898745SA,0,1407898745SA,HIXNY|1407898745SA
HIXNY,EDDYCAREPACEDOC,0,EDDYCAREPACEDOC,HIXNY|EDDYCAREPACEDOC
HIXNY,SMHAPROS,0,SMHAPROS,HIXNY|SMHAPROS
BRONX,2.16.840.1.113883.4.391.89.6928,0,2.16.840.1.113883.4.391.89.6928,BRONX|2.16.840.1.113883.4.391.89.6928
BRONX,1.2.840.114350.1.13.99998.8734,0,1.2.840.114350.1.13.99998.8734,BRONX|1.2.840.114350.1.13.99998.8734
TXD,MEDFRD,0,MEDFRD,TXD|MEDFRD
HEALTHIX,SharedPlatform,0,SharedPlatform,HEALTHIX|SharedPlatform
GRRHIO,2.16.840.1.113883.4.6.1003010265,0,2.16.840.1.113883.4.6.1003010265,GRRHIO|2.16.840.1.113883.4.6.1003010265
GRRHIO,UR1864,0,UR1864,GRRHIO|UR1864
BRONX,NYP_WEIL_CORNELL_IMAGING,0,NYP WEIL CORNELL IMAGING,BRONX|NYP WEIL CORNELL IMAGING
GRRHIO,RR556,0,RR556,GRRHIO|RR556
GRRHIO,UR2277,0,UR2277,GRRHIO|UR2277
HIXNY,SNRSHCLFTON,0,SNRSHCLFTON,HIXNY|SNRSHCLFTON
TXD,UHIN,0,UHIN,TXD|UHIN
HEALTHIX,ECWPMSPC,0,ECWPMSPC,HEALTHIX|ECWPMSPC
HEALTHIX,MCDA,0,MCDA,HEALTHIX|MCDA
HEALTHIX,WFRCHA,0,WFRCHA,HEALTHIX|WFRCHA
HIXNY,RRHRHSDOC,0,RRHRHSDOC,HIXNY|RRHRHSDOC
HEALTHIX,VNSNYHC,0,VNSNYHC,HEALTHIX|VNSNYHC
GRRHIO,ERPA,0,ERPA,GRRHIO|ERPA
HEALTHIX,NUMC,0,NUMC,HEALTHIX|NUMC
HEALTHIX,CLARETO,0,CLARETO,HEALTHIX|CLARETO
HEALTHIX,HSS,0,HSS,HEALTHIX|HSS
TXD,QUEST.DUPLICATE2,0,QUEST,TXD|QUEST
HIXNY,AMCFPDOC,0,AMCFPDOC,HIXNY|AMCFPDOC
HIXNY,FLIPACDW,0,FLIPACDW,HIXNY|FLIPACDW
HECDCS,ASTOR-SRVCS,0,ASTOR-SRVCS,HECDCS|ASTOR-SRVCS
HIXNY,RRHRHSOUT,0,RRHRHSOUT,HIXNY|RRHRHSOUT
HEALTHIX,BELLEVUE.DUPLICATE1,0,BELLEVUE,HEALTHIX|BELLEVUE
HECDCS,RIVER-HOSPITAL,0,RIVER-HOSPITAL,HECDCS|RIVER-HOSPITAL
HEALTHIX,IPANS,0,IPANS,HEALTHIX|IPANS
HIXNY,BASMIBO,0,BASMIBO,HIXNY|BASMIBO
HIXNY,CVPH,0,CVPH,HIXNY|CVPH
HEALTHIX,NU93,0,NU93,HEALTHIX|NU93
HEALTHIX,STBCFS,0,STBCFS,HEALTHIX|STBCFS
HEALTHIX,NYULUTHERAN,0,NYULUTHERAN,HEALTHIX|NYULUTHERAN
HEALTHIX,SES,0,SES,HEALTHIX|SES
GRRHIO,UR0398,0,UR0398,GRRHIO|UR0398
HEALTHIX,VXMAX,0,VXMAX,HEALTHIX|VXMAX
TXD,HRZON2PART2,0,HRZON2PART2,TXD|HRZON2PART2
HECDCS,GREAT-BING-HLTH,0,GREAT-BING-HLTH,HECDCS|GREAT-BING-HLTH
TXD,BUFULT,0,BUFULT,TXD|BUFULT
HEALTHIX,OACO,0,OACO,HEALTHIX|OACO
HEALTHIX,NEMEDS,0,NEMEDS,HEALTHIX|NEMEDS
GRRHIO,UR0459,0,UR0459,GRRHIO|UR0459
GRRHIO,UR0463,0,UR0463,GRRHIO|UR0463
HEALTHIX,MHCH,0,MHCH,HEALTHIX|MHCH
HEALTHIX,NSUCI,0,NSUCI,HEALTHIX|NSUCI
HEALTHIX,HLM,0,HLM,HEALTHIX|HLM
TXD,WCCHS.DUPLICATE1,0,WCCHS,TXD|WCCHS
HECDCS,WEST-APS,0,WEST-APS,HECDCS|WEST-APS
HEALTHIX,CHNRMA,0,CHNRMA,HEALTHIX|CHNRMA
HEALTHIX,OBHSBHMC,0,OBHSBHMC,HEALTHIX|OBHSBHMC
TXD,RPCI.DUPLICATE1,0,RPCI,TXD|RPCI
HIXNY,1285667634,0,1285667634,HIXNY|1285667634
HEALTHIX,EEPEDS,0,EEPEDS,HEALTHIX|EEPEDS
TXD,CHCB,0,CHCB,TXD|CHCB
HECDCS,PED-CARDIOLOGY,0,PED-CARDIOLOGY,HECDCS|PED-CARDIOLOGY
HECDCS,OAK-ORCHARD-ECW,0,OAK-ORCHARD-ECW,HECDCS|OAK-ORCHARD-ECW
HIXNY,ELLENVILLE,0,ELLENVILLE,HIXNY|ELLENVILLE
TXD,TONPED,0,TONPED,TXD|TONPED
HEALTHIX,BPMC,0,BPMC,HEALTHIX|BPMC
HIXNY,RRHUMMC,0,RRHUMMC,HIXNY|RRHUMMC
GRRHIO,UR2301,0,UR2301,GRRHIO|UR2301
GRRHIO,RRH371,0,RRH371,GRRHIO|RRH371
HIXNY,WMCMHRH,0,WMCMHRH,HIXNY|WMCMHRH
HIXNY,SPBPMBRMED,0,SPBPMBRMED,HIXNY|SPBPMBRMED
HEALTHIX,ECWMCHC,0,ECWMCHC,HEALTHIX|ECWMCHC
GRRHIO,RRH830,0,RRH830,GRRHIO|RRH830
HEALTHIX,AVOC,0,AVOC,HEALTHIX|AVOC
HIXNY,HONEST,0,HONEST,HIXNY|HONEST
GRRHIO,UR0170,0,UR0170,GRRHIO|UR0170
GRRHIO,UR1096,0,UR1096,GRRHIO|UR1096
BRONX,PEDIATRIC_PLAZA,0,PEDIATRIC PLAZA,BRONX|PEDIATRIC PLAZA
GRRHIO,UR0869,0,UR0869,GRRHIO|UR0869
GRRHIO,UR1795,0,UR1795,GRRHIO|UR1795
HEALTHIX,NYUTISCH,0,NYUTISCH,HEALTHIX|NYUTISCH
HECDCS,AMP.DUPLICATE,0,AMP,HECDCS|AMP
HIXNY,CVEMS,0,CVEMS,HIXNY|CVEMS
HEALTHIX,CUMBERLAND,0,CUMBERLAND,HEALTHIX|CUMBERLAND
HECDCS,MADISON-IRVING,0,MADISON-IRVING,HECDCS|MADISON-IRVING
HIXNY,WMCNW,0,WMCNW,HIXNY|WMCNW
HEALTHIX,NYPQAMB,0,NYPQAMB,HEALTHIX|NYPQAMB
HIXNY,KALEIDAXR,0,KALEIDAXR,HIXNY|KALEIDAXR
HEALTHIX,NYMH,0,NYMH,HEALTHIX|NYMH
HEALTHIX,NWHS,0,NWHS,HEALTHIX|NWHS
HECDCS,HAHV-KINGSTON-3,0,HAHV-KINGSTON-3,HECDCS|HAHV-KINGSTON-3
HEALTHIX,SFPA,0,SFPA,HEALTHIX|SFPA
HIXNY,1457395279,0,1457395279,HIXNY|1457395279
HECDCS,ST-JOS-MED,0,ST-JOS-MED,HECDCS|ST-JOS-MED
HIXNY,BASOCO,0,BASOCO,HIXNY|BASOCO
HEALTHIX,ENTFP,0,ENTFP,HEALTHIX|ENTFP
GRRHIO,RRH186,0,RRH186,GRRHIO|RRH186
HEALTHIX,CPHL,0,CPHL,HEALTHIX|CPHL
HEALTHIX,EHAMPFAM,0,EHAMPFAM,HEALTHIX|EHAMPFAM
HIXNY,HCP,0,HCP,HIXNY|HCP
BRONX,SOMOS_ANTHEM,0,SOMOS ANTHEM,BRONX|SOMOS ANTHEM
HEALTHIX,SRH,0,SRH,HEALTHIX|SRH
GRRHIO,WGCA2,0,WGCA2,GRRHIO|WGCA2
HEALTHIX,C,0,C,HEALTHIX|C
HEALTHIX,TRCI,0,TRCI,HEALTHIX|TRCI
HEALTHIX,DMM,0,DMM,HEALTHIX|DMM
HIXNY,CMHRAPIDHL7,0,CMHRAPIDHL7,HIXNY|CMHRAPIDHL7
TXD,RHS.DUPLICATE1,0,RHS,TXD|RHS
HECDCS,SAM-MED,0,SAM-MED,HECDCS|SAM-MED
TXD,MIMP,0,MIMP,TXD|MIMP
TXD,VNA.DUPLICATE1,0,VNA,TXD|VNA
HEALTHIX,UPGH,0,UPGH,HEALTHIX|UPGH
HEALTHIX,ADPPC,0,ADPPC,HEALTHIX|ADPPC
HEALTHIX,NWH,0,NWH,HEALTHIX|NWH
HIXNY,CAPCARD,0,CAPCARD,HIXNY|CAPCARD
HIXNY,SHPOD,0,SHPOD,HIXNY|SHPOD
HEALTHIX,ADTC,0,ADTC,HEALTHIX|ADTC
HECDCS,IFH.DUPLICATE2,0,IFH,HECDCS|IFH
HIXNY,WMCMHRHDOC,0,WMCMHRHDOC,HIXNY|WMCMHRHDOC
HECDCS,ASSOC-GASTRO-CNY,0,ASSOC-GASTRO-CNY,HECDCS|ASSOC-GASTRO-CNY
BRONX,SSS_FM,0,SSS FM,BRONX|SSS FM
GRRHIO,UR0425,0,UR0425,GRRHIO|UR0425
HEALTHIX,AVON,0,AVON,HEALTHIX|AVON
GRRHIO,UR0184,0,UR0184,GRRHIO|UR0184
HEALTHIX,HVMC,0,HVMC,HEALTHIX|HVMC
TXD,ABSAUR,0,ABSAUR,TXD|ABSAUR
GRRHIO,UR0935,0,UR0935,GRRHIO|UR0935
HEALTHIX,BFMA,0,BFMA,HEALTHIX|BFMA
HEALTHIX,SIPPS,0,SIPPS,HEALTHIX|SIPPS
GRRHIO,RRH975,0,RRH975,GRRHIO|RRH975
HEALTHIX,HECMTSINAI,0,HECMTSINAI,HEALTHIX|HECMTSINAI
HIXNY,1578577417,0,1578577417,HIXNY|1578577417
GRRHIO,UR2053,0,UR2053,GRRHIO|UR2053
HECDCS,CONNEXTCARE,0,CONNEXTCARE,HECDCS|CONNEXTCARE
HIXNY,ELLSMCCP,0,ELLSMCCP,HIXNY|ELLSMCCP
HECDCS,HOA,0,HOA,HECDCS|HOA
HIXNY,AMHSABARHL7,0,AMHSABARHL7,HIXNY|AMHSABARHL7
HEALTHIX,CNASSAU,0,CNASSAU,HEALTHIX|CNASSAU
HIXNY,WMCOPDURODOC,0,WMCOPDURODOC,HIXNY|WMCOPDURODOC
GRRHIO,UR0016,0,UR0016,GRRHIO|UR0016
HEALTHIX,CBCNETWORK,0,CBCNETWORK,HEALTHIX|CBCNETWORK
TXD,LAURRI,0,LAURRI,TXD|LAURRI
HEALTHIX,KBEN,0,KBEN,HEALTHIX|KBEN
BRONX,DAYSI_BAEZ,0,DAYSI BAEZ,BRONX|DAYSI BAEZ
HEALTHIX,LIJFH,0,LIJFH,HEALTHIX|LIJFH
HIXNY,PAPLWFHCDOC,0,PAPLWFHCDOC,HIXNY|PAPLWFHCDOC
HEALTHIX,TRANSNY,0,TRANSNY,HEALTHIX|TRANSNY
HEALTHIX,PROR,0,PROR,HEALTHIX|PROR
HECDCS,MARCELLUS-FAM,0,MARCELLUS-FAM,HECDCS|MARCELLUS-FAM
HEALTHIX,PCARE,0,PCARE,HEALTHIX|PCARE
HIXNY,1336156223,0,1336156223,HIXNY|1336156223
GRRHIO,NAR2,0,NAR2,GRRHIO|NAR2
GRRHIO,UR1537,0,UR1537,GRRHIO|UR1537
HIXNY,1942307020,0,1942307020,HIXNY|1942307020
HEALTHIX,JLEIB,0,JLEIB,HEALTHIX|JLEIB
GRRHIO,RR605,0,RR605,GRRHIO|RR605
GRRHIO,RRH677,0,RRH677,GRRHIO|RRH677
HECDCS,BUCKLEY-RD-PEDS,0,BUCKLEY-RD-PEDS,HECDCS|BUCKLEY-RD-PEDS
HIXNY,SPIMALABDS,0,SPIMALABDS,HIXNY|SPIMALABDS
GRRHIO,RRH157,0,RRH157,GRRHIO|RRH157
HEALTHIX,BWPHC,0,BWPHC,HEALTHIX|BWPHC
HIXNY,PAPLSPINEDOC,0,PAPLSPINEDOC,HIXNY|PAPLSPINEDOC
GRRHIO,UR1667,0,UR1667,GRRHIO|UR1667
HEALTHIX,H,0,H,HEALTHIX|H
TXD,CCHN,0,CCHN,TXD|CCHN
HEALTHIX,CRWNER,0,CRWNER,HEALTHIX|CRWNER
GRRHIO,UR0908,0,UR0908,GRRHIO|UR0908
HEALTHIX,JRMDPC,0,JRMDPC,HEALTHIX|JRMDPC
HIXNY,NLISA,0,NLISA,HIXNY|NLISA
GRRHIO,UR2056,0,UR2056,GRRHIO|UR2056
HIXNY,EMPIRE,0,EMPIRE,HIXNY|EMPIRE
GRRHIO,UR2062,0,UR2062,GRRHIO|UR2062
HEALTHIX,BRIARWM,0,BRIARWM,HEALTHIX|BRIARWM
HECDCS,ASC-LOURDES-CLIN,0,ASC-LOURDES-CLIN,HECDCS|ASC-LOURDES-CLIN
BRONX,INTEGRA_MANAGED_CARE,0,INTEGRA MANAGED CARE,BRONX|INTEGRA MANAGED CARE
GRRHIO,ECC,0,ECC,GRRHIO|ECC
HEALTHIX,MEDCARELLC,0,MEDCARELLC,HEALTHIX|MEDCARELLC
GRRHIO,UR2225,0,UR2225,GRRHIO|UR2225
GRRHIO,UR0116,0,UR0116,GRRHIO|UR0116
BRONX,CITY_CARE_FAMILY_PRACTICE,0,CITY CARE FAMILY PRACTICE,BRONX|CITY CARE FAMILY PRACTICE
HIXNY,1801291307,0,1801291307,HIXNY|1801291307
GRRHIO,UR0133,0,UR0133,GRRHIO|UR0133
HECDCS,BROOME-ONCOLOGY,0,BROOME-ONCOLOGY,HECDCS|BROOME-ONCOLOGY
HEALTHIX,JLIU,0,JLIU,HEALTHIX|JLIU
BRONX,RIVERSPRING_CHHA,0,RIVERSPRING CHHA,BRONX|RIVERSPRING CHHA
HEALTHIX,IVMS,0,IVMS,HEALTHIX|IVMS
GRRHIO,UR1527,0,UR1527,GRRHIO|UR1527
HIXNY,BAPT,0,BAPT,HIXNY|BAPT
HIXNY,2469,0,2469,HIXNY|2469
HECDCS,OSW-HLTH-PHY,0,OSW-HLTH-PHY,HECDCS|OSW-HLTH-PHY
BRONX,AMTH_MEDICAL,0,AMTH MEDICAL,BRONX|AMTH MEDICAL
HEALTHIX,ASCAKM,0,ASCAKM,HEALTHIX|ASCAKM
GRRHIO,RRH631,0,RRH631,GRRHIO|RRH631
BRONX,DOMINICK_K_BIOH,0,DOMINICK K BIOH,BRONX|DOMINICK K BIOH
GRRHIO,UR2413,0,UR2413,GRRHIO|UR2413
GRRHIO,RRH185,0,RRH185,GRRHIO|RRH185
HIXNY,HECCFHKFP,0,HECCFHKFP,HIXNY|HECCFHKFP
GRRHIO,UR0492,0,UR0492,GRRHIO|UR0492
HEALTHIX,PMNRC,0,PMNRC,HEALTHIX|PMNRC
HEALTHIX,CBC,0,CBC,HEALTHIX|CBC
HEALTHIX,JAFHC,0,JAFHC,HEALTHIX|JAFHC
GRRHIO,CSH.DUPLICATE,0,CSH,GRRHIO|CSH
HIXNY,1639239221SA,0,1639239221SA,HIXNY|1639239221SA
HECDCS,SLEEP-INSIGHTS,0,SLEEP-INSIGHTS,HECDCS|SLEEP-INSIGHTS
HIXNY,BASLFHO,0,BASLFHO,HIXNY|BASLFHO
HEALTHIX,FSL.DUPLICATE1,0,FSL,HEALTHIX|FSL
TXD,ECVA,0,ECVA,TXD|ECVA
HIXNY,ALEDADE,0,ALEDADE,HIXNY|ALEDADE
TXD,TMGCHA,0,TMGCHA,TXD|TMGCHA
GRRHIO,UR0983,0,UR0983,GRRHIO|UR0983
TXD,LATINA,0,LATINA,TXD|LATINA
HEALTHIX,FRK,0,FRK,HEALTHIX|FRK
HIXNY,WMCAPSPULKI,0,WMCAPSPULKI,HIXNY|WMCAPSPULKI
GRRHIO,UR0546,0,UR0546,GRRHIO|UR0546
HIXNY,1861585549,0,1861585549,HIXNY|1861585549
HEALTHIX,LLMC,0,LLMC,HEALTHIX|LLMC
HEALTHIX,SLAIDCCH,0,SLAIDCCH,HEALTHIX|SLAIDCCH
GRRHIO,RRH028,0,RRH028,GRRHIO|RRH028
HEALTHIX,GSH,0,GSH,HEALTHIX|GSH
TXD,PEDURG,0,PEDURG,TXD|PEDURG
GRRHIO,WEMS,0,WEMS,GRRHIO|WEMS
HIXNY,SHAMHSDOC,0,SHAMHSDOC,HIXNY|SHAMHSDOC
TXD,MOLINA.DUPLICATE1,0,MOLINA,TXD|MOLINA
HEALTHIX,ABMD,0,ABMD,HEALTHIX|ABMD
HIXNY,WYMNY,0,WYMNY,HIXNY|WYMNY
HEALTHIX,SY,0,SY,HEALTHIX|SY
HIXNY,GFHCAMBRIDGE,0,GFHCAMBRIDGE,HIXNY|GFHCAMBRIDGE
GRRHIO,RRH142,0,RRH142,GRRHIO|RRH142
HEALTHIX,ODA,0,ODA,HEALTHIX|ODA
HEALTHIX,SUNYOP,0,SUNYOP,HEALTHIX|SUNYOP
TXD,AFM,0,AFM,TXD|AFM
TXD,PYOUNG,0,PYOUNG,TXD|PYOUNG
TXD,PCIPA,0,PCIPA,TXD|PCIPA
GRRHIO,RRH272,0,RRH272,GRRHIO|RRH272
GRRHIO,GREP,0,GREP,GRRHIO|GREP
HECDCS,ENGEL-LINDGREN,0,ENGEL-LINDGREN,HECDCS|ENGEL-LINDGREN
TXD,NOVELL,0,NOVELL,TXD|NOVELL
TXD,BRTRND,0,BRTRND,TXD|BRTRND
HIXNY,CIA,0,CIA,HIXNY|CIA
HECDCS,HV-FAM-PHYS,0,HV-FAM-PHYS,HECDCS|HV-FAM-PHYS
BRONX,THE_JEWISH_BOARD,0,THE JEWISH BOARD,BRONX|THE JEWISH BOARD
HEALTHIX,CCDERM,0,CCDERM,HEALTHIX|CCDERM
GRRHIO,UR0332,0,UR0332,GRRHIO|UR0332
HEALTHIX,METROTCM,0,METROTCM,HEALTHIX|METROTCM
HECDCS,ACCESS-SUPPORTS,0,ACCESS-SUPPORTS,HECDCS|ACCESS-SUPPORTS
TXD,FMGBRM,0,FMGBRM,TXD|FMGBRM
HIXNY,SPHPFAMMED,0,SPHPFAMMED,HIXNY|SPHPFAMMED
HEALTHIX,PLVH,0,PLVH,HEALTHIX|PLVH
HIXNY,NRFS,0,NRFS,HIXNY|NRFS
HEALTHIX,AZSETTHEA,0,AZSETTHEA,HEALTHIX|AZSETTHEA
HEALTHIX,PSCH,0,PSCH,HEALTHIX|PSCH
TXD,LANE,0,LANE,TXD|LANE
HEALTHIX,ECWNPMD,0,ECWNPMD,HEALTHIX|ECWNPMD
HIXNY,AMHSAVAS,0,AMHSAVAS,HIXNY|AMHSAVAS
HIXNY,WMCMHRHCOV,0,WMCMHRHCOV,HIXNY|WMCMHRHCOV
HEALTHIX,RIMGEL,0,RIMGEL,HEALTHIX|RIMGEL
BRONX,ELDERSERVE_HEALTH,0,ELDERSERVE HEALTH,BRONX|ELDERSERVE HEALTH
GRRHIO,UR0653,0,UR0653,GRRHIO|UR0653
GRRHIO,UR1578,0,UR1578,GRRHIO|UR1578
GRRHIO,WFC2,0,WFC2,GRRHIO|WFC2
GRRHIO,STP,0,STP,GRRHIO|STP
HEALTHIX,NPMD,0,NPMD,HEALTHIX|NPMD
HECDCS,FAM-MED-NORTH-NY,0,FAM-MED-NORTH-NY,HECDCS|FAM-MED-NORTH-NY
HEALTHIX,BRC,0,BRC,HEALTHIX|BRC
HEALTHIX,BCHC,0,BCHC,HEALTHIX|BCHC
HIXNY,CMHAMHSDOC,0,CMHAMHSDOC,HIXNY|CMHAMHSDOC
BRONX,UCHC,0,UCHC,BRONX|UCHC
HECDCS,N-CTRY-ORTHO,0,N-CTRY-ORTHO,HECDCS|N-CTRY-ORTHO
HEALTHIX,ECWLIFQHC,0,ECWLIFQHC,HEALTHIX|ECWLIFQHC
HECDCS,PREVENTIVE-MED,0,PREVENTIVE-MED,HECDCS|PREVENTIVE-MED
HEALTHIX,MGASP,0,MGASP,HEALTHIX|MGASP
GRRHIO,UR1782,0,UR1782,GRRHIO|UR1782
HIXNY,STPLMASSRYDOC,0,STPLMASSRYDOC,HIXNY|STPLMASSRYDOC
GRRHIO,OAR2,0,OAR2,GRRHIO|OAR2
GRRHIO,UR0180,0,UR0180,GRRHIO|UR0180
GRRHIO,UR0112,0,UR0112,GRRHIO|UR0112
HEALTHIX,CEVANS,0,CEVANS,HEALTHIX|CEVANS
HIXNY,SPWABMEDFAM,0,SPWABMEDFAM,HIXNY|SPWABMEDFAM
HEALTHIX,ECWSSFMA,0,ECWSSFMA,HEALTHIX|ECWSSFMA
HEALTHIX,JKMD,0,JKMD,HEALTHIX|JKMD
HEALTHIX,MEETHOUSELN,0,MEETHOUSELN,HEALTHIX|MEETHOUSELN
HIXNY,SPIMALABDSDOC,0,SPIMALABDSDOC,HIXNY|SPIMALABDSDOC
HEALTHIX,SCSML,0,SCSML,HEALTHIX|SCSML
HIXNY,MIBHN,0,MIBHN,HIXNY|MIBHN
HEALTHIX,ECWWEZH,0,ECWWEZH,HEALTHIX|ECWWEZH
HECDCS,ST-JOS-MED-3,0,ST-JOS-MED-3,HECDCS|ST-JOS-MED-3
GRRHIO,RRH182,0,RRH182,GRRHIO|RRH182
HIXNY,WMCAPSGESKI,0,WMCAPSGESKI,HIXNY|WMCAPSGESKI
HEALTHIX,NMOP,0,NMOP,HEALTHIX|NMOP
HEALTHIX,VVIM,0,VVIM,HEALTHIX|VVIM
HIXNY,PAPLSLEEP,0,PAPLSLEEP,HIXNY|PAPLSLEEP
HIXNY,SPVABFAMDOC,0,SPVABFAMDOC,HIXNY|SPVABFAMDOC
HEALTHIX,UOFRH,0,UOFRH,HEALTHIX|UOFRH
GRRHIO,RR444,0,RR444,GRRHIO|RR444
TXD,DELPED,0,DELPED,TXD|DELPED
TXD,NFMOFF,0,NFMOFF,TXD|NFMOFF
HEALTHIX,LISRM,0,LISRM,HEALTHIX|LISRM
HECDCS,FAM-PLAN-SOUTH,0,FAM-PLAN-SOUTH,HECDCS|FAM-PLAN-SOUTH
HEALTHIX,Healthix,0,Healthix,HEALTHIX|Healthix
HIXNY,WMCAPSURMA,0,WMCAPSURMA,HIXNY|WMCAPSURMA
GRRHIO,UR1771,0,UR1771,GRRHIO|UR1771
GRRHIO,UR0431,0,UR0431,GRRHIO|UR0431
HEALTHIX,SETTLEH,0,SETTLEH,HEALTHIX|SETTLEH
HEALTHIX,TRIBC,0,TRIBC,HEALTHIX|TRIBC
GRRHIO,RR371,0,RR371,GRRHIO|RR371
GRRHIO,UR0397,0,UR0397,GRRHIO|UR0397
HECDCS,CNY-NEURO-CONS,0,CNY-NEURO-CONS,HECDCS|CNY-NEURO-CONS
TXD,ELDSCK,0,ELDSCK,TXD|ELDSCK
HIXNY,SSEMS,0,SSEMS,HIXNY|SSEMS
HIXNY,AMHSAPMRHL7,0,AMHSAPMRHL7,HIXNY|AMHSAPMRHL7
GRRHIO,RR567,0,RR567,GRRHIO|RR567
HEALTHIX,HWCLI,0,HWCLI,HEALTHIX|HWCLI
HIXNY,AMALPELV,0,AMALPELV,HIXNY|AMALPELV
HECDCS,AJAY-GOEL,0,AJAY-GOEL,HECDCS|AJAY-GOEL
BRONX,NEW_STAR_MEDICAL,0,NEW STAR MEDICAL,BRONX|NEW STAR MEDICAL
HEALTHIX,HHCHR,0,HHCHR,HEALTHIX|HHCHR
HEALTHIX,ROYALCARE,0,ROYALCARE,HEALTHIX|ROYALCARE
HIXNY,CMHGAS,0,CMHGAS,HIXNY|CMHGAS
TXD,QUAKER,0,QUAKER,TXD|QUAKER
GRRHIO,UR0880,0,UR0880,GRRHIO|UR0880
TXD,JEHRIO,0,JEHRIO,TXD|JEHRIO
GRRHIO,RRH614,0,RRH614,GRRHIO|RRH614
HIXNY,STCATHFTHLD,0,STCATHFTHLD,HIXNY|STCATHFTHLD
HEALTHIX,SGAS,0,SGAS,HEALTHIX|SGAS
GRRHIO,RRH148,0,RRH148,GRRHIO|RRH148
GRRHIO,UR0247,0,UR0247,GRRHIO|UR0247
HIXNY,SPMGPSTPBRS,0,SPMGPSTPBRS,HIXNY|SPMGPSTPBRS
TXD,MFHC,0,MFHC,TXD|MFHC
GRRHIO,UR1182,0,UR1182,GRRHIO|UR1182
GRRHIO,RRH561,0,RRH561,GRRHIO|RRH561
GRRHIO,RR253,0,RR253,GRRHIO|RR253
HIXNY,AMHSAINTHL7,0,AMHSAINTHL7,HIXNY|AMHSAINTHL7
GRRHIO,RR316,0,RR316,GRRHIO|RR316
TXD,BAKER,0,BAKER,TXD|BAKER
BRONX,GETWELL_MEDICAL,0,GETWELL MEDICAL,BRONX|GETWELL MEDICAL
GRRHIO,UR0152,0,UR0152,GRRHIO|UR0152
HIXNY,WMCAPSENTPDOC,0,WMCAPSENTPDOC,HIXNY|WMCAPSENTPDOC
TXD,JWCH,0,JWCH,TXD|JWCH
GRRHIO,UR0427,0,UR0427,GRRHIO|UR0427
BRONX,BALDEVBHAI_V_PATEL,0,BALDEVBHAI V PATEL,BRONX|BALDEVBHAI V PATEL
TXD,AMP.DUPLICATE1,0,AMP,TXD|AMP
HIXNY,HECMVHS,0,HECMVHS,HIXNY|HECMVHS
HIXNY,GFHORTH,0,GFHORTH,HIXNY|GFHORTH
GRRHIO,UR0960,0,UR0960,GRRHIO|UR0960
GRRHIO,UR0207,0,UR0207,GRRHIO|UR0207
HEALTHIX,LCME,0,LCME,HEALTHIX|LCME
BRONX,CENTER_FOR_COMPREHENSIVE_HEALTH_PRAC,0,CENTER FOR COMPREHENSIVE HEALTH PRAC,BRONX|CENTER FOR COMPREHENSIVE HEALTH PRAC
GRRHIO,RRH649,0,RRH649,GRRHIO|RRH649
GRRHIO,RR301,0,RR301,GRRHIO|RR301
HIXNY,SJATR,0,SJATR,HIXNY|SJATR
HEALTHIX,ECNY,0,ECNY,HEALTHIX|ECNY
HIXNY,SPMEALABDS,0,SPMEALABDS,HIXNY|SPMEALABDS
BRONX,FRANCISCO_A_MARTINEZ_PEDIATRICS,0,FRANCISCO A MARTINEZ PEDIATRICS,BRONX|FRANCISCO A MARTINEZ PEDIATRICS
GRRHIO,RRH143,0,RRH143,GRRHIO|RRH143
HIXNY,AMGPCCURO,0,AMGPCCURO,HIXNY|AMGPCCURO
HIXNY,ADIR02,0,ADIR02,HIXNY|ADIR02
HIXNY,1225250525,0,1225250525,HIXNY|1225250525
HIXNY,AKESOgen,0,AKESOgen,HIXNY|AKESOgen
GRRHIO,UR1438,0,UR1438,GRRHIO|UR1438
GRRHIO,UR1530,0,UR1530,GRRHIO|UR1530
HEALTHIX,NASMED,0,NASMED,HEALTHIX|NASMED
GRRHIO,UR2178,0,UR2178,GRRHIO|UR2178
BRONX,AVRAHAM_HENOCH,0,AVRAHAM HENOCH,BRONX|AVRAHAM HENOCH
HEALTHIX,PAEN,0,PAEN,HEALTHIX|PAEN
HEALTHIX,FORDNRC,0,FORDNRC,HEALTHIX|FORDNRC
HEALTHIX,ACHM,0,ACHM,HEALTHIX|ACHM
GRRHIO,RRH536,0,RRH536,GRRHIO|RRH536
HECDCS,CNY-EYE-CARE,0,CNY-EYE-CARE,HECDCS|CNY-EYE-CARE
BRONX,BRMC_MEDICAL,0,BRMC MEDICAL,BRONX|BRMC MEDICAL
HIXNY,AMMPCCPED,0,AMMPCCPED,HIXNY|AMMPCCPED
TXD,ALLIED.DUPLICATE1,0,ALLIED,TXD|ALLIED
GRRHIO,UR1429,0,UR1429,GRRHIO|UR1429
GRRHIO,RR748,0,RR748,GRRHIO|RR748
HEALTHIX,SSI,0,SSI,HEALTHIX|SSI
GRRHIO,UR0903,0,UR0903,GRRHIO|UR0903
GRRHIO,UR0950,0,UR0950,GRRHIO|UR0950
GRRHIO,RR531,0,RR531,GRRHIO|RR531
HIXNY,SPMEAOBGYNDOC,0,SPMEAOBGYNDOC,HIXNY|SPMEAOBGYNDOC
BRONX,KARIBANDI_FAMILY_PRACTICE,0,KARIBANDI FAMILY PRACTICE,BRONX|KARIBANDI FAMILY PRACTICE
HEALTHIX,AMOPC,0,AMOPC,HEALTHIX|AMOPC
GRRHIO,RR413,0,RR413,GRRHIO|RR413
HEALTHIX,RCWM,0,RCWM,HEALTHIX|RCWM
GRRHIO,RRH224,0,RRH224,GRRHIO|RRH224
HEALTHIX,RPMP,0,RPMP,HEALTHIX|RPMP
HEALTHIX,SSUAREZ,0,SSUAREZ,HEALTHIX|SSUAREZ
GRRHIO,UR0848,0,UR0848,GRRHIO|UR0848
HIXNY,WMCAPSIPVADOC,0,WMCAPSIPVADOC,HIXNY|WMCAPSIPVADOC
HECDCS,CHILD-HOME-WY,0,CHILD-HOME-WY,HECDCS|CHILD-HOME-WY
GRRHIO,RRH789,0,RRH789,GRRHIO|RRH789
GRRHIO,RRH384,0,RRH384,GRRHIO|RRH384
BRONX,NEW_HORIZON_COUNSELING_CENTER,0,NEW HORIZON COUNSELING CENTER,BRONX|NEW HORIZON COUNSELING CENTER
GRRHIO,UR0127,0,UR0127,GRRHIO|UR0127
BRONX,JOICE_SAMUEL,0,JOICE SAMUEL,BRONX|JOICE SAMUEL
HIXNY,RRHCSHMH,0,RRHCSHMH,HIXNY|RRHCSHMH
HIXNY,GFHHAOHL7,0,GFHHAOHL7,HIXNY|GFHHAOHL7
BRONX,PERSONAL_TOUCH_MEDICAL_MGMT,0,PERSONAL TOUCH MEDICAL MGMT,BRONX|PERSONAL TOUCH MEDICAL MGMT
GRRHIO,RR416,0,RR416,GRRHIO|RR416
HEALTHIX,EPEEKRN,0,EPEEKRN,HEALTHIX|EPEEKRN
HEALTHIX,ECWHPMEDI,0,ECWHPMEDI,HEALTHIX|ECWHPMEDI
GRRHIO,RR446,0,RR446,GRRHIO|RR446
GRRHIO,UR2312,0,UR2312,GRRHIO|UR2312
HIXNY,OTSEGO,0,OTSEGO,HIXNY|OTSEGO
HIXNY,SARATOGFAMDOC,0,SARATOGFAMDOC,HIXNY|SARATOGFAMDOC
HEALTHIX,BEBR,0,BEBR,HEALTHIX|BEBR
TXD,WCFMED,0,WCFMED,TXD|WCFMED
GRRHIO,UR1708,0,UR1708,GRRHIO|UR1708
BRONX,CLASON_POINT_MEDICAL,0,CLASON POINT MEDICAL,BRONX|CLASON POINT MEDICAL
BRONX,JUAN_A_ALBA,0,JUAN A ALBA,BRONX|JUAN A ALBA
HIXNY,SPVAALB,0,SPVAALB,HIXNY|SPVAALB
GRRHIO,UR1205,0,UR1205,GRRHIO|UR1205
HECDCS,FAM-SRVCS-CHEM,0,FAM-SRVCS-CHEM,HECDCS|FAM-SRVCS-CHEM
GRRHIO,IMBC,0,IMBC,GRRHIO|IMBC
GRRHIO,RR563,0,RR563,GRRHIO|RR563
HECDCS,MOTH-BABIES-PERI,0,MOTH-BABIES-PERI,HECDCS|MOTH-BABIES-PERI
HIXNY,OCCS,0,OCCS,HIXNY|OCCS
HEALTHIX,QMC,0,QMC,HEALTHIX|QMC
GRRHIO,GENPEDS,0,GENPEDS,GRRHIO|GENPEDS
HEALTHIX,ASCHS,0,ASCHS,HEALTHIX|ASCHS
GRRHIO,RR41,0,RR41,GRRHIO|RR41
GRRHIO,RR515,0,RR515,GRRHIO|RR515
GRRHIO,UR0343,0,UR0343,GRRHIO|UR0343
GRRHIO,UR0897,0,UR0897,GRRHIO|UR0897
GRRHIO,GLVH,0,GLVH,GRRHIO|GLVH
HEALTHIX,ALMP,0,ALMP,HEALTHIX|ALMP
HIXNY,STCMSC,0,STCMSC,HIXNY|STCMSC
HIXNY,PAPLURGTOGADOC,0,PAPLURGTOGADOC,HIXNY|PAPLURGTOGADOC
HEALTHIX,MSCM,0,MSCM,HEALTHIX|MSCM
GRRHIO,UR0965,0,UR0965,GRRHIO|UR0965
HIXNY,CIRCACO,0,CIRCACO,HIXNY|CIRCACO
GRRHIO,RRH721,0,RRH721,GRRHIO|RRH721
GRRHIO,UR2052,0,UR2052,GRRHIO|UR2052
BRONX,KS_MEDICAL,0,KS MEDICAL,BRONX|KS MEDICAL
GRRHIO,UR0768,0,UR0768,GRRHIO|UR0768
HEALTHIX,WTAOMC,0,WTAOMC,HEALTHIX|WTAOMC
BRONX,SMART_MEDICAL_CARE,0,SMART MEDICAL CARE,BRONX|SMART MEDICAL CARE
HIXNY,ETOWN,0,ETOWN,HIXNY|ETOWN
GRRHIO,UR0418,0,UR0418,GRRHIO|UR0418
GRRHIO,RR745,0,RR745,GRRHIO|RR745
GRRHIO,UR0962,0,UR0962,GRRHIO|UR0962
TXD,SCHFLD,0,SCHFLD,TXD|SCHFLD
HEALTHIX,GCRN,0,GCRN,HEALTHIX|GCRN
HEALTHIX,DLMC,0,DLMC,HEALTHIX|DLMC
GRRHIO,UR0110,0,UR0110,GRRHIO|UR0110
GRRHIO,UR0211,0,UR0211,GRRHIO|UR0211
HEALTHIX,LSHEM,0,LSHEM,HEALTHIX|LSHEM
HEALTHIX,SCCA,0,SCCA,HEALTHIX|SCCA
HEALTHIX,ICAP,0,ICAP,HEALTHIX|ICAP
HIXNY,COMMEMS,0,COMMEMS,HIXNY|COMMEMS
TXD,ABSALL,0,ABSALL,TXD|ABSALL
TXD,OCNNOR,0,OCNNOR,TXD|OCNNOR
HIXNY,PROMINISSA,0,PROMINISSA,HIXNY|PROMINISSA
HECDCS,AMPU,0,AMPU,HECDCS|AMPU
HIXNY,AMHSAPMR,0,AMHSAPMR,HIXNY|AMHSAPMR
GRRHIO,RR272,0,RR272,GRRHIO|RR272
BRONX,HISPANIC_COUNSELING_CENTER,0,HISPANIC COUNSELING CENTER,BRONX|HISPANIC COUNSELING CENTER
GRRHIO,MPOR,0,MPOR,GRRHIO|MPOR
HEALTHIX,EFMS,0,EFMS,HEALTHIX|EFMS
HEALTHIX,HVCA,0,HVCA,HEALTHIX|HVCA
GRRHIO,RGOA,0,RGOA,GRRHIO|RGOA
HIXNY,RRHNWHDOC,0,RRHNWHDOC,HIXNY|RRHNWHDOC
HIXNY,1538324207,0,1538324207,HIXNY|1538324207
HEALTHIX,MYHE,0,MYHE,HEALTHIX|MYHE
HECDCS,ONEIDA-HLTH-TRI,0,ONEIDA-HLTH-TRI,HECDCS|ONEIDA-HLTH-TRI
HEALTHIX,ECWBRKGA,0,ECWBRKGA,HEALTHIX|ECWBRKGA
HIXNY,AMHSAOBONC,0,AMHSAOBONC,HIXNY|AMHSAOBONC
GRRHIO,PP,0,PP,GRRHIO|PP
HECDCS,CNY-FOREN-PSYCH,0,CNY-FOREN-PSYCH,HECDCS|CNY-FOREN-PSYCH
GRRHIO,UR2205,0,UR2205,GRRHIO|UR2205
HEALTHIX,AFMD,0,AFMD,HEALTHIX|AFMD
HECDCS,FAM-FOOT-GROUP,0,FAM-FOOT-GROUP,HECDCS|FAM-FOOT-GROUP
HEALTHIX,DCS,0,DCS,HEALTHIX|DCS
GRRHIO,UR0117,0,UR0117,GRRHIO|UR0117
HIXNY,WMCMONITORDOC,0,WMCMONITORDOC,HIXNY|WMCMONITORDOC
TXD,ECRN.DUPLICATE1,0,ECRN,TXD|ECRN
HIXNY,WMCAPSENTRB,0,WMCAPSENTRB,HIXNY|WMCAPSENTRB
HEALTHIX,MHPWQ,0,MHPWQ,HEALTHIX|MHPWQ
HIXNY,WMCAPSWHVADOC,0,WMCAPSWHVADOC,HIXNY|WMCAPSWHVADOC
BRONX,VNS_HEALTH_CMHS,0,VNS HEALTH CMHS,BRONX|VNS HEALTH CMHS
GRRHIO,RRH405,0,RRH405,GRRHIO|RRH405
GRRHIO,RR353,0,RR353,GRRHIO|RR353
HIXNY,WMCOPDOPH,0,WMCOPDOPH,HIXNY|WMCOPDOPH
HIXNY,SPACPEWCCARDOC,0,SPACPEWCCARDOC,HIXNY|SPACPEWCCARDOC
HEALTHIX,LICH,0,LICH,HEALTHIX|LICH
GRRHIO,RRH663,0,RRH663,GRRHIO|RRH663
GRRHIO,RRH145,0,RRH145,GRRHIO|RRH145
HEALTHIX,AACL,0,AACL,HEALTHIX|AACL
HIXNY,GFHHAO,0,GFHHAO,HIXNY|GFHHAO
GRRHIO,SVN,0,SVN,GRRHIO|SVN
HEALTHIX,DGNFM,0,DGNFM,HEALTHIX|DGNFM
HIXNY,HECRH,0,HECRH,HIXNY|HECRH
HIXNY,PAPLPCCSDOC,0,PAPLPCCSDOC,HIXNY|PAPLPCCSDOC
GRRHIO,UR0586,0,UR0586,GRRHIO|UR0586
HEALTHIX,PMCPC,0,PMCPC,HEALTHIX|PMCPC
GRRHIO,UR0554,0,UR0554,GRRHIO|UR0554
HEALTHIX,WESTPRIME,0,WESTPRIME,HEALTHIX|WESTPRIME
HEALTHIX,LIGHTHP,0,LIGHTHP,HEALTHIX|LIGHTHP
GRRHIO,UR1097,0,UR1097,GRRHIO|UR1097
HEALTHIX,AUHAMD,0,AUHAMD,HEALTHIX|AUHAMD
BRONX,NIGHT_AND_DAY_MEDICAL_ASSOCIATES,0,NIGHT AND DAY MEDICAL ASSOCIATES,BRONX|NIGHT AND DAY MEDICAL ASSOCIATES
GRRHIO,UR0807,0,UR0807,GRRHIO|UR0807
HEALTHIX,NABR,0,NABR,HEALTHIX|NABR
HEALTHIX,SGMD,0,SGMD,HEALTHIX|SGMD
TXD,KFM,0,KFM,TXD|KFM
GRRHIO,UR0525,0,UR0525,GRRHIO|UR0525
TXD,OCMH.DUPLICATE1,0,OCMH,TXD|OCMH
HIXNY,WMCAPSCTSVA,0,WMCAPSCTSVA,HIXNY|WMCAPSCTSVA
GRRHIO,RRH249,0,RRH249,GRRHIO|RRH249
HEALTHIX,LLZENG,0,LLZENG,HEALTHIX|LLZENG
HIXNY,CVPHDERM,0,CVPHDERM,HIXNY|CVPHDERM
TXD,CFSEC2PART2,0,CFSEC2PART2,TXD|CFSEC2PART2
HECDCS,MV-PSYCH,0,MV-PSYCH,HECDCS|MV-PSYCH
BRONX,APOLLO_MEDICAL,0,APOLLO MEDICAL,BRONX|APOLLO MEDICAL
GRRHIO,UR0162,0,UR0162,GRRHIO|UR0162
HIXNY,BSC,0,BSC,HIXNY|BSC
HIXNY,CVPHOBGYN,0,CVPHOBGYN,HIXNY|CVPHOBGYN
BRONX,JUAN_ESTEVEZ,0,JUAN ESTEVEZ,BRONX|JUAN ESTEVEZ
GRRHIO,UR0283,0,UR0283,GRRHIO|UR0283
HEALTHIX,XHHS,0,XHHS,HEALTHIX|XHHS
GRRHIO,RR77,0,RR77,GRRHIO|RR77
BRONX,CHEUNG_AND_KAN_MEDICAL,0,CHEUNG AND KAN MEDICAL,BRONX|CHEUNG AND KAN MEDICAL
GRRHIO,RR480,0,RR480,GRRHIO|RR480
GRRHIO,UR1332,0,UR1332,GRRHIO|UR1332
HIXNY,WMCBSMGHEAR,0,WMCBSMGHEAR,HIXNY|WMCBSMGHEAR
HEALTHIX,VILLAGEC,0,VILLAGEC,HEALTHIX|VILLAGEC
GRRHIO,UR0925,0,UR0925,GRRHIO|UR0925
HEALTHIX,CNYHH,0,CNYHH,HEALTHIX|CNYHH
GRRHIO,HVFP,0,HVFP,GRRHIO|HVFP
HEALTHIX,LESC,0,LESC,HEALTHIX|LESC
HIXNY,WMCOPDCARD,0,WMCOPDCARD,HIXNY|WMCOPDCARD
HEALTHIX,WRRNC,0,WRRNC,HEALTHIX|WRRNC
HIXNY,RRHUHSP2,0,RRHUHSP2,HIXNY|RRHUHSP2
HEALTHIX,COAR,0,COAR,HEALTHIX|COAR
HEALTHIX,LYONPC,0,LYONPC,HEALTHIX|LYONPC
HECDCS,HANA-ROHAN,0,HANA-ROHAN,HECDCS|HANA-ROHAN
HECDCS,PILGRIM-PSYCH,0,PILGRIM-PSYCH,HECDCS|PILGRIM-PSYCH
GRRHIO,UR1602,0,UR1602,GRRHIO|UR1602
HIXNY,CMHPTOTHL7,0,CMHPTOTHL7,HIXNY|CMHPTOTHL7
HIXNY,AMHSAOPHHL7,0,AMHSAOPHHL7,HIXNY|AMHSAOPHHL7
GRRHIO,UR0154,0,UR0154,GRRHIO|UR0154
TXD,JMHPT,0,JMHPT,TXD|JMHPT
HEALTHIX,APPC,0,APPC,HEALTHIX|APPC
GRRHIO,RRH063,0,RRH063,GRRHIO|RRH063
HEALTHIX,ECWARJUNMG,0,ECWARJUNMG,HEALTHIX|ECWARJUNMG
TXD,HRTPRK,0,HRTPRK,TXD|HRTPRK
GRRHIO,RR610,0,RR610,GRRHIO|RR610
HIXNY,DOSDOC,0,DOSDOC,HIXNY|DOSDOC
GRRHIO,RR435,0,RR435,GRRHIO|RR435
HIXNY,AMHSACTHHL7,0,AMHSACTHHL7,HIXNY|AMHSACTHHL7
GRRHIO,UR1167,0,UR1167,GRRHIO|UR1167
HIXNY,1821293309,0,1821293309,HIXNY|1821293309
TXD,JMHCTS,0,JMHCTS,TXD|JMHCTS
HEALTHIX,CUTEM,0,CUTEM,HEALTHIX|CUTEM
HEALTHIX,FMUC,0,FMUC,HEALTHIX|FMUC
GRRHIO,UR1500,0,UR1500,GRRHIO|UR1500
GRRHIO,HDCH,0,HDCH,GRRHIO|HDCH
HEALTHIX,ICMPC,0,ICMPC,HEALTHIX|ICMPC
HEALTHIX,UNPE,0,UNPE,HEALTHIX|UNPE
HEALTHIX,NFCRN,0,NFCRN,HEALTHIX|NFCRN
GRRHIO,UR0952,0,UR0952,GRRHIO|UR0952
TXD,NORMAN,0,NORMAN,TXD|NORMAN
GRRHIO,RRH793,0,RRH793,GRRHIO|RRH793
HEALTHIX,BAMC,0,BAMC,HEALTHIX|BAMC
GRRHIO,RRH406,0,RRH406,GRRHIO|RRH406
GRRHIO,RR572,0,RR572,GRRHIO|RR572
GRRHIO,RRH077,0,RRH077,GRRHIO|RRH077
HEALTHIX,NYCMQ,0,NYCMQ,HEALTHIX|NYCMQ
BRONX,JENNAN_COMPREHENSIVE_MEDICAL,0,JENNAN COMPREHENSIVE MEDICAL,BRONX|JENNAN COMPREHENSIVE MEDICAL
HEALTHIX,WRHCC,0,WRHCC,HEALTHIX|WRHCC
HEALTHIX,FLAPED,0,FLAPED,HEALTHIX|FLAPED
GRRHIO,RR239,0,RR239,GRRHIO|RR239
HEALTHIX,ECWMSFMHC,0,ECWMSFMHC,HEALTHIX|ECWMSFMHC
GRRHIO,RRH781,0,RRH781,GRRHIO|RRH781
BRONX,JEROME_MEDICAL_CENTER,0,JEROME MEDICAL CENTER,BRONX|JEROME MEDICAL CENTER
HEALTHIX,KINGSPM,0,KINGSPM,HEALTHIX|KINGSPM
BRONX,KAM_PRIMARY_CARE,0,KAM PRIMARY CARE,BRONX|KAM PRIMARY CARE
GRRHIO,ARA.DUPLICATE1,0,ARA,GRRHIO|ARA
HIXNY,SPVPLMEDDOC,0,SPVPLMEDDOC,HIXNY|SPVPLMEDDOC
GRRHIO,UR1151,0,UR1151,GRRHIO|UR1151
HIXNY,SNTRBEHAVODOC,0,SNTRBEHAVODOC,HIXNY|SNTRBEHAVODOC
GRRHIO,RMX,0,RMX,GRRHIO|RMX
HEALTHIX,ECWOPPPC,0,ECWOPPPC,HEALTHIX|ECWOPPPC
HEALTHIX,CRPP,0,CRPP,HEALTHIX|CRPP
HECDCS,ELDER-WAVERLY,0,ELDER-WAVERLY,HECDCS|ELDER-WAVERLY
GRRHIO,NVFP2,0,NVFP2,GRRHIO|NVFP2
HIXNY,OMHRPC16,0,OMHRPC16,HIXNY|OMHRPC16
HIXNY,SPGYNGYNDOC,0,SPGYNGYNDOC,HIXNY|SPGYNGYNDOC
HIXNY,SMHAENTHC,0,SMHAENTHC,HIXNY|SMHAENTHC
HIXNY,ELLSADOLTC,0,ELLSADOLTC,HIXNY|ELLSADOLTC
HIXNY,AMHSASURPEDHL7,0,AMHSASURPEDHL7,HIXNY|AMHSASURPEDHL7
TXD,KRXC,0,KRXC,TXD|KRXC
GRRHIO,RR389,0,RR389,GRRHIO|RR389
BRONX,MEDIKIDS_PEDIATRIC_MEDICINE,0,MEDIKIDS PEDIATRIC MEDICINE,BRONX|MEDIKIDS PEDIATRIC MEDICINE
HECDCS,HEALEY-MED-PRAC,0,HEALEY-MED-PRAC,HECDCS|HEALEY-MED-PRAC
GRRHIO,UR2308,0,UR2308,GRRHIO|UR2308
HIXNY,PINBH,0,PINBH,HIXNY|PINBH
GRRHIO,UR0355,0,UR0355,GRRHIO|UR0355
BRONX,WEBSTER_FM,0,WEBSTER FM,BRONX|WEBSTER FM
GRRHIO,UR0694,0,UR0694,GRRHIO|UR0694
GRRHIO,RR802,0,RR802,GRRHIO|RR802
HIXNY,CVPHNEURO,0,CVPHNEURO,HIXNY|CVPHNEURO
GRRHIO,RR447,0,RR447,GRRHIO|RR447
GRRHIO,RRH488,0,RRH488,GRRHIO|RRH488
HIXNY,VALATIEEMS,0,VALATIEEMS,HIXNY|VALATIEEMS
GRRHIO,UR0317,0,UR0317,GRRHIO|UR0317
HEALTHIX,SMHC,0,SMHC,HEALTHIX|SMHC
HECDCS,MEDDAC-FT-DRUM,0,MEDDAC-FT-DRUM,HECDCS|MEDDAC-FT-DRUM
GRRHIO,UR2126,0,UR2126,GRRHIO|UR2126
GRRHIO,UR1177,0,UR1177,GRRHIO|UR1177
GRRHIO,RR179,0,RR179,GRRHIO|RR179
HEALTHIX,SFCAR,0,SFCAR,HEALTHIX|SFCAR
HEALTHIX,KGHP,0,KGHP,HEALTHIX|KGHP
GRRHIO,RR667,0,RR667,GRRHIO|RR667
GRRHIO,FBH,0,FBH,GRRHIO|FBH
HECDCS,BETHEL-NURSING,0,BETHEL-NURSING,HECDCS|BETHEL-NURSING
TXD,ABSWST,0,ABSWST,TXD|ABSWST
HIXNY,SPDCHHC4CDTDOC,0,SPDCHHC4CDTDOC,HIXNY|SPDCHHC4CDTDOC
HEALTHIX,NYDEC,0,NYDEC,HEALTHIX|NYDEC
BRONX,BRONX_PSYCHIATRIC_CENTER,0,BRONX PSYCHIATRIC CENTER,BRONX|BRONX PSYCHIATRIC CENTER
GRRHIO,UR1775,0,UR1775,GRRHIO|UR1775
GRRHIO,RR625,0,RR625,GRRHIO|RR625
HIXNY,HECCMP,0,HECCMP,HIXNY|HECCMP
HEALTHIX,SCRESTRC,0,SCRESTRC,HEALTHIX|SCRESTRC
GRRHIO,RRH798,0,RRH798,GRRHIO|RRH798
HIXNY,AHMCTHC,0,AHMCTHC,HIXNY|AHMCTHC
BRONX,LNW_MEDICAL_OFFICE,0,LNW MEDICAL OFFICE,BRONX|LNW MEDICAL OFFICE
HIXNY,AMHSAOBMFMHL7,0,AMHSAOBMFMHL7,HIXNY|AMHSAOBMFMHL7
HEALTHIX,STJRHC,0,STJRHC,HEALTHIX|STJRHC
HEALTHIX,ALHMD,0,ALHMD,HEALTHIX|ALHMD
HIXNY,OFCLALERT,0,OFCLALERT,HIXNY|OFCLALERT
HEALTHIX,GAMPC,0,GAMPC,HEALTHIX|GAMPC
HEALTHIX,PSINGH,0,PSINGH,HEALTHIX|PSINGH
HECDCS,ORTHO-ASSC-DUTCH,0,ORTHO-ASSC-DUTCH,HECDCS|ORTHO-ASSC-DUTCH
BRONX,RAZA_MEDICAL,0,RAZA MEDICAL,BRONX|RAZA MEDICAL
GRRHIO,PHC.DUPLICATE1,0,PHC,GRRHIO|PHC
BRONX,BHAVANA_R_JAPI_PHYSICIAN,0,BHAVANA R JAPI PHYSICIAN,BRONX|BHAVANA R JAPI PHYSICIAN
HIXNY,WMCAPSGORSH,0,WMCAPSGORSH,HIXNY|WMCAPSGORSH
HIXNY,WMCAPSGMISM,0,WMCAPSGMISM,HIXNY|WMCAPSGMISM
BRONX,COMUNILIFE,0,COMUNILIFE,BRONX|COMUNILIFE
GRRHIO,UR0806,0,UR0806,GRRHIO|UR0806
HECDCS,BETSY-ROSS-HOME,0,BETSY-ROSS-HOME,HECDCS|BETSY-ROSS-HOME
HEALTHIX,ACCORD,0,ACCORD,HEALTHIX|ACCORD
GRRHIO,UR1544,0,UR1544,GRRHIO|UR1544
HIXNY,SPWABFAMDOC,0,SPWABFAMDOC,HIXNY|SPWABFAMDOC
GRRHIO,UR1729,0,UR1729,GRRHIO|UR1729
GRRHIO,UR0838,0,UR0838,GRRHIO|UR0838
HECDCS,WILLCARE-NEW,0,WILLCARE-NEW,HECDCS|WILLCARE-NEW
HIXNY,WMCAPSMONHA,0,WMCAPSMONHA,HIXNY|WMCAPSMONHA
HEALTHIX,GONE,0,GONE,HEALTHIX|GONE
HIXNY,AMAPCC,0,AMAPCC,HIXNY|AMAPCC
HIXNY,WMCOPDIDDOC,0,WMCOPDIDDOC,HIXNY|WMCOPDIDDOC
HEALTHIX,CARMEL,0,CARMEL,HEALTHIX|CARMEL
GRRHIO,UR2160,0,UR2160,GRRHIO|UR2160
HIXNY,WMCOPDENDO,0,WMCOPDENDO,HIXNY|WMCOPDENDO
GRRHIO,UR0155,0,UR0155,GRRHIO|UR0155
HIXNY,AMHSAGASPEHL7,0,AMHSAGASPEHL7,HIXNY|AMHSAGASPEHL7
BRONX,ANN_YOUNG_MEDICAL,0,ANN YOUNG MEDICAL,BRONX|ANN YOUNG MEDICAL
GRRHIO,RR47,0,RR47,GRRHIO|RR47
HEALTHIX,ECWBMD,0,ECWBMD,HEALTHIX|ECWBMD
GRRHIO,UR2076,0,UR2076,GRRHIO|UR2076
HEALTHIX,KDCNRHIX,0,KDCNRHIX,HEALTHIX|KDCNRHIX
HEALTHIX,MGPC,0,MGPC,HEALTHIX|MGPC
GRRHIO,RRH479,0,RRH479,GRRHIO|RRH479
HIXNY,WMCAPSESSHADOC,0,WMCAPSESSHADOC,HIXNY|WMCAPSESSHADOC
GRRHIO,RR355,0,RR355,GRRHIO|RR355
HEALTHIX,HUNTHILLS,0,HUNTHILLS,HEALTHIX|HUNTHILLS
TXD,JMHED,0,JMHED,TXD|JMHED
TXD,EWHP,0,EWHP,TXD|EWHP
GRRHIO,HIM,0,HIM,GRRHIO|HIM
HIXNY,SPDCHHC4CDT,0,SPDCHHC4CDT,HIXNY|SPDCHHC4CDT
BRONX,RITA_G_JHAVERI,0,RITA G JHAVERI,BRONX|RITA G JHAVERI
BRONX,CARMEN_GARCIA-ALBARRAN,0,CARMEN GARCIA-ALBARRAN,BRONX|CARMEN GARCIA-ALBARRAN
GRRHIO,UR1137,0,UR1137,GRRHIO|UR1137
HEALTHIX,ALHA,0,ALHA,HEALTHIX|ALHA
GRRHIO,WCCHSS,0,WCCHSS,GRRHIO|WCCHSS
HECDCS,PINES-CATSKILL,0,PINES-CATSKILL,HECDCS|PINES-CATSKILL
HECDCS,LIFE-CONN-CNY,0,LIFE-CONN-CNY,HECDCS|LIFE-CONN-CNY
GRRHIO,UR1748,0,UR1748,GRRHIO|UR1748
HECDCS,RIVER-FAM-PRAC,0,RIVER-FAM-PRAC,HECDCS|RIVER-FAM-PRAC
TXD,CATCPM,0,CATCPM,TXD|CATCPM
HEALTHIX,PHP,0,PHP,HEALTHIX|PHP
BRONX,GAO_MEDICAL,0,GAO MEDICAL,BRONX|GAO MEDICAL
BRONX,DIEGO_PHYSICIAN,0,DIEGO PHYSICIAN,BRONX|DIEGO PHYSICIAN
GRRHIO,UR2133,0,UR2133,GRRHIO|UR2133
HEALTHIX,LMAPC,0,LMAPC,HEALTHIX|LMAPC
BRONX,GATES_PEDIATRICS,0,GATES PEDIATRICS,BRONX|GATES PEDIATRICS
GRRHIO,BSSR,0,BSSR,GRRHIO|BSSR
HIXNY,SPGYNGYN,0,SPGYNGYN,HIXNY|SPGYNGYN
GRRHIO,RR269,0,RR269,GRRHIO|RR269
HIXNY,WMCAPSMFMSU,0,WMCAPSMFMSU,HIXNY|WMCAPSMFMSU
GRRHIO,RRH455,0,RRH455,GRRHIO|RRH455
HIXNY,SPHPSRRHDOC,0,SPHPSRRHDOC,HIXNY|SPHPSRRHDOC
HEALTHIX,HUDRG,0,HUDRG,HEALTHIX|HUDRG
GRRHIO,RRH467,0,RRH467,GRRHIO|RRH467
TXD,TMGSEN,0,TMGSEN,TXD|TMGSEN
GRRHIO,RR568,0,RR568,GRRHIO|RR568
HECDCS,ST-JOS-MED-2,0,ST-JOS-MED-2,HECDCS|ST-JOS-MED-2
HECDCS,WEST-MED-CTR-2,0,WEST-MED-CTR-2,HECDCS|WEST-MED-CTR-2
GRRHIO,RRH184,0,RRH184,GRRHIO|RRH184
GRRHIO,UR2382,0,UR2382,GRRHIO|UR2382
BRONX,ALL_TIME_CARE_MEDICAL,0,ALL TIME CARE MEDICAL,BRONX|ALL TIME CARE MEDICAL
HIXNY,SPCDICDMEDDOC,0,SPCDICDMEDDOC,HIXNY|SPCDICDMEDDOC
TXD,ELDSWI,0,ELDSWI,TXD|ELDSWI
HIXNY,254,0,254,HIXNY|254
HIXNY,SRPLHUDSONDOC,0,SRPLHUDSONDOC,HIXNY|SRPLHUDSONDOC
HEALTHIX,UNCP,0,UNCP,HEALTHIX|UNCP
BRONX,BOSTON_ROAD_PEDIATRICS,0,BOSTON ROAD PEDIATRICS,BRONX|BOSTON ROAD PEDIATRICS
HEALTHIX,FVC,0,FVC,HEALTHIX|FVC
GRRHIO,UR0969,0,UR0969,GRRHIO|UR0969
GRRHIO,RR570,0,RR570,GRRHIO|RR570
GRRHIO,RR369,0,RR369,GRRHIO|RR369
GRRHIO,RRH784,0,RRH784,GRRHIO|RRH784
HECDCS,TIOGA-DEPT-MH,0,TIOGA-DEPT-MH,HECDCS|TIOGA-DEPT-MH
HIXNY,AMHSABHHL7,0,AMHSABHHL7,HIXNY|AMHSABHHL7
HEALTHIX,SLBMA,0,SLBMA,HEALTHIX|SLBMA
GRRHIO,UR1283,0,UR1283,GRRHIO|UR1283
HIXNY,GFHBHIU,0,GFHBHIU,HIXNY|GFHBHIU
GRRHIO,UR0789,0,UR0789,GRRHIO|UR0789
BRONX,ADVANTAGE_CARE_MEDICINE,0,ADVANTAGE CARE MEDICINE,BRONX|ADVANTAGE CARE MEDICINE
HECDCS,MD-VIP,0,MD-VIP,HECDCS|MD-VIP
HIXNY,UHM,0,UHM,HIXNY|UHM
HIXNY,WMCOPDHEMODOC,0,WMCOPDHEMODOC,HIXNY|WMCOPDHEMODOC
HIXNY,ALBBEHHLTH,0,ALBBEHHLTH,HIXNY|ALBBEHHLTH
GRRHIO,UR1499,0,UR1499,GRRHIO|UR1499
HIXNY,SPRSBOBGYNV,0,SPRSBOBGYNV,HIXNY|SPRSBOBGYNV
HIXNY,GFHHUDSON,0,GFHHUDSON,HIXNY|GFHHUDSON
HEALTHIX,NPMP,0,NPMP,HEALTHIX|NPMP
GRRHIO,RRH319,0,RRH319,GRRHIO|RRH319
HECDCS,EYE-ASSOC-CNY,0,EYE-ASSOC-CNY,HECDCS|EYE-ASSOC-CNY
HEALTHIX,SKPC,0,SKPC,HEALTHIX|SKPC
HEALTHIX,SMPDS,0,SMPDS,HEALTHIX|SMPDS
GRRHIO,UR0179,0,UR0179,GRRHIO|UR0179
TXD,KREMPA,0,KREMPA,TXD|KREMPA
GRRHIO,UR1665,0,UR1665,GRRHIO|UR1665
HEALTHIX,FPMPC,0,FPMPC,HEALTHIX|FPMPC
GRRHIO,VMG2,0,VMG2,GRRHIO|VMG2
GRRHIO,UR0896,0,UR0896,GRRHIO|UR0896
GRRHIO,UR1031,0,UR1031,GRRHIO|UR1031
GRRHIO,RRH934,0,RRH934,GRRHIO|RRH934
HECDCS,TACONIC-BEACON,0,TACONIC-BEACON,HECDCS|TACONIC-BEACON
BRONX,SOUND_HEALTH_MEDICAL,0,SOUND HEALTH MEDICAL,BRONX|SOUND HEALTH MEDICAL
HEALTHIX,JYADEG,0,JYADEG,HEALTHIX|JYADEG
HEALTHIX,CCFRN,0,CCFRN,HEALTHIX|CCFRN
BRONX,DREAM_MEDICAL_CARE,0,DREAM MEDICAL CARE,BRONX|DREAM MEDICAL CARE
GRRHIO,RRH070,0,RRH070,GRRHIO|RRH070
HEALTHIX,LSSNY,0,LSSNY,HEALTHIX|LSSNY
GRRHIO,UR0352,0,UR0352,GRRHIO|UR0352
GRRHIO,GPLPMM,0,GPLPMM,GRRHIO|GPLPMM
HEALTHIX,AFFINITYSNF,0,AFFINITYSNF,HEALTHIX|AFFINITYSNF
HECDCS,UNITY-HOUSE-CAY,0,UNITY-HOUSE-CAY,HECDCS|UNITY-HOUSE-CAY
GRRHIO,UR0518,0,UR0518,GRRHIO|UR0518
HIXNY,WMCOPDPEDORDOC,0,WMCOPDPEDORDOC,HIXNY|WMCOPDPEDORDOC
GRRHIO,UR0961,0,UR0961,GRRHIO|UR0961
GRRHIO,RRH666,0,RRH666,GRRHIO|RRH666
HEALTHIX,LDI,0,LDI,HEALTHIX|LDI
GRRHIO,UR0484,0,UR0484,GRRHIO|UR0484
HIXNY,CRESTWOOD,0,CRESTWOOD,HIXNY|CRESTWOOD
HIXNY,WMCOPDNEURSDOC,0,WMCOPDNEURSDOC,HIXNY|WMCOPDNEURSDOC
GRRHIO,RR779,0,RR779,GRRHIO|RR779
HECDCS,ACACIA-CERTIFIED,0,ACACIA-CERTIFIED,HECDCS|ACACIA-CERTIFIED
HIXNY,LHCSA,0,LHCSA,HIXNY|LHCSA
HEALTHIX,MOBGPC,0,MOBGPC,HEALTHIX|MOBGPC
HIXNY,ECCS,0,ECCS,HIXNY|ECCS
HEALTHIX,58STREETRX,0,58STREETRX,HEALTHIX|58STREETRX
HECDCS,WOMEN2WOMEN,0,WOMEN2WOMEN,HECDCS|WOMEN2WOMEN
HEALTHIX,SCHERVIER,0,SCHERVIER,HEALTHIX|SCHERVIER
GRRHIO,UR2139,0,UR2139,GRRHIO|UR2139
GRRHIO,RR363,0,RR363,GRRHIO|RR363
BRONX,CENTERLIGHT,0,CENTERLIGHT,BRONX|CENTERLIGHT
HIXNY,HECMSP,0,HECMSP,HIXNY|HECMSP
GRRHIO,RR800,0,RR800,GRRHIO|RR800
BRONX,JACQUELINE_CARRENO,0,JACQUELINE CARRENO,BRONX|JACQUELINE CARRENO
HECDCS,ST-LAW-HLTH-DEPT,0,ST-LAW-HLTH-DEPT,HECDCS|ST-LAW-HLTH-DEPT
HEALTHIX,LMJMD,0,LMJMD,HEALTHIX|LMJMD
GRRHIO,RR510,0,RR510,GRRHIO|RR510
GRRHIO,UR0361,0,UR0361,GRRHIO|UR0361
GRRHIO,PSW,0,PSW,GRRHIO|PSW
TXD,JMHIN,0,JMHIN,TXD|JMHIN
GRRHIO,UR1186,0,UR1186,GRRHIO|UR1186
GRRHIO,UR0313,0,UR0313,GRRHIO|UR0313
HEALTHIX,TIPPINGPOINT,0,TIPPINGPOINT,HEALTHIX|TIPPINGPOINT
HIXNY,WWAMH,0,WWAMH,HIXNY|WWAMH
HIXNY,CPMPCOLTON,0,CPMPCOLTON,HIXNY|CPMPCOLTON
GRRHIO,UR2203,0,UR2203,GRRHIO|UR2203
HIXNY,WMCAPSFAMPODOC,0,WMCAPSFAMPODOC,HIXNY|WMCAPSFAMPODOC
GRRHIO,RR717,0,RR717,GRRHIO|RR717
TXD,ABSFGM,0,ABSFGM,TXD|ABSFGM
GRRHIO,RRH939,0,RRH939,GRRHIO|RRH939
HECDCS,CORTLAND-MH-DEPT,0,CORTLAND-MH-DEPT,HECDCS|CORTLAND-MH-DEPT
GRRHIO,RR386,0,RR386,GRRHIO|RR386
GRRHIO,UR1614,0,UR1614,GRRHIO|UR1614
TXD,STEL,0,STEL,TXD|STEL
GRRHIO,UR2070,0,UR2070,GRRHIO|UR2070
HIXNY,SMHAGS,0,SMHAGS,HIXNY|SMHAGS
HECDCS,CAP-DIST-PSYCH,0,CAP-DIST-PSYCH,HECDCS|CAP-DIST-PSYCH
GRRHIO,RRH104,0,RRH104,GRRHIO|RRH104
GRRHIO,EKK,0,EKK,GRRHIO|EKK
GRRHIO,UR1930,0,UR1930,GRRHIO|UR1930
HIXNY,HECLA,0,HECLA,HIXNY|HECLA
TXD,OLONC,0,OLONC,TXD|OLONC
HEALTHIX,MPOON,0,MPOON,HEALTHIX|MPOON
GRRHIO,UR0737,0,UR0737,GRRHIO|UR0737
GRRHIO,UR2388,0,UR2388,GRRHIO|UR2388
HEALTHIX,PHART,0,PHART,HEALTHIX|PHART
HEALTHIX,HENRYSS,0,HENRYSS,HEALTHIX|HENRYSS
HIXNY,EDDYMGCDOC,0,EDDYMGCDOC,HIXNY|EDDYMGCDOC
GRRHIO,RR479,0,RR479,GRRHIO|RR479
HIXNY,INSTITUTE,0,INSTITUTE,HIXNY|INSTITUTE
GRRHIO,UR0265,0,UR0265,GRRHIO|UR0265
HIXNY,HECWHAO,0,HECWHAO,HIXNY|HECWHAO
HIXNY,NYCP,0,NYCP,HIXNY|NYCP
HIXNY,LAKESIDE,0,LAKESIDE,HIXNY|LAKESIDE
GRRHIO,MDL,0,MDL,GRRHIO|MDL
GRRHIO,RR791,0,RR791,GRRHIO|RR791
HEALTHIX,DALM,0,DALM,HEALTHIX|DALM
BRONX,MICHAEL_I_RICHTER,0,MICHAEL I RICHTER,BRONX|MICHAEL I RICHTER
HEALTHIX,ECWRHILLS,0,ECWRHILLS,HEALTHIX|ECWRHILLS
HIXNY,SPIMLMED,0,SPIMLMED,HIXNY|SPIMLMED
HIXNY,AMGPCCGI,0,AMGPCCGI,HIXNY|AMGPCCGI
HEALTHIX,YXMPC,0,YXMPC,HEALTHIX|YXMPC
TXD,CFTSS,0,CFTSS,TXD|CFTSS
GRRHIO,EAHSNF,0,EAHSNF,GRRHIO|EAHSNF
HEALTHIX,OHEL,0,OHEL,HEALTHIX|OHEL
HEALTHIX,DRTPEDS,0,DRTPEDS,HEALTHIX|DRTPEDS
GRRHIO,RR457,0,RR457,GRRHIO|RR457
GRRHIO,UR1135,0,UR1135,GRRHIO|UR1135
HEALTHIX,ICUMC,0,ICUMC,HEALTHIX|ICUMC
GRRHIO,TCPED,0,TCPED,GRRHIO|TCPED
GRRHIO,RR783,0,RR783,GRRHIO|RR783
GRRHIO,UR1434,0,UR1434,GRRHIO|UR1434
HIXNY,FLFSALERT,0,FLFSALERT,HIXNY|FLFSALERT
HECDCS,NEW-HART-PSYCH,0,NEW-HART-PSYCH,HECDCS|NEW-HART-PSYCH
GRRHIO,UR1192,0,UR1192,GRRHIO|UR1192
GRRHIO,RRH490,0,RRH490,GRRHIO|RRH490
GRRHIO,UR1017,0,UR1017,GRRHIO|UR1017
GRRHIO,RR406,0,RR406,GRRHIO|RR406
GRRHIO,UR0121,0,UR0121,GRRHIO|UR0121
HEALTHIX,BABPED,0,BABPED,HEALTHIX|BABPED
HEALTHIX,SHABER,0,SHABER,HEALTHIX|SHABER
HEALTHIX,BRCRH,0,BRCRH,HEALTHIX|BRCRH
HEALTHIX,ECWBPED,0,ECWBPED,HEALTHIX|ECWBPED
GRRHIO,CPR,0,CPR,GRRHIO|CPR
GRRHIO,UR2161,0,UR2161,GRRHIO|UR2161
GRRHIO,UR0336,0,UR0336,GRRHIO|UR0336
GRRHIO,RR270,0,RR270,GRRHIO|RR270
HEALTHIX,MJGIL,0,MJGIL,HEALTHIX|MJGIL
HEALTHIX,BISC,0,BISC,HEALTHIX|BISC
GRRHIO,RRH103,0,RRH103,GRRHIO|RRH103
BRONX,CN_GUIDANCE_AND_COUNSELING_IMA,0,CN GUIDANCE AND COUNSELING IMA,BRONX|CN GUIDANCE AND COUNSELING IMA
HEALTHIX,IAHD,0,IAHD,HEALTHIX|IAHD
TXD,WLSBP,0,WLSBP,TXD|WLSBP
GRRHIO,RRH774,0,RRH774,GRRHIO|RRH774
HEALTHIX,JGYM,0,JGYM,HEALTHIX|JGYM
GRRHIO,UR0216,0,UR0216,GRRHIO|UR0216
BRONX,THRESIAMMA_G_THANJAN,0,THRESIAMMA G THANJAN,BRONX|THRESIAMMA G THANJAN
GRRHIO,OFM2,0,OFM2,GRRHIO|OFM2
HIXNY,WMCOPDTHYRDOC,0,WMCOPDTHYRDOC,HIXNY|WMCOPDTHYRDOC
HIXNY,SPHPMEXTFLMDOC,0,SPHPMEXTFLMDOC,HIXNY|SPHPMEXTFLMDOC
GRRHIO,RRH073,0,RRH073,GRRHIO|RRH073
HEALTHIX,CMCPLLC,0,CMCPLLC,HEALTHIX|CMCPLLC
GRRHIO,RR324,0,RR324,GRRHIO|RR324
HIXNY,CVPHNEUROSGDOC,0,CVPHNEUROSGDOC,HIXNY|CVPHNEUROSGDOC
BRONX,SUPREME_MEDICAL_CARE,0,SUPREME MEDICAL CARE,BRONX|SUPREME MEDICAL CARE
HEALTHIX,JROMAN,0,JROMAN,HEALTHIX|JROMAN
GRRHIO,UR0235,0,UR0235,GRRHIO|UR0235
HIXNY,SHBH,0,SHBH,HIXNY|SHBH
HECDCS,LANDMARK-MED,0,LANDMARK-MED,HECDCS|LANDMARK-MED
HIXNY,HECAO,0,HECAO,HIXNY|HECAO
GRRHIO,MNSO7,0,MNSO7,GRRHIO|MNSO7
HEALTHIX,DBAEZ,0,DBAEZ,HEALTHIX|DBAEZ
HIXNY,SNTPSLABDSDOC,0,SNTPSLABDSDOC,HIXNY|SNTPSLABDSDOC
HEALTHIX,SPSD,0,SPSD,HEALTHIX|SPSD
GRRHIO,RRH724,0,RRH724,GRRHIO|RRH724
HIXNY,WMCAPSENTHJDOC,0,WMCAPSENTHJDOC,HIXNY|WMCAPSENTHJDOC
HIXNY,AMHSAPOD,0,AMHSAPOD,HIXNY|AMHSAPOD
HECDCS,DIALYSIS-CLINIC,0,DIALYSIS-CLINIC,HECDCS|DIALYSIS-CLINIC
GRRHIO,ORCDN,0,ORCDN,GRRHIO|ORCDN
HEALTHIX,AHPHYS,0,AHPHYS,HEALTHIX|AHPHYS
HECDCS,ALLIED-SPINE,0,ALLIED-SPINE,HECDCS|ALLIED-SPINE
GRRHIO,RRH694,0,RRH694,GRRHIO|RRH694
GRRHIO,OGH.DUPLICATE,0,OGH,GRRHIO|OGH
GRRHIO,RRH159,0,RRH159,GRRHIO|RRH159
BRONX,F_SANTI_DIFRANCO,0,F SANTI DIFRANCO,BRONX|F SANTI DIFRANCO
HEALTHIX,SVDP,0,SVDP,HEALTHIX|SVDP
GRRHIO,UR1950,0,UR1950,GRRHIO|UR1950
GRRHIO,UR0968,0,UR0968,GRRHIO|UR0968
HEALTHIX,PELPM,0,PELPM,HEALTHIX|PELPM
HEALTHIX,MDML,0,MDML,HEALTHIX|MDML
GRRHIO,AVB2,0,AVB2,GRRHIO|AVB2
GRRHIO,LCHD,0,LCHD,GRRHIO|LCHD
HEALTHIX,MJFMD,0,MJFMD,HEALTHIX|MJFMD
GRRHIO,RRH035,0,RRH035,GRRHIO|RRH035
HEALTHIX,NUMJ,0,NUMJ,HEALTHIX|NUMJ
HIXNY,WMCBSMGGYN,0,WMCBSMGGYN,HIXNY|WMCBSMGGYN
HEALTHIX,SPPLZ,0,SPPLZ,HEALTHIX|SPPLZ
GRRHIO,UR1219,0,UR1219,GRRHIO|UR1219
TXD,CATCPO,0,CATCPO,TXD|CATCPO
HIXNY,WMCAPSWHMA,0,WMCAPSWHMA,HIXNY|WMCAPSWHMA
HEALTHIX,CGCFNR,0,CGCFNR,HEALTHIX|CGCFNR
HEALTHIX,LIMAMI,0,LIMAMI,HEALTHIX|LIMAMI
GRRHIO,UR2087,0,UR2087,GRRHIO|UR2087
GRRHIO,UR0326,0,UR0326,GRRHIO|UR0326
HIXNY,HECCFM,0,HECCFM,HIXNY|HECCFM
TXD,FHW,0,FHW,TXD|FHW
HIXNY,MMGGASTRO,0,MMGGASTRO,HIXNY|MMGGASTRO
HECDCS,DAVID-NESS,0,DAVID-NESS,HECDCS|DAVID-NESS
HIXNY,GRANDPAWL,0,GRANDPAWL,HIXNY|GRANDPAWL
HIXNY,DAYEMS,0,DAYEMS,HIXNY|DAYEMS
GRRHIO,UR1127,0,UR1127,GRRHIO|UR1127
GRRHIO,RRH210,0,RRH210,GRRHIO|RRH210
GRRHIO,UR1785,0,UR1785,GRRHIO|UR1785
GRRHIO,KHVN,0,KHVN,GRRHIO|KHVN
HECDCS,ST-LUKE-RES-HLTH,0,ST-LUKE-RES-HLTH,HECDCS|ST-LUKE-RES-HLTH
HIXNY,AMAWPDIAEND,0,AMAWPDIAEND,HIXNY|AMAWPDIAEND
HECDCS,HV-REHAB,0,HV-REHAB,HECDCS|HV-REHAB
GRRHIO,AVB,0,AVB,GRRHIO|AVB
GRRHIO,UR0560,0,UR0560,GRRHIO|UR0560
HECDCS,GOOD-SHEP,0,GOOD-SHEP,HECDCS|GOOD-SHEP
TXD,JMHMSU,0,JMHMSU,TXD|JMHMSU
GRRHIO,PHA,0,PHA,GRRHIO|PHA
GRRHIO,UR1191,0,UR1191,GRRHIO|UR1191
HIXNY,CPMGOBGYNG,0,CPMGOBGYNG,HIXNY|CPMGOBGYNG
HEALTHIX,STHC,0,STHC,HEALTHIX|STHC
HIXNY,WMCOPDBREASDOC,0,WMCOPDBREASDOC,HIXNY|WMCOPDBREASDOC
HEALTHIX,WYEMS,0,WYEMS,HEALTHIX|WYEMS
GRRHIO,RRH586,0,RRH586,GRRHIO|RRH586
HEALTHIX,CRAW,0,CRAW,HEALTHIX|CRAW
HEALTHIX,MGH,0,MGH,HEALTHIX|MGH
GRRHIO,UR1448,0,UR1448,GRRHIO|UR1448
HEALTHIX,JHSNC,0,JHSNC,HEALTHIX|JHSNC
HEALTHIX,BUMCM,0,BUMCM,HEALTHIX|BUMCM
GRRHIO,UR0913,0,UR0913,GRRHIO|UR0913
GRRHIO,RRH917,0,RRH917,GRRHIO|RRH917
GRRHIO,RPCI.DUPLICATE,0,RPCI,GRRHIO|RPCI
GRRHIO,UR0021,0,UR0021,GRRHIO|UR0021
GRRHIO,OCDMH,0,OCDMH,GRRHIO|OCDMH
HECDCS,POD-SRVCS-CNY,0,POD-SRVCS-CNY,HECDCS|POD-SRVCS-CNY
GRRHIO,RR246,0,RR246,GRRHIO|RR246
HECDCS,LOR-NOTT-RETIRE,0,LOR-NOTT-RETIRE,HECDCS|LOR-NOTT-RETIRE
GRRHIO,RR559,0,RR559,GRRHIO|RR559
HEALTHIX,ECWDRTPEDS,0,ECWDRTPEDS,HEALTHIX|ECWDRTPEDS
GRRHIO,UR1046,0,UR1046,GRRHIO|UR1046
HECDCS,LOR-BUCKLEY,0,LOR-BUCKLEY,HECDCS|LOR-BUCKLEY
HIXNY,WMCAPSNEUNPDOC,0,WMCAPSNEUNPDOC,HIXNY|WMCAPSNEUNPDOC
GRRHIO,RRH823,0,RRH823,GRRHIO|RRH823
HIXNY,SPWRBALS,0,SPWRBALS,HIXNY|SPWRBALS
HIXNY,AMALED,0,AMALED,HIXNY|AMALED
HEALTHIX,ARGUSHH,0,ARGUSHH,HEALTHIX|ARGUSHH
GRRHIO,UR2099,0,UR2099,GRRHIO|UR2099
HIXNY,SPEVNHVPTHMDOC,0,SPEVNHVPTHMDOC,HIXNY|SPEVNHVPTHMDOC
GRRHIO,RR284,0,RR284,GRRHIO|RR284
GRRHIO,RRH291,0,RRH291,GRRHIO|RRH291
HECDCS,FOLTSBROOK-CTR,0,FOLTSBROOK-CTR,HECDCS|FOLTSBROOK-CTR
GRRHIO,SCSD,0,SCSD,GRRHIO|SCSD
HECDCS,CC-CORTLAND,0,CC-CORTLAND,HECDCS|CC-CORTLAND
GRRHIO,UR1417,0,UR1417,GRRHIO|UR1417
HEALTHIX,ICME,0,ICME,HEALTHIX|ICME
GRRHIO,UR1493,0,UR1493,GRRHIO|UR1493
GRRHIO,MANH,0,MANH,GRRHIO|MANH
HIXNY,WMCAPSVASBR,0,WMCAPSVASBR,HIXNY|WMCAPSVASBR
HIXNY,3682,0,3682,HIXNY|3682
GRRHIO,UR1010,0,UR1010,GRRHIO|UR1010
TXD,JMHNEU,0,JMHNEU,TXD|JMHNEU
HEALTHIX,ECWMDML,0,ECWMDML,HEALTHIX|ECWMDML
TXD,MURE,0,MURE,TXD|MURE
GRRHIO,UR1016,0,UR1016,GRRHIO|UR1016
HEALTHIX,UNH,0,UNH,HEALTHIX|UNH
GRRHIO,UR2356,0,UR2356,GRRHIO|UR2356
HIXNY,CORNER,0,CORNER,HIXNY|CORNER
HECDCS,CABRINI-WEST,0,CABRINI-WEST,HECDCS|CABRINI-WEST
GRRHIO,EPCORK,0,EPCORK,GRRHIO|EPCORK
GRRHIO,GRIM,0,GRIM,GRRHIO|GRIM
GRRHIO,RR380,0,RR380,GRRHIO|RR380
GRRHIO,UR1535,0,UR1535,GRRHIO|UR1535
HIXNY,OTSEGOCO,0,OTSEGOCO,HIXNY|OTSEGOCO
GRRHIO,UR1354,0,UR1354,GRRHIO|UR1354
BRONX,MITCHELL_SHEAR,0,MITCHELL SHEAR,BRONX|MITCHELL SHEAR
GRRHIO,ONTAC.DUPLICATE,0,ONTAC,GRRHIO|ONTAC
HIXNY,WMCAPSORTMI,0,WMCAPSORTMI,HIXNY|WMCAPSORTMI
GRRHIO,UR2019,0,UR2019,GRRHIO|UR2019
HIXNY,SMHAIPRE,0,SMHAIPRE,HIXNY|SMHAIPRE
HECDCS,ACCESSCNY,0,ACCESSCNY,HECDCS|ACCESSCNY
HEALTHIX,GSRO,0,GSRO,HEALTHIX|GSRO
GRRHIO,UR1903,0,UR1903,GRRHIO|UR1903
GRRHIO,RR130,0,RR130,GRRHIO|RR130
HIXNY,NOCOHSI,0,NOCOHSI,HIXNY|NOCOHSI
TXD,CHNBSB,0,CHNBSB,TXD|CHNBSB
GRRHIO,UR0097,0,UR0097,GRRHIO|UR0097
GRRHIO,RRH498,0,RRH498,GRRHIO|RRH498
HIXNY,HECFPA,0,HECFPA,HIXNY|HECFPA
HEALTHIX,ECWCYMD,0,ECWCYMD,HEALTHIX|ECWCYMD
GRRHIO,AOMT,0,AOMT,GRRHIO|AOMT
HIXNY,HECKAW,0,HECKAW,HIXNY|HECKAW
HECDCS,SUNSET-NURSING,0,SUNSET-NURSING,HECDCS|SUNSET-NURSING
GRRHIO,RR784,0,RR784,GRRHIO|RR784
GRRHIO,CFCS,0,CFCS,GRRHIO|CFCS
HECDCS,BS-SCHERVIER,0,BS-SCHERVIER,HECDCS|BS-SCHERVIER
HIXNY,WMCOPDPEDNU,0,WMCOPDPEDNU,HIXNY|WMCOPDPEDNU
HEALTHIX,ECWIFDI,0,ECWIFDI,HEALTHIX|ECWIFDI
GRRHIO,RRH265,0,RRH265,GRRHIO|RRH265
GRRHIO,UR0918,0,UR0918,GRRHIO|UR0918
HIXNY,AXISMEDICAL,0,AXISMEDICAL,HIXNY|AXISMEDICAL
HEALTHIX,NWEMS,0,NWEMS,HEALTHIX|NWEMS
HEALTHIX,PRVR,0,PRVR,HEALTHIX|PRVR
GRRHIO,UR0879,0,UR0879,GRRHIO|UR0879
GRRHIO,RRH416,0,RRH416,GRRHIO|RRH416
HIXNY,WMCOPDHROB,0,WMCOPDHROB,HIXNY|WMCOPDHROB
GRRHIO,UR1915,0,UR1915,GRRHIO|UR1915
GRRHIO,UR2138,0,UR2138,GRRHIO|UR2138
GRRHIO,UR1780,0,UR1780,GRRHIO|UR1780
HIXNY,WMCOPDPEDNUDOC,0,WMCOPDPEDNUDOC,HIXNY|WMCOPDPEDNUDOC
HEALTHIX,YLCM,0,YLCM,HEALTHIX|YLCM
HECDCS,ALL-METRO-HOME,0,ALL-METRO-HOME,HECDCS|ALL-METRO-HOME
GRRHIO,UR2195,0,UR2195,GRRHIO|UR2195
HECDCS,TOOMEY-RESIDNTL,0,TOOMEY-RESIDNTL,HECDCS|TOOMEY-RESIDNTL
GRRHIO,RR129,0,RR129,GRRHIO|RR129
HIXNY,WMCOPDN550DOC,0,WMCOPDN550DOC,HIXNY|WMCOPDN550DOC
HECDCS,NEIGHBORHOOD-CTR,0,NEIGHBORHOOD-CTR,HECDCS|NEIGHBORHOOD-CTR
GRRHIO,RRH039,0,RRH039,GRRHIO|RRH039
GRRHIO,MNSO26,0,MNSO26,GRRHIO|MNSO26
HIXNY,CCMHAS,0,CCMHAS,HIXNY|CCMHAS
GRRHIO,UR0476,0,UR0476,GRRHIO|UR0476
HECDCS,TERRACE-WOODLAND,0,TERRACE-WOODLAND,HECDCS|TERRACE-WOODLAND
GRRHIO,UR1439,0,UR1439,GRRHIO|UR1439
HIXNY,WMCOPDPLSURDOC,0,WMCOPDPLSURDOC,HIXNY|WMCOPDPLSURDOC
GRRHIO,EMSBERGAS,0,EMSBERGAS,GRRHIO|EMSBERGAS
GRRHIO,UR0063,0,UR0063,GRRHIO|UR0063
HIXNY,WMCOPDEPILE,0,WMCOPDEPILE,HIXNY|WMCOPDEPILE
HIXNY,RENSCONMACC,0,RENSCONMACC,HIXNY|RENSCONMACC
GRRHIO,RRH341,0,RRH341,GRRHIO|RRH341
GRRHIO,RRH105,0,RRH105,GRRHIO|RRH105
GRRHIO,UR1474,0,UR1474,GRRHIO|UR1474
HEALTHIX,KPPC,0,KPPC,HEALTHIX|KPPC
GRRHIO,RRH639,0,RRH639,GRRHIO|RRH639
GRRHIO,UR2446,0,UR2446,GRRHIO|UR2446
GRRHIO,RR741,0,RR741,GRRHIO|RR741
HECDCS,RIVERVIEW-PSYCH,0,RIVERVIEW-PSYCH,HECDCS|RIVERVIEW-PSYCH
GRRHIO,UR1170,0,UR1170,GRRHIO|UR1170
TXD,CHCRDM,0,CHCRDM,TXD|CHCRDM
HEALTHIX,ECWHMC,0,ECWHMC,HEALTHIX|ECWHMC
HIXNY,WMCAPSCOSPODOC,0,WMCAPSCOSPODOC,HIXNY|WMCAPSCOSPODOC
HIXNY,WMCAPSIPUKI,0,WMCAPSIPUKI,HIXNY|WMCAPSIPUKI
HECDCS,ELDER-VESTAL,0,ELDER-VESTAL,HECDCS|ELDER-VESTAL
HIXNY,WMCAPSGORSGDOC,0,WMCAPSGORSGDOC,HIXNY|WMCAPSGORSGDOC
HIXNY,EQUINOX,0,EQUINOX,HIXNY|EQUINOX
GRRHIO,UR0707,0,UR0707,GRRHIO|UR0707
HIXNY,WMCAPSHEOPO,0,WMCAPSHEOPO,HIXNY|WMCAPSHEOPO
GRRHIO,UR2337,0,UR2337,GRRHIO|UR2337
HIXNY,MARRA,0,MARRA,HIXNY|MARRA
BRONX,SILVER_LAKE_BEHAVIORAL_HEALTH,0,SILVER LAKE BEHAVIORAL HEALTH,BRONX|SILVER LAKE BEHAVIORAL HEALTH
HIXNY,AMALIMAGEDOC,0,AMALIMAGEDOC,HIXNY|AMALIMAGEDOC
GRRHIO,RRH947,0,RRH947,GRRHIO|RRH947
TXD,CHCSDD,0,CHCSDD,TXD|CHCSDD
HIXNY,AIMSERV,0,AIMSERV,HIXNY|AIMSERV
GRRHIO,RR384,0,RR384,GRRHIO|RR384
GRRHIO,UR2358,0,UR2358,GRRHIO|UR2358
HECDCS,HOSP-PALL-SRVCS,0,HOSP-PALL-SRVCS,HECDCS|HOSP-PALL-SRVCS
GRRHIO,RRH839,0,RRH839,GRRHIO|RRH839
GRRHIO,RR560,0,RR560,GRRHIO|RR560
HEALTHIX,BADC,0,BADC,HEALTHIX|BADC
HECDCS,KUSS-PT,0,KUSS-PT,HECDCS|KUSS-PT
HIXNY,HHCRESP,0,HHCRESP,HIXNY|HHCRESP
GRRHIO,RR707,0,RR707,GRRHIO|RR707
TXD,GBNM,0,GBNM,TXD|GBNM
GRRHIO,RRH841,0,RRH841,GRRHIO|RRH841
GRRHIO,ACTR,0,ACTR,GRRHIO|ACTR
GRRHIO,UR1807,0,UR1807,GRRHIO|UR1807
GRRHIO,BNRC.DUPLICATE,0,BNRC,GRRHIO|BNRC
GRRHIO,UR0723,0,UR0723,GRRHIO|UR0723
TXD,OSHSUM,0,OSHSUM,TXD|OSHSUM
HEALTHIX,LORA,0,LORA,HEALTHIX|LORA
TXD,STMOTW,0,STMOTW,TXD|STMOTW
HECDCS,CAMILLUS-CHIRO,0,CAMILLUS-CHIRO,HECDCS|CAMILLUS-CHIRO
GRRHIO,UR1109,0,UR1109,GRRHIO|UR1109
GRRHIO,UR1468,0,UR1468,GRRHIO|UR1468
HECDCS,HOSP-PALL-ST-LAW,0,HOSP-PALL-ST-LAW,HECDCS|HOSP-PALL-ST-LAW
HECDCS,EMPRESS-EMS,0,EMPRESS-EMS,HECDCS|EMPRESS-EMS
GRRHIO,MNSO33,0,MNSO33,GRRHIO|MNSO33
HIXNY,CLINCONURHODOC,0,CLINCONURHODOC,HIXNY|CLINCONURHODOC
GRRHIO,UR1179,0,UR1179,GRRHIO|UR1179
GRRHIO,UR2346,0,UR2346,GRRHIO|UR2346
HIXNY,WMCOPDNSTOB,0,WMCOPDNSTOB,HIXNY|WMCOPDNSTOB
HIXNY,HOMETOWN,0,HOMETOWN,HIXNY|HOMETOWN
GRRHIO,UR1711,0,UR1711,GRRHIO|UR1711
GRRHIO,RR757,0,RR757,GRRHIO|RR757
HIXNY,HECSKG,0,HECSKG,HIXNY|HECSKG
GRRHIO,RR584,0,RR584,GRRHIO|RR584
GRRHIO,UR0230,0,UR0230,GRRHIO|UR0230
GRRHIO,MNSO36,0,MNSO36,GRRHIO|MNSO36
HIXNY,HECNMA,0,HECNMA,HIXNY|HECNMA
HEALTHIX,SPRPATEL,0,SPRPATEL,HEALTHIX|SPRPATEL
HIXNY,HECPMA,0,HECPMA,HIXNY|HECPMA
GRRHIO,UR0556,0,UR0556,GRRHIO|UR0556
GRRHIO,MNSO58,0,MNSO58,GRRHIO|MNSO58
GRRHIO,RRH811,0,RRH811,GRRHIO|RRH811
HIXNY,WMCAPSBSUPODOC,0,WMCAPSBSUPODOC,HIXNY|WMCAPSBSUPODOC
GRRHIO,HLC3M,0,HLC3M,GRRHIO|HLC3M
GRRHIO,RRH089,0,RRH089,GRRHIO|RRH089
GRRHIO,MNSO16,0,MNSO16,GRRHIO|MNSO16
HEALTHIX,EHCRC,0,EHCRC,HEALTHIX|EHCRC
GRRHIO,UR2209,0,UR2209,GRRHIO|UR2209
GRRHIO,RR145,0,RR145,GRRHIO|RR145
HECDCS,GREEN-CHIM-CM,0,GREEN-CHIM-CM,HECDCS|GREEN-CHIM-CM
GRRHIO,MNSO49,0,MNSO49,GRRHIO|MNSO49
HIXNY,WMCOPDCOLSUDOC,0,WMCOPDCOLSUDOC,HIXNY|WMCOPDCOLSUDOC
HIXNY,LCPSBPC,0,LCPSBPC,HIXNY|LCPSBPC
GRRHIO,UR2405,0,UR2405,GRRHIO|UR2405
GRRHIO,MNSO56,0,MNSO56,GRRHIO|MNSO56
GRRHIO,UR0733,0,UR0733,GRRHIO|UR0733
GRRHIO,UR1698,0,UR1698,GRRHIO|UR1698
GRRHIO,MNSO37,0,MNSO37,GRRHIO|MNSO37
HIXNY,SPINAPR,0,SPINAPR,HIXNY|SPINAPR
HIXNY,CMHBHHL7,0,CMHBHHL7,HIXNY|CMHBHHL7
GRRHIO,RRH814,0,RRH814,GRRHIO|RRH814
GRRHIO,RRH824,0,RRH824,GRRHIO|RRH824
GRRHIO,UR0024,0,UR0024,GRRHIO|UR0024
GRRHIO,RR701,0,RR701,GRRHIO|RR701
GRRHIO,UR2249,0,UR2249,GRRHIO|UR2249
HIXNY,WMCOPDPEDCA,0,WMCOPDPEDCA,HIXNY|WMCOPDPEDCA
HIXNY,WMCAPSPCTSV,0,WMCAPSPCTSV,HIXNY|WMCAPSPCTSV
GRRHIO,RR275,0,RR275,GRRHIO|RR275
GRRHIO,UR1704,0,UR1704,GRRHIO|UR1704
HECDCS,HANSRAJ-K-SHETH,0,HANSRAJ-K-SHETH,HECDCS|HANSRAJ-K-SHETH
HIXNY,WMCAPSIPPODOC,0,WMCAPSIPPODOC,HIXNY|WMCAPSIPPODOC
GRRHIO,UR2396,0,UR2396,GRRHIO|UR2396
GRRHIO,RR598,0,RR598,GRRHIO|RR598
GRRHIO,RRH957,0,RRH957,GRRHIO|RRH957
HIXNY,HECSCE,0,HECSCE,HIXNY|HECSCE
GRRHIO,UR2293,0,UR2293,GRRHIO|UR2293
HECDCS,FINGER-LAKES-CC,0,FINGER-LAKES-CC,HECDCS|FINGER-LAKES-CC
GRRHIO,RR318,0,RR318,GRRHIO|RR318
GRRHIO,UR0734,0,UR0734,GRRHIO|UR0734
GRRHIO,UR0239,0,UR0239,GRRHIO|UR0239
GRRHIO,UR2122,0,UR2122,GRRHIO|UR2122
GRRHIO,RRH040,0,RRH040,GRRHIO|RRH040
GRRHIO,RR755,0,RR755,GRRHIO|RR755
GRRHIO,UR1351,0,UR1351,GRRHIO|UR1351
HEALTHIX,SUNRISEMANOR,0,SUNRISEMANOR,HEALTHIX|SUNRISEMANOR
GRRHIO,MNSO55,0,MNSO55,GRRHIO|MNSO55
GRRHIO,RR135,0,RR135,GRRHIO|RR135
GRRHIO,HABA,0,HABA,GRRHIO|HABA
GRRHIO,RRH086,0,RRH086,GRRHIO|RRH086
HECDCS,CMTY-OPT-NY,0,CMTY-OPT-NY,HECDCS|CMTY-OPT-NY
HIXNY,HECRJW,0,HECRJW,HIXNY|HECRJW
GRRHIO,RRH228,0,RRH228,GRRHIO|RRH228
GRRHIO,UR0645,0,UR0645,GRRHIO|UR0645
HIXNY,LDC,0,LDC,HIXNY|LDC
GRRHIO,UR1268,0,UR1268,GRRHIO|UR1268
GRRHIO,RRH126,0,RRH126,GRRHIO|RRH126
GRRHIO,UR1348,0,UR1348,GRRHIO|UR1348
GRRHIO,UR0075,0,UR0075,GRRHIO|UR0075
HECDCS,LEWIS-DOH,0,LEWIS-DOH,HECDCS|LEWIS-DOH
GRRHIO,UR2270,0,UR2270,GRRHIO|UR2270
GRRHIO,RRH066,0,RRH066,GRRHIO|RRH066
HIXNY,SPBABTESURDOC,0,SPBABTESURDOC,HIXNY|SPBABTESURDOC
HECDCS,DAVID-OCONNOR,0,DAVID-OCONNOR,HECDCS|DAVID-OCONNOR
HEALTHIX,JGEORGE,0,JGEORGE,HEALTHIX|JGEORGE
GRRHIO,UR2255,0,UR2255,GRRHIO|UR2255
HECDCS,BELINDA-TURCK,0,BELINDA-TURCK,HECDCS|BELINDA-TURCK
GRRHIO,RR609,0,RR609,GRRHIO|RR609
HEALTHIX,ECWAAZE,0,ECWAAZE,HEALTHIX|ECWAAZE
HIXNY,WMCAPSPSUSUDOC,0,WMCAPSPSUSUDOC,HIXNY|WMCAPSPSUSUDOC
HECDCS,MH-CNY-FL-MED,0,MH-CNY-FL-MED,HECDCS|MH-CNY-FL-MED
GRRHIO,UR1375,0,UR1375,GRRHIO|UR1375
HIXNY,HECRVP,0,HECRVP,HIXNY|HECRVP
HIXNY,SMILESPR,0,SMILESPR,HIXNY|SMILESPR
HECDCS,ONON-HD-HF-PH,0,ONON-HD-HF-PH,HECDCS|ONON-HD-HF-PH
GRRHIO,UR0919,0,UR0919,GRRHIO|UR0919
GRRHIO,RR352,0,RR352,GRRHIO|RR352
GRRHIO,UR2234,0,UR2234,GRRHIO|UR2234
GRRHIO,UR1959,0,UR1959,GRRHIO|UR1959
HECDCS,PSY-ORANGE-SULL,0,PSY-ORANGE-SULL,HECDCS|PSY-ORANGE-SULL
GRRHIO,UR0629,0,UR0629,GRRHIO|UR0629
GRRHIO,RR317,0,RR317,GRRHIO|RR317
GRRHIO,UR1145,0,UR1145,GRRHIO|UR1145
HEALTHIX,ECWSLBMA,0,ECWSLBMA,HEALTHIX|ECWSLBMA
GRRHIO,UR1651,0,UR1651,GRRHIO|UR1651
GRRHIO,UR1181,0,UR1181,GRRHIO|UR1181
HECDCS,RANI-KAPUR-PADO,0,RANI-KAPUR-PADO,HECDCS|RANI-KAPUR-PADO
GRRHIO,UR1697,0,UR1697,GRRHIO|UR1697
GRRHIO,UR0072,0,UR0072,GRRHIO|UR0072
HIXNY,WMCAPSMECHA,0,WMCAPSMECHA,HIXNY|WMCAPSMECHA
HIXNY,HECCRACNY,0,HECCRACNY,HIXNY|HECCRACNY
HIXNY,CAPREGRX,0,CAPREGRX,HIXNY|CAPREGRX
GRRHIO,UR1962,0,UR1962,GRRHIO|UR1962
GRRHIO,UR1161,0,UR1161,GRRHIO|UR1161
HIXNY,ARCHERKIMER,0,ARCHERKIMER,HIXNY|ARCHERKIMER
HEALTHIX,WMMG,0,WMMG,HEALTHIX|WMMG
GRRHIO,UR1805,0,UR1805,GRRHIO|UR1805
HIXNY,AMHSASPORTHL7,0,AMHSASPORTHL7,HIXNY|AMHSASPORTHL7
HECDCS,OMRDD-HANDI,0,OMRDD-HANDI,HECDCS|OMRDD-HANDI
HIXNY,AMHSAORT,0,AMHSAORT,HIXNY|AMHSAORT
GRRHIO,RRH418,0,RRH418,GRRHIO|RRH418
GRRHIO,RR677,0,RR677,GRRHIO|RR677
TXD,GLSILP,0,GLSILP,TXD|GLSILP
GRRHIO,UR2271,0,UR2271,GRRHIO|UR2271
HECDCS,MARY-WALKER-HLTH,0,MARY-WALKER-HLTH,HECDCS|MARY-WALKER-HLTH
GRRHIO,RR186,0,RR186,GRRHIO|RR186
GRRHIO,UR1896,0,UR1896,GRRHIO|UR1896
TXD,CCPH2PART2,0,CCPH2PART2,TXD|CCPH2PART2
HECDCS,HOPEMOBILE-NP,0,HOPEMOBILE-NP,HECDCS|HOPEMOBILE-NP
HECDCS,MID-HUD-PLA-SURG,0,MID-HUD-PLA-SURG,HECDCS|MID-HUD-PLA-SURG
HECDCS,BLANDO-CHIRO,0,BLANDO-CHIRO,HECDCS|BLANDO-CHIRO
HECDCS,ON-CTY-DCFS-ADT,0,ON-CTY-DCFS-ADT,HECDCS|ON-CTY-DCFS-ADT
HIXNY,WMCAPSIPPO,0,WMCAPSIPPO,HIXNY|WMCAPSIPPO
GRRHIO,RRH699,0,RRH699,GRRHIO|RRH699
HEALTHIX,MDOGRA,0,MDOGRA,HEALTHIX|MDOGRA
HECDCS,KINGSBORO-PSYCH,0,KINGSBORO-PSYCH,HECDCS|KINGSBORO-PSYCH
HECDCS,RESOURCE-CTR-IND,0,RESOURCE-CTR-IND,HECDCS|RESOURCE-CTR-IND
HECDCS,KELBERMAN-CTR,0,KELBERMAN-CTR,HECDCS|KELBERMAN-CTR
BRONX,BROOKDALE_UNIVERSITY_HOSPITAL_AND_MEDICAL_CENTER,0,BROOKDALE UNIVERSITY HOSPITAL AND MEDICAL CENTER,BRONX|BROOKDALE UNIVERSITY HOSPITAL AND MEDICAL CENTER
GRRHIO,RR501,0,RR501,GRRHIO|RR501
GRRHIO,RR3,0,RR3,GRRHIO|RR3
GRRHIO,RRH155,0,RRH155,GRRHIO|RRH155
GRRHIO,UR0417,0,UR0417,GRRHIO|UR0417
GRRHIO,MNSO59,0,MNSO59,GRRHIO|MNSO59
HIXNY,SNTABEDDYNRDOC,0,SNTABEDDYNRDOC,HIXNY|SNTABEDDYNRDOC
HIXNY,WMCOPDNVOB,0,WMCOPDNVOB,HIXNY|WMCOPDNVOB
GRRHIO,UR1141,0,UR1141,GRRHIO|UR1141
BRONX,NYP_QUEENS_HOSPITAL,0,NYP QUEENS HOSPITAL,BRONX|NYP QUEENS HOSPITAL
GRRHIO,UR1199,0,UR1199,GRRHIO|UR1199
GRRHIO,UR0426,0,UR0426,GRRHIO|UR0426
HIXNY,WMCMANTC19,0,WMCMANTC19,HIXNY|WMCMANTC19
BRONX,LONG_ISLAND_JEWISH_HOSPITAL,0,LONG ISLAND JEWISH HOSPITAL,BRONX|LONG ISLAND JEWISH HOSPITAL
GRRHIO,UR2347,0,UR2347,GRRHIO|UR2347
GRRHIO,UR1143,0,UR1143,GRRHIO|UR1143
BRONX,NYU_BROOKLYN,0,NYU BROOKLYN,BRONX|NYU BROOKLYN
GRRHIO,UR0008,0,UR0008,GRRHIO|UR0008
GRRHIO,DEIPEM,0,DEIPEM,GRRHIO|DEIPEM
GRRHIO,UR1939,0,UR1939,GRRHIO|UR1939
HIXNY,HECMONTEWP,0,HECMONTEWP,HIXNY|HECMONTEWP
BRONX,ST._CATHERINE_OF_SIENA_MEDICAL_CENTER,0,ST. CATHERINE OF SIENA MEDICAL CENTER,BRONX|ST. CATHERINE OF SIENA MEDICAL CENTER
GRRHIO,UR2109,0,UR2109,GRRHIO|UR2109
TXD,JAMA,0,JAMA,TXD|JAMA
GRRHIO,UR0926,0,UR0926,GRRHIO|UR0926
BRONX,2.16.840.1.113883.4.391.89.4015,0,2.16.840.1.113883.4.391.89.4015,BRONX|2.16.840.1.113883.4.391.89.4015
GRRHIO,RR405,0,RR405,GRRHIO|RR405
HEALTHIX,ZPRAD,0,ZPRAD,HEALTHIX|ZPRAD
GRRHIO,UR1342,0,UR1342,GRRHIO|UR1342
HECDCS,MARK-ANTOSH,0,MARK-ANTOSH,HECDCS|MARK-ANTOSH
GRRHIO,UR1125,0,UR1125,GRRHIO|UR1125
TXD,MMDCCD,0,MMDCCD,TXD|MMDCCD
GRRHIO,RR576,0,RR576,GRRHIO|RR576
GRRHIO,UR1965,0,UR1965,GRRHIO|UR1965
GRRHIO,UR1871,0,UR1871,GRRHIO|UR1871
HIXNY,CONCEPTS,0,CONCEPTS,HIXNY|CONCEPTS
HIXNY,HECNORTHO,0,HECNORTHO,HIXNY|HECNORTHO
GRRHIO,UR2078,0,UR2078,GRRHIO|UR2078
GRRHIO,RRH278,0,RRH278,GRRHIO|RRH278
GRRHIO,UR0714,0,UR0714,GRRHIO|UR0714
BRONX,RICHMOND_UNIVERSITY_MEDICAL_CENTER,0,RICHMOND UNIVERSITY MEDICAL CENTER,BRONX|RICHMOND UNIVERSITY MEDICAL CENTER
BRONX,NYC_H+H_HARLEM,0,NYC H+H HARLEM,BRONX|NYC H+H HARLEM
GRRHIO,RRH505,0,RRH505,GRRHIO|RRH505
TXD,IHDE,0,IHDE,TXD|IHDE
HIXNY,CHCNCWP,0,CHCNCWP,HIXNY|CHCNCWP
GRRHIO,UR1437,0,UR1437,GRRHIO|UR1437
GRRHIO,UR0533,0,UR0533,GRRHIO|UR0533
